#ifdef __has_include
#if __has_include("lvgl.h")
#ifndef LV_LVGL_H_INCLUDE_SIMPLE
#define LV_LVGL_H_INCLUDE_SIMPLE
#endif
#endif
#endif

#if defined(LV_LVGL_H_INCLUDE_SIMPLE)
#include "lvgl.h"
#else
#include "lvgl/lvgl.h"
#endif

#ifndef LV_ATTRIBUTE_MEM_ALIGN
#define LV_ATTRIBUTE_MEM_ALIGN
#endif

const LV_ATTRIBUTE_MEM_ALIGN uint8_t app_weather_icon_112_112_map[] = {
    0x00,0x00,0x00,0x00,0x00,0x00,0x00,0x00,0x00,0x00,0x00,0x00,0x00,0x00,0x00,0x00,0x00,0x00,0x00,0x00,0x00,0x00,0x00,0x00,0x00,0x00,0x00,0x00,0x00,0x00,0x00,0x00,
    0x00,0x00,0x00,0x00,0x00,0x00,0x00,0x00,0x00,0x00,0x00,0x00,0x00,0x00,0x00,0x00,0x00,0x00,0x00,0x00,0x00,0x00,0x00,0x00,0x00,0x00,0x00,0x00,0x00,0x00,0x00,0x00,
    0x00,0x00,0x00,0x00,0x00,0x00,0x00,0x00,0x00,0x00,0x00,0x00,0x00,0x00,0x00,0x00,0x00,0x00,0x00,0x00,0x00,0x00,0x00,0x00,0x00,0x00,0x00,0x00,0x00,0x00,0x00,0x00,
    0x00,0x00,0x00,0x00,0x00,0x00,0x00,0x00,0x00,0x00,0x00,0x00,0x00,0x00,0x00,0x00,0x00,0x00,0x00,0x00,0x00,0x00,0x00,0x00,0x00,0x00,0x00,0x00,0x00,0x00,0x00,0x00,
    0x00,0x00,0x00,0x00,0x00,0x00,0x00,0x00,0x00,0x00,0x00,0x00,0x00,0x00,0x00,0x00,0x00,0x00,0x00,0x00,0x00,0x00,0x00,0x00,0x00,0x00,0x00,0x00,0x00,0x00,0x00,0x00,
    0x00,0x00,0x00,0x00,0x00,0x00,0x00,0x00,0x00,0x00,0x00,0x00,0x00,0x00,0x00,0x00,0x00,0x00,0x00,0x00,0x00,0x00,0x00,0x00,0x00,0x00,0x00,0x00,0x00,0x00,0x00,0x00,
    0x00,0x00,0x00,0x00,0x00,0x00,0x00,0x00,0x00,0x00,0x00,0x00,0x00,0x00,0x00,0x00,0x00,0x00,0x00,0x00,0x00,0x00,0x00,0x00,0x00,0x00,0x00,0x00,0x00,0x00,0x00,0x00,
    0x00,0x00,0x00,0x00,0x00,0x00,0x00,0x00,0x00,0x00,0x00,0x00,0x00,0x00,0x00,0x00,0x00,0x00,0x00,0x00,0x00,0x00,0x00,0x00,0x00,0x00,0x00,0x00,0x00,0x00,0x00,0x00,
    0x00,0x00,0x00,0x00,0x00,0x00,0x00,0x00,0x00,0x00,0x00,0x00,0x00,0x00,0x00,0x00,0x00,0x00,0x00,0x00,0x00,0x00,0x00,0x00,0x00,0x00,0x00,0x00,0x00,0x00,0x00,0x00,
    0x00,0x00,0x00,0x00,0x00,0x00,0x00,0x00,0x00,0x00,0x00,0x00,0x00,0x00,0x00,0x00,0x00,0x00,0x00,0x00,0x00,0x00,0x00,0x00,0x00,0x00,0x00,0x00,0x00,0x00,0x00,0x00,
    0x00,0x00,0x00,0x00,0x00,0x00,0x00,0x00,0x00,0x00,0x00,0x00,0x00,0x00,0x00,0x00,0x00,0x00,0x00,0x00,0x00,0x00,0x00,0x00,0x00,0x00,0x00,0x00,0x00,0x00,0x00,0x00,
    0x00,0x00,0x00,0x00,0x00,0x00,0x00,0x00,0x00,0x00,0x00,0x00,0x00,0x00,0x00,0x00,0x00,0x00,0x00,0x00,0x00,0x00,0x00,0x00,0x00,0x00,0x00,0x00,0x00,0x00,0x00,0x00,
    0x00,0x00,0x00,0x00,0x00,0x00,0x00,0x00,0x00,0x00,0x00,0x00,0x00,0x00,0x00,0x00,0x00,0x00,0x00,0x00,0x00,0x00,0x00,0x00,0x00,0x00,0x00,0x00,0x00,0x00,0x00,0x00,
    0x00,0x00,0x00,0x00,0x00,0x00,0x00,0x00,0x00,0x00,0x00,0x00,0x00,0x00,0x00,0x00,0x00,0x00,0x00,0x00,0x00,0x00,0x00,0x00,0x00,0x00,0x00,0x00,0x00,0x00,0x00,0x00,
    0x00,0x00,0x00,0x00,0x00,0x00,0x00,0x00,0x00,0x00,0x00,0x00,0x00,0x00,0x00,0x00,0x00,0x00,0x00,0x00,0x00,0x00,0x00,0x00,0x00,0x00,0x00,0x00,0x00,0x00,0x00,0x00,
    0x00,0x00,0x00,0x00,0x00,0x00,0x00,0x00,0x00,0x00,0x00,0x00,0x00,0x00,0x00,0x00,0x00,0x00,0x00,0x00,0x00,0x00,0x00,0x00,0x00,0x00,0x00,0x00,0x00,0x00,0x00,0x00,
    0x00,0x00,0x00,0x00,0x00,0x00,0x00,0x00,0x00,0x00,0x00,0x00,0x00,0x00,0x00,0x00,0x00,0x00,0x00,0x00,0x00,0x00,0x00,0x00,0x00,0x00,0x00,0x00,0x00,0x00,0x00,0x00,
    0x00,0x00,0x00,0x00,0x00,0x00,0x00,0x00,0x00,0x00,0x00,0x00,0x00,0x00,0x00,0x00,0x00,0x00,0x00,0x00,0x00,0x00,0x00,0x00,0x00,0x00,0x00,0x00,0x00,0x00,0x00,0x00,
    0x00,0x00,0x00,0x00,0x00,0x00,0x00,0x00,0x00,0x00,0x00,0x00,0x00,0x00,0x00,0x00,0x00,0x00,0x00,0x00,0x00,0x00,0x00,0x00,0x00,0x00,0x00,0x00,0x00,0x00,0x00,0x00,
    0x00,0x00,0x00,0x00,0x00,0x00,0x00,0x00,0x00,0x00,0x00,0x00,0x00,0x00,0x00,0x00,0x00,0x00,0x00,0x00,0x00,0x00,0x00,0x00,0x00,0x00,0x00,0x00,0x00,0x00,0x00,0x00,
    0x00,0x00,0x00,0x00,0x00,0x00,0x00,0x00,0x00,0x00,0x00,0x00,0x00,0x00,0x00,0x00,0x00,0x00,0x00,0x00,0x00,0x00,0x00,0x00,0x00,0x00,0x00,0x00,0x00,0x00,0x00,0x00,
    0x00,0x00,0x00,0x00,0x00,0x00,0x00,0x00,0x00,0x00,0x00,0x00,0x00,0x00,0x00,0x00,0x00,0x00,0x00,0x00,0x00,0x00,0x00,0x00,0x00,0x00,0x00,0x00,0x00,0x00,0x00,0x00,
    0x00,0x00,0x00,0x00,0x00,0x00,0x00,0x00,0x00,0x00,0x00,0x00,0x00,0x00,0x00,0x00,0x00,0x00,0x00,0x00,0x00,0x00,0x00,0x00,0x00,0x00,0x00,0x00,0x00,0x00,0x00,0x00,
    0x00,0x00,0x00,0x00,0x00,0x00,0x00,0x00,0x00,0x00,0x00,0x00,0x00,0x00,0x00,0x00,0x00,0x00,0x00,0x00,0x00,0x00,0x00,0x00,0x00,0x00,0x00,0x00,0x00,0x00,0x00,0x00,
    0x00,0x00,0x00,0x00,0x00,0x00,0x00,0x00,0x00,0x00,0x00,0x00,0x00,0x00,0x00,0x00,0x00,0x00,0x00,0x00,0x00,0x00,0x00,0x00,0x00,0x00,0x00,0x00,0x00,0x00,0x00,0x00,
    0x00,0x00,0x00,0x00,0x00,0x00,0x00,0x00,0x00,0x00,0x00,0x00,0x00,0x00,0x00,0x00,0x00,0x00,0x00,0x00,0x00,0x00,0x00,0x00,0x00,0x00,0x00,0x00,0x00,0x00,0x00,0x00,
    0x00,0x00,0x00,0x00,0x00,0x00,0x00,0x00,0x00,0x00,0x00,0x00,0x00,0x00,0x00,0x00,0x00,0x00,0x00,0x00,0x00,0x00,0x00,0x00,0x00,0x00,0x00,0x00,0x00,0x00,0x00,0x00,
    0x00,0x00,0x00,0x00,0x00,0x00,0x00,0x00,0x00,0x00,0x00,0x00,0x00,0x00,0x00,0x00,0x00,0x00,0x00,0x00,0x00,0x00,0x00,0x00,0x00,0x00,0x00,0x00,0x00,0x00,0x00,0x00,
    0x00,0x00,0x00,0x00,0x00,0x00,0x00,0x00,0x00,0x00,0x00,0x00,0x00,0x00,0x00,0x00,0x00,0x00,0x00,0x00,0x00,0x00,0x00,0x00,0x00,0x00,0x00,0x00,0x00,0x00,0x00,0x00,
    0x00,0x00,0x00,0x00,0x00,0x00,0x00,0x00,0x00,0x00,0x00,0x00,0x00,0x00,0x00,0x00,0x00,0x00,0x00,0x00,0x00,0x00,0x00,0x00,0x00,0x00,0x00,0x00,0x00,0x00,0x00,0x00,
    0x00,0x00,0x00,0x00,0x00,0x00,0x00,0x00,0x00,0x00,0x00,0x00,0x00,0x00,0x00,0x00,0x00,0x00,0x00,0x00,0x00,0x00,0x00,0x00,0x00,0x00,0x00,0x00,0x00,0x00,0x00,0x00,
    0x00,0x00,0x00,0x00,0x00,0x00,0x00,0x00,0x00,0x00,0x00,0x00,0x00,0x00,0x00,0x00,0x00,0x00,0x00,0x00,0x00,0x00,0x00,0x00,0x00,0x00,0x00,0x00,0x00,0x00,0x00,0x00,
    0x00,0x00,0x00,0x00,0x00,0x00,0x00,0x00,0x00,0x00,0x00,0x00,0x00,0x00,0x00,0x00,0x00,0x00,0x00,0x00,0x00,0x00,0x00,0x00,0x00,0x00,0x00,0x00,0x00,0x00,0x00,0x00,
    0x00,0x00,0x00,0x00,0x00,0x00,0x00,0x00,0x00,0x00,0x00,0x00,0x00,0x00,0x00,0x00,0x00,0x00,0x00,0x00,0x00,0x00,0x00,0x00,0x00,0x00,0x00,0x00,0x00,0x00,0x00,0x00,
    0x00,0x00,0x00,0x00,0x00,0x00,0x00,0x00,0x00,0x00,0x00,0x00,0x00,0x00,0x00,0x00,0x00,0x00,0x00,0x00,0x00,0x00,0x00,0x00,0x00,0x00,0x00,0x00,0x00,0x00,0x00,0x00,
    0x00,0x00,0x00,0x00,0x00,0x00,0x00,0x00,0x00,0x00,0x00,0x00,0x00,0x00,0x00,0x00,0x00,0x00,0x00,0x00,0x00,0x00,0x00,0x00,0x00,0x00,0x00,0x00,0x00,0x00,0x00,0x00,
    0x00,0x00,0x00,0x00,0x00,0x00,0x00,0x00,0x00,0x00,0x00,0x00,0x00,0x00,0x00,0x00,0x00,0x00,0x00,0x00,0x00,0x00,0x00,0x00,0x00,0x00,0x00,0x00,0x00,0x00,0x00,0x00,
    0x00,0x00,0x00,0x00,0x00,0x00,0x00,0x00,0x00,0x00,0x00,0x00,0x00,0x00,0x00,0x00,0x00,0x00,0x00,0x00,0x00,0x00,0x00,0x00,0x00,0x00,0x00,0x00,0x00,0x00,0x00,0x00,
    0x00,0x00,0x00,0x00,0x00,0x00,0x00,0x00,0x00,0x00,0x00,0x00,0x00,0x00,0x00,0x00,0x00,0x00,0x00,0x00,0x00,0x00,0x00,0x00,0x00,0x00,0x00,0x00,0x00,0x00,0x00,0x00,
    0x00,0x00,0x00,0x00,0x00,0x00,0x00,0x00,0x00,0x00,0x00,0x00,0x00,0x00,0x00,0x00,0x00,0x00,0x00,0x00,0x00,0x00,0x00,0x00,0x00,0x00,0x00,0x00,0x00,0x00,0x00,0x00,
    0x00,0x00,0x00,0x00,0x00,0x00,0x00,0x00,0x00,0x00,0x00,0x00,0x00,0x00,0x00,0x00,0x00,0x00,0x00,0x00,0x00,0x00,0x00,0x00,0x00,0x00,0x00,0x00,0x00,0x00,0x00,0x00,
    0x00,0x00,0x00,0x00,0x00,0x00,0x00,0x00,0x00,0x00,0x00,0x00,0x00,0x00,0x00,0x00,0x00,0x00,0x00,0x00,0x00,0x00,0x00,0x00,0x00,0x00,0x00,0x00,0x00,0x00,0x00,0x00,
    0x00,0x00,0x00,0x00,0x00,0x00,0x00,0x00,0x00,0x00,0x00,0x00,0x00,0x00,0x00,0x00,0x00,0x00,0x00,0x00,0x00,0x00,0x00,0x00,0x00,0x00,0x00,0x00,0x00,0x00,0x00,0x00,
    0x00,0x00,0x00,0x00,0x00,0x00,0x00,0x00,0x00,0x00,0x00,0x00,0x00,0x00,0x00,0x00,0x00,0x00,0x00,0x00,0x00,0x00,0x00,0x00,0x00,0x00,0x00,0x00,0x00,0x00,0x00,0x00,
    0x00,0x00,0x00,0x00,0x00,0x00,0x00,0x00,0x00,0x00,0x00,0x00,0x00,0x00,0x00,0x00,0x00,0x00,0x00,0x00,0x00,0x00,0x00,0x00,0x00,0x00,0x00,0x00,0x00,0x00,0x00,0x00,
    0x00,0x00,0x00,0x00,0x00,0x00,0x00,0x00,0x00,0x00,0x00,0x00,0x00,0x00,0x00,0x00,0x00,0x00,0x00,0x00,0x00,0x00,0x00,0x00,0x00,0x00,0x00,0x00,0x00,0x00,0x00,0x00,
    0x00,0x00,0x00,0x00,0x00,0x00,0x00,0x00,0x00,0x00,0x00,0x00,0x00,0x00,0x00,0x00,0x00,0x00,0x00,0x00,0x00,0x00,0x00,0x00,0x00,0x00,0x00,0x00,0x00,0x00,0x00,0x00,
    0x00,0x00,0x00,0x00,0x00,0x00,0x00,0x00,0x00,0x00,0x00,0x00,0x00,0x00,0x00,0x00,0x00,0x00,0x00,0x00,0x00,0x00,0x00,0x00,0x00,0x00,0x00,0x00,0x00,0x00,0x00,0x00,
    0x00,0x00,0x00,0x00,0x00,0x00,0x00,0x00,0x00,0x00,0x00,0x00,0x00,0x00,0x00,0x00,0x00,0x00,0x00,0x00,0x00,0x00,0x00,0x00,0x00,0x00,0x00,0x00,0x00,0x00,0x00,0x00,
    0x00,0x00,0x00,0x00,0x00,0x00,0x00,0x00,0x00,0x00,0x00,0x00,0x00,0x00,0x00,0x00,0x00,0x00,0x00,0x00,0x00,0x00,0x00,0x00,0x00,0x00,0x00,0x00,0x00,0x00,0x00,0x00,
    0x00,0x00,0x00,0x00,0x00,0x00,0x00,0x00,0x00,0x00,0x00,0x00,0x00,0x00,0x00,0x00,0x00,0x00,0x00,0x00,0x00,0x00,0x00,0x00,0x00,0x00,0x00,0x00,0x00,0x00,0x00,0x00,
    0x00,0x00,0x00,0x00,0x00,0x00,0x00,0x00,0x00,0x00,0x00,0x00,0x00,0x00,0x00,0x00,0x00,0x00,0x00,0x00,0x00,0x00,0x00,0x00,0x00,0x00,0x00,0x00,0x00,0x00,0x00,0x00,
    0x00,0x00,0x00,0x00,0x00,0x00,0x00,0x00,0x00,0x00,0x00,0x00,0x00,0x00,0x00,0x00,0x00,0x00,0x00,0x00,0x00,0x00,0x00,0x00,0x00,0x00,0x00,0x00,0x00,0x00,0x00,0x00,
    0x00,0x00,0x00,0x00,0x00,0x00,0x00,0x00,0x00,0x00,0x00,0x00,0x00,0x00,0x00,0x00,0x00,0x00,0x00,0x00,0x00,0x00,0x00,0x00,0x00,0x00,0x00,0x00,0x00,0x00,0x00,0x00,
    0x00,0x00,0x00,0x00,0x00,0x00,0x00,0x00,0x00,0x00,0x00,0x00,0x00,0x00,0x00,0x00,0x00,0x00,0x00,0x00,0x00,0x00,0x00,0x00,0x00,0x00,0x00,0x00,0x00,0x00,0x00,0x00,
    0x00,0x00,0x00,0x00,0x00,0x00,0x00,0x00,0x00,0x00,0x00,0x00,0x00,0x00,0x00,0x00,0x00,0x00,0x00,0x00,0x00,0x00,0x00,0x00,0x00,0x00,0x00,0x00,0x00,0x00,0x00,0x00,
    0x00,0x00,0x00,0x00,0x00,0x00,0x00,0x00,0x00,0x00,0x00,0x00,0x00,0x00,0x00,0x00,0x00,0x00,0x00,0x00,0x00,0x00,0x00,0x00,0x00,0x00,0x00,0x00,0x00,0x00,0x00,0x00,
    0x00,0x00,0x00,0x00,0x00,0x00,0x00,0x00,0x00,0x00,0x00,0x00,0x00,0x00,0x00,0x00,0x00,0x00,0x00,0x00,0x00,0x00,0x00,0x00,0x00,0x00,0x00,0x00,0x00,0x00,0x00,0x00,
    0x00,0x00,0x00,0x00,0x00,0x00,0x00,0x00,0x00,0x00,0x00,0x00,0x00,0x00,0x00,0x00,0x00,0x00,0x00,0x00,0x00,0x00,0x00,0x00,0x00,0x00,0x00,0x00,0x00,0x00,0x00,0x00,
    0x00,0x00,0x00,0x00,0x00,0x00,0x00,0x00,0x00,0x00,0x00,0x00,0x00,0x00,0x00,0x00,0x00,0x00,0x00,0x00,0x00,0x00,0x00,0x00,0x00,0x00,0x00,0x00,0x00,0x00,0x00,0x00,
    0x00,0x00,0x00,0x00,0x00,0x00,0x00,0x00,0x00,0x00,0x00,0x00,0x00,0x00,0x00,0x00,0x00,0x00,0x00,0x00,0x00,0x00,0x00,0x00,0x00,0x00,0x00,0x00,0x00,0x00,0x00,0x00,
    0x00,0x00,0x00,0x00,0x00,0x00,0x00,0x00,0x00,0x00,0x00,0x00,0x00,0x00,0x00,0x00,0x00,0x00,0x00,0x00,0x00,0x00,0x00,0x00,0x00,0x00,0x00,0x00,0x00,0x00,0x00,0x00,
    0x00,0x00,0x00,0x00,0x00,0x00,0x00,0x00,0x00,0x00,0x00,0x00,0x00,0x00,0x00,0x00,0x00,0x00,0x00,0x00,0x00,0x00,0x00,0x00,0x00,0x00,0x00,0x00,0x00,0x00,0x00,0x00,
    0x00,0x00,0x00,0x00,0x00,0x00,0x00,0x00,0x00,0x00,0x00,0x00,0x00,0x00,0x00,0x00,0x00,0x00,0x00,0x00,0x00,0x00,0x00,0x00,0x00,0x00,0x00,0x00,0x00,0x00,0x00,0x00,
    0x00,0x00,0x00,0x00,0x00,0x00,0x00,0x00,0x00,0x00,0x00,0x00,0x00,0x00,0x00,0x00,0x00,0x00,0x00,0x00,0x00,0x00,0x00,0x00,0x00,0x00,0x00,0x00,0x00,0x00,0x00,0x00,
    0x00,0x00,0x00,0x00,0x00,0x00,0x00,0x00,0x00,0x00,0x00,0x00,0x00,0x00,0x00,0x00,0x00,0x00,0x00,0x00,0x00,0x00,0x00,0x00,0x00,0x00,0x00,0x00,0x00,0x00,0x00,0x00,
    0x00,0x00,0x00,0x00,0x00,0x00,0x00,0x00,0x00,0x00,0x00,0x00,0x00,0x00,0x00,0x00,0x00,0x00,0x00,0x00,0x00,0x00,0x00,0x00,0x00,0x00,0x00,0x00,0x00,0x00,0x00,0x00,
    0x00,0x00,0x00,0x00,0x00,0x00,0x00,0x00,0x00,0x00,0x00,0x00,0x00,0x00,0x00,0x00,0x00,0x00,0x00,0x00,0x00,0x00,0x00,0x00,0x00,0x00,0x00,0x00,0x00,0x00,0x00,0x00,
    0x00,0x00,0x00,0x00,0x00,0x00,0x00,0x00,0x00,0x00,0x00,0x00,0x00,0x00,0x00,0x00,0x00,0x00,0x00,0x00,0x00,0x00,0x00,0x00,0x00,0x00,0x00,0x00,0x00,0x00,0x00,0x00,
    0x00,0x00,0x00,0x00,0x00,0x00,0x00,0x00,0x00,0x00,0x00,0x00,0x00,0x00,0x00,0x00,0x00,0x00,0x00,0x00,0x00,0x00,0x00,0x00,0x00,0x00,0x00,0x00,0x00,0x00,0x00,0x00,
    0x00,0x00,0x00,0x00,0x00,0x00,0x00,0x00,0x00,0x00,0x00,0x00,0x00,0x00,0x00,0x00,0x00,0x00,0x00,0x00,0x00,0x00,0x00,0x00,0x00,0x00,0x00,0x00,0x00,0x00,0x00,0x00,
    0x00,0x00,0x00,0x00,0x00,0x00,0x00,0x00,0x00,0x00,0x00,0x00,0x00,0x00,0x00,0x00,0x00,0x00,0x00,0x00,0x00,0x00,0x00,0x00,0x00,0x00,0x00,0x00,0x00,0x00,0x00,0x00,
    0x00,0x00,0x00,0x00,0x00,0x00,0x00,0x00,0x00,0x00,0x00,0x00,0x00,0x00,0x00,0x00,0x00,0x00,0x00,0x00,0x00,0x00,0x00,0x00,0x00,0x00,0x00,0x00,0x00,0x00,0x00,0x00,
    0x00,0x00,0x00,0x00,0x00,0x00,0x00,0x00,0x00,0x00,0x00,0x00,0x00,0x00,0x00,0x00,0x00,0x00,0x00,0x00,0x00,0x00,0x00,0x00,0x00,0x00,0x00,0x00,0x00,0x00,0x00,0x00,
    0x00,0x00,0x00,0x00,0x00,0x00,0x00,0x00,0x00,0x00,0x00,0x00,0x00,0x00,0x00,0x00,0x00,0x00,0x00,0x00,0x00,0x00,0x00,0x00,0x00,0x00,0x00,0x00,0x00,0x00,0x00,0x00,
    0x00,0x00,0x00,0x00,0x00,0x00,0x00,0x00,0x00,0x00,0x00,0x00,0x00,0x00,0x00,0x00,0x00,0x00,0x00,0x00,0x00,0x00,0x00,0x00,0x00,0x00,0x00,0x00,0x00,0x00,0x00,0x00,
    0x00,0x00,0x00,0x00,0x00,0x00,0x00,0x00,0x00,0x00,0x00,0x00,0x00,0x00,0x00,0x00,0x00,0x00,0x00,0x00,0x00,0x00,0x00,0x00,0x00,0x00,0x00,0x00,0x00,0x00,0x00,0x00,
    0x00,0x00,0x00,0x00,0x00,0x00,0x00,0x00,0x00,0x00,0x00,0x00,0x00,0x00,0x00,0x00,0x00,0x00,0x00,0x00,0x00,0x00,0x00,0x00,0x00,0x00,0x00,0x00,0x00,0x00,0x00,0x00,
    0x00,0x00,0x00,0x00,0x00,0x00,0x00,0x00,0x00,0x00,0x00,0x00,0x00,0x00,0x00,0x00,0x00,0x00,0x00,0x00,0x00,0x00,0x00,0x00,0x00,0x00,0x00,0x00,0x00,0x00,0x00,0x00,
    0x00,0x00,0x00,0x00,0x00,0x00,0x00,0x00,0x00,0x00,0x00,0x00,0x00,0x00,0x00,0x00,0x00,0x00,0x00,0x00,0x00,0x00,0x00,0x00,0x00,0x00,0x00,0x00,0x00,0x00,0x00,0x00,
    0x00,0x00,0x00,0x00,0x00,0x00,0x00,0x00,0x00,0x00,0x00,0x00,0x00,0x00,0x00,0x00,0x00,0x00,0x00,0x00,0x00,0x00,0x00,0x00,0x00,0x00,0x00,0x00,0x00,0x00,0x00,0x00,
    0x00,0x00,0x00,0x00,0x00,0x00,0x00,0x00,0x00,0x00,0x00,0x00,0x00,0x00,0x00,0x00,0x00,0x00,0x00,0x00,0x00,0x00,0x00,0x00,0x00,0x00,0x00,0x00,0x00,0x00,0x00,0x00,
    0x00,0x00,0x00,0x00,0x00,0x00,0x00,0x00,0x00,0x00,0x00,0x00,0x00,0x00,0x00,0x00,0x00,0x00,0x00,0x00,0x00,0x00,0x00,0x00,0x00,0x00,0x00,0x00,0x00,0x00,0x00,0x00,
    0x00,0x00,0x00,0x00,0x00,0x00,0x00,0x00,0x00,0x00,0x00,0x00,0x00,0x00,0x00,0x00,0x00,0x00,0x00,0x00,0x00,0x00,0x00,0x00,0x00,0x00,0x00,0x00,0x00,0x00,0x00,0x00,
    0x00,0x00,0x00,0x00,0x00,0x00,0x00,0x00,0x00,0x00,0x00,0x00,0x00,0x00,0x00,0x00,0x00,0x00,0x00,0x00,0x00,0x00,0x00,0x00,0x00,0x00,0x00,0x00,0x00,0x00,0x00,0x00,
    0x00,0x00,0x00,0x00,0x00,0x00,0x00,0x00,0x00,0x00,0x00,0x00,0x00,0x00,0x00,0x00,0x00,0x00,0x00,0x00,0x00,0x00,0x00,0x00,0x00,0x00,0x00,0x00,0x00,0x00,0x00,0x00,
    0x00,0x00,0x00,0x00,0x00,0x00,0x00,0x00,0x00,0x00,0x00,0x00,0x00,0x00,0x00,0x00,0x00,0x00,0x00,0x00,0x00,0x00,0x00,0x00,0x00,0x00,0x00,0x00,0x00,0x00,0x00,0x00,
    0x00,0x00,0x00,0x00,0x00,0x00,0x00,0x00,0x00,0x00,0x00,0x00,0x00,0x00,0x00,0x00,0x00,0x00,0x00,0x00,0x00,0x00,0x00,0x00,0x00,0x00,0x00,0x00,0x00,0x00,0x00,0x00,
    0x00,0x00,0x00,0x00,0x00,0x00,0x00,0x00,0x00,0x00,0x00,0x00,0x00,0x00,0x00,0x00,0x00,0x00,0x00,0x00,0x00,0x00,0x00,0x00,0x00,0x00,0x00,0x00,0x00,0x00,0x00,0x00,
    0x00,0x00,0x00,0x00,0x00,0x00,0x00,0x00,0x00,0x00,0x00,0x00,0x00,0x00,0x00,0x00,0x00,0x00,0x00,0x00,0x00,0x00,0x00,0x00,0x00,0x00,0x00,0x00,0x00,0x00,0x00,0x00,
    0x00,0x00,0x00,0x00,0x00,0x00,0x00,0x00,0x00,0x00,0x00,0x00,0x00,0x00,0x00,0x00,0x00,0x00,0x00,0x00,0x00,0x00,0x00,0x00,0x00,0x00,0x00,0x00,0x00,0x00,0x00,0x00,
    0x00,0x00,0x00,0x00,0x00,0x00,0x00,0x00,0x00,0x00,0x00,0x00,0x00,0x00,0x00,0x00,0x00,0x00,0x00,0x00,0x00,0x00,0x00,0x00,0x00,0x00,0x00,0x00,0x00,0x00,0x00,0x00,
    0x00,0x00,0x00,0x00,0x00,0x00,0x00,0x00,0x00,0x00,0x00,0x00,0x00,0x00,0x00,0x00,0x00,0x00,0x00,0x00,0x00,0x00,0x00,0x00,0x00,0x00,0x00,0x00,0x00,0x00,0x00,0x00,
    0x00,0x00,0x00,0x00,0x00,0x00,0x00,0x00,0x00,0x00,0x00,0x00,0x00,0x00,0x00,0x00,0x00,0x00,0x00,0x00,0x00,0x00,0x00,0x00,0x00,0x00,0x00,0x00,0x00,0x00,0x00,0x00,
    0x00,0x00,0x00,0x00,0x00,0x00,0x00,0x00,0x00,0x00,0x00,0x00,0x00,0x00,0x00,0x00,0x00,0x00,0x00,0x00,0x00,0x00,0x00,0x00,0x00,0x00,0x00,0x00,0x00,0x00,0x00,0x00,
    0x00,0x00,0x00,0x00,0x00,0x00,0x00,0x00,0x00,0x00,0x00,0x00,0x00,0x00,0x00,0x00,0x00,0x00,0x00,0x00,0x00,0x00,0x00,0x00,0x00,0x00,0x00,0x00,0x00,0x00,0x00,0x00,
    0x00,0x00,0x00,0x00,0x00,0x00,0x00,0x00,0x00,0x00,0x00,0x00,0x00,0x00,0x00,0x00,0x00,0x00,0x00,0x00,0x00,0x00,0x00,0x00,0x00,0x00,0x00,0x00,0x00,0x00,0x00,0x00,
    0x00,0x00,0x00,0x00,0x00,0x00,0x00,0x00,0x00,0x00,0x00,0x00,0x00,0x00,0x00,0x00,0x00,0x00,0x00,0x00,0x00,0x00,0x00,0x00,0x00,0x00,0x00,0x00,0x00,0x00,0x00,0x00,
    0x00,0x00,0x00,0x00,0x00,0x00,0x00,0x00,0x00,0x00,0x00,0x00,0x00,0x00,0x00,0x00,0x00,0x00,0x00,0x00,0x00,0x00,0x00,0x00,0x00,0x00,0x00,0x00,0x00,0x00,0x00,0x00,
    0x00,0x00,0x00,0x00,0x00,0x00,0x00,0x00,0x00,0x00,0x00,0x00,0x00,0x00,0x00,0x00,0x00,0x00,0x00,0x00,0x00,0x00,0x00,0x00,0x00,0x00,0x00,0x00,0x00,0x00,0x00,0x00,
    0x00,0x00,0x00,0x00,0x00,0x00,0x00,0x00,0x00,0x00,0x00,0x00,0x00,0x00,0x00,0x00,0x00,0x00,0x00,0x00,0x00,0x00,0x00,0x00,0x00,0x00,0x00,0x00,0x00,0x00,0x00,0x00,
    0x00,0x00,0x00,0x00,0x00,0x00,0x00,0x00,0x00,0x00,0x00,0x00,0x00,0x00,0x00,0x00,0x00,0x00,0x00,0x00,0x00,0x00,0x00,0x00,0x00,0x00,0x00,0x00,0x00,0x00,0x00,0x00,
    0x00,0x00,0x00,0x00,0x00,0x00,0x00,0x00,0x00,0x00,0x00,0x00,0x00,0x00,0x00,0x00,0x00,0x00,0x00,0x00,0x00,0x00,0x00,0x00,0x00,0x00,0x00,0x00,0x00,0x00,0x00,0x00,
    0x00,0x00,0x00,0x00,0x00,0x00,0x00,0x00,0x00,0x00,0x00,0x00,0x00,0x00,0x00,0x00,0x00,0x00,0x00,0x00,0x00,0x00,0x00,0x00,0x00,0x00,0x00,0x00,0x00,0x00,0x00,0x00,
    0x00,0x00,0x00,0x00,0x00,0x00,0x00,0x00,0x00,0x00,0x00,0x00,0x00,0x00,0x00,0x00,0x00,0x00,0x00,0x00,0x00,0x00,0x00,0x00,0x00,0x00,0x00,0x00,0x00,0x00,0x00,0x00,
    0x00,0x00,0x00,0x00,0x00,0x00,0x00,0x00,0x00,0x00,0x00,0x00,0x00,0x00,0x00,0x00,0x00,0x00,0x00,0x00,0x00,0x00,0x00,0x00,0x00,0x00,0x00,0x00,0x00,0x00,0x00,0x00,
    0x00,0x00,0x00,0x00,0x00,0x00,0x00,0x00,0x00,0x00,0x00,0x00,0x00,0x00,0x00,0x00,0x00,0x00,0x00,0x00,0x00,0x00,0x00,0x00,0x00,0x00,0x00,0x00,0x00,0x00,0x00,0x00,
    0x00,0x00,0x00,0x00,0x00,0x00,0x00,0x00,0x00,0x00,0x00,0x00,0x00,0x00,0x00,0x00,0x00,0x00,0x00,0x00,0x00,0x00,0x00,0x00,0x00,0x00,0x00,0x00,0x00,0x00,0x00,0x00,
    0x00,0x00,0x00,0x00,0x00,0x00,0x00,0x00,0x00,0x00,0x00,0x00,0x00,0x00,0x00,0x00,0x00,0x00,0x00,0x00,0x00,0x00,0x00,0x00,0x00,0x00,0x00,0x00,0x00,0x00,0x00,0x00,
    0x00,0x00,0x00,0x00,0x00,0x00,0x00,0x00,0x00,0x00,0x00,0x00,0x00,0x00,0x00,0x00,0x00,0x00,0x00,0x00,0x00,0x00,0x00,0x00,0x00,0x00,0x00,0x00,0x00,0x00,0x00,0x00,
    0x00,0x00,0x00,0x00,0x00,0x00,0x00,0x00,0x00,0x00,0x00,0x00,0x00,0x00,0x00,0x00,0x00,0x00,0x00,0x00,0x00,0x00,0x00,0x00,0x00,0x00,0x00,0x00,0x00,0x00,0x00,0x00,
    0x00,0x00,0x00,0x00,0x00,0x00,0x00,0x00,0x00,0x00,0x00,0x00,0x00,0x00,0x00,0x00,0x00,0x00,0x00,0x00,0x00,0x00,0x00,0x00,0x00,0x00,0x00,0x00,0x00,0x00,0x00,0x00,
    0x00,0x00,0x00,0x00,0x00,0x00,0x00,0x00,0x00,0x00,0x00,0x00,0x00,0x00,0x00,0x00,0x00,0x00,0x00,0x00,0x00,0x00,0x00,0x00,0x00,0x00,0x00,0x00,0x00,0x00,0x00,0x00,
    0x00,0x00,0x00,0x00,0x00,0x00,0x00,0x00,0x00,0x00,0x00,0x00,0x00,0x00,0x00,0x00,0x00,0x00,0x00,0x00,0x00,0x00,0x00,0x00,0x00,0x00,0x00,0x00,0x00,0x00,0x00,0x00,
    0x00,0x00,0x00,0x00,0x00,0x00,0x00,0x00,0x00,0x00,0x00,0x00,0x00,0x00,0x00,0x00,0x00,0x00,0x00,0x00,0x00,0x00,0x00,0x00,0x00,0x00,0x00,0x00,0x00,0x00,0x00,0x00,
    0x00,0x00,0x00,0x00,0x00,0x00,0x00,0x00,0x00,0x00,0x00,0x00,0x00,0x00,0x00,0x00,0x00,0x00,0x00,0x00,0x00,0x00,0x00,0x00,0x00,0x00,0x00,0x00,0x00,0x00,0x00,0x00,
    0x00,0x00,0x00,0x00,0x00,0x00,0x00,0x00,0x00,0x00,0x00,0x00,0x00,0x00,0x00,0x00,0x00,0x00,0x00,0x00,0x00,0x00,0x00,0x00,0x00,0x00,0x00,0x00,0x00,0x00,0x00,0x00,
    0x00,0x00,0x00,0x00,0x00,0x00,0x00,0x00,0x00,0x00,0x00,0x00,0x00,0x00,0x00,0x00,0x00,0x00,0x00,0x00,0x20,0xb0,0xff,0xff,0x20,0xb0,0xff,0xff,0x20,0xb0,0xff,0xff,
    0x20,0xb0,0xff,0xff,0x20,0xb0,0xff,0xff,0x20,0xb0,0xff,0xff,0x20,0xb0,0xff,0xff,0x00,0x00,0x00,0x00,0x00,0x00,0x00,0x00,0x00,0x00,0x00,0x00,0x00,0x00,0x00,0x00,
    0x00,0x00,0x00,0x00,0x00,0x00,0x00,0x00,0x00,0x00,0x00,0x00,0x00,0x00,0x00,0x00,0x00,0x00,0x00,0x00,0x00,0x00,0x00,0x00,0x00,0x00,0x00,0x00,0x00,0x00,0x00,0x00,
    0x00,0x00,0x00,0x00,0x00,0x00,0x00,0x00,0x00,0x00,0x00,0x00,0x00,0x00,0x00,0x00,0x00,0x00,0x00,0x00,0x00,0x00,0x00,0x00,0x00,0x00,0x00,0x00,0x00,0x00,0x00,0x00,
    0x00,0x00,0x00,0x00,0x00,0x00,0x00,0x00,0x00,0x00,0x00,0x00,0x00,0x00,0x00,0x00,0x00,0x00,0x00,0x00,0x00,0x00,0x00,0x00,0x00,0x00,0x00,0x00,0x00,0x00,0x00,0x00,
    0x00,0x00,0x00,0x00,0x00,0x00,0x00,0x00,0x00,0x00,0x00,0x00,0x00,0x00,0x00,0x00,0x00,0x00,0x00,0x00,0x00,0x00,0x00,0x00,0x00,0x00,0x00,0x00,0x00,0x00,0x00,0x00,
    0x00,0x00,0x00,0x00,0x00,0x00,0x00,0x00,0x00,0x00,0x00,0x00,0x00,0x00,0x00,0x00,0x00,0x00,0x00,0x00,0x00,0x00,0x00,0x00,0x00,0x00,0x00,0x00,0x00,0x00,0x00,0x00,
    0x00,0x00,0x00,0x00,0x00,0x00,0x00,0x00,0x00,0x00,0x00,0x00,0x00,0x00,0x00,0x00,0x00,0x00,0x00,0x00,0x00,0x00,0x00,0x00,0x00,0x00,0x00,0x00,0x00,0x00,0x00,0x00,
    0x00,0x00,0x00,0x00,0x00,0x00,0x00,0x00,0x00,0x00,0x00,0x00,0x00,0x00,0x00,0x00,0x00,0x00,0x00,0x00,0x00,0x00,0x00,0x00,0x00,0x00,0x00,0x00,0x00,0x00,0x00,0x00,
    0x00,0x00,0x00,0x00,0x00,0x00,0x00,0x00,0x00,0x00,0x00,0x00,0x00,0x00,0x00,0x00,0x00,0x00,0x00,0x00,0x00,0x00,0x00,0x00,0x00,0x00,0x00,0x00,0x00,0x00,0x00,0x00,
    0x00,0x00,0x00,0x00,0x00,0x00,0x00,0x00,0x00,0x00,0x00,0x00,0x00,0x00,0x00,0x00,0x00,0x00,0x00,0x00,0x00,0x00,0x00,0x00,0x00,0x00,0x00,0x00,0x00,0x00,0x00,0x00,
    0x00,0x00,0x00,0x00,0x00,0x00,0x00,0x00,0x00,0x00,0x00,0x00,0x00,0x00,0x00,0x00,0x00,0x00,0x00,0x00,0x00,0x00,0x00,0x00,0x00,0x00,0x00,0x00,0x00,0x00,0x00,0x00,
    0x00,0x00,0x00,0x00,0x00,0x00,0x00,0x00,0x00,0x00,0x00,0x00,0x00,0x00,0x00,0x00,0x00,0x00,0x00,0x00,0x00,0x00,0x00,0x00,0x00,0x00,0x00,0x00,0x00,0x00,0x00,0x00,
    0x00,0x00,0x00,0x00,0x00,0x00,0x00,0x00,0x00,0x00,0x00,0x00,0x00,0x00,0x00,0x00,0x00,0x00,0x00,0x00,0x00,0x00,0x00,0x00,0x00,0x00,0x00,0x00,0x00,0x00,0x00,0x00,
    0x00,0x00,0x00,0x00,0x00,0x00,0x00,0x00,0x00,0x00,0x00,0x00,0x00,0x00,0x00,0x00,0x00,0x00,0x00,0x00,0x00,0x00,0x00,0x00,0x00,0x00,0x00,0x00,0x00,0x00,0x00,0x00,
    0x00,0x00,0x00,0x00,0x00,0x00,0x00,0x00,0x00,0x00,0x00,0x00,0x00,0x00,0x00,0x00,0x00,0x00,0x00,0x00,0x00,0x00,0x00,0x00,0x00,0x00,0x00,0x00,0x00,0x00,0x00,0x00,
    0x00,0x00,0x00,0x00,0x00,0x00,0x00,0x00,0x00,0x00,0x00,0x00,0x20,0xb0,0xff,0xff,0x20,0xb0,0xff,0xff,0x20,0xb0,0xff,0xff,0x20,0xb0,0xff,0xff,0x20,0xb0,0xff,0xff,
    0x20,0xb0,0xff,0xff,0x20,0xb0,0xff,0xff,0x00,0x00,0x00,0x00,0x00,0x00,0x00,0x00,0x00,0x00,0x00,0x00,0x00,0x00,0x00,0x00,0x00,0x00,0x00,0x00,0x00,0x00,0x00,0x00,
    0x00,0x00,0x00,0x00,0x00,0x00,0x00,0x00,0x00,0x00,0x00,0x00,0x00,0x00,0x00,0x00,0x00,0x00,0x00,0x00,0x00,0x00,0x00,0x00,0x00,0x00,0x00,0x00,0x00,0x00,0x00,0x00,
    0x00,0x00,0x00,0x00,0x00,0x00,0x00,0x00,0x00,0x00,0x00,0x00,0x00,0x00,0x00,0x00,0x00,0x00,0x00,0x00,0x00,0x00,0x00,0x00,0x00,0x00,0x00,0x00,0x00,0x00,0x00,0x00,
    0x00,0x00,0x00,0x00,0x00,0x00,0x00,0x00,0x00,0x00,0x00,0x00,0x00,0x00,0x00,0x00,0x00,0x00,0x00,0x00,0x00,0x00,0x00,0x00,0x00,0x00,0x00,0x00,0x00,0x00,0x00,0x00,
    0x00,0x00,0x00,0x00,0x00,0x00,0x00,0x00,0x00,0x00,0x00,0x00,0x00,0x00,0x00,0x00,0x00,0x00,0x00,0x00,0x00,0x00,0x00,0x00,0x00,0x00,0x00,0x00,0x00,0x00,0x00,0x00,
    0x00,0x00,0x00,0x00,0x00,0x00,0x00,0x00,0x00,0x00,0x00,0x00,0x00,0x00,0x00,0x00,0x00,0x00,0x00,0x00,0x00,0x00,0x00,0x00,0x00,0x00,0x00,0x00,0x00,0x00,0x00,0x00,
    0x00,0x00,0x00,0x00,0x00,0x00,0x00,0x00,0x00,0x00,0x00,0x00,0x00,0x00,0x00,0x00,0x00,0x00,0x00,0x00,0x00,0x00,0x00,0x00,0x00,0x00,0x00,0x00,0x00,0x00,0x00,0x00,
    0x00,0x00,0x00,0x00,0x00,0x00,0x00,0x00,0x00,0x00,0x00,0x00,0x00,0x00,0x00,0x00,0x00,0x00,0x00,0x00,0x00,0x00,0x00,0x00,0x00,0x00,0x00,0x00,0x00,0x00,0x00,0x00,
    0x00,0x00,0x00,0x00,0x00,0x00,0x00,0x00,0x00,0x00,0x00,0x00,0x00,0x00,0x00,0x00,0x00,0x00,0x00,0x00,0x00,0x00,0x00,0x00,0x00,0x00,0x00,0x00,0x00,0x00,0x00,0x00,
    0x00,0x00,0x00,0x00,0x00,0x00,0x00,0x00,0x00,0x00,0x00,0x00,0x00,0x00,0x00,0x00,0x00,0x00,0x00,0x00,0x00,0x00,0x00,0x00,0x00,0x00,0x00,0x00,0x00,0x00,0x00,0x00,
    0x00,0x00,0x00,0x00,0x00,0x00,0x00,0x00,0x00,0x00,0x00,0x00,0x00,0x00,0x00,0x00,0x00,0x00,0x00,0x00,0x00,0x00,0x00,0x00,0x00,0x00,0x00,0x00,0x00,0x00,0x00,0x00,
    0x00,0x00,0x00,0x00,0x00,0x00,0x00,0x00,0x00,0x00,0x00,0x00,0x00,0x00,0x00,0x00,0x00,0x00,0x00,0x00,0x00,0x00,0x00,0x00,0x00,0x00,0x00,0x00,0x00,0x00,0x00,0x00,
    0x00,0x00,0x00,0x00,0x00,0x00,0x00,0x00,0x00,0x00,0x00,0x00,0x00,0x00,0x00,0x00,0x00,0x00,0x00,0x00,0x00,0x00,0x00,0x00,0x00,0x00,0x00,0x00,0x00,0x00,0x00,0x00,
    0x00,0x00,0x00,0x00,0x00,0x00,0x00,0x00,0x00,0x00,0x00,0x00,0x00,0x00,0x00,0x00,0x00,0x00,0x00,0x00,0x00,0x00,0x00,0x00,0x00,0x00,0x00,0x00,0x00,0x00,0x00,0x00,
    0x00,0x00,0x00,0x00,0x00,0x00,0x00,0x00,0x00,0x00,0x00,0x00,0x00,0x00,0x00,0x00,0x00,0x00,0x00,0x00,0x00,0x00,0x00,0x00,0x00,0x00,0x00,0x00,0x00,0x00,0x00,0x00,
    0x00,0x00,0x00,0x00,0x20,0xb0,0xff,0xff,0x20,0xb0,0xff,0xff,0x20,0xb0,0xff,0xff,0x20,0xb0,0xff,0xff,0x20,0xb0,0xff,0xff,0x20,0xb0,0xff,0xff,0x20,0xb0,0xff,0xff,
    0x00,0x00,0x00,0x00,0x00,0x00,0x00,0x00,0x00,0x00,0x00,0x00,0x00,0x00,0x00,0x00,0x00,0x00,0x00,0x00,0x00,0x00,0x00,0x00,0x00,0x00,0x00,0x00,0x00,0x00,0x00,0x00,
    0x00,0x00,0x00,0x00,0x00,0x00,0x00,0x00,0x00,0x00,0x00,0x00,0x00,0x00,0x00,0x00,0x00,0x00,0x00,0x00,0x00,0x00,0x00,0x00,0x00,0x00,0x00,0x00,0x00,0x00,0x00,0x00,
    0x00,0x00,0x00,0x00,0x00,0x00,0x00,0x00,0x00,0x00,0x00,0x00,0x00,0x00,0x00,0x00,0x00,0x00,0x00,0x00,0x00,0x00,0x00,0x00,0x00,0x00,0x00,0x00,0x00,0x00,0x00,0x00,
    0x00,0x00,0x00,0x00,0x00,0x00,0x00,0x00,0x00,0x00,0x00,0x00,0x00,0x00,0x00,0x00,0x00,0x00,0x00,0x00,0x00,0x00,0x00,0x00,0x00,0x00,0x00,0x00,0x00,0x00,0x00,0x00,
    0x00,0x00,0x00,0x00,0x00,0x00,0x00,0x00,0x00,0x00,0x00,0x00,0x00,0x00,0x00,0x00,0x00,0x00,0x00,0x00,0x00,0x00,0x00,0x00,0x00,0x00,0x00,0x00,0x00,0x00,0x00,0x00,
    0x00,0x00,0x00,0x00,0x00,0x00,0x00,0x00,0x00,0x00,0x00,0x00,0x00,0x00,0x00,0x00,0x00,0x00,0x00,0x00,0x00,0x00,0x00,0x00,0x00,0x00,0x00,0x00,0x00,0x00,0x00,0x00,
    0x00,0x00,0x00,0x00,0x00,0x00,0x00,0x00,0x00,0x00,0x00,0x00,0x00,0x00,0x00,0x00,0x00,0x00,0x00,0x00,0x00,0x00,0x00,0x00,0x00,0x00,0x00,0x00,0x00,0x00,0x00,0x00,
    0x00,0x00,0x00,0x00,0x00,0x00,0x00,0x00,0x00,0x00,0x00,0x00,0x00,0x00,0x00,0x00,0x00,0x00,0x00,0x00,0x00,0x00,0x00,0x00,0x00,0x00,0x00,0x00,0x00,0x00,0x00,0x00,
    0x00,0x00,0x00,0x00,0x00,0x00,0x00,0x00,0x00,0x00,0x00,0x00,0x00,0x00,0x00,0x00,0x00,0x00,0x00,0x00,0x00,0x00,0x00,0x00,0x00,0x00,0x00,0x00,0x00,0x00,0x00,0x00,
    0x00,0x00,0x00,0x00,0x00,0x00,0x00,0x00,0x00,0x00,0x00,0x00,0x00,0x00,0x00,0x00,0x00,0x00,0x00,0x00,0x00,0x00,0x00,0x00,0x00,0x00,0x00,0x00,0x00,0x00,0x00,0x00,
    0x00,0x00,0x00,0x00,0x00,0x00,0x00,0x00,0x00,0x00,0x00,0x00,0x00,0x00,0x00,0x00,0x00,0x00,0x00,0x00,0x00,0x00,0x00,0x00,0x00,0x00,0x00,0x00,0x00,0x00,0x00,0x00,
    0x00,0x00,0x00,0x00,0x00,0x00,0x00,0x00,0x00,0x00,0x00,0x00,0x00,0x00,0x00,0x00,0x00,0x00,0x00,0x00,0x00,0x00,0x00,0x00,0x00,0x00,0x00,0x00,0x00,0x00,0x00,0x00,
    0x00,0x00,0x00,0x00,0x00,0x00,0x00,0x00,0x00,0x00,0x00,0x00,0x00,0x00,0x00,0x00,0x00,0x00,0x00,0x00,0x00,0x00,0x00,0x00,0x00,0x00,0x00,0x00,0x00,0x00,0x00,0x00,
    0x00,0x00,0x00,0x00,0x00,0x00,0x00,0x00,0x00,0x00,0x00,0x00,0x00,0x00,0x00,0x00,0x00,0x00,0x00,0x00,0x00,0x00,0x00,0x00,0x00,0x00,0x00,0x00,0x00,0x00,0x00,0x00,
    0x00,0x00,0x00,0x00,0x00,0x00,0x00,0x00,0x00,0x00,0x00,0x00,0x00,0x00,0x00,0x00,0x00,0x00,0x00,0x00,0x00,0x00,0x00,0x00,0x00,0x00,0x00,0x00,0x20,0xb0,0xff,0xff,
    0x20,0xb0,0xff,0xff,0x20,0xb0,0xff,0xff,0x20,0xb0,0xff,0xff,0x20,0xb0,0xff,0xff,0x20,0xb0,0xff,0xff,0x20,0xb0,0xff,0xff,0x00,0x00,0x00,0x00,0x00,0x00,0x00,0x00,
    0x00,0x00,0x00,0x00,0x00,0x00,0x00,0x00,0x00,0x00,0x00,0x00,0x00,0x00,0x00,0x00,0x00,0x00,0x00,0x00,0x00,0x00,0x00,0x00,0x00,0x00,0x00,0x00,0x00,0x00,0x00,0x00,
    0x00,0x00,0x00,0x00,0x00,0x00,0x00,0x00,0x00,0x00,0x00,0x00,0x00,0x00,0x00,0x00,0x00,0x00,0x00,0x00,0x00,0x00,0x00,0x00,0x00,0x00,0x00,0x00,0x00,0x00,0x00,0x00,
    0x00,0x00,0x00,0x00,0x00,0x00,0x00,0x00,0x00,0x00,0x00,0x00,0x00,0x00,0x00,0x00,0x00,0x00,0x00,0x00,0x00,0x00,0x00,0x00,0x00,0x00,0x00,0x00,0x00,0x00,0x00,0x00,
    0x00,0x00,0x00,0x00,0x00,0x00,0x00,0x00,0x00,0x00,0x00,0x00,0x00,0x00,0x00,0x00,0x00,0x00,0x00,0x00,0x00,0x00,0x00,0x00,0x00,0x00,0x00,0x00,0x00,0x00,0x00,0x00,
    0x00,0x00,0x00,0x00,0x00,0x00,0x00,0x00,0x00,0x00,0x00,0x00,0x00,0x00,0x00,0x00,0x00,0x00,0x00,0x00,0x00,0x00,0x00,0x00,0x00,0x00,0x00,0x00,0x00,0x00,0x00,0x00,
    0x00,0x00,0x00,0x00,0x00,0x00,0x00,0x00,0x00,0x00,0x00,0x00,0x00,0x00,0x00,0x00,0x00,0x00,0x00,0x00,0x00,0x00,0x00,0x00,0x00,0x00,0x00,0x00,0x00,0x00,0x00,0x00,
    0x00,0x00,0x00,0x00,0x00,0x00,0x00,0x00,0x00,0x00,0x00,0x00,0x00,0x00,0x00,0x00,0x00,0x00,0x00,0x00,0x00,0x00,0x00,0x00,0x00,0x00,0x00,0x00,0x00,0x00,0x00,0x00,
    0x00,0x00,0x00,0x00,0x00,0x00,0x00,0x00,0x00,0x00,0x00,0x00,0x00,0x00,0x00,0x00,0x00,0x00,0x00,0x00,0x00,0x00,0x00,0x00,0x00,0x00,0x00,0x00,0x00,0x00,0x00,0x00,
    0x00,0x00,0x00,0x00,0x00,0x00,0x00,0x00,0x00,0x00,0x00,0x00,0x00,0x00,0x00,0x00,0x00,0x00,0x00,0x00,0x00,0x00,0x00,0x00,0x00,0x00,0x00,0x00,0x00,0x00,0x00,0x00,
    0x00,0x00,0x00,0x00,0x00,0x00,0x00,0x00,0x00,0x00,0x00,0x00,0x00,0x00,0x00,0x00,0x00,0x00,0x00,0x00,0x00,0x00,0x00,0x00,0x00,0x00,0x00,0x00,0x00,0x00,0x00,0x00,
    0x00,0x00,0x00,0x00,0x00,0x00,0x00,0x00,0x00,0x00,0x00,0x00,0x00,0x00,0x00,0x00,0x00,0x00,0x00,0x00,0x00,0x00,0x00,0x00,0x00,0x00,0x00,0x00,0x00,0x00,0x00,0x00,
    0x00,0x00,0x00,0x00,0x00,0x00,0x00,0x00,0x00,0x00,0x00,0x00,0x00,0x00,0x00,0x00,0x00,0x00,0x00,0x00,0x00,0x00,0x00,0x00,0x00,0x00,0x00,0x00,0x00,0x00,0x00,0x00,
    0x00,0x00,0x00,0x00,0x00,0x00,0x00,0x00,0x00,0x00,0x00,0x00,0x00,0x00,0x00,0x00,0x00,0x00,0x00,0x00,0x00,0x00,0x00,0x00,0x00,0x00,0x00,0x00,0x00,0x00,0x00,0x00,
    0x00,0x00,0x00,0x00,0x00,0x00,0x00,0x00,0x00,0x00,0x00,0x00,0x00,0x00,0x00,0x00,0x00,0x00,0x00,0x00,0x00,0x00,0x00,0x00,0x00,0x00,0x00,0x00,0x00,0x00,0x00,0x00,
    0x00,0x00,0x00,0x00,0x00,0x00,0x00,0x00,0x00,0x00,0x00,0x00,0x00,0x00,0x00,0x00,0x00,0x00,0x00,0x00,0x20,0xb0,0xff,0xff,0x20,0xb0,0xff,0xff,0x20,0xb0,0xff,0xff,
    0x20,0xb0,0xff,0xff,0x20,0xb0,0xff,0xff,0x20,0xb0,0xff,0xff,0x20,0xb0,0xff,0xff,0x00,0x00,0x00,0x00,0x00,0x00,0x00,0x00,0x00,0x00,0x00,0x00,0x00,0x00,0x00,0x00,
    0x00,0x00,0x00,0x00,0x00,0x00,0x00,0x00,0x00,0x00,0x00,0x00,0x00,0x00,0x00,0x00,0x00,0x00,0x00,0x00,0x00,0x00,0x00,0x00,0x00,0x00,0x00,0x00,0x00,0x00,0x00,0x00,
    0x00,0x00,0x00,0x00,0x00,0x00,0x00,0x00,0x00,0x00,0x00,0x00,0x00,0x00,0x00,0x00,0x00,0x00,0x00,0x00,0x00,0x00,0x00,0x00,0x00,0x00,0x00,0x00,0x00,0x00,0x00,0x00,
    0x00,0x00,0x00,0x00,0x00,0x00,0x00,0x00,0x00,0x00,0x00,0x00,0x00,0x00,0x00,0x00,0x00,0x00,0x00,0x00,0x00,0x00,0x00,0x00,0x00,0x00,0x00,0x00,0x00,0x00,0x00,0x00,
    0x00,0x00,0x00,0x00,0x00,0x00,0x00,0x00,0x00,0x00,0x00,0x00,0x00,0x00,0x00,0x00,0x00,0x00,0x00,0x00,0x00,0x00,0x00,0x00,0x00,0x00,0x00,0x00,0x00,0x00,0x00,0x00,
    0x00,0x00,0x00,0x00,0x00,0x00,0x00,0x00,0x00,0x00,0x00,0x00,0x00,0x00,0x00,0x00,0x00,0x00,0x00,0x00,0x00,0x00,0x00,0x00,0x00,0x00,0x00,0x00,0x00,0x00,0x00,0x00,
    0x00,0x00,0x00,0x00,0x00,0x00,0x00,0x00,0x00,0x00,0x00,0x00,0x00,0x00,0x00,0x00,0x00,0x00,0x00,0x00,0x00,0x00,0x00,0x00,0x00,0x00,0x00,0x00,0x00,0x00,0x00,0x00,
    0x00,0x00,0x00,0x00,0x00,0x00,0x00,0x00,0x00,0x00,0x00,0x00,0x00,0x00,0x00,0x00,0x00,0x00,0x00,0x00,0x00,0x00,0x00,0x00,0x00,0x00,0x00,0x00,0x00,0x00,0x00,0x00,
    0x00,0x00,0x00,0x00,0x00,0x00,0x00,0x00,0x00,0x00,0x00,0x00,0x00,0x00,0x00,0x00,0x00,0x00,0x00,0x00,0x00,0x00,0x00,0x00,0x00,0x00,0x00,0x00,0x00,0x00,0x00,0x00,
    0x00,0x00,0x00,0x00,0x00,0x00,0x00,0x00,0x00,0x00,0x00,0x00,0x00,0x00,0x00,0x00,0x00,0x00,0x00,0x00,0x00,0x00,0x00,0x00,0x00,0x00,0x00,0x00,0x00,0x00,0x00,0x00,
    0x00,0x00,0x00,0x00,0x00,0x00,0x00,0x00,0x00,0x00,0x00,0x00,0x00,0x00,0x00,0x00,0x00,0x00,0x00,0x00,0x00,0x00,0x00,0x00,0x00,0x00,0x00,0x00,0x00,0x00,0x00,0x00,
    0x00,0x00,0x00,0x00,0x00,0x00,0x00,0x00,0x00,0x00,0x00,0x00,0x00,0x00,0x00,0x00,0x00,0x00,0x00,0x00,0x00,0x00,0x00,0x00,0x00,0x00,0x00,0x00,0x00,0x00,0x00,0x00,
    0x00,0x00,0x00,0x00,0x00,0x00,0x00,0x00,0x00,0x00,0x00,0x00,0x00,0x00,0x00,0x00,0x00,0x00,0x00,0x00,0x00,0x00,0x00,0x00,0x00,0x00,0x00,0x00,0x00,0x00,0x00,0x00,
    0x00,0x00,0x00,0x00,0x00,0x00,0x00,0x00,0x00,0x00,0x00,0x00,0x00,0x00,0x00,0x00,0x00,0x00,0x00,0x00,0x00,0x00,0x00,0x00,0x00,0x00,0x00,0x00,0x00,0x00,0x00,0x00,
    0x00,0x00,0x00,0x00,0x00,0x00,0x00,0x00,0x00,0x00,0x00,0x00,0x00,0x00,0x00,0x00,0x00,0x00,0x00,0x00,0x00,0x00,0x00,0x00,0x00,0x00,0x00,0x00,0x00,0x00,0x00,0x00,
    0x00,0x00,0x00,0x00,0x00,0x00,0x00,0x00,0x00,0x00,0x00,0x00,0x20,0xb0,0xff,0xff,0x20,0xb0,0xff,0xff,0x20,0xb0,0xff,0xff,0x20,0xb0,0xff,0xff,0x20,0xb0,0xff,0xff,
    0x20,0xb0,0xff,0xff,0x20,0xb0,0xff,0xff,0x00,0x00,0x00,0x00,0x00,0x00,0x00,0x00,0x00,0x00,0x00,0x00,0x00,0x00,0x00,0x00,0x00,0x00,0x00,0x00,0x00,0x00,0x00,0x00,
    0x00,0x00,0x00,0x00,0x00,0x00,0x00,0x00,0x00,0x00,0x00,0x00,0x00,0x00,0x00,0x00,0x00,0x00,0x00,0x00,0x00,0x00,0x00,0x00,0x00,0x00,0x00,0x00,0x00,0x00,0x00,0x00,
    0x00,0x00,0x00,0x00,0x00,0x00,0x00,0x00,0x00,0x00,0x00,0x00,0x00,0x00,0x00,0x00,0x00,0x00,0x00,0x00,0x00,0x00,0x00,0x00,0x00,0x00,0x00,0x00,0x00,0x00,0x00,0x00,
    0x00,0x00,0x00,0x00,0x00,0x00,0x00,0x00,0x00,0x00,0x00,0x00,0x00,0x00,0x00,0x00,0x00,0x00,0x00,0x00,0x00,0x00,0x00,0x00,0x00,0x00,0x00,0x00,0x00,0x00,0x00,0x00,
    0x00,0x00,0x00,0x00,0x00,0x00,0x00,0x00,0x00,0x00,0x00,0x00,0x00,0x00,0x00,0x00,0x00,0x00,0x00,0x00,0x00,0x00,0x00,0x00,0x00,0x00,0x00,0x00,0x00,0x00,0x00,0x00,
    0x00,0x00,0x00,0x00,0x00,0x00,0x00,0x00,0x00,0x00,0x00,0x00,0x00,0x00,0x00,0x00,0x00,0x00,0x00,0x00,0x00,0x00,0x00,0x00,0x00,0x00,0x00,0x00,0x00,0x00,0x00,0x00,
    0x00,0x00,0x00,0x00,0x00,0x00,0x00,0x00,0x00,0x00,0x00,0x00,0x00,0x00,0x00,0x00,0x00,0x00,0x00,0x00,0x00,0x00,0x00,0x00,0x00,0x00,0x00,0x00,0x00,0x00,0x00,0x00,
    0x00,0x00,0x00,0x00,0x00,0x00,0x00,0x00,0x00,0x00,0x00,0x00,0x00,0x00,0x00,0x00,0x00,0x00,0x00,0x00,0x00,0x00,0x00,0x00,0x00,0x00,0x00,0x00,0x00,0x00,0x00,0x00,
    0x00,0x00,0x00,0x00,0x00,0x00,0x00,0x00,0x00,0x00,0x00,0x00,0x00,0x00,0x00,0x00,0x00,0x00,0x00,0x00,0x00,0x00,0x00,0x00,0x00,0x00,0x00,0x00,0x00,0x00,0x00,0x00,
    0x00,0x00,0x00,0x00,0x00,0x00,0x00,0x00,0x00,0x00,0x00,0x00,0x00,0x00,0x00,0x00,0x00,0x00,0x00,0x00,0x00,0x00,0x00,0x00,0x00,0x00,0x00,0x00,0x00,0x00,0x00,0x00,
    0x00,0x00,0x00,0x00,0x00,0x00,0x00,0x00,0x00,0x00,0x00,0x00,0x00,0x00,0x00,0x00,0x00,0x00,0x00,0x00,0x00,0x00,0x00,0x00,0x00,0x00,0x00,0x00,0x00,0x00,0x00,0x00,
    0x00,0x00,0x00,0x00,0x00,0x00,0x00,0x00,0x00,0x00,0x00,0x00,0x00,0x00,0x00,0x00,0x00,0x00,0x00,0x00,0x00,0x00,0x00,0x00,0x00,0x00,0x00,0x00,0x00,0x00,0x00,0x00,
    0x00,0x00,0x00,0x00,0x00,0x00,0x00,0x00,0x00,0x00,0x00,0x00,0x20,0xb0,0xff,0xff,0x00,0x00,0x00,0x00,0x00,0x00,0x00,0x00,0x00,0x00,0x00,0x00,0x00,0x00,0x00,0x00,
    0x00,0x00,0x00,0x00,0x00,0x00,0x00,0x00,0x00,0x00,0x00,0x00,0x00,0x00,0x00,0x00,0x00,0x00,0x00,0x00,0x00,0x00,0x00,0x00,0x00,0x00,0x00,0x00,0x00,0x00,0x00,0x00,
    0x00,0x00,0x00,0x00,0x00,0x00,0x00,0x00,0x00,0x00,0x00,0x00,0x00,0x00,0x00,0x00,0x00,0x00,0x00,0x00,0x00,0x00,0x00,0x00,0x00,0x00,0x00,0x00,0x00,0x00,0x00,0x00,
    0x00,0x00,0x00,0x00,0x20,0xb0,0xff,0xff,0x20,0xb0,0xff,0xff,0x20,0xb0,0xff,0xff,0x20,0xb0,0xff,0xff,0x20,0xb0,0xff,0xff,0x20,0xb0,0xff,0xff,0x20,0xb0,0xff,0xff,
    0x00,0x00,0x00,0x00,0x00,0x00,0x00,0x00,0x00,0x00,0x00,0x00,0x00,0x00,0x00,0x00,0x00,0x00,0x00,0x00,0x00,0x00,0x00,0x00,0x00,0x00,0x00,0x00,0x00,0x00,0x00,0x00,
    0x00,0x00,0x00,0x00,0x00,0x00,0x00,0x00,0x00,0x00,0x00,0x00,0x00,0x00,0x00,0x00,0x00,0x00,0x00,0x00,0x00,0x00,0x00,0x00,0x00,0x00,0x00,0x00,0x00,0x00,0x00,0x00,
    0x00,0x00,0x00,0x00,0x00,0x00,0x00,0x00,0x00,0x00,0x00,0x00,0x00,0x00,0x00,0x00,0x00,0x00,0x00,0x00,0x00,0x00,0x00,0x00,0x20,0xb0,0xff,0xff,0x00,0x00,0x00,0x00,
    0x00,0x00,0x00,0x00,0x00,0x00,0x00,0x00,0x00,0x00,0x00,0x00,0x00,0x00,0x00,0x00,0x00,0x00,0x00,0x00,0x00,0x00,0x00,0x00,0x00,0x00,0x00,0x00,0x00,0x00,0x00,0x00,
    0x00,0x00,0x00,0x00,0x00,0x00,0x00,0x00,0x00,0x00,0x00,0x00,0x00,0x00,0x00,0x00,0x00,0x00,0x00,0x00,0x00,0x00,0x00,0x00,0x00,0x00,0x00,0x00,0x00,0x00,0x00,0x00,
    0x00,0x00,0x00,0x00,0x00,0x00,0x00,0x00,0x00,0x00,0x00,0x00,0x00,0x00,0x00,0x00,0x00,0x00,0x00,0x00,0x00,0x00,0x00,0x00,0x00,0x00,0x00,0x00,0x00,0x00,0x00,0x00,
    0x00,0x00,0x00,0x00,0x00,0x00,0x00,0x00,0x00,0x00,0x00,0x00,0x00,0x00,0x00,0x00,0x00,0x00,0x00,0x00,0x00,0x00,0x00,0x00,0x00,0x00,0x00,0x00,0x00,0x00,0x00,0x00,
    0x00,0x00,0x00,0x00,0x00,0x00,0x00,0x00,0x00,0x00,0x00,0x00,0x00,0x00,0x00,0x00,0x00,0x00,0x00,0x00,0x00,0x00,0x00,0x00,0x00,0x00,0x00,0x00,0x00,0x00,0x00,0x00,
    0x00,0x00,0x00,0x00,0x00,0x00,0x00,0x00,0x00,0x00,0x00,0x00,0x00,0x00,0x00,0x00,0x00,0x00,0x00,0x00,0x00,0x00,0x00,0x00,0x00,0x00,0x00,0x00,0x00,0x00,0x00,0x00,
    0x00,0x00,0x00,0x00,0x00,0x00,0x00,0x00,0x00,0x00,0x00,0x00,0x00,0x00,0x00,0x00,0x00,0x00,0x00,0x00,0x00,0x00,0x00,0x00,0x00,0x00,0x00,0x00,0x00,0x00,0x00,0x00,
    0x00,0x00,0x00,0x00,0x00,0x00,0x00,0x00,0x00,0x00,0x00,0x00,0x00,0x00,0x00,0x00,0x00,0x00,0x00,0x00,0x00,0x00,0x00,0x00,0x00,0x00,0x00,0x00,0x00,0x00,0x00,0x00,
    0x00,0x00,0x00,0x00,0x00,0x00,0x00,0x00,0x00,0x00,0x00,0x00,0x00,0x00,0x00,0x00,0x00,0x00,0x00,0x00,0x00,0x00,0x00,0x00,0x20,0xb0,0xff,0xff,0x20,0xb0,0xff,0xff,
    0x20,0xb0,0xff,0xff,0x20,0xb0,0xff,0xff,0x20,0xb0,0xff,0xff,0x00,0x00,0x00,0x00,0x00,0x00,0x00,0x00,0x00,0x00,0x00,0x00,0x00,0x00,0x00,0x00,0x00,0x00,0x00,0x00,
    0x00,0x00,0x00,0x00,0x00,0x00,0x00,0x00,0x00,0x00,0x00,0x00,0x00,0x00,0x00,0x00,0x00,0x00,0x00,0x00,0x00,0x00,0x00,0x00,0x00,0x00,0x00,0x00,0x00,0x00,0x00,0x00,
    0x00,0x00,0x00,0x00,0x00,0x00,0x00,0x00,0x00,0x00,0x00,0x00,0x00,0x00,0x00,0x00,0x00,0x00,0x00,0x00,0x00,0x00,0x00,0x00,0x00,0x00,0x00,0x00,0x20,0xb0,0xff,0xff,
    0x20,0xb0,0xff,0xff,0x20,0xb0,0xff,0xff,0x20,0xb0,0xff,0xff,0x20,0xb0,0xff,0xff,0x20,0xb0,0xff,0xff,0x20,0xb0,0xff,0xff,0x00,0x00,0x00,0x00,0x00,0x00,0x00,0x00,
    0x00,0x00,0x00,0x00,0x00,0x00,0x00,0x00,0x00,0x00,0x00,0x00,0x00,0x00,0x00,0x00,0x00,0x00,0x00,0x00,0x00,0x00,0x00,0x00,0x00,0x00,0x00,0x00,0x00,0x00,0x00,0x00,
    0x00,0x00,0x00,0x00,0x00,0x00,0x00,0x00,0x00,0x00,0x00,0x00,0x00,0x00,0x00,0x00,0x00,0x00,0x00,0x00,0x00,0x00,0x00,0x00,0x00,0x00,0x00,0x00,0x00,0x00,0x00,0x00,
    0x00,0x00,0x00,0x00,0x00,0x00,0x00,0x00,0x00,0x00,0x00,0x00,0x20,0xb0,0xff,0xff,0x20,0xb0,0xff,0xff,0x20,0xb0,0xff,0xff,0x20,0xb0,0xff,0xff,0x20,0xb0,0xff,0xff,
    0x00,0x00,0x00,0x00,0x00,0x00,0x00,0x00,0x00,0x00,0x00,0x00,0x00,0x00,0x00,0x00,0x00,0x00,0x00,0x00,0x00,0x00,0x00,0x00,0x00,0x00,0x00,0x00,0x00,0x00,0x00,0x00,
    0x00,0x00,0x00,0x00,0x00,0x00,0x00,0x00,0x00,0x00,0x00,0x00,0x00,0x00,0x00,0x00,0x00,0x00,0x00,0x00,0x00,0x00,0x00,0x00,0x00,0x00,0x00,0x00,0x00,0x00,0x00,0x00,
    0x00,0x00,0x00,0x00,0x00,0x00,0x00,0x00,0x00,0x00,0x00,0x00,0x00,0x00,0x00,0x00,0x00,0x00,0x00,0x00,0x00,0x00,0x00,0x00,0x00,0x00,0x00,0x00,0x00,0x00,0x00,0x00,
    0x00,0x00,0x00,0x00,0x00,0x00,0x00,0x00,0x00,0x00,0x00,0x00,0x00,0x00,0x00,0x00,0x00,0x00,0x00,0x00,0x00,0x00,0x00,0x00,0x00,0x00,0x00,0x00,0x00,0x00,0x00,0x00,
    0x00,0x00,0x00,0x00,0x00,0x00,0x00,0x00,0x00,0x00,0x00,0x00,0x00,0x00,0x00,0x00,0x00,0x00,0x00,0x00,0x00,0x00,0x00,0x00,0x00,0x00,0x00,0x00,0x00,0x00,0x00,0x00,
    0x00,0x00,0x00,0x00,0x00,0x00,0x00,0x00,0x00,0x00,0x00,0x00,0x00,0x00,0x00,0x00,0x00,0x00,0x00,0x00,0x00,0x00,0x00,0x00,0x00,0x00,0x00,0x00,0x00,0x00,0x00,0x00,
    0x00,0x00,0x00,0x00,0x00,0x00,0x00,0x00,0x00,0x00,0x00,0x00,0x00,0x00,0x00,0x00,0x00,0x00,0x00,0x00,0x00,0x00,0x00,0x00,0x00,0x00,0x00,0x00,0x00,0x00,0x00,0x00,
    0x00,0x00,0x00,0x00,0x00,0x00,0x00,0x00,0x00,0x00,0x00,0x00,0x00,0x00,0x00,0x00,0x00,0x00,0x00,0x00,0x00,0x00,0x00,0x00,0x00,0x00,0x00,0x00,0x00,0x00,0x00,0x00,
    0x00,0x00,0x00,0x00,0x20,0xb0,0xff,0xff,0x20,0xb0,0xff,0xff,0x20,0xb0,0xff,0xff,0x20,0xb0,0xff,0xff,0x20,0xb0,0xff,0xff,0x20,0xb0,0xff,0xff,0x20,0xb0,0xff,0xff,
    0x20,0xb0,0xff,0xff,0x00,0x00,0x00,0x00,0x00,0x00,0x00,0x00,0x00,0x00,0x00,0x00,0x00,0x00,0x00,0x00,0x00,0x00,0x00,0x00,0x00,0x00,0x00,0x00,0x00,0x00,0x00,0x00,
    0x00,0x00,0x00,0x00,0x00,0x00,0x00,0x00,0x00,0x00,0x00,0x00,0x00,0x00,0x00,0x00,0x00,0x00,0x00,0x00,0x00,0x00,0x00,0x00,0x00,0x00,0x00,0x00,0x00,0x00,0x00,0x00,
    0x00,0x00,0x00,0x00,0x00,0x00,0x00,0x00,0x00,0x00,0x00,0x00,0x00,0x00,0x00,0x00,0x00,0x00,0x00,0x00,0x20,0xb0,0xff,0xff,0x20,0xb0,0xff,0xff,0x20,0xb0,0xff,0xff,
    0x20,0xb0,0xff,0xff,0x20,0xb0,0xff,0xff,0x20,0xb0,0xff,0xff,0x20,0xb0,0xff,0xff,0x00,0x00,0x00,0x00,0x00,0x00,0x00,0x00,0x00,0x00,0x00,0x00,0x00,0x00,0x00,0x00,
    0x00,0x00,0x00,0x00,0x00,0x00,0x00,0x00,0x00,0x00,0x00,0x00,0x00,0x00,0x00,0x00,0x00,0x00,0x00,0x00,0x00,0x00,0x00,0x00,0x00,0x00,0x00,0x00,0x00,0x00,0x00,0x00,
    0x00,0x00,0x00,0x00,0x00,0x00,0x00,0x00,0x00,0x00,0x00,0x00,0x00,0x00,0x00,0x00,0x00,0x00,0x00,0x00,0x00,0x00,0x00,0x00,0x00,0x00,0x00,0x00,0x00,0x00,0x00,0x00,
    0x00,0x00,0x00,0x00,0x20,0xb0,0xff,0xff,0x20,0xb0,0xff,0xff,0x20,0xb0,0xff,0xff,0x20,0xb0,0xff,0xff,0x20,0xb0,0xff,0xff,0x20,0xb0,0xff,0xff,0x20,0xb0,0xff,0xff,
    0x20,0xb0,0xff,0xff,0x00,0x00,0x00,0x00,0x00,0x00,0x00,0x00,0x00,0x00,0x00,0x00,0x00,0x00,0x00,0x00,0x00,0x00,0x00,0x00,0x00,0x00,0x00,0x00,0x00,0x00,0x00,0x00,
    0x00,0x00,0x00,0x00,0x00,0x00,0x00,0x00,0x00,0x00,0x00,0x00,0x00,0x00,0x00,0x00,0x00,0x00,0x00,0x00,0x00,0x00,0x00,0x00,0x00,0x00,0x00,0x00,0x00,0x00,0x00,0x00,
    0x00,0x00,0x00,0x00,0x00,0x00,0x00,0x00,0x00,0x00,0x00,0x00,0x00,0x00,0x00,0x00,0x00,0x00,0x00,0x00,0x00,0x00,0x00,0x00,0x00,0x00,0x00,0x00,0x00,0x00,0x00,0x00,
    0x00,0x00,0x00,0x00,0x00,0x00,0x00,0x00,0x00,0x00,0x00,0x00,0x00,0x00,0x00,0x00,0x00,0x00,0x00,0x00,0x00,0x00,0x00,0x00,0x00,0x00,0x00,0x00,0x00,0x00,0x00,0x00,
    0x00,0x00,0x00,0x00,0x00,0x00,0x00,0x00,0x00,0x00,0x00,0x00,0x00,0x00,0x00,0x00,0x00,0x00,0x00,0x00,0x00,0x00,0x00,0x00,0x00,0x00,0x00,0x00,0x00,0x00,0x00,0x00,
    0x00,0x00,0x00,0x00,0x00,0x00,0x00,0x00,0x00,0x00,0x00,0x00,0x00,0x00,0x00,0x00,0x00,0x00,0x00,0x00,0x00,0x00,0x00,0x00,0x00,0x00,0x00,0x00,0x00,0x00,0x00,0x00,
    0x00,0x00,0x00,0x00,0x00,0x00,0x00,0x00,0x00,0x00,0x00,0x00,0x00,0x00,0x00,0x00,0x00,0x00,0x00,0x00,0x00,0x00,0x00,0x00,0x00,0x00,0x00,0x00,0x00,0x00,0x00,0x00,
    0x00,0x00,0x00,0x00,0x00,0x00,0x00,0x00,0x00,0x00,0x00,0x00,0x00,0x00,0x00,0x00,0x00,0x00,0x00,0x00,0x00,0x00,0x00,0x00,0x00,0x00,0x00,0x00,0x00,0x00,0x00,0x00,
    0x20,0xb0,0xff,0xff,0x20,0xb0,0xff,0xff,0x20,0xb0,0xff,0xff,0x20,0xb0,0xff,0xff,0x20,0xb0,0xff,0xff,0x20,0xb0,0xff,0xff,0x20,0xb0,0xff,0xff,0x20,0xb0,0xff,0xff,
    0x00,0x00,0x00,0x00,0x00,0x00,0x00,0x00,0x00,0x00,0x00,0x00,0x00,0x00,0x00,0x00,0x00,0x00,0x00,0x00,0x00,0x00,0x00,0x00,0x00,0x00,0x00,0x00,0x00,0x00,0x00,0x00,
    0x00,0x00,0x00,0x00,0x00,0x00,0x00,0x00,0x00,0x00,0x00,0x00,0x00,0x00,0x00,0x00,0x00,0x00,0x00,0x00,0x00,0x00,0x00,0x00,0x00,0x00,0x00,0x00,0x00,0x00,0x00,0x00,
    0x00,0x00,0x00,0x00,0x00,0x00,0x00,0x00,0x00,0x00,0x00,0x00,0x20,0xb0,0xff,0xff,0x20,0xb0,0xff,0xff,0x20,0xb0,0xff,0xff,0x20,0xb0,0xff,0xff,0x20,0xb0,0xff,0xff,
    0x20,0xb0,0xff,0xff,0x20,0xb0,0xff,0xff,0x00,0x00,0x00,0x00,0x00,0x00,0x00,0x00,0x00,0x00,0x00,0x00,0x00,0x00,0x00,0x00,0x00,0x00,0x00,0x00,0x00,0x00,0x00,0x00,
    0x00,0x00,0x00,0x00,0x00,0x00,0x00,0x00,0x00,0x00,0x00,0x00,0x00,0x00,0x00,0x00,0x00,0x00,0x00,0x00,0x00,0x00,0x00,0x00,0x00,0x00,0x00,0x00,0x00,0x00,0x00,0x00,
    0x00,0x00,0x00,0x00,0x00,0x00,0x00,0x00,0x00,0x00,0x00,0x00,0x00,0x00,0x00,0x00,0x00,0x00,0x00,0x00,0x00,0x00,0x00,0x00,0x20,0xb0,0xff,0xff,0x20,0xb0,0xff,0xff,
    0x20,0xb0,0xff,0xff,0x20,0xb0,0xff,0xff,0x20,0xb0,0xff,0xff,0x20,0xb0,0xff,0xff,0x20,0xb0,0xff,0xff,0x20,0xb0,0xff,0xff,0x00,0x00,0x00,0x00,0x00,0x00,0x00,0x00,
    0x00,0x00,0x00,0x00,0x00,0x00,0x00,0x00,0x00,0x00,0x00,0x00,0x00,0x00,0x00,0x00,0x00,0x00,0x00,0x00,0x00,0x00,0x00,0x00,0x00,0x00,0x00,0x00,0x00,0x00,0x00,0x00,
    0x00,0x00,0x00,0x00,0x00,0x00,0x00,0x00,0x00,0x00,0x00,0x00,0x00,0x00,0x00,0x00,0x00,0x00,0x00,0x00,0x00,0x00,0x00,0x00,0x00,0x00,0x00,0x00,0x00,0x00,0x00,0x00,
    0x00,0x00,0x00,0x00,0x00,0x00,0x00,0x00,0x00,0x00,0x00,0x00,0x00,0x00,0x00,0x00,0x00,0x00,0x00,0x00,0x00,0x00,0x00,0x00,0x00,0x00,0x00,0x00,0x00,0x00,0x00,0x00,
    0x00,0x00,0x00,0x00,0x00,0x00,0x00,0x00,0x00,0x00,0x00,0x00,0x00,0x00,0x00,0x00,0x00,0x00,0x00,0x00,0x00,0x00,0x00,0x00,0x00,0x00,0x00,0x00,0x00,0x00,0x00,0x00,
    0x00,0x00,0x00,0x00,0x00,0x00,0x00,0x00,0x00,0x00,0x00,0x00,0x00,0x00,0x00,0x00,0x00,0x00,0x00,0x00,0x00,0x00,0x00,0x00,0x00,0x00,0x00,0x00,0x00,0x00,0x00,0x00,
    0x00,0x00,0x00,0x00,0x00,0x00,0x00,0x00,0x00,0x00,0x00,0x00,0x00,0x00,0x00,0x00,0x00,0x00,0x00,0x00,0x00,0x00,0x00,0x00,0x00,0x00,0x00,0x00,0x00,0x00,0x00,0x00,
    0x00,0x00,0x00,0x00,0x00,0x00,0x00,0x00,0x00,0x00,0x00,0x00,0x00,0x00,0x00,0x00,0x00,0x00,0x00,0x00,0x00,0x00,0x00,0x00,0x00,0x00,0x00,0x00,0x00,0x00,0x00,0x00,
    0x00,0x00,0x00,0x00,0x00,0x00,0x00,0x00,0x00,0x00,0x00,0x00,0x00,0x00,0x00,0x00,0x00,0x00,0x00,0x00,0x00,0x00,0x00,0x00,0x20,0xb0,0xff,0xff,0x20,0xb0,0xff,0xff,
    0x20,0xb0,0xff,0xff,0x20,0xb0,0xff,0xff,0x20,0xb0,0xff,0xff,0x20,0xb0,0xff,0xff,0x20,0xb0,0xff,0xff,0x20,0xb0,0xff,0xff,0x00,0x00,0x00,0x00,0x00,0x00,0x00,0x00,
    0x00,0x00,0x00,0x00,0x00,0x00,0x00,0x00,0x00,0x00,0x00,0x00,0x00,0x00,0x00,0x00,0x00,0x00,0x00,0x00,0x00,0x00,0x00,0x00,0x00,0x00,0x00,0x00,0x00,0x00,0x00,0x00,
    0x00,0x00,0x00,0x00,0x00,0x00,0x00,0x00,0x00,0x00,0x00,0x00,0x00,0x00,0x00,0x00,0x00,0x00,0x00,0x00,0x00,0x00,0x00,0x00,0x00,0x00,0x00,0x00,0x00,0x00,0x00,0x00,
    0x00,0x00,0x00,0x00,0x20,0xb0,0xff,0xff,0x20,0xb0,0xff,0xff,0x20,0xb0,0xff,0xff,0x20,0xb0,0xff,0xff,0x20,0xb0,0xff,0xff,0x20,0xb0,0xff,0xff,0x20,0xb0,0xff,0xff,
    0x00,0x00,0x00,0x00,0x00,0x00,0x00,0x00,0x00,0x00,0x00,0x00,0x00,0x00,0x00,0x00,0x00,0x00,0x00,0x00,0x00,0x00,0x00,0x00,0x00,0x00,0x00,0x00,0x00,0x00,0x00,0x00,
    0x00,0x00,0x00,0x00,0x00,0x00,0x00,0x00,0x00,0x00,0x00,0x00,0x00,0x00,0x00,0x00,0x00,0x00,0x00,0x00,0x00,0x00,0x00,0x00,0x00,0x00,0x00,0x00,0x00,0x00,0x00,0x00,
    0x00,0x00,0x00,0x00,0x00,0x00,0x00,0x00,0x00,0x00,0x00,0x00,0x00,0x00,0x00,0x00,0x20,0xb0,0xff,0xff,0x20,0xb0,0xff,0xff,0x20,0xb0,0xff,0xff,0x20,0xb0,0xff,0xff,
    0x20,0xb0,0xff,0xff,0x20,0xb0,0xff,0xff,0x20,0xb0,0xff,0xff,0x20,0xb0,0xff,0xff,0x00,0x00,0x00,0x00,0x00,0x00,0x00,0x00,0x00,0x00,0x00,0x00,0x00,0x00,0x00,0x00,
    0x00,0x00,0x00,0x00,0x00,0x00,0x00,0x00,0x00,0x00,0x00,0x00,0x00,0x00,0x00,0x00,0x00,0x00,0x00,0x00,0x00,0x00,0x00,0x00,0x00,0x00,0x00,0x00,0x00,0x00,0x00,0x00,
    0x00,0x00,0x00,0x00,0x00,0x00,0x00,0x00,0x00,0x00,0x00,0x00,0x00,0x00,0x00,0x00,0x00,0x00,0x00,0x00,0x00,0x00,0x00,0x00,0x00,0x00,0x00,0x00,0x00,0x00,0x00,0x00,
    0x00,0x00,0x00,0x00,0x00,0x00,0x00,0x00,0x00,0x00,0x00,0x00,0x00,0x00,0x00,0x00,0x00,0x00,0x00,0x00,0x00,0x00,0x00,0x00,0x00,0x00,0x00,0x00,0x00,0x00,0x00,0x00,
    0x00,0x00,0x00,0x00,0x00,0x00,0x00,0x00,0x00,0x00,0x00,0x00,0x00,0x00,0x00,0x00,0x00,0x00,0x00,0x00,0x00,0x00,0x00,0x00,0x00,0x00,0x00,0x00,0x00,0x00,0x00,0x00,
    0x00,0x00,0x00,0x00,0x00,0x00,0x00,0x00,0x00,0x00,0x00,0x00,0x00,0x00,0x00,0x00,0x00,0x00,0x00,0x00,0x00,0x00,0x00,0x00,0x00,0x00,0x00,0x00,0x00,0x00,0x00,0x00,
    0x00,0x00,0x00,0x00,0x00,0x00,0x00,0x00,0x00,0x00,0x00,0x00,0x00,0x00,0x00,0x00,0x00,0x00,0x00,0x00,0x00,0x00,0x00,0x00,0x00,0x00,0x00,0x00,0x00,0x00,0x00,0x00,
    0x00,0x00,0x00,0x00,0x00,0x00,0x00,0x00,0x00,0x00,0x00,0x00,0x00,0x00,0x00,0x00,0x00,0x00,0x00,0x00,0x00,0x00,0x00,0x00,0x00,0x00,0x00,0x00,0x00,0x00,0x00,0x00,
    0x00,0x00,0x00,0x00,0x00,0x00,0x00,0x00,0x00,0x00,0x00,0x00,0x00,0x00,0x00,0x00,0x00,0x00,0x00,0x00,0x20,0xb0,0xff,0xff,0x20,0xb0,0xff,0xff,0x20,0xb0,0xff,0xff,
    0x20,0xb0,0xff,0xff,0x20,0xb0,0xff,0xff,0x20,0xb0,0xff,0xff,0x20,0xb0,0xff,0xff,0x20,0xb0,0xff,0xff,0x00,0x00,0x00,0x00,0x00,0x00,0x00,0x00,0x00,0x00,0x00,0x00,
    0x00,0x00,0x00,0x00,0x00,0x00,0x00,0x00,0x00,0x00,0x00,0x00,0x00,0x00,0x00,0x00,0x00,0x00,0x00,0x00,0x00,0x00,0x00,0x00,0x00,0x00,0x00,0x00,0x00,0x00,0x00,0x00,
    0x00,0x00,0x00,0x00,0x00,0x00,0x00,0x00,0x00,0x00,0x00,0x00,0x00,0x00,0x00,0x00,0x00,0x00,0x00,0x00,0x00,0x00,0x00,0x00,0x00,0x00,0x00,0x00,0x20,0xb0,0xff,0xff,
    0x20,0xb0,0xff,0xff,0x20,0xb0,0xff,0xff,0x20,0xb0,0xff,0xff,0x20,0xb0,0xff,0xff,0x20,0xb0,0xff,0xff,0x20,0xb0,0xff,0xff,0x00,0x00,0x00,0x00,0x00,0x00,0x00,0x00,
    0x00,0x00,0x00,0x00,0x00,0x00,0x00,0x00,0x00,0x00,0x00,0x00,0x00,0x00,0x00,0x00,0x00,0x00,0x00,0x00,0x00,0x00,0x00,0x00,0x00,0x00,0x00,0x00,0x00,0x00,0x00,0x00,
    0x00,0x00,0x00,0x00,0x00,0x00,0x00,0x00,0x00,0x00,0x00,0x00,0x00,0x00,0x00,0x00,0x00,0x00,0x00,0x00,0x00,0x00,0x00,0x00,0x00,0x00,0x00,0x00,0x00,0x00,0x00,0x00,
    0x00,0x00,0x00,0x00,0x20,0xb0,0xff,0xff,0x20,0xb0,0xff,0xff,0x20,0xb0,0xff,0xff,0x20,0xb0,0xff,0xff,0x20,0xb0,0xff,0xff,0x20,0xb0,0xff,0xff,0x20,0xb0,0xff,0xff,
    0x20,0xb0,0xff,0xff,0x00,0x00,0x00,0x00,0x00,0x00,0x00,0x00,0x00,0x00,0x00,0x00,0x00,0x00,0x00,0x00,0x00,0x00,0x00,0x00,0x00,0x00,0x00,0x00,0x00,0x00,0x00,0x00,
    0x00,0x00,0x00,0x00,0x00,0x00,0x00,0x00,0x00,0x00,0x00,0x00,0x00,0x00,0x00,0x00,0x00,0x00,0x00,0x00,0x00,0x00,0x00,0x00,0x00,0x00,0x00,0x00,0x00,0x00,0x00,0x00,
    0x00,0x00,0x00,0x00,0x00,0x00,0x00,0x00,0x00,0x00,0x00,0x00,0x00,0x00,0x00,0x00,0x00,0x00,0x00,0x00,0x00,0x00,0x00,0x00,0x00,0x00,0x00,0x00,0x00,0x00,0x00,0x00,
    0x00,0x00,0x00,0x00,0x00,0x00,0x00,0x00,0x00,0x00,0x00,0x00,0x00,0x00,0x00,0x00,0x00,0x00,0x00,0x00,0x00,0x00,0x00,0x00,0x00,0x00,0x00,0x00,0x00,0x00,0x00,0x00,
    0x00,0x00,0x00,0x00,0x00,0x00,0x00,0x00,0x00,0x00,0x00,0x00,0x00,0x00,0x00,0x00,0x00,0x00,0x00,0x00,0x00,0x00,0x00,0x00,0x00,0x00,0x00,0x00,0x00,0x00,0x00,0x00,
    0x00,0x00,0x00,0x00,0x00,0x00,0x00,0x00,0x00,0x00,0x00,0x00,0x00,0x00,0x00,0x00,0x00,0x00,0x00,0x00,0x00,0x00,0x00,0x00,0x00,0x00,0x00,0x00,0x00,0x00,0x00,0x00,
    0x00,0x00,0x00,0x00,0x00,0x00,0x00,0x00,0x00,0x00,0x00,0x00,0x00,0x00,0x00,0x00,0x00,0x00,0x00,0x00,0x00,0x00,0x00,0x00,0x00,0x00,0x00,0x00,0x00,0x00,0x00,0x00,
    0x00,0x00,0x00,0x00,0x00,0x00,0x00,0x00,0x00,0x00,0x00,0x00,0x00,0x00,0x00,0x00,0x00,0x00,0x00,0x00,0x00,0x00,0x00,0x00,0x00,0x00,0x00,0x00,0x00,0x00,0x00,0x00,
    0x00,0x00,0x00,0x00,0x00,0x00,0x00,0x00,0x00,0x00,0x00,0x00,0x20,0xb0,0xff,0xff,0x20,0xb0,0xff,0xff,0x20,0xb0,0xff,0xff,0x20,0xb0,0xff,0xff,0x20,0xb0,0xff,0xff,
    0x20,0xb0,0xff,0xff,0x20,0xb0,0xff,0xff,0x20,0xb0,0xff,0xff,0x00,0x00,0x00,0x00,0x00,0x00,0x00,0x00,0x00,0x00,0x00,0x00,0x00,0x00,0x00,0x00,0x00,0x00,0x00,0x00,
    0x00,0x00,0x00,0x00,0x00,0x00,0x00,0x00,0x00,0x00,0x00,0x00,0x00,0x00,0x00,0x00,0x00,0x00,0x00,0x00,0x00,0x00,0x00,0x00,0x00,0x00,0x00,0x00,0x00,0x00,0x00,0x00,
    0x00,0x00,0x00,0x00,0x00,0x00,0x00,0x00,0x00,0x00,0x00,0x00,0x00,0x00,0x00,0x00,0x00,0x00,0x00,0x00,0x20,0xb0,0xff,0xff,0x20,0xb0,0xff,0xff,0x20,0xb0,0xff,0xff,
    0x20,0xb0,0xff,0xff,0x20,0xb0,0xff,0xff,0x20,0xb0,0xff,0xff,0x20,0xb0,0xff,0xff,0x00,0x00,0x00,0x00,0x00,0x00,0x00,0x00,0x00,0x00,0x00,0x00,0x00,0x00,0x00,0x00,
    0x00,0x00,0x00,0x00,0x00,0x00,0x00,0x00,0x00,0x00,0x00,0x00,0x00,0x00,0x00,0x00,0x00,0x00,0x00,0x00,0x00,0x00,0x00,0x00,0x00,0x00,0x00,0x00,0x00,0x00,0x00,0x00,
    0x00,0x00,0x00,0x00,0x00,0x00,0x00,0x00,0x00,0x00,0x00,0x00,0x00,0x00,0x00,0x00,0x00,0x00,0x00,0x00,0x00,0x00,0x00,0x00,0x00,0x00,0x00,0x00,0x20,0xb0,0xff,0xff,
    0x20,0xb0,0xff,0xff,0x20,0xb0,0xff,0xff,0x20,0xb0,0xff,0xff,0x20,0xb0,0xff,0xff,0x20,0xb0,0xff,0xff,0x20,0xb0,0xff,0xff,0x20,0xb0,0xff,0xff,0x00,0x00,0x00,0x00,
    0x00,0x00,0x00,0x00,0x00,0x00,0x00,0x00,0x00,0x00,0x00,0x00,0x00,0x00,0x00,0x00,0x00,0x00,0x00,0x00,0x00,0x00,0x00,0x00,0x00,0x00,0x00,0x00,0x00,0x00,0x00,0x00,
    0x00,0x00,0x00,0x00,0x00,0x00,0x00,0x00,0x00,0x00,0x00,0x00,0x00,0x00,0x00,0x00,0x00,0x00,0x00,0x00,0x00,0x00,0x00,0x00,0x00,0x00,0x00,0x00,0x00,0x00,0x00,0x00,
    0x00,0x00,0x00,0x00,0x00,0x00,0x00,0x00,0x00,0x00,0x00,0x00,0x00,0x00,0x00,0x00,0x00,0x00,0x00,0x00,0x00,0x00,0x00,0x00,0x00,0x00,0x00,0x00,0x00,0x00,0x00,0x00,
    0x00,0x00,0x00,0x00,0x00,0x00,0x00,0x00,0x00,0x00,0x00,0x00,0x00,0x00,0x00,0x00,0x00,0x00,0x00,0x00,0x00,0x00,0x00,0x00,0x00,0x00,0x00,0x00,0x00,0x00,0x00,0x00,
    0x00,0x00,0x00,0x00,0x00,0x00,0x00,0x00,0x00,0x00,0x00,0x00,0x00,0x00,0x00,0x00,0x00,0x00,0x00,0x00,0x00,0x00,0x00,0x00,0x00,0x00,0x00,0x00,0x00,0x00,0x00,0x00,
    0x00,0x00,0x00,0x00,0x00,0x00,0x00,0x00,0x00,0x00,0x00,0x00,0x00,0x00,0x00,0x00,0x00,0x00,0x00,0x00,0x00,0x00,0x00,0x00,0x00,0x00,0x00,0x00,0x00,0x00,0x00,0x00,
    0x00,0x00,0x00,0x00,0x00,0x00,0x00,0x00,0x00,0x00,0x00,0x00,0x00,0x00,0x00,0x00,0x00,0x00,0x00,0x00,0x00,0x00,0x00,0x00,0x00,0x00,0x00,0x00,0x00,0x00,0x00,0x00,
    0x00,0x00,0x00,0x00,0x00,0x00,0x00,0x00,0x00,0x00,0x00,0x00,0x00,0x00,0x00,0x00,0x00,0x00,0x00,0x00,0x00,0x00,0x00,0x00,0x00,0x00,0x00,0x00,0x00,0x00,0x00,0x00,
    0x00,0x00,0x00,0x00,0x00,0x00,0x00,0x00,0x20,0xb0,0xff,0xff,0x20,0xb0,0xff,0xff,0x20,0xb0,0xff,0xff,0x20,0xb0,0xff,0xff,0x20,0xb0,0xff,0xff,0x20,0xb0,0xff,0xff,
    0x20,0xb0,0xff,0xff,0x20,0xb0,0xff,0xff,0x00,0x00,0x00,0x00,0x00,0x00,0x00,0x00,0x00,0x00,0x00,0x00,0x00,0x00,0x00,0x00,0x00,0x00,0x00,0x00,0x00,0x00,0x00,0x00,
    0x00,0x00,0x00,0x00,0x00,0x00,0x00,0x00,0x00,0x00,0x00,0x00,0x00,0x00,0x00,0x00,0x00,0x00,0x00,0x00,0x00,0x00,0x00,0x00,0x00,0x00,0x00,0x00,0x00,0x00,0x00,0x00,
    0x00,0x00,0x00,0x00,0x00,0x00,0x00,0x00,0x00,0x00,0x00,0x00,0x20,0xb0,0xff,0xff,0x20,0xb0,0xff,0xff,0x20,0xb0,0xff,0xff,0x20,0xb0,0xff,0xff,0x20,0xb0,0xff,0xff,
    0x20,0xb0,0xff,0xff,0x20,0xb0,0xff,0xff,0x00,0x00,0x00,0x00,0x00,0x00,0x00,0x00,0x00,0x00,0x00,0x00,0x00,0x00,0x00,0x00,0x00,0x00,0x00,0x00,0x00,0x00,0x00,0x00,
    0x00,0x00,0x00,0x00,0x00,0x00,0x00,0x00,0x00,0x00,0x00,0x00,0x00,0x00,0x00,0x00,0x00,0x00,0x00,0x00,0x00,0x00,0x00,0x00,0x00,0x00,0x00,0x00,0x00,0x00,0x00,0x00,
    0x00,0x00,0x00,0x00,0x00,0x00,0x00,0x00,0x00,0x00,0x00,0x00,0x00,0x00,0x00,0x00,0x20,0xb0,0xff,0xff,0x20,0xb0,0xff,0xff,0x20,0xb0,0xff,0xff,0x20,0xb0,0xff,0xff,
    0x20,0xb0,0xff,0xff,0x20,0xb0,0xff,0xff,0x20,0xb0,0xff,0xff,0x20,0xb0,0xff,0xff,0x00,0x00,0x00,0x00,0x00,0x00,0x00,0x00,0x00,0x00,0x00,0x00,0x00,0x00,0x00,0x00,
    0x00,0x00,0x00,0x00,0x00,0x00,0x00,0x00,0x00,0x00,0x00,0x00,0x00,0x00,0x00,0x00,0x00,0x00,0x00,0x00,0x00,0x00,0x00,0x00,0x00,0x00,0x00,0x00,0x00,0x00,0x00,0x00,
    0x00,0x00,0x00,0x00,0x00,0x00,0x00,0x00,0x00,0x00,0x00,0x00,0x00,0x00,0x00,0x00,0x00,0x00,0x00,0x00,0x00,0x00,0x00,0x00,0x00,0x00,0x00,0x00,0x00,0x00,0x00,0x00,
    0x00,0x00,0x00,0x00,0x00,0x00,0x00,0x00,0x00,0x00,0x00,0x00,0x00,0x00,0x00,0x00,0x00,0x00,0x00,0x00,0x00,0x00,0x00,0x00,0x00,0x00,0x00,0x00,0x00,0x00,0x00,0x00,
    0x00,0x00,0x00,0x00,0x00,0x00,0x00,0x00,0x00,0x00,0x00,0x00,0x00,0x00,0x00,0x00,0x00,0x00,0x00,0x00,0x00,0x00,0x00,0x00,0x00,0x00,0x00,0x00,0x00,0x00,0x00,0x00,
    0x00,0x00,0x00,0x00,0x00,0x00,0x00,0x00,0x00,0x00,0x00,0x00,0x00,0x00,0x00,0x00,0x00,0x00,0x00,0x00,0x00,0x00,0x00,0x00,0x00,0x00,0x00,0x00,0x00,0x00,0x00,0x00,
    0x00,0x00,0x00,0x00,0x00,0x00,0x00,0x00,0x00,0x00,0x00,0x00,0x00,0x00,0x00,0x00,0x00,0x00,0x00,0x00,0x00,0x00,0x00,0x00,0x00,0x00,0x00,0x00,0x00,0x00,0x00,0x00,
    0x00,0x00,0x00,0x00,0x00,0x00,0x00,0x00,0x00,0x00,0x00,0x00,0x00,0x00,0x00,0x00,0x00,0x00,0x00,0x00,0x00,0x00,0x00,0x00,0x00,0x00,0x00,0x00,0x00,0x00,0x00,0x00,
    0x00,0x00,0x00,0x00,0x00,0x00,0x00,0x00,0x00,0x00,0x00,0x00,0x00,0x00,0x00,0x00,0x00,0x00,0x00,0x00,0x00,0x00,0x00,0x00,0x00,0x00,0x00,0x00,0x00,0x00,0x00,0x00,
    0x20,0xb0,0xff,0xff,0x20,0xb0,0xff,0xff,0x20,0xb0,0xff,0xff,0x20,0xb0,0xff,0xff,0x20,0xb0,0xff,0xff,0x20,0xb0,0xff,0xff,0x20,0xb0,0xff,0xff,0x20,0xb0,0xff,0xff,
    0x20,0xb0,0xff,0xff,0x00,0x00,0x00,0x00,0x00,0x00,0x00,0x00,0x00,0x00,0x00,0x00,0x00,0x00,0x00,0x00,0x00,0x00,0x00,0x00,0x00,0x00,0x00,0x00,0x00,0x00,0x00,0x00,
    0x00,0x00,0x00,0x00,0x00,0x00,0x00,0x00,0x00,0x00,0x00,0x00,0x00,0x00,0x00,0x00,0x00,0x00,0x00,0x00,0x00,0x00,0x00,0x00,0x00,0x00,0x00,0x00,0x00,0x00,0x00,0x00,
    0x00,0x00,0x00,0x00,0x20,0xb0,0xff,0xff,0x20,0xb0,0xff,0xff,0x20,0xb0,0xff,0xff,0x20,0xb0,0xff,0xff,0x20,0xb0,0xff,0xff,0x20,0xb0,0xff,0xff,0x20,0xb0,0xff,0xff,
    0x00,0x00,0x00,0x00,0x00,0x00,0x00,0x00,0x00,0x00,0x00,0x00,0x00,0x00,0x00,0x00,0x00,0x00,0x00,0x00,0x00,0x00,0x00,0x00,0x00,0x00,0x00,0x00,0x00,0x00,0x00,0x00,
    0x00,0x00,0x00,0x00,0x00,0x00,0x00,0x00,0x00,0x00,0x00,0x00,0x00,0x00,0x00,0x00,0x00,0x00,0x00,0x00,0x00,0x00,0x00,0x00,0x00,0x00,0x00,0x00,0x00,0x00,0x00,0x00,
    0x00,0x00,0x00,0x00,0x20,0xb0,0xff,0xff,0x20,0xb0,0xff,0xff,0x20,0xb0,0xff,0xff,0x20,0xb0,0xff,0xff,0x20,0xb0,0xff,0xff,0x20,0xb0,0xff,0xff,0x20,0xb0,0xff,0xff,
    0x20,0xb0,0xff,0xff,0x20,0xb0,0xff,0xff,0x00,0x00,0x00,0x00,0x00,0x00,0x00,0x00,0x00,0x00,0x00,0x00,0x00,0x00,0x00,0x00,0x00,0x00,0x00,0x00,0x00,0x00,0x00,0x00,
    0x00,0x00,0x00,0x00,0x00,0x00,0x00,0x00,0x00,0x00,0x00,0x00,0x00,0x00,0x00,0x00,0x00,0x00,0x00,0x00,0x00,0x00,0x00,0x00,0x00,0x00,0x00,0x00,0x00,0x00,0x00,0x00,
    0x00,0x00,0x00,0x00,0x00,0x00,0x00,0x00,0x00,0x00,0x00,0x00,0x00,0x00,0x00,0x00,0x00,0x00,0x00,0x00,0x00,0x00,0x00,0x00,0x00,0x00,0x00,0x00,0x00,0x00,0x00,0x00,
    0x00,0x00,0x00,0x00,0x00,0x00,0x00,0x00,0x00,0x00,0x00,0x00,0x00,0x00,0x00,0x00,0x00,0x00,0x00,0x00,0x00,0x00,0x00,0x00,0x00,0x00,0x00,0x00,0x00,0x00,0x00,0x00,
    0x00,0x00,0x00,0x00,0x00,0x00,0x00,0x00,0x00,0x00,0x00,0x00,0x00,0x00,0x00,0x00,0x00,0x00,0x00,0x00,0x00,0x00,0x00,0x00,0x00,0x00,0x00,0x00,0x00,0x00,0x00,0x00,
    0x00,0x00,0x00,0x00,0x00,0x00,0x00,0x00,0x00,0x00,0x00,0x00,0x00,0x00,0x00,0x00,0x00,0x00,0x00,0x00,0x00,0x00,0x00,0x00,0x00,0x00,0x00,0x00,0x00,0x00,0x00,0x00,
    0x00,0x00,0x00,0x00,0x00,0x00,0x00,0x00,0x00,0x00,0x00,0x00,0x00,0x00,0x00,0x00,0x00,0x00,0x00,0x00,0x00,0x00,0x00,0x00,0x00,0x00,0x00,0x00,0x00,0x00,0x00,0x00,
    0x00,0x00,0x00,0x00,0x00,0x00,0x00,0x00,0x00,0x00,0x00,0x00,0x00,0x00,0x00,0x00,0x00,0x00,0x00,0x00,0x00,0x00,0x00,0x00,0x00,0x00,0x00,0x00,0x00,0x00,0x00,0x00,
    0x00,0x00,0x00,0x00,0x00,0x00,0x00,0x00,0x00,0x00,0x00,0x00,0x00,0x00,0x00,0x00,0x00,0x00,0x00,0x00,0x00,0x00,0x00,0x00,0x00,0x00,0x00,0x00,0x20,0xb0,0xff,0xff,
    0x20,0xb0,0xff,0xff,0x20,0xb0,0xff,0xff,0x20,0xb0,0xff,0xff,0x20,0xb0,0xff,0xff,0x20,0xb0,0xff,0xff,0x20,0xb0,0xff,0xff,0x20,0xb0,0xff,0xff,0x00,0x00,0x00,0x00,
    0x00,0x00,0x00,0x00,0x00,0x00,0x00,0x00,0x00,0x00,0x00,0x00,0x00,0x00,0x00,0x00,0x00,0x00,0x00,0x00,0x00,0x00,0x00,0x00,0x00,0x00,0x00,0x00,0x00,0x00,0x00,0x00,
    0x00,0x00,0x00,0x00,0x00,0x00,0x00,0x00,0x00,0x00,0x00,0x00,0x00,0x00,0x00,0x00,0x00,0x00,0x00,0x00,0x00,0x00,0x00,0x00,0x00,0x00,0x00,0x00,0x20,0xb0,0xff,0xff,
    0x20,0xb0,0xff,0xff,0x20,0xb0,0xff,0xff,0x20,0xb0,0xff,0xff,0x20,0xb0,0xff,0xff,0x20,0xb0,0xff,0xff,0x20,0xb0,0xff,0xff,0x00,0x00,0x00,0x00,0x00,0x00,0x00,0x00,
    0x00,0x00,0x00,0x00,0x00,0x00,0x00,0x00,0x00,0x00,0x00,0x00,0x00,0x00,0x00,0x00,0x00,0x00,0x00,0x00,0x00,0x00,0x00,0x00,0x00,0x00,0x00,0x00,0x00,0x00,0x00,0x00,
    0x00,0x00,0x00,0x00,0x00,0x00,0x00,0x00,0x00,0x00,0x00,0x00,0x00,0x00,0x00,0x00,0x00,0x00,0x00,0x00,0x00,0x00,0x00,0x00,0x00,0x00,0x00,0x00,0x20,0xb0,0xff,0xff,
    0x20,0xb0,0xff,0xff,0x20,0xb0,0xff,0xff,0x20,0xb0,0xff,0xff,0x20,0xb0,0xff,0xff,0x20,0xb0,0xff,0xff,0x20,0xb0,0xff,0xff,0x20,0xb0,0xff,0xff,0x00,0x00,0x00,0x00,
    0x00,0x00,0x00,0x00,0x00,0x00,0x00,0x00,0x00,0x00,0x00,0x00,0x00,0x00,0x00,0x00,0x00,0x00,0x00,0x00,0x00,0x00,0x00,0x00,0x00,0x00,0x00,0x00,0x00,0x00,0x00,0x00,
    0x00,0x00,0x00,0x00,0x00,0x00,0x00,0x00,0x00,0x00,0x00,0x00,0x00,0x00,0x00,0x00,0x00,0x00,0x00,0x00,0x00,0x00,0x00,0x00,0x00,0x00,0x00,0x00,0x00,0x00,0x00,0x00,
    0x00,0x00,0x00,0x00,0x00,0x00,0x00,0x00,0x00,0x00,0x00,0x00,0x00,0x00,0x00,0x00,0x00,0x00,0x00,0x00,0x00,0x00,0x00,0x00,0x00,0x00,0x00,0x00,0x00,0x00,0x00,0x00,
    0x00,0x00,0x00,0x00,0x00,0x00,0x00,0x00,0x00,0x00,0x00,0x00,0x00,0x00,0x00,0x00,0x00,0x00,0x00,0x00,0x00,0x00,0x00,0x00,0x00,0x00,0x00,0x00,0x00,0x00,0x00,0x00,
    0x00,0x00,0x00,0x00,0x00,0x00,0x00,0x00,0x00,0x00,0x00,0x00,0x00,0x00,0x00,0x00,0x00,0x00,0x00,0x00,0x00,0x00,0x00,0x00,0x00,0x00,0x00,0x00,0x00,0x00,0x00,0x00,
    0x00,0x00,0x00,0x00,0x00,0x00,0x00,0x00,0x00,0x00,0x00,0x00,0x00,0x00,0x00,0x00,0x00,0x00,0x00,0x00,0x00,0x00,0x00,0x00,0x00,0x00,0x00,0x00,0x00,0x00,0x00,0x00,
    0x00,0x00,0x00,0x00,0x00,0x00,0x00,0x00,0x00,0x00,0x00,0x00,0x00,0x00,0x00,0x00,0x00,0x00,0x00,0x00,0x00,0x00,0x00,0x00,0x00,0x00,0x00,0x00,0x00,0x00,0x00,0x00,
    0x00,0x00,0x00,0x00,0x00,0x00,0x00,0x00,0x00,0x00,0x00,0x00,0x00,0x00,0x00,0x00,0x00,0x00,0x00,0x00,0x00,0x00,0x00,0x00,0x00,0x00,0x00,0x00,0x00,0x00,0x00,0x00,
    0x00,0x00,0x00,0x00,0x00,0x00,0x00,0x00,0x00,0x00,0x00,0x00,0x00,0x00,0x00,0x00,0x00,0x00,0x00,0x00,0x00,0x00,0x00,0x00,0x20,0xb0,0xff,0xff,0x20,0xb0,0xff,0xff,
    0x20,0xb0,0xff,0xff,0x20,0xb0,0xff,0xff,0x20,0xb0,0xff,0xff,0x20,0xb0,0xff,0xff,0x20,0xb0,0xff,0xff,0x20,0xb0,0xff,0xff,0x00,0x00,0x00,0x00,0x00,0x00,0x00,0x00,
    0x00,0x00,0x00,0x00,0x00,0x00,0x00,0x00,0x00,0x00,0x00,0x00,0x00,0x00,0x00,0x00,0x00,0x00,0x00,0x00,0x00,0x00,0x00,0x00,0x00,0x00,0x00,0x00,0x00,0x00,0x00,0x00,
    0x00,0x00,0x00,0x00,0x00,0x00,0x00,0x00,0x00,0x00,0x00,0x00,0x00,0x00,0x00,0x00,0x00,0x00,0x00,0x00,0x20,0xb0,0xff,0xff,0x20,0xb0,0xff,0xff,0x20,0xb0,0xff,0xff,
    0x20,0xb0,0xff,0xff,0x20,0xb0,0xff,0xff,0x20,0xb0,0xff,0xff,0x20,0xb0,0xff,0xff,0x00,0x00,0x00,0x00,0x00,0x00,0x00,0x00,0x00,0x00,0x00,0x00,0x00,0x00,0x00,0x00,
    0x00,0x00,0x00,0x00,0x00,0x00,0x00,0x00,0x00,0x00,0x00,0x00,0x00,0x00,0x00,0x00,0x00,0x00,0x00,0x00,0x00,0x00,0x00,0x00,0x00,0x00,0x00,0x00,0x00,0x00,0x00,0x00,
    0x00,0x00,0x00,0x00,0x00,0x00,0x00,0x00,0x00,0x00,0x00,0x00,0x00,0x00,0x00,0x00,0x20,0xb0,0xff,0xff,0x20,0xb0,0xff,0xff,0x20,0xb0,0xff,0xff,0x20,0xb0,0xff,0xff,
    0x20,0xb0,0xff,0xff,0x20,0xb0,0xff,0xff,0x20,0xb0,0xff,0xff,0x20,0xb0,0xff,0xff,0x00,0x00,0x00,0x00,0x00,0x00,0x00,0x00,0x00,0x00,0x00,0x00,0x00,0x00,0x00,0x00,
    0x00,0x00,0x00,0x00,0x00,0x00,0x00,0x00,0x00,0x00,0x00,0x00,0x00,0x00,0x00,0x00,0x00,0x00,0x00,0x00,0x00,0x00,0x00,0x00,0x00,0x00,0x00,0x00,0x00,0x00,0x00,0x00,
    0x00,0x00,0x00,0x00,0x00,0x00,0x00,0x00,0x00,0x00,0x00,0x00,0x00,0x00,0x00,0x00,0x00,0x00,0x00,0x00,0x00,0x00,0x00,0x00,0x00,0x00,0x00,0x00,0x00,0x00,0x00,0x00,
    0x00,0x00,0x00,0x00,0x00,0x00,0x00,0x00,0x00,0x00,0x00,0x00,0x00,0x00,0x00,0x00,0x00,0x00,0x00,0x00,0x00,0x00,0x00,0x00,0x00,0x00,0x00,0x00,0x00,0x00,0x00,0x00,
    0x00,0x00,0x00,0x00,0x00,0x00,0x00,0x00,0x00,0x00,0x00,0x00,0x00,0x00,0x00,0x00,0x00,0x00,0x00,0x00,0x00,0x00,0x00,0x00,0x00,0x00,0x00,0x00,0x00,0x00,0x00,0x00,
    0x00,0x00,0x00,0x00,0x00,0x00,0x00,0x00,0x00,0x00,0x00,0x00,0x00,0x00,0x00,0x00,0x00,0x00,0x00,0x00,0x00,0x00,0x00,0x00,0x00,0x00,0x00,0x00,0x00,0x00,0x00,0x00,
    0x00,0x00,0x00,0x00,0x00,0x00,0x00,0x00,0x00,0x00,0x00,0x00,0x00,0x00,0x00,0x00,0x00,0x00,0x00,0x00,0x00,0x00,0x00,0x00,0x00,0x00,0x00,0x00,0x00,0x00,0x00,0x00,
    0x00,0x00,0x00,0x00,0x00,0x00,0x00,0x00,0x00,0x00,0x00,0x00,0x00,0x00,0x00,0x00,0x00,0x00,0x00,0x00,0x00,0x00,0x00,0x00,0x00,0x00,0x00,0x00,0x00,0x00,0x00,0x00,
    0x00,0x00,0x00,0x00,0x00,0x00,0x00,0x00,0x00,0x00,0x00,0x00,0x00,0x00,0x00,0x00,0x00,0x00,0x00,0x00,0x00,0x00,0x00,0x00,0x00,0x00,0x00,0x00,0x00,0x00,0x00,0x00,
    0x00,0x00,0x00,0x00,0x00,0x00,0x00,0x00,0x00,0x00,0x00,0x00,0x00,0x00,0x00,0x00,0x20,0xb0,0xff,0xff,0x20,0xb0,0xff,0xff,0x20,0xb0,0xff,0xff,0x20,0xb0,0xff,0xff,
    0x20,0xb0,0xff,0xff,0x20,0xb0,0xff,0xff,0x20,0xb0,0xff,0xff,0x20,0xb0,0xff,0xff,0x00,0x00,0x00,0x00,0x00,0x00,0x00,0x00,0x00,0x00,0x00,0x00,0x00,0x00,0x00,0x00,
    0x00,0x00,0x00,0x00,0x00,0x00,0x00,0x00,0x00,0x00,0x00,0x00,0x00,0x00,0x00,0x00,0x00,0x00,0x00,0x00,0x00,0x00,0x00,0x00,0x00,0x00,0x00,0x00,0x00,0x00,0x00,0x00,
    0x00,0x00,0x00,0x00,0x00,0x00,0x00,0x00,0x00,0x00,0x00,0x00,0x00,0x00,0x00,0x00,0x00,0x00,0x00,0x00,0x00,0x00,0x00,0x00,0x00,0x00,0x00,0x00,0x00,0x00,0x00,0x00,
    0x00,0x00,0x00,0x00,0x00,0x00,0x00,0x00,0x00,0x00,0x00,0x00,0x00,0x00,0x00,0x00,0x00,0x00,0x00,0x00,0x00,0x00,0x00,0x00,0x00,0x00,0x00,0x00,0x00,0x00,0x00,0x00,
    0x00,0x00,0x00,0x00,0x00,0x00,0x00,0x00,0x00,0x00,0x00,0x00,0x00,0x00,0x00,0x00,0x00,0x00,0x00,0x00,0x00,0x00,0x00,0x00,0x00,0x00,0x00,0x00,0x00,0x00,0x00,0x00,
    0x00,0x00,0x00,0x00,0x00,0x00,0x00,0x00,0x20,0xb0,0xff,0xff,0x20,0xb0,0xff,0xff,0x20,0xb0,0xff,0xff,0x20,0xb0,0xff,0xff,0x20,0xb0,0xff,0xff,0x20,0xb0,0xff,0xff,
    0x20,0xb0,0xff,0xff,0x20,0xb0,0xff,0xff,0x00,0x00,0x00,0x00,0x00,0x00,0x00,0x00,0x00,0x00,0x00,0x00,0x00,0x00,0x00,0x00,0x00,0x00,0x00,0x00,0x00,0x00,0x00,0x00,
    0x00,0x00,0x00,0x00,0x00,0x00,0x00,0x00,0x00,0x00,0x00,0x00,0x00,0x00,0x00,0x00,0x00,0x00,0x00,0x00,0x00,0x00,0x00,0x00,0x00,0x00,0x00,0x00,0x00,0x00,0x00,0x00,
    0x00,0x00,0x00,0x00,0x00,0x00,0x00,0x00,0x00,0x00,0x00,0x00,0x00,0x00,0x00,0x00,0x00,0x00,0x00,0x00,0x00,0x00,0x00,0x00,0x00,0x00,0x00,0x00,0x00,0x00,0x00,0x00,
    0x00,0x00,0x00,0x00,0x00,0x00,0x00,0x00,0x00,0x00,0x00,0x00,0x00,0x00,0x00,0x00,0x00,0x00,0x00,0x00,0x00,0x00,0x00,0x00,0x00,0x00,0x00,0x00,0x00,0x00,0x00,0x00,
    0x00,0x00,0x00,0x00,0x00,0x00,0x00,0x00,0x00,0x00,0x00,0x00,0x00,0x00,0x00,0x00,0x00,0x00,0x00,0x00,0x00,0x00,0x00,0x00,0x00,0x00,0x00,0x00,0x00,0x00,0x00,0x00,
    0x00,0x00,0x00,0x00,0x00,0x00,0x00,0x00,0x00,0x00,0x00,0x00,0x00,0x00,0x00,0x00,0x00,0x00,0x00,0x00,0x00,0x00,0x00,0x00,0x00,0x00,0x00,0x00,0x00,0x00,0x00,0x00,
    0x00,0x00,0x00,0x00,0x00,0x00,0x00,0x00,0x00,0x00,0x00,0x00,0x00,0x00,0x00,0x00,0x00,0x00,0x00,0x00,0x00,0x00,0x00,0x00,0x00,0x00,0x00,0x00,0x00,0x00,0x00,0x00,
    0x00,0x00,0x00,0x00,0x00,0x00,0x00,0x00,0x00,0x00,0x00,0x00,0x00,0x00,0x00,0x00,0x00,0x00,0x00,0x00,0x00,0x00,0x00,0x00,0x00,0x00,0x00,0x00,0x00,0x00,0x00,0x00,
    0x00,0x00,0x00,0x00,0x00,0x00,0x00,0x00,0x00,0x00,0x00,0x00,0x00,0x00,0x00,0x00,0x00,0x00,0x00,0x00,0x00,0x00,0x00,0x00,0x00,0x00,0x00,0x00,0x00,0x00,0x00,0x00,
    0x00,0x00,0x00,0x00,0x00,0x00,0x00,0x00,0x00,0x00,0x00,0x00,0x20,0xb0,0xff,0xff,0x20,0xb0,0xff,0xff,0x20,0xb0,0xff,0xff,0x20,0xb0,0xff,0xff,0x20,0xb0,0xff,0xff,
    0x20,0xb0,0xff,0xff,0x20,0xb0,0xff,0xff,0x20,0xb0,0xff,0xff,0x00,0x00,0x00,0x00,0x00,0x00,0x00,0x00,0x00,0x00,0x00,0x00,0x00,0x00,0x00,0x00,0x00,0x00,0x00,0x00,
    0x00,0x00,0x00,0x00,0x00,0x00,0x00,0x00,0x00,0x00,0x00,0x00,0x00,0x00,0x00,0x00,0x00,0x00,0x00,0x00,0x00,0x00,0x00,0x00,0x00,0x00,0x00,0x00,0x00,0x00,0x00,0x00,
    0x00,0x00,0x00,0x00,0x00,0x00,0x00,0x00,0x00,0x00,0x00,0x00,0x00,0x00,0x00,0x00,0x00,0x00,0x00,0x00,0x00,0x00,0x00,0x00,0x00,0x00,0x00,0x00,0x00,0x00,0x00,0x00,
    0x00,0x00,0x00,0x00,0x00,0x00,0x00,0x00,0x00,0x00,0x00,0x00,0x00,0x00,0x00,0x00,0x00,0x00,0x00,0x00,0x00,0x00,0x00,0x00,0x00,0x00,0x00,0x00,0x00,0x00,0x00,0x00,
    0x00,0x00,0x00,0x00,0x00,0x00,0x00,0x00,0x00,0x00,0x00,0x00,0x00,0x00,0x00,0x00,0x00,0x00,0x00,0x00,0x00,0x00,0x00,0x00,0x00,0x00,0x00,0x00,0x20,0xb0,0xff,0xff,
    0x20,0xb0,0xff,0xff,0x20,0xb0,0xff,0xff,0x20,0xb0,0xff,0xff,0x20,0xb0,0xff,0xff,0x20,0xb0,0xff,0xff,0x20,0xb0,0xff,0xff,0x20,0xb0,0xff,0xff,0x00,0x00,0x00,0x00,
    0x00,0x00,0x00,0x00,0x00,0x00,0x00,0x00,0x00,0x00,0x00,0x00,0x00,0x00,0x00,0x00,0x00,0x00,0x00,0x00,0x00,0x00,0x00,0x00,0x00,0x00,0x00,0x00,0x00,0x00,0x00,0x00,
    0x00,0x00,0x00,0x00,0x00,0x00,0x00,0x00,0x00,0x00,0x00,0x00,0x00,0x00,0x00,0x00,0x00,0x00,0x00,0x00,0x00,0x00,0x00,0x00,0x00,0x00,0x00,0x00,0x00,0x00,0x00,0x00,
    0x00,0x00,0x00,0x00,0x00,0x00,0x00,0x00,0x00,0x00,0x00,0x00,0x00,0x00,0x00,0x00,0x00,0x00,0x00,0x00,0x00,0x00,0x00,0x00,0x00,0x00,0x00,0x00,0x00,0x00,0x00,0x00,
    0x00,0x00,0x00,0x00,0x00,0x00,0x00,0x00,0x00,0x00,0x00,0x00,0x00,0x00,0x00,0x00,0x00,0x00,0x00,0x00,0x00,0x00,0x00,0x00,0x00,0x00,0x00,0x00,0x00,0x00,0x00,0x00,
    0x00,0x00,0x00,0x00,0x00,0x00,0x00,0x00,0x00,0x00,0x00,0x00,0x00,0x00,0x00,0x00,0x00,0x00,0x00,0x00,0x00,0x00,0x00,0x00,0x00,0x00,0x00,0x00,0x00,0x00,0x00,0x00,
    0x00,0x00,0x00,0x00,0x00,0x00,0x00,0x00,0x00,0x00,0x00,0x00,0x00,0x00,0x00,0x00,0x00,0x00,0x00,0x00,0x00,0x00,0x00,0x00,0x00,0x00,0x00,0x00,0x00,0x00,0x00,0x00,
    0x00,0x00,0x00,0x00,0x00,0x00,0x00,0x00,0x00,0x00,0x00,0x00,0x00,0x00,0x00,0x00,0x00,0x00,0x00,0x00,0x00,0x00,0x00,0x00,0x00,0x00,0x00,0x00,0x00,0x00,0x00,0x00,
    0x00,0x00,0x00,0x00,0x00,0x00,0x00,0x00,0x00,0x00,0x00,0x00,0x00,0x00,0x00,0x00,0x00,0x00,0x00,0x00,0x00,0x00,0x00,0x00,0x00,0x00,0x00,0x00,0x00,0x00,0x00,0x00,
    0x00,0x00,0x00,0x00,0x00,0x00,0x00,0x00,0x00,0x00,0x00,0x00,0x00,0x00,0x00,0x00,0x00,0x00,0x00,0x00,0x00,0x00,0x00,0x00,0x00,0x00,0x00,0x00,0x00,0x00,0x00,0x00,
    0x00,0x00,0x00,0x00,0x20,0xb0,0xff,0xff,0x20,0xb0,0xff,0xff,0x20,0xb0,0xff,0xff,0x20,0xb0,0xff,0xff,0x20,0xb0,0xff,0xff,0x20,0xb0,0xff,0xff,0x20,0xb0,0xff,0xff,
    0x20,0xb0,0xff,0xff,0x00,0x00,0x00,0x00,0x00,0x00,0x00,0x00,0x00,0x00,0x00,0x00,0x00,0x00,0x00,0x00,0x00,0x00,0x00,0x00,0x00,0x00,0x00,0x00,0x00,0x00,0x00,0x00,
    0x00,0x00,0x00,0x00,0x00,0x00,0x00,0x00,0x00,0x00,0x00,0x00,0x00,0x00,0x00,0x00,0x00,0x00,0x00,0x00,0x00,0x00,0x00,0x00,0x00,0x00,0x00,0x00,0x00,0x00,0x00,0x00,
    0x00,0x00,0x00,0x00,0x00,0x00,0x00,0x00,0x00,0x00,0x00,0x00,0x00,0x00,0x00,0x00,0x00,0x00,0x00,0x00,0x00,0x00,0x00,0x00,0x00,0x00,0x00,0x00,0x00,0x00,0x00,0x00,
    0x00,0x00,0x00,0x00,0x00,0x00,0x00,0x00,0x00,0x00,0x00,0x00,0x00,0x00,0x00,0x00,0x00,0x00,0x00,0x00,0x00,0x00,0x00,0x00,0x00,0x00,0x00,0x00,0x00,0x00,0x00,0x00,
    0x00,0x00,0x00,0x00,0x00,0x00,0x00,0x00,0x00,0x00,0x00,0x00,0x00,0x00,0x00,0x00,0x00,0x00,0x00,0x00,0x20,0xb0,0xff,0xff,0x20,0xb0,0xff,0xff,0x20,0xb0,0xff,0xff,
    0x20,0xb0,0xff,0xff,0x20,0xb0,0xff,0xff,0x20,0xb0,0xff,0xff,0x20,0xb0,0xff,0xff,0x20,0xb0,0xff,0xff,0x00,0x00,0x00,0x00,0x00,0x00,0x00,0x00,0x00,0x00,0x00,0x00,
    0x00,0x00,0x00,0x00,0x00,0x00,0x00,0x00,0x00,0x00,0x00,0x00,0x00,0x00,0x00,0x00,0x00,0x00,0x00,0x00,0x00,0x00,0x00,0x00,0x00,0x00,0x00,0x00,0x00,0x00,0x00,0x00,
    0x00,0x00,0x00,0x00,0x00,0x00,0x00,0x00,0x00,0x00,0x00,0x00,0x00,0x00,0x00,0x00,0x00,0x00,0x00,0x00,0x00,0x00,0x00,0x00,0x00,0x00,0x00,0x00,0x00,0x00,0x00,0x00,
    0x00,0x00,0x00,0x00,0x00,0x00,0x00,0x00,0x00,0x00,0x00,0x00,0x00,0x00,0x00,0x00,0x00,0x00,0x00,0x00,0x00,0x00,0x00,0x00,0x00,0x00,0x00,0x00,0x00,0x00,0x00,0x00,
    0x00,0x00,0x00,0x00,0x00,0x00,0x00,0x00,0x00,0x00,0x00,0x00,0x00,0x00,0x00,0x00,0x00,0x00,0x00,0x00,0x00,0x00,0x00,0x00,0x00,0x00,0x00,0x00,0x00,0x00,0x00,0x00,
    0x00,0x00,0x00,0x00,0x00,0x00,0x00,0x00,0x00,0x00,0x00,0x00,0x00,0x00,0x00,0x00,0x00,0x00,0x00,0x00,0x00,0x00,0x00,0x00,0x00,0x00,0x00,0x00,0x00,0x00,0x00,0x00,
    0x00,0x00,0x00,0x00,0x00,0x00,0x00,0x00,0x00,0x00,0x00,0x00,0x00,0x00,0x00,0x00,0x00,0x00,0x00,0x00,0x00,0x00,0x00,0x00,0x00,0x00,0x00,0x00,0x00,0x00,0x00,0x00,
    0x00,0x00,0x00,0x00,0x00,0x00,0x00,0x00,0x00,0x00,0x00,0x00,0x00,0x00,0x00,0x00,0x00,0x00,0x00,0x00,0x00,0x00,0x00,0x00,0x00,0x00,0x00,0x00,0x00,0x00,0x00,0x00,
    0x00,0x00,0x00,0x00,0x00,0x00,0x00,0x00,0x00,0x00,0x00,0x00,0x00,0x00,0x00,0x00,0x00,0x00,0x00,0x00,0x00,0x00,0x00,0x00,0x00,0x00,0x00,0x00,0x00,0x00,0x00,0x00,
    0x00,0x00,0x00,0x00,0x00,0x00,0x00,0x00,0x00,0x00,0x00,0x00,0x00,0x00,0x00,0x00,0x00,0x00,0x00,0x00,0x00,0x00,0x00,0x00,0x00,0x00,0x00,0x00,0x00,0x00,0x00,0x00,
    0x20,0xb0,0xff,0xff,0x20,0xb0,0xff,0xff,0x20,0xb0,0xff,0xff,0x20,0xb0,0xff,0xff,0x20,0xb0,0xff,0xff,0x20,0xb0,0xff,0xff,0x20,0xb0,0xff,0xff,0x20,0xb0,0xff,0xff,
    0x00,0x00,0x00,0x00,0x00,0x00,0x00,0x00,0x00,0x00,0x00,0x00,0x00,0x00,0x00,0x00,0x00,0x00,0x00,0x00,0x00,0x00,0x00,0x00,0x00,0x00,0x00,0x00,0x00,0x00,0x00,0x00,
    0x00,0x00,0x00,0x00,0x00,0x00,0x00,0x00,0x00,0x00,0x00,0x00,0x00,0x00,0x00,0x00,0x00,0x00,0x00,0x00,0x00,0x00,0x00,0x00,0x00,0x00,0x00,0x00,0x00,0x00,0x00,0x00,
    0x00,0x00,0x00,0x00,0x00,0x00,0x00,0x00,0x00,0x00,0x00,0x00,0x00,0x00,0x00,0x00,0x00,0x00,0x00,0x00,0x00,0x00,0x00,0x00,0x00,0x00,0x00,0x00,0x00,0x00,0x00,0x00,
    0x00,0x00,0x00,0x00,0x00,0x00,0x00,0x00,0x00,0x00,0x00,0x00,0x00,0x00,0x00,0x00,0x00,0x00,0x00,0x00,0x00,0x00,0x00,0x00,0x00,0x00,0x00,0x00,0x00,0x00,0x00,0x00,
    0x00,0x00,0x00,0x00,0x00,0x00,0x00,0x00,0x20,0xb0,0xff,0xff,0x20,0xb0,0xff,0xff,0x20,0xb0,0xff,0xff,0x20,0xb0,0xff,0xff,0x20,0xb0,0xff,0xff,0x20,0xb0,0xff,0xff,
    0x20,0xb0,0xff,0xff,0x20,0xb0,0xff,0xff,0x00,0x00,0x00,0x00,0x00,0x00,0x00,0x00,0x00,0x00,0x00,0x00,0x00,0x00,0x00,0x00,0x00,0x00,0x00,0x00,0x00,0x00,0x00,0x00,
    0x00,0x00,0x00,0x00,0x00,0x00,0x00,0x00,0x00,0x00,0x00,0x00,0x00,0x00,0x00,0x00,0x00,0x00,0x00,0x00,0x00,0x00,0x00,0x00,0x00,0x00,0x00,0x00,0x00,0x00,0x00,0x00,
    0x00,0x00,0x00,0x00,0x00,0x00,0x00,0x00,0x00,0x00,0x00,0x00,0x00,0x00,0x00,0x00,0x00,0x00,0x00,0x00,0x00,0x00,0x00,0x00,0x00,0x00,0x00,0x00,0x00,0x00,0x00,0x00,
    0x00,0x00,0x00,0x00,0x00,0x00,0x00,0x00,0x00,0x00,0x00,0x00,0x00,0x00,0x00,0x00,0x00,0x00,0x00,0x00,0x00,0x00,0x00,0x00,0x00,0x00,0x00,0x00,0x00,0x00,0x00,0x00,
    0x00,0x00,0x00,0x00,0x00,0x00,0x00,0x00,0x00,0x00,0x00,0x00,0x00,0x00,0x00,0x00,0x00,0x00,0x00,0x00,0x00,0x00,0x00,0x00,0x00,0x00,0x00,0x00,0x00,0x00,0x00,0x00,
    0x00,0x00,0x00,0x00,0x00,0x00,0x00,0x00,0x00,0x00,0x00,0x00,0x00,0x00,0x00,0x00,0x00,0x00,0x00,0x00,0x00,0x00,0x00,0x00,0x00,0x00,0x00,0x00,0x00,0x00,0x00,0x00,
    0x00,0x00,0x00,0x00,0x00,0x00,0x00,0x00,0x00,0x00,0x00,0x00,0x00,0x00,0x00,0x00,0x00,0x00,0x00,0x00,0x00,0x00,0x00,0x00,0x00,0x00,0x00,0x00,0x00,0x00,0x00,0x00,
    0x00,0x00,0x00,0x00,0x00,0x00,0x00,0x00,0x00,0x00,0x00,0x00,0x00,0x00,0x00,0x00,0x00,0x00,0x00,0x00,0x00,0x00,0x00,0x00,0x00,0x00,0x00,0x00,0x00,0x00,0x00,0x00,
    0x00,0x00,0x00,0x00,0x00,0x00,0x00,0x00,0x00,0x00,0x00,0x00,0x00,0x00,0x00,0x00,0x00,0x00,0x00,0x00,0x00,0x00,0x00,0x00,0x00,0x00,0x00,0x00,0x00,0x00,0x00,0x00,
    0x00,0x00,0x00,0x00,0x00,0x00,0x00,0x00,0x00,0x00,0x00,0x00,0x00,0x00,0x00,0x00,0x00,0x00,0x00,0x00,0x00,0x00,0x00,0x00,0x20,0xb0,0xff,0xff,0x20,0xb0,0xff,0xff,
    0x20,0xb0,0xff,0xff,0x20,0xb0,0xff,0xff,0x20,0xb0,0xff,0xff,0x00,0x00,0x00,0x00,0x00,0x00,0x00,0x00,0x00,0x00,0x00,0x00,0x00,0x00,0x00,0x00,0x00,0x00,0x00,0x00,
    0x00,0x00,0x00,0x00,0x00,0x00,0x00,0x00,0x00,0x00,0x00,0x00,0x00,0x00,0x00,0x00,0x00,0x00,0x00,0x00,0x00,0x00,0x00,0x00,0x00,0x00,0x00,0x00,0x00,0x00,0x00,0x00,
    0x00,0x00,0x00,0x00,0x00,0x00,0x00,0x00,0x00,0x00,0x00,0x00,0x00,0x00,0x00,0x00,0x00,0x00,0x00,0x00,0x00,0x00,0x00,0x00,0x00,0x00,0x00,0x00,0x00,0x00,0x00,0x00,
    0x00,0x00,0x00,0x00,0x00,0x00,0x00,0x00,0x00,0x00,0x00,0x00,0x00,0x00,0x00,0x00,0x00,0x00,0x00,0x00,0x00,0x00,0x00,0x00,0x00,0x00,0x00,0x00,0x00,0x00,0x00,0x00,
    0x00,0x00,0x00,0x00,0x00,0x00,0x00,0x00,0x00,0x00,0x00,0x00,0x00,0x00,0x00,0x00,0x00,0x00,0x00,0x00,0x00,0x00,0x00,0x00,0x00,0x00,0x00,0x00,0x00,0x00,0x00,0x00,
    0x00,0x00,0x00,0x00,0x00,0x00,0x00,0x00,0x00,0x00,0x00,0x00,0x20,0xb0,0xff,0xff,0x20,0xb0,0xff,0xff,0x20,0xb0,0xff,0xff,0x20,0xb0,0xff,0xff,0x20,0xb0,0xff,0xff,
    0x00,0x00,0x00,0x00,0x00,0x00,0x00,0x00,0x00,0x00,0x00,0x00,0x00,0x00,0x00,0x00,0x00,0x00,0x00,0x00,0x00,0x00,0x00,0x00,0x00,0x00,0x00,0x00,0x00,0x00,0x00,0x00,
    0x00,0x00,0x00,0x00,0x00,0x00,0x00,0x00,0x00,0x00,0x00,0x00,0x00,0x00,0x00,0x00,0x00,0x00,0x00,0x00,0x00,0x00,0x00,0x00,0x00,0x00,0x00,0x00,0x00,0x00,0x00,0x00,
    0x00,0x00,0x00,0x00,0x00,0x00,0x00,0x00,0x00,0x00,0x00,0x00,0x00,0x00,0x00,0x00,0x00,0x00,0x00,0x00,0x00,0x00,0x00,0x00,0x00,0x00,0x00,0x00,0x00,0x00,0x00,0x00,
    0x00,0x00,0x00,0x00,0x00,0x00,0x00,0x00,0x00,0x00,0x00,0x00,0x00,0x00,0x00,0x00,0x00,0x00,0x00,0x00,0x00,0x00,0x00,0x00,0x00,0x00,0x00,0x00,0x00,0x00,0x00,0x00,
    0x00,0x00,0x00,0x00,0x00,0x00,0x00,0x00,0x00,0x00,0x00,0x00,0x00,0x00,0x00,0x00,0x00,0x00,0x00,0x00,0x00,0x00,0x00,0x00,0x00,0x00,0x00,0x00,0x00,0x00,0x00,0x00,
    0x00,0x00,0x00,0x00,0x00,0x00,0x00,0x00,0x00,0x00,0x00,0x00,0x00,0x00,0x00,0x00,0x00,0x00,0x00,0x00,0x00,0x00,0x00,0x00,0x00,0x00,0x00,0x00,0x00,0x00,0x00,0x00,
    0x00,0x00,0x00,0x00,0x00,0x00,0x00,0x00,0x00,0x00,0x00,0x00,0x00,0x00,0x00,0x00,0x00,0x00,0x00,0x00,0x00,0x00,0x00,0x00,0x00,0x00,0x00,0x00,0x00,0x00,0x00,0x00,
    0x00,0x00,0x00,0x00,0x00,0x00,0x00,0x00,0x00,0x00,0x00,0x00,0x00,0x00,0x00,0x00,0x00,0x00,0x00,0x00,0x00,0x00,0x00,0x00,0x00,0x00,0x00,0x00,0x00,0x00,0x00,0x00,
    0x00,0x00,0x00,0x00,0x00,0x00,0x00,0x00,0x00,0x00,0x00,0x00,0x00,0x00,0x00,0x00,0x00,0x00,0x00,0x00,0x00,0x00,0x00,0x00,0x00,0x00,0x00,0x00,0x00,0x00,0x00,0x00,
    0x00,0x00,0x00,0x00,0x00,0x00,0x00,0x00,0x00,0x00,0x00,0x00,0x00,0x00,0x00,0x00,0x00,0x00,0x00,0x00,0x20,0xb0,0xff,0xff,0x00,0x00,0x00,0x00,0x00,0x00,0x00,0x00,
    0x00,0x00,0x00,0x00,0x00,0x00,0x00,0x00,0x00,0x00,0x00,0x00,0x00,0x00,0x00,0x00,0x00,0x00,0x00,0x00,0x00,0x00,0x00,0x00,0x00,0x00,0x00,0x00,0x00,0x00,0x00,0x00,
    0x00,0x00,0x00,0x00,0x00,0x00,0x00,0x00,0x00,0x00,0x00,0x00,0x00,0x00,0x00,0x00,0x00,0x00,0x00,0x00,0x00,0x00,0x00,0x00,0x00,0x00,0x00,0x00,0x00,0x00,0x00,0x00,
    0x20,0xb0,0xff,0xff,0x20,0xb0,0xff,0xff,0x20,0xb0,0xff,0xff,0x20,0xb0,0xff,0xff,0x20,0xb0,0xff,0xff,0x20,0xb0,0xff,0xff,0x20,0xb0,0xff,0xff,0x20,0xb0,0xff,0xff,
    0x20,0xb0,0xff,0xff,0x20,0xb0,0xff,0xff,0x20,0xb0,0xff,0xff,0x00,0x00,0x00,0x00,0x00,0x00,0x00,0x00,0x00,0x00,0x00,0x00,0x00,0x00,0x00,0x00,0x00,0x00,0x00,0x00,
    0x00,0x00,0x00,0x00,0x00,0x00,0x00,0x00,0x00,0x00,0x00,0x00,0x00,0x00,0x00,0x00,0x00,0x00,0x00,0x00,0x00,0x00,0x00,0x00,0x00,0x00,0x00,0x00,0x00,0x00,0x00,0x00,
    0x00,0x00,0x00,0x00,0x00,0x00,0x00,0x00,0x00,0x00,0x00,0x00,0x00,0x00,0x00,0x00,0x20,0xb0,0xff,0xff,0x00,0x00,0x00,0x00,0x00,0x00,0x00,0x00,0x00,0x00,0x00,0x00,
    0x00,0x00,0x00,0x00,0x00,0x00,0x00,0x00,0x00,0x00,0x00,0x00,0x00,0x00,0x00,0x00,0x00,0x00,0x00,0x00,0x00,0x00,0x00,0x00,0x00,0x00,0x00,0x00,0x00,0x00,0x00,0x00,
    0x00,0x00,0x00,0x00,0x00,0x00,0x00,0x00,0x00,0x00,0x00,0x00,0x00,0x00,0x00,0x00,0x00,0x00,0x00,0x00,0x00,0x00,0x00,0x00,0x00,0x00,0x00,0x00,0x00,0x00,0x00,0x00,
    0x00,0x00,0x00,0x00,0x00,0x00,0x00,0x00,0x00,0x00,0x00,0x00,0x00,0x00,0x00,0x00,0x00,0x00,0x00,0x00,0x00,0x00,0x00,0x00,0x00,0x00,0x00,0x00,0x00,0x00,0x00,0x00,
    0x00,0x00,0x00,0x00,0x00,0x00,0x00,0x00,0x00,0x00,0x00,0x00,0x00,0x00,0x00,0x00,0x00,0x00,0x00,0x00,0x00,0x00,0x00,0x00,0x00,0x00,0x00,0x00,0x00,0x00,0x00,0x00,
    0x00,0x00,0x00,0x00,0x00,0x00,0x00,0x00,0x00,0x00,0x00,0x00,0x00,0x00,0x00,0x00,0x00,0x00,0x00,0x00,0x00,0x00,0x00,0x00,0x00,0x00,0x00,0x00,0x00,0x00,0x00,0x00,
    0x00,0x00,0x00,0x00,0x00,0x00,0x00,0x00,0x00,0x00,0x00,0x00,0x00,0x00,0x00,0x00,0x00,0x00,0x00,0x00,0x00,0x00,0x00,0x00,0x00,0x00,0x00,0x00,0x00,0x00,0x00,0x00,
    0x00,0x00,0x00,0x00,0x00,0x00,0x00,0x00,0x00,0x00,0x00,0x00,0x00,0x00,0x00,0x00,0x00,0x00,0x00,0x00,0x00,0x00,0x00,0x00,0x00,0x00,0x00,0x00,0x00,0x00,0x00,0x00,
    0x00,0x00,0x00,0x00,0x00,0x00,0x00,0x00,0x00,0x00,0x00,0x00,0x00,0x00,0x00,0x00,0x00,0x00,0x00,0x00,0x00,0x00,0x00,0x00,0x00,0x00,0x00,0x00,0x00,0x00,0x00,0x00,
    0x00,0x00,0x00,0x00,0x00,0x00,0x00,0x00,0x00,0x00,0x00,0x00,0x00,0x00,0x00,0x00,0x00,0x00,0x00,0x00,0x00,0x00,0x00,0x00,0x00,0x00,0x00,0x00,0x00,0x00,0x00,0x00,
    0x00,0x00,0x00,0x00,0x00,0x00,0x00,0x00,0x00,0x00,0x00,0x00,0x00,0x00,0x00,0x00,0x00,0x00,0x00,0x00,0x00,0x00,0x00,0x00,0x00,0x00,0x00,0x00,0x00,0x00,0x00,0x00,
    0x00,0x00,0x00,0x00,0x00,0x00,0x00,0x00,0x00,0x00,0x00,0x00,0x00,0x00,0x00,0x00,0x00,0x00,0x00,0x00,0x00,0x00,0x00,0x00,0x00,0x00,0x00,0x00,0x00,0x00,0x00,0x00,
    0x00,0x00,0x00,0x00,0x00,0x00,0x00,0x00,0x20,0xb0,0xff,0xff,0x20,0xb0,0xff,0xff,0x20,0xb0,0xff,0xff,0x20,0xb0,0xff,0xff,0x20,0xb0,0xff,0xff,0x20,0xb0,0xff,0xff,
    0x20,0xb0,0xff,0xff,0x20,0xb0,0xff,0xff,0x20,0xb0,0xff,0xff,0x20,0xb0,0xff,0xff,0x20,0xb0,0xff,0xff,0x20,0xb0,0xff,0xff,0x20,0xb0,0xff,0xff,0x20,0xb0,0xff,0xff,
    0x20,0xb0,0xff,0xff,0x20,0xb0,0xff,0xff,0x20,0xb0,0xff,0xff,0x20,0xb0,0xff,0xff,0x20,0xb0,0xff,0xff,0x00,0x00,0x00,0x00,0x00,0x00,0x00,0x00,0x00,0x00,0x00,0x00,
    0x00,0x00,0x00,0x00,0x00,0x00,0x00,0x00,0x00,0x00,0x00,0x00,0x00,0x00,0x00,0x00,0x00,0x00,0x00,0x00,0x00,0x00,0x00,0x00,0x00,0x00,0x00,0x00,0x00,0x00,0x00,0x00,
    0x00,0x00,0x00,0x00,0x00,0x00,0x00,0x00,0x00,0x00,0x00,0x00,0x00,0x00,0x00,0x00,0x00,0x00,0x00,0x00,0x00,0x00,0x00,0x00,0x00,0x00,0x00,0x00,0x00,0x00,0x00,0x00,
    0x00,0x00,0x00,0x00,0x00,0x00,0x00,0x00,0x00,0x00,0x00,0x00,0x00,0x00,0x00,0x00,0x00,0x00,0x00,0x00,0x00,0x00,0x00,0x00,0x00,0x00,0x00,0x00,0x00,0x00,0x00,0x00,
    0x00,0x00,0x00,0x00,0x00,0x00,0x00,0x00,0x00,0x00,0x00,0x00,0x00,0x00,0x00,0x00,0x00,0x00,0x00,0x00,0x00,0x00,0x00,0x00,0x00,0x00,0x00,0x00,0x00,0x00,0x00,0x00,
    0x00,0x00,0x00,0x00,0x00,0x00,0x00,0x00,0x00,0x00,0x00,0x00,0x00,0x00,0x00,0x00,0x00,0x00,0x00,0x00,0x00,0x00,0x00,0x00,0x00,0x00,0x00,0x00,0x00,0x00,0x00,0x00,
    0x00,0x00,0x00,0x00,0x00,0x00,0x00,0x00,0x00,0x00,0x00,0x00,0x00,0x00,0x00,0x00,0x00,0x00,0x00,0x00,0x00,0x00,0x00,0x00,0x00,0x00,0x00,0x00,0x00,0x00,0x00,0x00,
    0x00,0x00,0x00,0x00,0x00,0x00,0x00,0x00,0x00,0x00,0x00,0x00,0x00,0x00,0x00,0x00,0x00,0x00,0x00,0x00,0x00,0x00,0x00,0x00,0x00,0x00,0x00,0x00,0x00,0x00,0x00,0x00,
    0x00,0x00,0x00,0x00,0x00,0x00,0x00,0x00,0x00,0x00,0x00,0x00,0x00,0x00,0x00,0x00,0x00,0x00,0x00,0x00,0x00,0x00,0x00,0x00,0x00,0x00,0x00,0x00,0x00,0x00,0x00,0x00,
    0x00,0x00,0x00,0x00,0x00,0x00,0x00,0x00,0x20,0xb0,0xff,0xff,0x00,0x00,0x00,0x00,0x00,0x00,0x00,0x00,0x00,0x00,0x00,0x00,0x00,0x00,0x00,0x00,0x00,0x00,0x00,0x00,
    0x00,0x00,0x00,0x00,0x00,0x00,0x00,0x00,0x00,0x00,0x00,0x00,0x00,0x00,0x00,0x00,0x00,0x00,0x00,0x00,0x00,0x00,0x00,0x00,0x00,0x00,0x00,0x00,0x00,0x00,0x00,0x00,
    0x00,0x00,0x00,0x00,0x00,0x00,0x00,0x00,0x00,0x00,0x00,0x00,0x00,0x00,0x00,0x00,0x00,0x00,0x00,0x00,0x00,0x00,0x00,0x00,0x00,0x00,0x00,0x00,0x00,0x00,0x00,0x00,
    0x00,0x00,0x00,0x00,0x00,0x00,0x00,0x00,0x00,0x00,0x00,0x00,0x00,0x00,0x00,0x00,0x00,0x00,0x00,0x00,0x00,0x00,0x00,0x00,0x00,0x00,0x00,0x00,0x00,0x00,0x00,0x00,
    0x00,0x00,0x00,0x00,0x00,0x00,0x00,0x00,0x00,0x00,0x00,0x00,0x00,0x00,0x00,0x00,0x00,0x00,0x00,0x00,0x20,0xb0,0xff,0xff,0x20,0xb0,0xff,0xff,0x20,0xb0,0xff,0xff,
    0x20,0xb0,0xff,0xff,0x20,0xb0,0xff,0xff,0x20,0xb0,0xff,0xff,0x20,0xb0,0xff,0xff,0x20,0xb0,0xff,0xff,0x20,0xb0,0xff,0xff,0x20,0xb0,0xff,0xff,0x20,0xb0,0xff,0xff,
    0x20,0xb0,0xff,0xff,0x20,0xb0,0xff,0xff,0x20,0xb0,0xff,0xff,0x20,0xb0,0xff,0xff,0x20,0xb0,0xff,0xff,0x20,0xb0,0xff,0xff,0x20,0xb0,0xff,0xff,0x20,0xb0,0xff,0xff,
    0x20,0xb0,0xff,0xff,0x20,0xb0,0xff,0xff,0x20,0xb0,0xff,0xff,0x20,0xb0,0xff,0xff,0x20,0xb0,0xff,0xff,0x20,0xb0,0xff,0xff,0x00,0x00,0x00,0x00,0x00,0x00,0x00,0x00,
    0x00,0x00,0x00,0x00,0x00,0x00,0x00,0x00,0x00,0x00,0x00,0x00,0x00,0x00,0x00,0x00,0x00,0x00,0x00,0x00,0x00,0x00,0x00,0x00,0x00,0x00,0x00,0x00,0x00,0x00,0x00,0x00,
    0x00,0x00,0x00,0x00,0x00,0x00,0x00,0x00,0x00,0x00,0x00,0x00,0x00,0x00,0x00,0x00,0x00,0x00,0x00,0x00,0x00,0x00,0x00,0x00,0x00,0x00,0x00,0x00,0x00,0x00,0x00,0x00,
    0x00,0x00,0x00,0x00,0x00,0x00,0x00,0x00,0x00,0x00,0x00,0x00,0x00,0x00,0x00,0x00,0x00,0x00,0x00,0x00,0x00,0x00,0x00,0x00,0x00,0x00,0x00,0x00,0x00,0x00,0x00,0x00,
    0x00,0x00,0x00,0x00,0x00,0x00,0x00,0x00,0x00,0x00,0x00,0x00,0x00,0x00,0x00,0x00,0x00,0x00,0x00,0x00,0x00,0x00,0x00,0x00,0x00,0x00,0x00,0x00,0x00,0x00,0x00,0x00,
    0x20,0xb0,0xff,0xff,0x00,0x00,0x00,0x00,0x00,0x00,0x00,0x00,0x00,0x00,0x00,0x00,0x00,0x00,0x00,0x00,0x00,0x00,0x00,0x00,0x00,0x00,0x00,0x00,0x00,0x00,0x00,0x00,
    0x00,0x00,0x00,0x00,0x00,0x00,0x00,0x00,0x00,0x00,0x00,0x00,0x00,0x00,0x00,0x00,0x00,0x00,0x00,0x00,0x00,0x00,0x00,0x00,0x00,0x00,0x00,0x00,0x00,0x00,0x00,0x00,
    0x00,0x00,0x00,0x00,0x00,0x00,0x00,0x00,0x00,0x00,0x00,0x00,0x00,0x00,0x00,0x00,0x00,0x00,0x00,0x00,0x00,0x00,0x00,0x00,0x00,0x00,0x00,0x00,0x00,0x00,0x00,0x00,
    0x00,0x00,0x00,0x00,0x00,0x00,0x00,0x00,0x00,0x00,0x00,0x00,0x00,0x00,0x00,0x00,0x00,0x00,0x00,0x00,0x00,0x00,0x00,0x00,0x00,0x00,0x00,0x00,0x20,0xb0,0xff,0xff,
    0x20,0xb0,0xff,0xff,0x20,0xb0,0xff,0xff,0x20,0xb0,0xff,0xff,0x00,0x00,0x00,0x00,0x00,0x00,0x00,0x00,0x00,0x00,0x00,0x00,0x00,0x00,0x00,0x00,0x00,0x00,0x00,0x00,
    0x00,0x00,0x00,0x00,0x00,0x00,0x00,0x00,0x00,0x00,0x00,0x00,0x00,0x00,0x00,0x00,0x00,0x00,0x00,0x00,0x00,0x00,0x00,0x00,0x00,0x00,0x00,0x00,0x00,0x00,0x00,0x00,
    0x00,0x00,0x00,0x00,0x00,0x00,0x00,0x00,0x00,0x00,0x00,0x00,0x00,0x00,0x00,0x00,0x00,0x00,0x00,0x00,0x00,0x00,0x00,0x00,0x00,0x00,0x00,0x00,0x00,0x00,0x00,0x00,
    0x00,0x00,0x00,0x00,0x00,0x00,0x00,0x00,0x00,0x00,0x00,0x00,0x00,0x00,0x00,0x00,0x00,0x00,0x00,0x00,0x00,0x00,0x00,0x00,0x00,0x00,0x00,0x00,0x00,0x00,0x00,0x00,
    0x20,0xb0,0xff,0xff,0x20,0xb0,0xff,0xff,0x20,0xb0,0xff,0xff,0x20,0xb0,0xff,0xff,0x20,0xb0,0xff,0xff,0x20,0xb0,0xff,0xff,0x20,0xb0,0xff,0xff,0x20,0xb0,0xff,0xff,
    0x20,0xb0,0xff,0xff,0x20,0xb0,0xff,0xff,0x20,0xb0,0xff,0xff,0x20,0xb0,0xff,0xff,0x20,0xb0,0xff,0xff,0x20,0xb0,0xff,0xff,0x20,0xb0,0xff,0xff,0x20,0xb0,0xff,0xff,
    0x20,0xb0,0xff,0xff,0x20,0xb0,0xff,0xff,0x20,0xb0,0xff,0xff,0x20,0xb0,0xff,0xff,0x20,0xb0,0xff,0xff,0x20,0xb0,0xff,0xff,0x20,0xb0,0xff,0xff,0x20,0xb0,0xff,0xff,
    0x20,0xb0,0xff,0xff,0x20,0xb0,0xff,0xff,0x20,0xb0,0xff,0xff,0x20,0xb0,0xff,0xff,0x20,0xb0,0xff,0xff,0x20,0xb0,0xff,0xff,0x20,0xb0,0xff,0xff,0x00,0x00,0x00,0x00,
    0x00,0x00,0x00,0x00,0x00,0x00,0x00,0x00,0x00,0x00,0x00,0x00,0x00,0x00,0x00,0x00,0x00,0x00,0x00,0x00,0x00,0x00,0x00,0x00,0x00,0x00,0x00,0x00,0x00,0x00,0x00,0x00,
    0x00,0x00,0x00,0x00,0x00,0x00,0x00,0x00,0x00,0x00,0x00,0x00,0x00,0x00,0x00,0x00,0x00,0x00,0x00,0x00,0x00,0x00,0x00,0x00,0x00,0x00,0x00,0x00,0x00,0x00,0x00,0x00,
    0x00,0x00,0x00,0x00,0x00,0x00,0x00,0x00,0x00,0x00,0x00,0x00,0x00,0x00,0x00,0x00,0x00,0x00,0x00,0x00,0x00,0x00,0x00,0x00,0x00,0x00,0x00,0x00,0x00,0x00,0x00,0x00,
    0x00,0x00,0x00,0x00,0x00,0x00,0x00,0x00,0x00,0x00,0x00,0x00,0x00,0x00,0x00,0x00,0x20,0xb0,0xff,0xff,0x20,0xb0,0xff,0xff,0x20,0xb0,0xff,0xff,0x00,0x00,0x00,0x00,
    0x00,0x00,0x00,0x00,0x00,0x00,0x00,0x00,0x00,0x00,0x00,0x00,0x00,0x00,0x00,0x00,0x00,0x00,0x00,0x00,0x00,0x00,0x00,0x00,0x00,0x00,0x00,0x00,0x00,0x00,0x00,0x00,
    0x00,0x00,0x00,0x00,0x00,0x00,0x00,0x00,0x00,0x00,0x00,0x00,0x00,0x00,0x00,0x00,0x00,0x00,0x00,0x00,0x00,0x00,0x00,0x00,0x00,0x00,0x00,0x00,0x00,0x00,0x00,0x00,
    0x00,0x00,0x00,0x00,0x00,0x00,0x00,0x00,0x00,0x00,0x00,0x00,0x00,0x00,0x00,0x00,0x00,0x00,0x00,0x00,0x00,0x00,0x00,0x00,0x00,0x00,0x00,0x00,0x00,0x00,0x00,0x00,
    0x00,0x00,0x00,0x00,0x00,0x00,0x00,0x00,0x00,0x00,0x00,0x00,0x00,0x00,0x00,0x00,0x00,0x00,0x00,0x00,0x20,0xb0,0xff,0xff,0x20,0xb0,0xff,0xff,0x20,0xb0,0xff,0xff,
    0x20,0xb0,0xff,0xff,0x20,0xb0,0xff,0xff,0x00,0x00,0x00,0x00,0x00,0x00,0x00,0x00,0x00,0x00,0x00,0x00,0x00,0x00,0x00,0x00,0x00,0x00,0x00,0x00,0x00,0x00,0x00,0x00,
    0x00,0x00,0x00,0x00,0x00,0x00,0x00,0x00,0x00,0x00,0x00,0x00,0x00,0x00,0x00,0x00,0x00,0x00,0x00,0x00,0x00,0x00,0x00,0x00,0x00,0x00,0x00,0x00,0x00,0x00,0x00,0x00,
    0x00,0x00,0x00,0x00,0x00,0x00,0x00,0x00,0x00,0x00,0x00,0x00,0x00,0x00,0x00,0x00,0x00,0x00,0x00,0x00,0x00,0x00,0x00,0x00,0x00,0x00,0x00,0x00,0x00,0x00,0x00,0x00,
    0x00,0x00,0x00,0x00,0x00,0x00,0x00,0x00,0x00,0x00,0x00,0x00,0x00,0x00,0x00,0x00,0x00,0x00,0x00,0x00,0x20,0xb0,0xff,0xff,0x20,0xb0,0xff,0xff,0x20,0xb0,0xff,0xff,
    0x20,0xb0,0xff,0xff,0x20,0xb0,0xff,0xff,0x20,0xb0,0xff,0xff,0x20,0xb0,0xff,0xff,0x20,0xb0,0xff,0xff,0x5a,0xc8,0xff,0xff,0x5a,0xc8,0xff,0xff,0x5a,0xc8,0xff,0xff,
    0x5a,0xc8,0xff,0xff,0x5a,0xc8,0xff,0xff,0x5a,0xc8,0xff,0xff,0x5a,0xc8,0xff,0xff,0x5a,0xc8,0xff,0xff,0x5a,0xc8,0xff,0xff,0x20,0xb0,0xff,0xff,0x20,0xb0,0xff,0xff,
    0x20,0xb0,0xff,0xff,0x20,0xb0,0xff,0xff,0x20,0xb0,0xff,0xff,0x20,0xb0,0xff,0xff,0x20,0xb0,0xff,0xff,0x20,0xb0,0xff,0xff,0x20,0xb0,0xff,0xff,0x20,0xb0,0xff,0xff,
    0x20,0xb0,0xff,0xff,0x20,0xb0,0xff,0xff,0x20,0xb0,0xff,0xff,0x20,0xb0,0xff,0xff,0x20,0xb0,0xff,0xff,0x20,0xb0,0xff,0xff,0x00,0x00,0x00,0x00,0x00,0x00,0x00,0x00,
    0x00,0x00,0x00,0x00,0x00,0x00,0x00,0x00,0x00,0x00,0x00,0x00,0x00,0x00,0x00,0x00,0x00,0x00,0x00,0x00,0x00,0x00,0x00,0x00,0x00,0x00,0x00,0x00,0x00,0x00,0x00,0x00,
    0x00,0x00,0x00,0x00,0x00,0x00,0x00,0x00,0x00,0x00,0x00,0x00,0x00,0x00,0x00,0x00,0x00,0x00,0x00,0x00,0x00,0x00,0x00,0x00,0x00,0x00,0x00,0x00,0x00,0x00,0x00,0x00,
    0x00,0x00,0x00,0x00,0x00,0x00,0x00,0x00,0x00,0x00,0x00,0x00,0x00,0x00,0x00,0x00,0x00,0x00,0x00,0x00,0x00,0x00,0x00,0x00,0x00,0x00,0x00,0x00,0x00,0x00,0x00,0x00,
    0x00,0x00,0x00,0x00,0x20,0xb0,0xff,0xff,0x20,0xb0,0xff,0xff,0x20,0xb0,0xff,0xff,0x20,0xb0,0xff,0xff,0x20,0xb0,0xff,0xff,0x00,0x00,0x00,0x00,0x00,0x00,0x00,0x00,
    0x00,0x00,0x00,0x00,0x00,0x00,0x00,0x00,0x00,0x00,0x00,0x00,0x00,0x00,0x00,0x00,0x00,0x00,0x00,0x00,0x00,0x00,0x00,0x00,0x00,0x00,0x00,0x00,0x00,0x00,0x00,0x00,
    0x00,0x00,0x00,0x00,0x00,0x00,0x00,0x00,0x00,0x00,0x00,0x00,0x00,0x00,0x00,0x00,0x00,0x00,0x00,0x00,0x00,0x00,0x00,0x00,0x00,0x00,0x00,0x00,0x00,0x00,0x00,0x00,
    0x00,0x00,0x00,0x00,0x00,0x00,0x00,0x00,0x00,0x00,0x00,0x00,0x00,0x00,0x00,0x00,0x00,0x00,0x00,0x00,0x00,0x00,0x00,0x00,0x00,0x00,0x00,0x00,0x00,0x00,0x00,0x00,
    0x00,0x00,0x00,0x00,0x00,0x00,0x00,0x00,0x20,0xb0,0xff,0xff,0x20,0xb0,0xff,0xff,0x20,0xb0,0xff,0xff,0x20,0xb0,0xff,0xff,0x20,0xb0,0xff,0xff,0x20,0xb0,0xff,0xff,
    0x20,0xb0,0xff,0xff,0x20,0xb0,0xff,0xff,0x00,0x00,0x00,0x00,0x00,0x00,0x00,0x00,0x00,0x00,0x00,0x00,0x00,0x00,0x00,0x00,0x00,0x00,0x00,0x00,0x00,0x00,0x00,0x00,
    0x00,0x00,0x00,0x00,0x00,0x00,0x00,0x00,0x00,0x00,0x00,0x00,0x00,0x00,0x00,0x00,0x00,0x00,0x00,0x00,0x00,0x00,0x00,0x00,0x00,0x00,0x00,0x00,0x00,0x00,0x00,0x00,
    0x00,0x00,0x00,0x00,0x00,0x00,0x00,0x00,0x00,0x00,0x00,0x00,0x00,0x00,0x00,0x00,0x00,0x00,0x00,0x00,0x00,0x00,0x00,0x00,0x00,0x00,0x00,0x00,0x00,0x00,0x00,0x00,
    0x00,0x00,0x00,0x00,0x20,0xb0,0xff,0xff,0x20,0xb0,0xff,0xff,0x20,0xb0,0xff,0xff,0x20,0xb0,0xff,0xff,0x20,0xb0,0xff,0xff,0x20,0xb0,0xff,0xff,0x20,0xb0,0xff,0xff,
    0x5a,0xc8,0xff,0xff,0x5a,0xc8,0xff,0xff,0x5a,0xc8,0xff,0xff,0x5a,0xc8,0xff,0xff,0x5a,0xc8,0xff,0xff,0x5a,0xc8,0xff,0xff,0x5a,0xc8,0xff,0xff,0x5a,0xc8,0xff,0xff,
    0x5a,0xc8,0xff,0xff,0x5a,0xc8,0xff,0xff,0x5a,0xc8,0xff,0xff,0x5a,0xc8,0xff,0xff,0x5a,0xc8,0xff,0xff,0x5a,0xc8,0xff,0xff,0x5a,0xc8,0xff,0xff,0x20,0xb0,0xff,0xff,
    0x20,0xb0,0xff,0xff,0x20,0xb0,0xff,0xff,0x20,0xb0,0xff,0xff,0x20,0xb0,0xff,0xff,0x20,0xb0,0xff,0xff,0x20,0xb0,0xff,0xff,0x20,0xb0,0xff,0xff,0x20,0xb0,0xff,0xff,
    0x20,0xb0,0xff,0xff,0x20,0xb0,0xff,0xff,0x20,0xb0,0xff,0xff,0x20,0xb0,0xff,0xff,0x20,0xb0,0xff,0xff,0x20,0xb0,0xff,0xff,0x00,0x00,0x00,0x00,0x00,0x00,0x00,0x00,
    0x00,0x00,0x00,0x00,0x00,0x00,0x00,0x00,0x00,0x00,0x00,0x00,0x00,0x00,0x00,0x00,0x00,0x00,0x00,0x00,0x00,0x00,0x00,0x00,0x00,0x00,0x00,0x00,0x00,0x00,0x00,0x00,
    0x00,0x00,0x00,0x00,0x00,0x00,0x00,0x00,0x00,0x00,0x00,0x00,0x00,0x00,0x00,0x00,0x00,0x00,0x00,0x00,0x00,0x00,0x00,0x00,0x00,0x00,0x00,0x00,0x00,0x00,0x00,0x00,
    0x00,0x00,0x00,0x00,0x00,0x00,0x00,0x00,0x00,0x00,0x00,0x00,0x00,0x00,0x00,0x00,0x00,0x00,0x00,0x00,0x20,0xb0,0xff,0xff,0x20,0xb0,0xff,0xff,0x20,0xb0,0xff,0xff,
    0x20,0xb0,0xff,0xff,0x20,0xb0,0xff,0xff,0x20,0xb0,0xff,0xff,0x20,0xb0,0xff,0xff,0x00,0x00,0x00,0x00,0x00,0x00,0x00,0x00,0x00,0x00,0x00,0x00,0x00,0x00,0x00,0x00,
    0x00,0x00,0x00,0x00,0x00,0x00,0x00,0x00,0x00,0x00,0x00,0x00,0x00,0x00,0x00,0x00,0x00,0x00,0x00,0x00,0x00,0x00,0x00,0x00,0x00,0x00,0x00,0x00,0x00,0x00,0x00,0x00,
    0x00,0x00,0x00,0x00,0x00,0x00,0x00,0x00,0x00,0x00,0x00,0x00,0x00,0x00,0x00,0x00,0x00,0x00,0x00,0x00,0x00,0x00,0x00,0x00,0x00,0x00,0x00,0x00,0x00,0x00,0x00,0x00,
    0x00,0x00,0x00,0x00,0x00,0x00,0x00,0x00,0x00,0x00,0x00,0x00,0x00,0x00,0x00,0x00,0x00,0x00,0x00,0x00,0x00,0x00,0x00,0x00,0x00,0x00,0x00,0x00,0x20,0xb0,0xff,0xff,
    0x20,0xb0,0xff,0xff,0x20,0xb0,0xff,0xff,0x20,0xb0,0xff,0xff,0x20,0xb0,0xff,0xff,0x20,0xb0,0xff,0xff,0x20,0xb0,0xff,0xff,0x20,0xb0,0xff,0xff,0x20,0xb0,0xff,0xff,
    0x20,0xb0,0xff,0xff,0x00,0x00,0x00,0x00,0x00,0x00,0x00,0x00,0x00,0x00,0x00,0x00,0x00,0x00,0x00,0x00,0x00,0x00,0x00,0x00,0x00,0x00,0x00,0x00,0x00,0x00,0x00,0x00,
    0x00,0x00,0x00,0x00,0x00,0x00,0x00,0x00,0x00,0x00,0x00,0x00,0x00,0x00,0x00,0x00,0x00,0x00,0x00,0x00,0x00,0x00,0x00,0x00,0x00,0x00,0x00,0x00,0x00,0x00,0x00,0x00,
    0x00,0x00,0x00,0x00,0x00,0x00,0x00,0x00,0x00,0x00,0x00,0x00,0x00,0x00,0x00,0x00,0x00,0x00,0x00,0x00,0x00,0x00,0x00,0x00,0x20,0xb0,0xff,0xff,0x20,0xb0,0xff,0xff,
    0x20,0xb0,0xff,0xff,0x20,0xb0,0xff,0xff,0x20,0xb0,0xff,0xff,0x5a,0xc8,0xff,0xff,0x5a,0xc8,0xff,0xff,0x5a,0xc8,0xff,0xff,0x5a,0xc8,0xff,0xff,0x5a,0xc8,0xff,0xff,
    0x5a,0xc8,0xff,0xff,0x5a,0xc8,0xff,0xff,0x5a,0xc8,0xff,0xff,0x5a,0xc8,0xff,0xff,0x5a,0xc8,0xff,0xff,0x5a,0xc8,0xff,0xff,0x5a,0xc8,0xff,0xff,0x5a,0xc8,0xff,0xff,
    0x5a,0xc8,0xff,0xff,0x5a,0xc8,0xff,0xff,0x5a,0xc8,0xff,0xff,0x5a,0xc8,0xff,0xff,0x5a,0xc8,0xff,0xff,0x5a,0xc8,0xff,0xff,0x5a,0xc8,0xff,0xff,0x5a,0xc8,0xff,0xff,
    0x20,0xb0,0xff,0xff,0x20,0xb0,0xff,0xff,0x20,0xb0,0xff,0xff,0x20,0xb0,0xff,0xff,0x20,0xb0,0xff,0xff,0x20,0xb0,0xff,0xff,0x20,0xb0,0xff,0xff,0x20,0xb0,0xff,0xff,
    0x20,0xb0,0xff,0xff,0x20,0xb0,0xff,0xff,0x20,0xb0,0xff,0xff,0x20,0xb0,0xff,0xff,0x20,0xb0,0xff,0xff,0x00,0x00,0x00,0x00,0x00,0x00,0x00,0x00,0x00,0x00,0x00,0x00,
    0x00,0x00,0x00,0x00,0x00,0x00,0x00,0x00,0x00,0x00,0x00,0x00,0x00,0x00,0x00,0x00,0x00,0x00,0x00,0x00,0x00,0x00,0x00,0x00,0x00,0x00,0x00,0x00,0x00,0x00,0x00,0x00,
    0x00,0x00,0x00,0x00,0x00,0x00,0x00,0x00,0x00,0x00,0x00,0x00,0x00,0x00,0x00,0x00,0x00,0x00,0x00,0x00,0x00,0x00,0x00,0x00,0x00,0x00,0x00,0x00,0x00,0x00,0x00,0x00,
    0x00,0x00,0x00,0x00,0x20,0xb0,0xff,0xff,0x20,0xb0,0xff,0xff,0x20,0xb0,0xff,0xff,0x20,0xb0,0xff,0xff,0x20,0xb0,0xff,0xff,0x20,0xb0,0xff,0xff,0x20,0xb0,0xff,0xff,
    0x20,0xb0,0xff,0xff,0x20,0xb0,0xff,0xff,0x00,0x00,0x00,0x00,0x00,0x00,0x00,0x00,0x00,0x00,0x00,0x00,0x00,0x00,0x00,0x00,0x00,0x00,0x00,0x00,0x00,0x00,0x00,0x00,
    0x00,0x00,0x00,0x00,0x00,0x00,0x00,0x00,0x00,0x00,0x00,0x00,0x00,0x00,0x00,0x00,0x00,0x00,0x00,0x00,0x00,0x00,0x00,0x00,0x00,0x00,0x00,0x00,0x00,0x00,0x00,0x00,
    0x00,0x00,0x00,0x00,0x00,0x00,0x00,0x00,0x00,0x00,0x00,0x00,0x00,0x00,0x00,0x00,0x00,0x00,0x00,0x00,0x00,0x00,0x00,0x00,0x00,0x00,0x00,0x00,0x00,0x00,0x00,0x00,
    0x00,0x00,0x00,0x00,0x00,0x00,0x00,0x00,0x00,0x00,0x00,0x00,0x00,0x00,0x00,0x00,0x00,0x00,0x00,0x00,0x20,0xb0,0xff,0xff,0x20,0xb0,0xff,0xff,0x20,0xb0,0xff,0xff,
    0x20,0xb0,0xff,0xff,0x20,0xb0,0xff,0xff,0x20,0xb0,0xff,0xff,0x20,0xb0,0xff,0xff,0x20,0xb0,0xff,0xff,0x20,0xb0,0xff,0xff,0x20,0xb0,0xff,0xff,0x20,0xb0,0xff,0xff,
    0x20,0xb0,0xff,0xff,0x00,0x00,0x00,0x00,0x00,0x00,0x00,0x00,0x00,0x00,0x00,0x00,0x00,0x00,0x00,0x00,0x00,0x00,0x00,0x00,0x00,0x00,0x00,0x00,0x00,0x00,0x00,0x00,
    0x00,0x00,0x00,0x00,0x00,0x00,0x00,0x00,0x00,0x00,0x00,0x00,0x00,0x00,0x00,0x00,0x00,0x00,0x00,0x00,0x00,0x00,0x00,0x00,0x00,0x00,0x00,0x00,0x00,0x00,0x00,0x00,
    0x00,0x00,0x00,0x00,0x00,0x00,0x00,0x00,0x20,0xb0,0xff,0xff,0x20,0xb0,0xff,0xff,0x20,0xb0,0xff,0xff,0x20,0xb0,0xff,0xff,0x20,0xb0,0xff,0xff,0x20,0xb0,0xff,0xff,
    0x5a,0xc8,0xff,0xff,0x5a,0xc8,0xff,0xff,0x5a,0xc8,0xff,0xff,0x5a,0xc8,0xff,0xff,0x5a,0xc8,0xff,0xff,0x5a,0xc8,0xff,0xff,0x5a,0xc8,0xff,0xff,0x5a,0xc8,0xff,0xff,
    0x5a,0xc8,0xff,0xff,0x5a,0xc8,0xff,0xff,0x5a,0xc8,0xff,0xff,0x5a,0xc8,0xff,0xff,0x5a,0xc8,0xff,0xff,0x5a,0xc8,0xff,0xff,0x5a,0xc8,0xff,0xff,0x5a,0xc8,0xff,0xff,
    0x5a,0xc8,0xff,0xff,0x5a,0xc8,0xff,0xff,0x5a,0xc8,0xff,0xff,0x5a,0xc8,0xff,0xff,0x5a,0xc8,0xff,0xff,0x5a,0xc8,0xff,0xff,0x5a,0xc8,0xff,0xff,0x20,0xb0,0xff,0xff,
    0x20,0xb0,0xff,0xff,0x20,0xb0,0xff,0xff,0x20,0xb0,0xff,0xff,0x20,0xb0,0xff,0xff,0x20,0xb0,0xff,0xff,0x20,0xb0,0xff,0xff,0x20,0xb0,0xff,0xff,0x20,0xb0,0xff,0xff,
    0x20,0xb0,0xff,0xff,0x20,0xb0,0xff,0xff,0x20,0xb0,0xff,0xff,0x20,0xb0,0xff,0xff,0x20,0xb0,0xff,0xff,0x00,0x00,0x00,0x00,0x00,0x00,0x00,0x00,0x00,0x00,0x00,0x00,
    0x00,0x00,0x00,0x00,0x00,0x00,0x00,0x00,0x00,0x00,0x00,0x00,0x00,0x00,0x00,0x00,0x00,0x00,0x00,0x00,0x00,0x00,0x00,0x00,0x00,0x00,0x00,0x00,0x00,0x00,0x00,0x00,
    0x00,0x00,0x00,0x00,0x00,0x00,0x00,0x00,0x00,0x00,0x00,0x00,0x00,0x00,0x00,0x00,0x00,0x00,0x00,0x00,0x20,0xb0,0xff,0xff,0x20,0xb0,0xff,0xff,0x20,0xb0,0xff,0xff,
    0x20,0xb0,0xff,0xff,0x20,0xb0,0xff,0xff,0x20,0xb0,0xff,0xff,0x20,0xb0,0xff,0xff,0x20,0xb0,0xff,0xff,0x20,0xb0,0xff,0xff,0x20,0xb0,0xff,0xff,0x20,0xb0,0xff,0xff,
    0x20,0xb0,0xff,0xff,0x00,0x00,0x00,0x00,0x00,0x00,0x00,0x00,0x00,0x00,0x00,0x00,0x00,0x00,0x00,0x00,0x00,0x00,0x00,0x00,0x00,0x00,0x00,0x00,0x00,0x00,0x00,0x00,
    0x00,0x00,0x00,0x00,0x00,0x00,0x00,0x00,0x00,0x00,0x00,0x00,0x00,0x00,0x00,0x00,0x00,0x00,0x00,0x00,0x00,0x00,0x00,0x00,0x00,0x00,0x00,0x00,0x00,0x00,0x00,0x00,
    0x00,0x00,0x00,0x00,0x00,0x00,0x00,0x00,0x00,0x00,0x00,0x00,0x00,0x00,0x00,0x00,0x00,0x00,0x00,0x00,0x00,0x00,0x00,0x00,0x00,0x00,0x00,0x00,0x00,0x00,0x00,0x00,
    0x00,0x00,0x00,0x00,0x00,0x00,0x00,0x00,0x20,0xb0,0xff,0xff,0x20,0xb0,0xff,0xff,0x20,0xb0,0xff,0xff,0x20,0xb0,0xff,0xff,0x20,0xb0,0xff,0xff,0x20,0xb0,0xff,0xff,
    0x20,0xb0,0xff,0xff,0x20,0xb0,0xff,0xff,0x20,0xb0,0xff,0xff,0x20,0xb0,0xff,0xff,0x20,0xb0,0xff,0xff,0x20,0xb0,0xff,0xff,0x20,0xb0,0xff,0xff,0x20,0xb0,0xff,0xff,
    0x00,0x00,0x00,0x00,0x00,0x00,0x00,0x00,0x00,0x00,0x00,0x00,0x00,0x00,0x00,0x00,0x00,0x00,0x00,0x00,0x00,0x00,0x00,0x00,0x00,0x00,0x00,0x00,0x00,0x00,0x00,0x00,
    0x00,0x00,0x00,0x00,0x00,0x00,0x00,0x00,0x00,0x00,0x00,0x00,0x00,0x00,0x00,0x00,0x00,0x00,0x00,0x00,0x00,0x00,0x00,0x00,0x00,0x00,0x00,0x00,0x20,0xb0,0xff,0xff,
    0x20,0xb0,0xff,0xff,0x20,0xb0,0xff,0xff,0x20,0xb0,0xff,0xff,0x20,0xb0,0xff,0xff,0x5a,0xc8,0xff,0xff,0x5a,0xc8,0xff,0xff,0x5a,0xc8,0xff,0xff,0x5a,0xc8,0xff,0xff,
    0x5a,0xc8,0xff,0xff,0x5a,0xc8,0xff,0xff,0x5a,0xc8,0xff,0xff,0x5a,0xc8,0xff,0xff,0x5a,0xc8,0xff,0xff,0x5a,0xc8,0xff,0xff,0x5a,0xc8,0xff,0xff,0x5a,0xc8,0xff,0xff,
    0x5a,0xc8,0xff,0xff,0x5a,0xc8,0xff,0xff,0x5a,0xc8,0xff,0xff,0x5a,0xc8,0xff,0xff,0x5a,0xc8,0xff,0xff,0x5a,0xc8,0xff,0xff,0x5a,0xc8,0xff,0xff,0x5a,0xc8,0xff,0xff,
    0x5a,0xc8,0xff,0xff,0x5a,0xc8,0xff,0xff,0x5a,0xc8,0xff,0xff,0x5a,0xc8,0xff,0xff,0x5a,0xc8,0xff,0xff,0x5a,0xc8,0xff,0xff,0x5a,0xc8,0xff,0xff,0x20,0xb0,0xff,0xff,
    0x20,0xb0,0xff,0xff,0x20,0xb0,0xff,0xff,0x20,0xb0,0xff,0xff,0x20,0xb0,0xff,0xff,0x20,0xb0,0xff,0xff,0x20,0xb0,0xff,0xff,0x20,0xb0,0xff,0xff,0x20,0xb0,0xff,0xff,
    0x20,0xb0,0xff,0xff,0x20,0xb0,0xff,0xff,0x20,0xb0,0xff,0xff,0x20,0xb0,0xff,0xff,0x00,0x00,0x00,0x00,0x00,0x00,0x00,0x00,0x00,0x00,0x00,0x00,0x00,0x00,0x00,0x00,
    0x00,0x00,0x00,0x00,0x00,0x00,0x00,0x00,0x00,0x00,0x00,0x00,0x00,0x00,0x00,0x00,0x00,0x00,0x00,0x00,0x00,0x00,0x00,0x00,0x00,0x00,0x00,0x00,0x00,0x00,0x00,0x00,
    0x00,0x00,0x00,0x00,0x00,0x00,0x00,0x00,0x20,0xb0,0xff,0xff,0x20,0xb0,0xff,0xff,0x20,0xb0,0xff,0xff,0x20,0xb0,0xff,0xff,0x20,0xb0,0xff,0xff,0x20,0xb0,0xff,0xff,
    0x20,0xb0,0xff,0xff,0x20,0xb0,0xff,0xff,0x20,0xb0,0xff,0xff,0x20,0xb0,0xff,0xff,0x20,0xb0,0xff,0xff,0x20,0xb0,0xff,0xff,0x20,0xb0,0xff,0xff,0x00,0x00,0x00,0x00,
    0x00,0x00,0x00,0x00,0x00,0x00,0x00,0x00,0x00,0x00,0x00,0x00,0x00,0x00,0x00,0x00,0x00,0x00,0x00,0x00,0x00,0x00,0x00,0x00,0x00,0x00,0x00,0x00,0x00,0x00,0x00,0x00,
    0x00,0x00,0x00,0x00,0x00,0x00,0x00,0x00,0x00,0x00,0x00,0x00,0x00,0x00,0x00,0x00,0x00,0x00,0x00,0x00,0x00,0x00,0x00,0x00,0x00,0x00,0x00,0x00,0x00,0x00,0x00,0x00,
    0x00,0x00,0x00,0x00,0x00,0x00,0x00,0x00,0x00,0x00,0x00,0x00,0x00,0x00,0x00,0x00,0x00,0x00,0x00,0x00,0x00,0x00,0x00,0x00,0x00,0x00,0x00,0x00,0x00,0x00,0x00,0x00,
    0x00,0x00,0x00,0x00,0x00,0x00,0x00,0x00,0x20,0xb0,0xff,0xff,0x20,0xb0,0xff,0xff,0x20,0xb0,0xff,0xff,0x20,0xb0,0xff,0xff,0x20,0xb0,0xff,0xff,0x20,0xb0,0xff,0xff,
    0x20,0xb0,0xff,0xff,0x20,0xb0,0xff,0xff,0x20,0xb0,0xff,0xff,0x20,0xb0,0xff,0xff,0x20,0xb0,0xff,0xff,0x20,0xb0,0xff,0xff,0x20,0xb0,0xff,0xff,0x20,0xb0,0xff,0xff,
    0x00,0x00,0x00,0x00,0x00,0x00,0x00,0x00,0x00,0x00,0x00,0x00,0x00,0x00,0x00,0x00,0x00,0x00,0x00,0x00,0x00,0x00,0x00,0x00,0x00,0x00,0x00,0x00,0x00,0x00,0x00,0x00,
    0x00,0x00,0x00,0x00,0x00,0x00,0x00,0x00,0x00,0x00,0x00,0x00,0x00,0x00,0x00,0x00,0x20,0xb0,0xff,0xff,0x20,0xb0,0xff,0xff,0x20,0xb0,0xff,0xff,0x20,0xb0,0xff,0xff,
    0x20,0xb0,0xff,0xff,0x5a,0xc8,0xff,0xff,0x5a,0xc8,0xff,0xff,0x5a,0xc8,0xff,0xff,0x5a,0xc8,0xff,0xff,0x5a,0xc8,0xff,0xff,0x5a,0xc8,0xff,0xff,0x5a,0xc8,0xff,0xff,
    0x5a,0xc8,0xff,0xff,0x5a,0xc8,0xff,0xff,0x5a,0xc8,0xff,0xff,0x5a,0xc8,0xff,0xff,0x5a,0xc8,0xff,0xff,0x5a,0xc8,0xff,0xff,0x5a,0xc8,0xff,0xff,0x5a,0xc8,0xff,0xff,
    0x5a,0xc8,0xff,0xff,0x5a,0xc8,0xff,0xff,0x5a,0xc8,0xff,0xff,0x5a,0xc8,0xff,0xff,0x5a,0xc8,0xff,0xff,0x5a,0xc8,0xff,0xff,0x5a,0xc8,0xff,0xff,0x5a,0xc8,0xff,0xff,
    0x5a,0xc8,0xff,0xff,0x5a,0xc8,0xff,0xff,0x5a,0xc8,0xff,0xff,0x5a,0xc8,0xff,0xff,0x5a,0xc8,0xff,0xff,0x5a,0xc8,0xff,0xff,0x20,0xb0,0xff,0xff,0x20,0xb0,0xff,0xff,
    0x20,0xb0,0xff,0xff,0x20,0xb0,0xff,0xff,0x20,0xb0,0xff,0xff,0x20,0xb0,0xff,0xff,0x20,0xb0,0xff,0xff,0x20,0xb0,0xff,0xff,0x20,0xb0,0xff,0xff,0x20,0xb0,0xff,0xff,
    0x20,0xb0,0xff,0xff,0x20,0xb0,0xff,0xff,0x20,0xb0,0xff,0xff,0x00,0x00,0x00,0x00,0x00,0x00,0x00,0x00,0x00,0x00,0x00,0x00,0x00,0x00,0x00,0x00,0x00,0x00,0x00,0x00,
    0x00,0x00,0x00,0x00,0x00,0x00,0x00,0x00,0x00,0x00,0x00,0x00,0x00,0x00,0x00,0x00,0x00,0x00,0x00,0x00,0x00,0x00,0x00,0x00,0x20,0xb0,0xff,0xff,0x20,0xb0,0xff,0xff,
    0x20,0xb0,0xff,0xff,0x20,0xb0,0xff,0xff,0x20,0xb0,0xff,0xff,0x20,0xb0,0xff,0xff,0x20,0xb0,0xff,0xff,0x20,0xb0,0xff,0xff,0x20,0xb0,0xff,0xff,0x20,0xb0,0xff,0xff,
    0x20,0xb0,0xff,0xff,0x20,0xb0,0xff,0xff,0x20,0xb0,0xff,0xff,0x00,0x00,0x00,0x00,0x00,0x00,0x00,0x00,0x00,0x00,0x00,0x00,0x00,0x00,0x00,0x00,0x00,0x00,0x00,0x00,
    0x00,0x00,0x00,0x00,0x00,0x00,0x00,0x00,0x00,0x00,0x00,0x00,0x00,0x00,0x00,0x00,0x00,0x00,0x00,0x00,0x00,0x00,0x00,0x00,0x00,0x00,0x00,0x00,0x00,0x00,0x00,0x00,
    0x00,0x00,0x00,0x00,0x00,0x00,0x00,0x00,0x00,0x00,0x00,0x00,0x00,0x00,0x00,0x00,0x00,0x00,0x00,0x00,0x00,0x00,0x00,0x00,0x00,0x00,0x00,0x00,0x00,0x00,0x00,0x00,
    0x00,0x00,0x00,0x00,0x00,0x00,0x00,0x00,0x00,0x00,0x00,0x00,0x00,0x00,0x00,0x00,0x00,0x00,0x00,0x00,0x00,0x00,0x00,0x00,0x00,0x00,0x00,0x00,0x00,0x00,0x00,0x00,
    0x00,0x00,0x00,0x00,0x20,0xb0,0xff,0xff,0x20,0xb0,0xff,0xff,0x20,0xb0,0xff,0xff,0x20,0xb0,0xff,0xff,0x20,0xb0,0xff,0xff,0x20,0xb0,0xff,0xff,0x20,0xb0,0xff,0xff,
    0x20,0xb0,0xff,0xff,0x20,0xb0,0xff,0xff,0x20,0xb0,0xff,0xff,0x20,0xb0,0xff,0xff,0x20,0xb0,0xff,0xff,0x20,0xb0,0xff,0xff,0x20,0xb0,0xff,0xff,0x00,0x00,0x00,0x00,
    0x00,0x00,0x00,0x00,0x00,0x00,0x00,0x00,0x00,0x00,0x00,0x00,0x00,0x00,0x00,0x00,0x00,0x00,0x00,0x00,0x00,0x00,0x00,0x00,0x00,0x00,0x00,0x00,0x00,0x00,0x00,0x00,
    0x00,0x00,0x00,0x00,0x20,0xb0,0xff,0xff,0x20,0xb0,0xff,0xff,0x20,0xb0,0xff,0xff,0x20,0xb0,0xff,0xff,0x20,0xb0,0xff,0xff,0x5a,0xc8,0xff,0xff,0x5a,0xc8,0xff,0xff,
    0x5a,0xc8,0xff,0xff,0x5a,0xc8,0xff,0xff,0x5a,0xc8,0xff,0xff,0x5a,0xc8,0xff,0xff,0x5a,0xc8,0xff,0xff,0x5a,0xc8,0xff,0xff,0x5a,0xc8,0xff,0xff,0x5a,0xc8,0xff,0xff,
    0x5a,0xc8,0xff,0xff,0x5a,0xc8,0xff,0xff,0x5a,0xc8,0xff,0xff,0x5a,0xc8,0xff,0xff,0x5a,0xc8,0xff,0xff,0x5a,0xc8,0xff,0xff,0x5a,0xc8,0xff,0xff,0x5a,0xc8,0xff,0xff,
    0x5a,0xc8,0xff,0xff,0x5a,0xc8,0xff,0xff,0x5a,0xc8,0xff,0xff,0x5a,0xc8,0xff,0xff,0x5a,0xc8,0xff,0xff,0x5a,0xc8,0xff,0xff,0x5a,0xc8,0xff,0xff,0x5a,0xc8,0xff,0xff,
    0x5a,0xc8,0xff,0xff,0x5a,0xc8,0xff,0xff,0x5a,0xc8,0xff,0xff,0x5a,0xc8,0xff,0xff,0x5a,0xc8,0xff,0xff,0x20,0xb0,0xff,0xff,0x20,0xb0,0xff,0xff,0x20,0xb0,0xff,0xff,
    0x20,0xb0,0xff,0xff,0x20,0xb0,0xff,0xff,0x20,0xb0,0xff,0xff,0x20,0xb0,0xff,0xff,0x20,0xb0,0xff,0xff,0x20,0xb0,0xff,0xff,0x20,0xb0,0xff,0xff,0x20,0xb0,0xff,0xff,
    0x20,0xb0,0xff,0xff,0x20,0xb0,0xff,0xff,0x00,0x00,0x00,0x00,0x00,0x00,0x00,0x00,0x00,0x00,0x00,0x00,0x00,0x00,0x00,0x00,0x00,0x00,0x00,0x00,0x00,0x00,0x00,0x00,
    0x00,0x00,0x00,0x00,0x00,0x00,0x00,0x00,0x20,0xb0,0xff,0xff,0x20,0xb0,0xff,0xff,0x20,0xb0,0xff,0xff,0x20,0xb0,0xff,0xff,0x20,0xb0,0xff,0xff,0x20,0xb0,0xff,0xff,
    0x20,0xb0,0xff,0xff,0x20,0xb0,0xff,0xff,0x20,0xb0,0xff,0xff,0x20,0xb0,0xff,0xff,0x20,0xb0,0xff,0xff,0x20,0xb0,0xff,0xff,0x20,0xb0,0xff,0xff,0x00,0x00,0x00,0x00,
    0x00,0x00,0x00,0x00,0x00,0x00,0x00,0x00,0x00,0x00,0x00,0x00,0x00,0x00,0x00,0x00,0x00,0x00,0x00,0x00,0x00,0x00,0x00,0x00,0x00,0x00,0x00,0x00,0x00,0x00,0x00,0x00,
    0x00,0x00,0x00,0x00,0x00,0x00,0x00,0x00,0x00,0x00,0x00,0x00,0x00,0x00,0x00,0x00,0x00,0x00,0x00,0x00,0x00,0x00,0x00,0x00,0x00,0x00,0x00,0x00,0x00,0x00,0x00,0x00,
    0x00,0x00,0x00,0x00,0x00,0x00,0x00,0x00,0x00,0x00,0x00,0x00,0x00,0x00,0x00,0x00,0x00,0x00,0x00,0x00,0x00,0x00,0x00,0x00,0x00,0x00,0x00,0x00,0x00,0x00,0x00,0x00,
    0x00,0x00,0x00,0x00,0x00,0x00,0x00,0x00,0x00,0x00,0x00,0x00,0x00,0x00,0x00,0x00,0x00,0x00,0x00,0x00,0x00,0x00,0x00,0x00,0x00,0x00,0x00,0x00,0x00,0x00,0x00,0x00,
    0x00,0x00,0x00,0x00,0x20,0xb0,0xff,0xff,0x20,0xb0,0xff,0xff,0x20,0xb0,0xff,0xff,0x20,0xb0,0xff,0xff,0x20,0xb0,0xff,0xff,0x20,0xb0,0xff,0xff,0x20,0xb0,0xff,0xff,
    0x20,0xb0,0xff,0xff,0x20,0xb0,0xff,0xff,0x20,0xb0,0xff,0xff,0x20,0xb0,0xff,0xff,0x20,0xb0,0xff,0xff,0x20,0xb0,0xff,0xff,0x20,0xb0,0xff,0xff,0x00,0x00,0x00,0x00,
    0x00,0x00,0x00,0x00,0x00,0x00,0x00,0x00,0x00,0x00,0x00,0x00,0x00,0x00,0x00,0x00,0x00,0x00,0x00,0x00,0x00,0x00,0x00,0x00,0x20,0xb0,0xff,0xff,0x20,0xb0,0xff,0xff,
    0x20,0xb0,0xff,0xff,0x20,0xb0,0xff,0xff,0x20,0xb0,0xff,0xff,0x5a,0xc8,0xff,0xff,0x5a,0xc8,0xff,0xff,0x5a,0xc8,0xff,0xff,0x5a,0xc8,0xff,0xff,0x5a,0xc8,0xff,0xff,
    0x5a,0xc8,0xff,0xff,0x5a,0xc8,0xff,0xff,0x5a,0xc8,0xff,0xff,0x5a,0xc8,0xff,0xff,0x5a,0xc8,0xff,0xff,0x5a,0xc8,0xff,0xff,0x5a,0xc8,0xff,0xff,0x5a,0xc8,0xff,0xff,
    0x5a,0xc8,0xff,0xff,0x5a,0xc8,0xff,0xff,0x5a,0xc8,0xff,0xff,0x5a,0xc8,0xff,0xff,0x5a,0xc8,0xff,0xff,0x5a,0xc8,0xff,0xff,0x5a,0xc8,0xff,0xff,0x5a,0xc8,0xff,0xff,
    0x5a,0xc8,0xff,0xff,0x5a,0xc8,0xff,0xff,0x5a,0xc8,0xff,0xff,0x5a,0xc8,0xff,0xff,0x5a,0xc8,0xff,0xff,0x5a,0xc8,0xff,0xff,0x5a,0xc8,0xff,0xff,0x5a,0xc8,0xff,0xff,
    0x5a,0xc8,0xff,0xff,0x5a,0xc8,0xff,0xff,0x5a,0xc8,0xff,0xff,0x5a,0xc8,0xff,0xff,0x20,0xb0,0xff,0xff,0x20,0xb0,0xff,0xff,0x20,0xb0,0xff,0xff,0x20,0xb0,0xff,0xff,
    0x20,0xb0,0xff,0xff,0x20,0xb0,0xff,0xff,0x20,0xb0,0xff,0xff,0x20,0xb0,0xff,0xff,0x20,0xb0,0xff,0xff,0x20,0xb0,0xff,0xff,0x20,0xb0,0xff,0xff,0x20,0xb0,0xff,0xff,
    0x20,0xb0,0xff,0xff,0x00,0x00,0x00,0x00,0x00,0x00,0x00,0x00,0x00,0x00,0x00,0x00,0x00,0x00,0x00,0x00,0x00,0x00,0x00,0x00,0x00,0x00,0x00,0x00,0x00,0x00,0x00,0x00,
    0x20,0xb0,0xff,0xff,0x20,0xb0,0xff,0xff,0x20,0xb0,0xff,0xff,0x20,0xb0,0xff,0xff,0x20,0xb0,0xff,0xff,0x20,0xb0,0xff,0xff,0x20,0xb0,0xff,0xff,0x20,0xb0,0xff,0xff,
    0x20,0xb0,0xff,0xff,0x20,0xb0,0xff,0xff,0x20,0xb0,0xff,0xff,0x20,0xb0,0xff,0xff,0x00,0x00,0x00,0x00,0x00,0x00,0x00,0x00,0x00,0x00,0x00,0x00,0x00,0x00,0x00,0x00,
    0x00,0x00,0x00,0x00,0x00,0x00,0x00,0x00,0x00,0x00,0x00,0x00,0x00,0x00,0x00,0x00,0x00,0x00,0x00,0x00,0x00,0x00,0x00,0x00,0x00,0x00,0x00,0x00,0x00,0x00,0x00,0x00,
    0x00,0x00,0x00,0x00,0x00,0x00,0x00,0x00,0x00,0x00,0x00,0x00,0x00,0x00,0x00,0x00,0x00,0x00,0x00,0x00,0x00,0x00,0x00,0x00,0x00,0x00,0x00,0x00,0x00,0x00,0x00,0x00,
    0x00,0x00,0x00,0x00,0x00,0x00,0x00,0x00,0x00,0x00,0x00,0x00,0x00,0x00,0x00,0x00,0x00,0x00,0x00,0x00,0x00,0x00,0x00,0x00,0x00,0x00,0x00,0x00,0x00,0x00,0x00,0x00,
    0x00,0x00,0x00,0x00,0x00,0x00,0x00,0x00,0x00,0x00,0x00,0x00,0x00,0x00,0x00,0x00,0x00,0x00,0x00,0x00,0x00,0x00,0x00,0x00,0x00,0x00,0x00,0x00,0x00,0x00,0x00,0x00,
    0x20,0xb0,0xff,0xff,0x20,0xb0,0xff,0xff,0x20,0xb0,0xff,0xff,0x20,0xb0,0xff,0xff,0x20,0xb0,0xff,0xff,0x20,0xb0,0xff,0xff,0x20,0xb0,0xff,0xff,0x20,0xb0,0xff,0xff,
    0x20,0xb0,0xff,0xff,0x20,0xb0,0xff,0xff,0x20,0xb0,0xff,0xff,0x20,0xb0,0xff,0xff,0x00,0x00,0x00,0x00,0x00,0x00,0x00,0x00,0x00,0x00,0x00,0x00,0x00,0x00,0x00,0x00,
    0x00,0x00,0x00,0x00,0x00,0x00,0x00,0x00,0x00,0x00,0x00,0x00,0x20,0xb0,0xff,0xff,0x20,0xb0,0xff,0xff,0x20,0xb0,0xff,0xff,0x20,0xb0,0xff,0xff,0x20,0xb0,0xff,0xff,
    0x5a,0xc8,0xff,0xff,0x5a,0xc8,0xff,0xff,0x5a,0xc8,0xff,0xff,0x5a,0xc8,0xff,0xff,0x5a,0xc8,0xff,0xff,0x5a,0xc8,0xff,0xff,0x5a,0xc8,0xff,0xff,0x5a,0xc8,0xff,0xff,
    0x5a,0xc8,0xff,0xff,0x5a,0xc8,0xff,0xff,0x5a,0xc8,0xff,0xff,0x5a,0xc8,0xff,0xff,0x5a,0xc8,0xff,0xff,0x5a,0xc8,0xff,0xff,0x5a,0xc8,0xff,0xff,0x5a,0xc8,0xff,0xff,
    0x5a,0xc8,0xff,0xff,0x5a,0xc8,0xff,0xff,0x5a,0xc8,0xff,0xff,0x5a,0xc8,0xff,0xff,0x5a,0xc8,0xff,0xff,0x5a,0xc8,0xff,0xff,0x5a,0xc8,0xff,0xff,0x5a,0xc8,0xff,0xff,
    0x5a,0xc8,0xff,0xff,0x5a,0xc8,0xff,0xff,0x5a,0xc8,0xff,0xff,0x5a,0xc8,0xff,0xff,0x5a,0xc8,0xff,0xff,0x5a,0xc8,0xff,0xff,0x5a,0xc8,0xff,0xff,0x5a,0xc8,0xff,0xff,
    0x5a,0xc8,0xff,0xff,0x5a,0xc8,0xff,0xff,0x5a,0xc8,0xff,0xff,0x20,0xb0,0xff,0xff,0x20,0xb0,0xff,0xff,0x20,0xb0,0xff,0xff,0x20,0xb0,0xff,0xff,0x20,0xb0,0xff,0xff,
    0x20,0xb0,0xff,0xff,0x20,0xb0,0xff,0xff,0x20,0xb0,0xff,0xff,0x20,0xb0,0xff,0xff,0x20,0xb0,0xff,0xff,0x20,0xb0,0xff,0xff,0x20,0xb0,0xff,0xff,0x20,0xb0,0xff,0xff,
    0x00,0x00,0x00,0x00,0x00,0x00,0x00,0x00,0x00,0x00,0x00,0x00,0x00,0x00,0x00,0x00,0x00,0x00,0x00,0x00,0x00,0x00,0x00,0x00,0x00,0x00,0x00,0x00,0x20,0xb0,0xff,0xff,
    0x20,0xb0,0xff,0xff,0x20,0xb0,0xff,0xff,0x20,0xb0,0xff,0xff,0x20,0xb0,0xff,0xff,0x20,0xb0,0xff,0xff,0x20,0xb0,0xff,0xff,0x20,0xb0,0xff,0xff,0x20,0xb0,0xff,0xff,
    0x00,0x00,0x00,0x00,0x00,0x00,0x00,0x00,0x00,0x00,0x00,0x00,0x00,0x00,0x00,0x00,0x00,0x00,0x00,0x00,0x00,0x00,0x00,0x00,0x00,0x00,0x00,0x00,0x00,0x00,0x00,0x00,
    0x00,0x00,0x00,0x00,0x00,0x00,0x00,0x00,0x00,0x00,0x00,0x00,0x00,0x00,0x00,0x00,0x00,0x00,0x00,0x00,0x00,0x00,0x00,0x00,0x00,0x00,0x00,0x00,0x00,0x00,0x00,0x00,
    0x00,0x00,0x00,0x00,0x00,0x00,0x00,0x00,0x00,0x00,0x00,0x00,0x00,0x00,0x00,0x00,0x00,0x00,0x00,0x00,0x00,0x00,0x00,0x00,0x00,0x00,0x00,0x00,0x00,0x00,0x00,0x00,
    0x00,0x00,0x00,0x00,0x00,0x00,0x00,0x00,0x00,0x00,0x00,0x00,0x00,0x00,0x00,0x00,0x00,0x00,0x00,0x00,0x00,0x00,0x00,0x00,0x00,0x00,0x00,0x00,0x00,0x00,0x00,0x00,
    0x00,0x00,0x00,0x00,0x00,0x00,0x00,0x00,0x00,0x00,0x00,0x00,0x00,0x00,0x00,0x00,0x00,0x00,0x00,0x00,0x00,0x00,0x00,0x00,0x00,0x00,0x00,0x00,0x00,0x00,0x00,0x00,
    0x20,0xb0,0xff,0xff,0x20,0xb0,0xff,0xff,0x20,0xb0,0xff,0xff,0x20,0xb0,0xff,0xff,0x20,0xb0,0xff,0xff,0x20,0xb0,0xff,0xff,0x20,0xb0,0xff,0xff,0x20,0xb0,0xff,0xff,
    0x20,0xb0,0xff,0xff,0x20,0xb0,0xff,0xff,0x00,0x00,0x00,0x00,0x00,0x00,0x00,0x00,0x00,0x00,0x00,0x00,0x00,0x00,0x00,0x00,0x00,0x00,0x00,0x00,0x00,0x00,0x00,0x00,
    0x20,0xb0,0xff,0xff,0x20,0xb0,0xff,0xff,0x20,0xb0,0xff,0xff,0x20,0xb0,0xff,0xff,0x20,0xb0,0xff,0xff,0x5a,0xc8,0xff,0xff,0x5a,0xc8,0xff,0xff,0x5a,0xc8,0xff,0xff,
    0x5a,0xc8,0xff,0xff,0x5a,0xc8,0xff,0xff,0x5a,0xc8,0xff,0xff,0x5a,0xc8,0xff,0xff,0x5a,0xc8,0xff,0xff,0x5a,0xc8,0xff,0xff,0x5a,0xc8,0xff,0xff,0x5a,0xc8,0xff,0xff,
    0x5a,0xc8,0xff,0xff,0x5a,0xc8,0xff,0xff,0x5a,0xc8,0xff,0xff,0x5a,0xc8,0xff,0xff,0x5a,0xc8,0xff,0xff,0x5a,0xc8,0xff,0xff,0x5a,0xc8,0xff,0xff,0x5a,0xc8,0xff,0xff,
    0x5a,0xc8,0xff,0xff,0x5a,0xc8,0xff,0xff,0x5a,0xc8,0xff,0xff,0x5a,0xc8,0xff,0xff,0x5a,0xc8,0xff,0xff,0x5a,0xc8,0xff,0xff,0x5a,0xc8,0xff,0xff,0x5a,0xc8,0xff,0xff,
    0x5a,0xc8,0xff,0xff,0x5a,0xc8,0xff,0xff,0x5a,0xc8,0xff,0xff,0x5a,0xc8,0xff,0xff,0x5a,0xc8,0xff,0xff,0x5a,0xc8,0xff,0xff,0x5a,0xc8,0xff,0xff,0x5a,0xc8,0xff,0xff,
    0x5a,0xc8,0xff,0xff,0x5a,0xc8,0xff,0xff,0x20,0xb0,0xff,0xff,0x20,0xb0,0xff,0xff,0x20,0xb0,0xff,0xff,0x20,0xb0,0xff,0xff,0x20,0xb0,0xff,0xff,0x20,0xb0,0xff,0xff,
    0x20,0xb0,0xff,0xff,0x20,0xb0,0xff,0xff,0x20,0xb0,0xff,0xff,0x20,0xb0,0xff,0xff,0x20,0xb0,0xff,0xff,0x20,0xb0,0xff,0xff,0x20,0xb0,0xff,0xff,0x00,0x00,0x00,0x00,
    0x00,0x00,0x00,0x00,0x00,0x00,0x00,0x00,0x00,0x00,0x00,0x00,0x00,0x00,0x00,0x00,0x00,0x00,0x00,0x00,0x20,0xb0,0xff,0xff,0x20,0xb0,0xff,0xff,0x20,0xb0,0xff,0xff,
    0x20,0xb0,0xff,0xff,0x20,0xb0,0xff,0xff,0x20,0xb0,0xff,0xff,0x20,0xb0,0xff,0xff,0x00,0x00,0x00,0x00,0x00,0x00,0x00,0x00,0x00,0x00,0x00,0x00,0x00,0x00,0x00,0x00,
    0x00,0x00,0x00,0x00,0x00,0x00,0x00,0x00,0x00,0x00,0x00,0x00,0x00,0x00,0x00,0x00,0x00,0x00,0x00,0x00,0x00,0x00,0x00,0x00,0x00,0x00,0x00,0x00,0x00,0x00,0x00,0x00,
    0x00,0x00,0x00,0x00,0x00,0x00,0x00,0x00,0x00,0x00,0x00,0x00,0x00,0x00,0x00,0x00,0x00,0x00,0x00,0x00,0x00,0x00,0x00,0x00,0x00,0x00,0x00,0x00,0x00,0x00,0x00,0x00,
    0x00,0x00,0x00,0x00,0x00,0x00,0x00,0x00,0x00,0x00,0x00,0x00,0x00,0x00,0x00,0x00,0x00,0x00,0x00,0x00,0x00,0x00,0x00,0x00,0x00,0x00,0x00,0x00,0x00,0x00,0x00,0x00,
    0x00,0x00,0x00,0x00,0x00,0x00,0x00,0x00,0x00,0x00,0x00,0x00,0x00,0x00,0x00,0x00,0x00,0x00,0x00,0x00,0x00,0x00,0x00,0x00,0x00,0x00,0x00,0x00,0x00,0x00,0x00,0x00,
    0x00,0x00,0x00,0x00,0x00,0x00,0x00,0x00,0x00,0x00,0x00,0x00,0x00,0x00,0x00,0x00,0x00,0x00,0x00,0x00,0x00,0x00,0x00,0x00,0x00,0x00,0x00,0x00,0x20,0xb0,0xff,0xff,
    0x20,0xb0,0xff,0xff,0x20,0xb0,0xff,0xff,0x20,0xb0,0xff,0xff,0x20,0xb0,0xff,0xff,0x20,0xb0,0xff,0xff,0x20,0xb0,0xff,0xff,0x20,0xb0,0xff,0xff,0x00,0x00,0x00,0x00,
    0x00,0x00,0x00,0x00,0x00,0x00,0x00,0x00,0x00,0x00,0x00,0x00,0x00,0x00,0x00,0x00,0x00,0x00,0x00,0x00,0x00,0x00,0x00,0x00,0x20,0xb0,0xff,0xff,0x20,0xb0,0xff,0xff,
    0x20,0xb0,0xff,0xff,0x20,0xb0,0xff,0xff,0x20,0xb0,0xff,0xff,0x5a,0xc8,0xff,0xff,0x5a,0xc8,0xff,0xff,0x5a,0xc8,0xff,0xff,0x5a,0xc8,0xff,0xff,0x5a,0xc8,0xff,0xff,
    0x5a,0xc8,0xff,0xff,0x5a,0xc8,0xff,0xff,0x5a,0xc8,0xff,0xff,0x5a,0xc8,0xff,0xff,0x5a,0xc8,0xff,0xff,0x5a,0xc8,0xff,0xff,0x5a,0xc8,0xff,0xff,0x5a,0xc8,0xff,0xff,
    0x5a,0xc8,0xff,0xff,0x5a,0xc8,0xff,0xff,0x5a,0xc8,0xff,0xff,0x5a,0xc8,0xff,0xff,0x5a,0xc8,0xff,0xff,0x5a,0xc8,0xff,0xff,0x5a,0xc8,0xff,0xff,0x5a,0xc8,0xff,0xff,
    0x5a,0xc8,0xff,0xff,0x5a,0xc8,0xff,0xff,0x5a,0xc8,0xff,0xff,0x5a,0xc8,0xff,0xff,0x5a,0xc8,0xff,0xff,0x5a,0xc8,0xff,0xff,0x5a,0xc8,0xff,0xff,0x5a,0xc8,0xff,0xff,
    0x5a,0xc8,0xff,0xff,0x5a,0xc8,0xff,0xff,0x5a,0xc8,0xff,0xff,0x5a,0xc8,0xff,0xff,0x5a,0xc8,0xff,0xff,0x5a,0xc8,0xff,0xff,0x5a,0xc8,0xff,0xff,0x5a,0xc8,0xff,0xff,
    0x20,0xb0,0xff,0xff,0x20,0xb0,0xff,0xff,0x20,0xb0,0xff,0xff,0x20,0xb0,0xff,0xff,0x20,0xb0,0xff,0xff,0x20,0xb0,0xff,0xff,0x20,0xb0,0xff,0xff,0x20,0xb0,0xff,0xff,
    0x20,0xb0,0xff,0xff,0x20,0xb0,0xff,0xff,0x20,0xb0,0xff,0xff,0x20,0xb0,0xff,0xff,0x20,0xb0,0xff,0xff,0x00,0x00,0x00,0x00,0x00,0x00,0x00,0x00,0x00,0x00,0x00,0x00,
    0x00,0x00,0x00,0x00,0x00,0x00,0x00,0x00,0x00,0x00,0x00,0x00,0x20,0xb0,0xff,0xff,0x20,0xb0,0xff,0xff,0x20,0xb0,0xff,0xff,0x20,0xb0,0xff,0xff,0x20,0xb0,0xff,0xff,
    0x00,0x00,0x00,0x00,0x00,0x00,0x00,0x00,0x00,0x00,0x00,0x00,0x00,0x00,0x00,0x00,0x00,0x00,0x00,0x00,0x00,0x00,0x00,0x00,0x00,0x00,0x00,0x00,0x00,0x00,0x00,0x00,
    0x00,0x00,0x00,0x00,0x00,0x00,0x00,0x00,0x00,0x00,0x00,0x00,0x00,0x00,0x00,0x00,0x00,0x00,0x00,0x00,0x00,0x00,0x00,0x00,0x00,0x00,0x00,0x00,0x00,0x00,0x00,0x00,
    0x00,0x00,0x00,0x00,0x00,0x00,0x00,0x00,0x00,0x00,0x00,0x00,0x00,0x00,0x00,0x00,0x00,0x00,0x00,0x00,0x00,0x00,0x00,0x00,0x00,0x00,0x00,0x00,0x00,0x00,0x00,0x00,
    0x00,0x00,0x00,0x00,0x00,0x00,0x00,0x00,0x00,0x00,0x00,0x00,0x00,0x00,0x00,0x00,0x00,0x00,0x00,0x00,0x00,0x00,0x00,0x00,0x00,0x00,0x00,0x00,0x00,0x00,0x00,0x00,
    0x00,0x00,0x00,0x00,0x00,0x00,0x00,0x00,0x00,0x00,0x00,0x00,0x00,0x00,0x00,0x00,0x00,0x00,0x00,0x00,0x00,0x00,0x00,0x00,0x00,0x00,0x00,0x00,0x00,0x00,0x00,0x00,
    0x00,0x00,0x00,0x00,0x00,0x00,0x00,0x00,0x00,0x00,0x00,0x00,0x00,0x00,0x00,0x00,0x00,0x00,0x00,0x00,0x00,0x00,0x00,0x00,0x00,0x00,0x00,0x00,0x20,0xb0,0xff,0xff,
    0x20,0xb0,0xff,0xff,0x20,0xb0,0xff,0xff,0x20,0xb0,0xff,0xff,0x20,0xb0,0xff,0xff,0x00,0x00,0x00,0x00,0x00,0x00,0x00,0x00,0x00,0x00,0x00,0x00,0x00,0x00,0x00,0x00,
    0x00,0x00,0x00,0x00,0x00,0x00,0x00,0x00,0x00,0x00,0x00,0x00,0x20,0xb0,0xff,0xff,0x20,0xb0,0xff,0xff,0x20,0xb0,0xff,0xff,0x20,0xb0,0xff,0xff,0x20,0xb0,0xff,0xff,
    0x5a,0xc8,0xff,0xff,0x5a,0xc8,0xff,0xff,0x5a,0xc8,0xff,0xff,0x5a,0xc8,0xff,0xff,0x5a,0xc8,0xff,0xff,0x5a,0xc8,0xff,0xff,0x5a,0xc8,0xff,0xff,0x5a,0xc8,0xff,0xff,
    0x5a,0xc8,0xff,0xff,0x5a,0xc8,0xff,0xff,0x5a,0xc8,0xff,0xff,0x5a,0xc8,0xff,0xff,0x5a,0xc8,0xff,0xff,0x5a,0xc8,0xff,0xff,0x5a,0xc8,0xff,0xff,0x5a,0xc8,0xff,0xff,
    0x5a,0xc8,0xff,0xff,0x5a,0xc8,0xff,0xff,0x5a,0xc8,0xff,0xff,0x5a,0xc8,0xff,0xff,0x5a,0xc8,0xff,0xff,0x5a,0xc8,0xff,0xff,0x5a,0xc8,0xff,0xff,0x5a,0xc8,0xff,0xff,
    0x5a,0xc8,0xff,0xff,0x5a,0xc8,0xff,0xff,0x5a,0xc8,0xff,0xff,0x5a,0xc8,0xff,0xff,0x5a,0xc8,0xff,0xff,0x5a,0xc8,0xff,0xff,0x5a,0xc8,0xff,0xff,0x5a,0xc8,0xff,0xff,
    0x5a,0xc8,0xff,0xff,0x5a,0xc8,0xff,0xff,0x5a,0xc8,0xff,0xff,0x5a,0xc8,0xff,0xff,0x5a,0xc8,0xff,0xff,0x5a,0xc8,0xff,0xff,0x5a,0xc8,0xff,0xff,0x20,0xb0,0xff,0xff,
    0x20,0xb0,0xff,0xff,0x20,0xb0,0xff,0xff,0x20,0xb0,0xff,0xff,0x20,0xb0,0xff,0xff,0x20,0xb0,0xff,0xff,0x20,0xb0,0xff,0xff,0x20,0xb0,0xff,0xff,0x20,0xb0,0xff,0xff,
    0x20,0xb0,0xff,0xff,0x20,0xb0,0xff,0xff,0x20,0xb0,0xff,0xff,0x20,0xb0,0xff,0xff,0x00,0x00,0x00,0x00,0x00,0x00,0x00,0x00,0x00,0x00,0x00,0x00,0x00,0x00,0x00,0x00,
    0x00,0x00,0x00,0x00,0x00,0x00,0x00,0x00,0x20,0xb0,0xff,0xff,0x20,0xb0,0xff,0xff,0x20,0xb0,0xff,0xff,0x00,0x00,0x00,0x00,0x00,0x00,0x00,0x00,0x00,0x00,0x00,0x00,
    0x00,0x00,0x00,0x00,0x00,0x00,0x00,0x00,0x00,0x00,0x00,0x00,0x00,0x00,0x00,0x00,0x00,0x00,0x00,0x00,0x00,0x00,0x00,0x00,0x00,0x00,0x00,0x00,0x00,0x00,0x00,0x00,
    0x00,0x00,0x00,0x00,0x00,0x00,0x00,0x00,0x00,0x00,0x00,0x00,0x00,0x00,0x00,0x00,0x00,0x00,0x00,0x00,0x00,0x00,0x00,0x00,0x00,0x00,0x00,0x00,0x00,0x00,0x00,0x00,
    0x00,0x00,0x00,0x00,0x00,0x00,0x00,0x00,0x00,0x00,0x00,0x00,0x00,0x00,0x00,0x00,0x00,0x00,0x00,0x00,0x00,0x00,0x00,0x00,0x00,0x00,0x00,0x00,0x00,0x00,0x00,0x00,
    0x00,0x00,0x00,0x00,0x00,0x00,0x00,0x00,0x00,0x00,0x00,0x00,0x00,0x00,0x00,0x00,0x00,0x00,0x00,0x00,0x00,0x00,0x00,0x00,0x00,0x00,0x00,0x00,0x00,0x00,0x00,0x00,
    0x00,0x00,0x00,0x00,0x00,0x00,0x00,0x00,0x00,0x00,0x00,0x00,0x00,0x00,0x00,0x00,0x00,0x00,0x00,0x00,0x00,0x00,0x00,0x00,0x00,0x00,0x00,0x00,0x00,0x00,0x00,0x00,
    0x00,0x00,0x00,0x00,0x00,0x00,0x00,0x00,0x00,0x00,0x00,0x00,0x00,0x00,0x00,0x00,0x00,0x00,0x00,0x00,0x00,0x00,0x00,0x00,0x20,0xb0,0xff,0xff,0x20,0xb0,0xff,0xff,
    0x20,0xb0,0xff,0xff,0x20,0xb0,0xff,0xff,0x00,0x00,0x00,0x00,0x00,0x00,0x00,0x00,0x00,0x00,0x00,0x00,0x00,0x00,0x00,0x00,0x00,0x00,0x00,0x00,0x00,0x00,0x00,0x00,
    0x20,0xb0,0xff,0xff,0x20,0xb0,0xff,0xff,0x20,0xb0,0xff,0xff,0x20,0xb0,0xff,0xff,0x20,0xb0,0xff,0xff,0x5a,0xc8,0xff,0xff,0x5a,0xc8,0xff,0xff,0x5a,0xc8,0xff,0xff,
    0x5a,0xc8,0xff,0xff,0x5a,0xc8,0xff,0xff,0x5a,0xc8,0xff,0xff,0x5a,0xc8,0xff,0xff,0x5a,0xc8,0xff,0xff,0x5a,0xc8,0xff,0xff,0x5a,0xc8,0xff,0xff,0x5a,0xc8,0xff,0xff,
    0x5a,0xc8,0xff,0xff,0x5a,0xc8,0xff,0xff,0x5a,0xc8,0xff,0xff,0x5a,0xc8,0xff,0xff,0x5a,0xc8,0xff,0xff,0x5a,0xc8,0xff,0xff,0x5a,0xc8,0xff,0xff,0x5a,0xc8,0xff,0xff,
    0x5a,0xc8,0xff,0xff,0x5a,0xc8,0xff,0xff,0x5a,0xc8,0xff,0xff,0x5a,0xc8,0xff,0xff,0x5a,0xc8,0xff,0xff,0x5a,0xc8,0xff,0xff,0x5a,0xc8,0xff,0xff,0x5a,0xc8,0xff,0xff,
    0x5a,0xc8,0xff,0xff,0x5a,0xc8,0xff,0xff,0x5a,0xc8,0xff,0xff,0x5a,0xc8,0xff,0xff,0x5a,0xc8,0xff,0xff,0x5a,0xc8,0xff,0xff,0x5a,0xc8,0xff,0xff,0x5a,0xc8,0xff,0xff,
    0x5a,0xc8,0xff,0xff,0x5a,0xc8,0xff,0xff,0x5a,0xc8,0xff,0xff,0x5a,0xc8,0xff,0xff,0x5a,0xc8,0xff,0xff,0x5a,0xc8,0xff,0xff,0x20,0xb0,0xff,0xff,0x20,0xb0,0xff,0xff,
    0x20,0xb0,0xff,0xff,0x20,0xb0,0xff,0xff,0x20,0xb0,0xff,0xff,0x20,0xb0,0xff,0xff,0x20,0xb0,0xff,0xff,0x20,0xb0,0xff,0xff,0x20,0xb0,0xff,0xff,0x20,0xb0,0xff,0xff,
    0x20,0xb0,0xff,0xff,0x20,0xb0,0xff,0xff,0x20,0xb0,0xff,0xff,0x00,0x00,0x00,0x00,0x00,0x00,0x00,0x00,0x00,0x00,0x00,0x00,0x00,0x00,0x00,0x00,0x00,0x00,0x00,0x00,
    0x20,0xb0,0xff,0xff,0x00,0x00,0x00,0x00,0x00,0x00,0x00,0x00,0x00,0x00,0x00,0x00,0x00,0x00,0x00,0x00,0x00,0x00,0x00,0x00,0x00,0x00,0x00,0x00,0x00,0x00,0x00,0x00,
    0x00,0x00,0x00,0x00,0x00,0x00,0x00,0x00,0x00,0x00,0x00,0x00,0x00,0x00,0x00,0x00,0x00,0x00,0x00,0x00,0x00,0x00,0x00,0x00,0x00,0x00,0x00,0x00,0x00,0x00,0x00,0x00,
    0x00,0x00,0x00,0x00,0x00,0x00,0x00,0x00,0x00,0x00,0x00,0x00,0x00,0x00,0x00,0x00,0x00,0x00,0x00,0x00,0x00,0x00,0x00,0x00,0x00,0x00,0x00,0x00,0x00,0x00,0x00,0x00,
    0x00,0x00,0x00,0x00,0x00,0x00,0x00,0x00,0x00,0x00,0x00,0x00,0x00,0x00,0x00,0x00,0x00,0x00,0x00,0x00,0x00,0x00,0x00,0x00,0x00,0x00,0x00,0x00,0x00,0x00,0x00,0x00,
    0x00,0x00,0x00,0x00,0x00,0x00,0x00,0x00,0x00,0x00,0x00,0x00,0x00,0x00,0x00,0x00,0x00,0x00,0x00,0x00,0x00,0x00,0x00,0x00,0x00,0x00,0x00,0x00,0x00,0x00,0x00,0x00,
    0x00,0x00,0x00,0x00,0x00,0x00,0x00,0x00,0x00,0x00,0x00,0x00,0x00,0x00,0x00,0x00,0x00,0x00,0x00,0x00,0x00,0x00,0x00,0x00,0x00,0x00,0x00,0x00,0x00,0x00,0x00,0x00,
    0x00,0x00,0x00,0x00,0x00,0x00,0x00,0x00,0x00,0x00,0x00,0x00,0x00,0x00,0x00,0x00,0x00,0x00,0x00,0x00,0x00,0x00,0x00,0x00,0x20,0xb0,0xff,0xff,0x00,0x00,0x00,0x00,
    0x00,0x00,0x00,0x00,0x00,0x00,0x00,0x00,0x00,0x00,0x00,0x00,0x00,0x00,0x00,0x00,0x00,0x00,0x00,0x00,0x00,0x00,0x00,0x00,0x20,0xb0,0xff,0xff,0x20,0xb0,0xff,0xff,
    0x20,0xb0,0xff,0xff,0x20,0xb0,0xff,0xff,0x20,0xb0,0xff,0xff,0x5a,0xc8,0xff,0xff,0x5a,0xc8,0xff,0xff,0x5a,0xc8,0xff,0xff,0x5a,0xc8,0xff,0xff,0x5a,0xc8,0xff,0xff,
    0x5a,0xc8,0xff,0xff,0x5a,0xc8,0xff,0xff,0x5a,0xc8,0xff,0xff,0x5a,0xc8,0xff,0xff,0x5a,0xc8,0xff,0xff,0x5a,0xc8,0xff,0xff,0x5a,0xc8,0xff,0xff,0x5a,0xc8,0xff,0xff,
    0x5a,0xc8,0xff,0xff,0x5a,0xc8,0xff,0xff,0x5a,0xc8,0xff,0xff,0x5a,0xc8,0xff,0xff,0x5a,0xc8,0xff,0xff,0x5a,0xc8,0xff,0xff,0x5a,0xc8,0xff,0xff,0x5a,0xc8,0xff,0xff,
    0x5a,0xc8,0xff,0xff,0x5a,0xc8,0xff,0xff,0x5a,0xc8,0xff,0xff,0x5a,0xc8,0xff,0xff,0x5a,0xc8,0xff,0xff,0x5a,0xc8,0xff,0xff,0x5a,0xc8,0xff,0xff,0x5a,0xc8,0xff,0xff,
    0x5a,0xc8,0xff,0xff,0x5a,0xc8,0xff,0xff,0x5a,0xc8,0xff,0xff,0x5a,0xc8,0xff,0xff,0x5a,0xc8,0xff,0xff,0x5a,0xc8,0xff,0xff,0x5a,0xc8,0xff,0xff,0x5a,0xc8,0xff,0xff,
    0x5a,0xc8,0xff,0xff,0x5a,0xc8,0xff,0xff,0x5a,0xc8,0xff,0xff,0x5a,0xc8,0xff,0xff,0x20,0xb0,0xff,0xff,0x20,0xb0,0xff,0xff,0x20,0xb0,0xff,0xff,0x20,0xb0,0xff,0xff,
    0x20,0xb0,0xff,0xff,0x20,0xb0,0xff,0xff,0x20,0xb0,0xff,0xff,0x20,0xb0,0xff,0xff,0x20,0xb0,0xff,0xff,0x20,0xb0,0xff,0xff,0x20,0xb0,0xff,0xff,0x20,0xb0,0xff,0xff,
    0x20,0xb0,0xff,0xff,0x00,0x00,0x00,0x00,0x00,0x00,0x00,0x00,0x00,0x00,0x00,0x00,0x00,0x00,0x00,0x00,0x00,0x00,0x00,0x00,0x00,0x00,0x00,0x00,0x00,0x00,0x00,0x00,
    0x00,0x00,0x00,0x00,0x00,0x00,0x00,0x00,0x00,0x00,0x00,0x00,0x00,0x00,0x00,0x00,0x00,0x00,0x00,0x00,0x00,0x00,0x00,0x00,0x00,0x00,0x00,0x00,0x00,0x00,0x00,0x00,
    0x00,0x00,0x00,0x00,0x00,0x00,0x00,0x00,0x00,0x00,0x00,0x00,0x00,0x00,0x00,0x00,0x00,0x00,0x00,0x00,0x00,0x00,0x00,0x00,0x00,0x00,0x00,0x00,0x00,0x00,0x00,0x00,
    0x00,0x00,0x00,0x00,0x00,0x00,0x00,0x00,0x00,0x00,0x00,0x00,0x00,0x00,0x00,0x00,0x00,0x00,0x00,0x00,0x00,0x00,0x00,0x00,0x00,0x00,0x00,0x00,0x00,0x00,0x00,0x00,
    0x00,0x00,0x00,0x00,0x00,0x00,0x00,0x00,0x00,0x00,0x00,0x00,0x00,0x00,0x00,0x00,0x00,0x00,0x00,0x00,0x00,0x00,0x00,0x00,0x00,0x00,0x00,0x00,0x00,0x00,0x00,0x00,
    0x00,0x00,0x00,0x00,0x00,0x00,0x00,0x00,0x00,0x00,0x00,0x00,0x00,0x00,0x00,0x00,0x00,0x00,0x00,0x00,0x00,0x00,0x00,0x00,0x00,0x00,0x00,0x00,0x00,0x00,0x00,0x00,
    0x00,0x00,0x00,0x00,0x00,0x00,0x00,0x00,0x00,0x00,0x00,0x00,0x00,0x00,0x00,0x00,0x00,0x00,0x00,0x00,0x00,0x00,0x00,0x00,0x00,0x00,0x00,0x00,0x00,0x00,0x00,0x00,
    0x00,0x00,0x00,0x00,0x00,0x00,0x00,0x00,0x00,0x00,0x00,0x00,0x00,0x00,0x00,0x00,0x00,0x00,0x00,0x00,0x00,0x00,0x00,0x00,0x00,0x00,0x00,0x00,0x00,0x00,0x00,0x00,
    0x00,0x00,0x00,0x00,0x00,0x00,0x00,0x00,0x00,0x00,0x00,0x00,0x20,0xb0,0xff,0xff,0x20,0xb0,0xff,0xff,0x20,0xb0,0xff,0xff,0x20,0xb0,0xff,0xff,0x20,0xb0,0xff,0xff,
    0x20,0xb0,0xff,0xff,0x5a,0xc8,0xff,0xff,0x5a,0xc8,0xff,0xff,0x5a,0xc8,0xff,0xff,0x5a,0xc8,0xff,0xff,0x5a,0xc8,0xff,0xff,0x5a,0xc8,0xff,0xff,0x5a,0xc8,0xff,0xff,
    0x5a,0xc8,0xff,0xff,0x5a,0xc8,0xff,0xff,0x5a,0xc8,0xff,0xff,0x5a,0xc8,0xff,0xff,0x5a,0xc8,0xff,0xff,0x5a,0xc8,0xff,0xff,0x5a,0xc8,0xff,0xff,0x5a,0xc8,0xff,0xff,
    0x5a,0xc8,0xff,0xff,0x5a,0xc8,0xff,0xff,0x5a,0xc8,0xff,0xff,0x5a,0xc8,0xff,0xff,0x5a,0xc8,0xff,0xff,0x5a,0xc8,0xff,0xff,0x5a,0xc8,0xff,0xff,0x5a,0xc8,0xff,0xff,
    0x5a,0xc8,0xff,0xff,0x5a,0xc8,0xff,0xff,0x5a,0xc8,0xff,0xff,0x5a,0xc8,0xff,0xff,0x5a,0xc8,0xff,0xff,0x5a,0xc8,0xff,0xff,0x5a,0xc8,0xff,0xff,0x5a,0xc8,0xff,0xff,
    0x5a,0xc8,0xff,0xff,0x5a,0xc8,0xff,0xff,0x5a,0xc8,0xff,0xff,0x5a,0xc8,0xff,0xff,0x5a,0xc8,0xff,0xff,0x5a,0xc8,0xff,0xff,0x5a,0xc8,0xff,0xff,0x5a,0xc8,0xff,0xff,
    0x5a,0xc8,0xff,0xff,0x5a,0xc8,0xff,0xff,0x20,0xb0,0xff,0xff,0x20,0xb0,0xff,0xff,0x20,0xb0,0xff,0xff,0x20,0xb0,0xff,0xff,0x20,0xb0,0xff,0xff,0x20,0xb0,0xff,0xff,
    0x20,0xb0,0xff,0xff,0x20,0xb0,0xff,0xff,0x20,0xb0,0xff,0xff,0x20,0xb0,0xff,0xff,0x20,0xb0,0xff,0xff,0x20,0xb0,0xff,0xff,0x20,0xb0,0xff,0xff,0x20,0xb0,0xff,0xff,
    0x00,0x00,0x00,0x00,0x00,0x00,0x00,0x00,0x00,0x00,0x00,0x00,0x00,0x00,0x00,0x00,0x00,0x00,0x00,0x00,0x00,0x00,0x00,0x00,0x00,0x00,0x00,0x00,0x00,0x00,0x00,0x00,
    0x00,0x00,0x00,0x00,0x00,0x00,0x00,0x00,0x00,0x00,0x00,0x00,0x00,0x00,0x00,0x00,0x00,0x00,0x00,0x00,0x00,0x00,0x00,0x00,0x00,0x00,0x00,0x00,0x00,0x00,0x00,0x00,
    0x00,0x00,0x00,0x00,0x00,0x00,0x00,0x00,0x00,0x00,0x00,0x00,0x00,0x00,0x00,0x00,0x00,0x00,0x00,0x00,0x00,0x00,0x00,0x00,0x00,0x00,0x00,0x00,0x00,0x00,0x00,0x00,
    0x00,0x00,0x00,0x00,0x00,0x00,0x00,0x00,0x00,0x00,0x00,0x00,0x00,0x00,0x00,0x00,0x00,0x00,0x00,0x00,0x00,0x00,0x00,0x00,0x00,0x00,0x00,0x00,0x00,0x00,0x00,0x00,
    0x00,0x00,0x00,0x00,0x00,0x00,0x00,0x00,0x00,0x00,0x00,0x00,0x00,0x00,0x00,0x00,0x00,0x00,0x00,0x00,0x00,0x00,0x00,0x00,0x00,0x00,0x00,0x00,0x00,0x00,0x00,0x00,
    0x00,0x00,0x00,0x00,0x00,0x00,0x00,0x00,0x00,0x00,0x00,0x00,0x00,0x00,0x00,0x00,0x00,0x00,0x00,0x00,0x00,0x00,0x00,0x00,0x00,0x00,0x00,0x00,0x00,0x00,0x00,0x00,
    0x00,0x00,0x00,0x00,0x00,0x00,0x00,0x00,0x00,0x00,0x00,0x00,0x00,0x00,0x00,0x00,0x00,0x00,0x00,0x00,0x00,0x00,0x00,0x00,0x00,0x00,0x00,0x00,0x00,0x00,0x00,0x00,
    0x00,0x00,0x00,0x00,0x00,0x00,0x00,0x00,0x00,0x00,0x00,0x00,0x00,0x00,0x00,0x00,0x00,0x00,0x00,0x00,0x00,0x00,0x00,0x00,0x00,0x00,0x00,0x00,0x00,0x00,0x00,0x00,
    0x20,0xb0,0xff,0xff,0x20,0xb0,0xff,0xff,0x20,0xb0,0xff,0xff,0x20,0xb0,0xff,0xff,0x20,0xb0,0xff,0xff,0x20,0xb0,0xff,0xff,0x5a,0xc8,0xff,0xff,0x5a,0xc8,0xff,0xff,
    0x5a,0xc8,0xff,0xff,0x5a,0xc8,0xff,0xff,0x5a,0xc8,0xff,0xff,0x5a,0xc8,0xff,0xff,0x5a,0xc8,0xff,0xff,0x5a,0xc8,0xff,0xff,0x5a,0xc8,0xff,0xff,0x5a,0xc8,0xff,0xff,
    0x5a,0xc8,0xff,0xff,0x5a,0xc8,0xff,0xff,0x5a,0xc8,0xff,0xff,0x5a,0xc8,0xff,0xff,0x5a,0xc8,0xff,0xff,0x5a,0xc8,0xff,0xff,0x5a,0xc8,0xff,0xff,0x5a,0xc8,0xff,0xff,
    0x5a,0xc8,0xff,0xff,0x5a,0xc8,0xff,0xff,0x5a,0xc8,0xff,0xff,0x5a,0xc8,0xff,0xff,0x5a,0xc8,0xff,0xff,0x5a,0xc8,0xff,0xff,0x5a,0xc8,0xff,0xff,0x5a,0xc8,0xff,0xff,
    0x5a,0xc8,0xff,0xff,0x5a,0xc8,0xff,0xff,0x5a,0xc8,0xff,0xff,0x5a,0xc8,0xff,0xff,0x5a,0xc8,0xff,0xff,0x5a,0xc8,0xff,0xff,0x5a,0xc8,0xff,0xff,0x5a,0xc8,0xff,0xff,
    0x5a,0xc8,0xff,0xff,0x5a,0xc8,0xff,0xff,0x5a,0xc8,0xff,0xff,0x5a,0xc8,0xff,0xff,0x5a,0xc8,0xff,0xff,0x5a,0xc8,0xff,0xff,0x5a,0xc8,0xff,0xff,0x5a,0xc8,0xff,0xff,
    0x5a,0xc8,0xff,0xff,0x20,0xb0,0xff,0xff,0x20,0xb0,0xff,0xff,0x20,0xb0,0xff,0xff,0x20,0xb0,0xff,0xff,0x20,0xb0,0xff,0xff,0x20,0xb0,0xff,0xff,0x20,0xb0,0xff,0xff,
    0x20,0xb0,0xff,0xff,0x20,0xb0,0xff,0xff,0x20,0xb0,0xff,0xff,0x20,0xb0,0xff,0xff,0x20,0xb0,0xff,0xff,0x20,0xb0,0xff,0xff,0x20,0xb0,0xff,0xff,0x00,0x00,0x00,0x00,
    0x00,0x00,0x00,0x00,0x00,0x00,0x00,0x00,0x00,0x00,0x00,0x00,0x00,0x00,0x00,0x00,0x00,0x00,0x00,0x00,0x00,0x00,0x00,0x00,0x00,0x00,0x00,0x00,0x00,0x00,0x00,0x00,
    0x00,0x00,0x00,0x00,0x00,0x00,0x00,0x00,0x00,0x00,0x00,0x00,0x00,0x00,0x00,0x00,0x00,0x00,0x00,0x00,0x00,0x00,0x00,0x00,0x00,0x00,0x00,0x00,0x00,0x00,0x00,0x00,
    0x00,0x00,0x00,0x00,0x00,0x00,0x00,0x00,0x00,0x00,0x00,0x00,0x00,0x00,0x00,0x00,0x00,0x00,0x00,0x00,0x00,0x00,0x00,0x00,0x00,0x00,0x00,0x00,0x00,0x00,0x00,0x00,
    0x00,0x00,0x00,0x00,0x00,0x00,0x00,0x00,0x00,0x00,0x00,0x00,0x00,0x00,0x00,0x00,0x00,0x00,0x00,0x00,0x00,0x00,0x00,0x00,0x00,0x00,0x00,0x00,0x00,0x00,0x00,0x00,
    0x00,0x00,0x00,0x00,0x00,0x00,0x00,0x00,0x00,0x00,0x00,0x00,0x00,0x00,0x00,0x00,0x00,0x00,0x00,0x00,0x00,0x00,0x00,0x00,0x00,0x00,0x00,0x00,0x00,0x00,0x00,0x00,
    0x00,0x00,0x00,0x00,0x00,0x00,0x00,0x00,0x00,0x00,0x00,0x00,0x00,0x00,0x00,0x00,0x00,0x00,0x00,0x00,0x00,0x00,0x00,0x00,0x00,0x00,0x00,0x00,0x00,0x00,0x00,0x00,
    0x00,0x00,0x00,0x00,0x00,0x00,0x00,0x00,0x00,0x00,0x00,0x00,0x00,0x00,0x00,0x00,0x00,0x00,0x00,0x00,0x00,0x00,0x00,0x00,0x00,0x00,0x00,0x00,0x00,0x00,0x00,0x00,
    0x00,0x00,0x00,0x00,0x00,0x00,0x00,0x00,0x00,0x00,0x00,0x00,0x00,0x00,0x00,0x00,0x00,0x00,0x00,0x00,0x00,0x00,0x00,0x00,0x20,0xb0,0xff,0xff,0x20,0xb0,0xff,0xff,
    0x20,0xb0,0xff,0xff,0x20,0xb0,0xff,0xff,0x20,0xb0,0xff,0xff,0x20,0xb0,0xff,0xff,0x5a,0xc8,0xff,0xff,0x5a,0xc8,0xff,0xff,0x5a,0xc8,0xff,0xff,0x5a,0xc8,0xff,0xff,
    0x5a,0xc8,0xff,0xff,0x5a,0xc8,0xff,0xff,0x5a,0xc8,0xff,0xff,0x5a,0xc8,0xff,0xff,0x5a,0xc8,0xff,0xff,0x5a,0xc8,0xff,0xff,0x5a,0xc8,0xff,0xff,0x5a,0xc8,0xff,0xff,
    0x5a,0xc8,0xff,0xff,0x5a,0xc8,0xff,0xff,0x5a,0xc8,0xff,0xff,0x5a,0xc8,0xff,0xff,0x5a,0xc8,0xff,0xff,0x5a,0xc8,0xff,0xff,0x5a,0xc8,0xff,0xff,0x5a,0xc8,0xff,0xff,
    0x5a,0xc8,0xff,0xff,0x5a,0xc8,0xff,0xff,0x5a,0xc8,0xff,0xff,0x5a,0xc8,0xff,0xff,0x5a,0xc8,0xff,0xff,0x5a,0xc8,0xff,0xff,0x5a,0xc8,0xff,0xff,0x5a,0xc8,0xff,0xff,
    0x5a,0xc8,0xff,0xff,0x5a,0xc8,0xff,0xff,0x5a,0xc8,0xff,0xff,0x5a,0xc8,0xff,0xff,0x5a,0xc8,0xff,0xff,0x5a,0xc8,0xff,0xff,0x5a,0xc8,0xff,0xff,0x5a,0xc8,0xff,0xff,
    0x5a,0xc8,0xff,0xff,0x5a,0xc8,0xff,0xff,0x5a,0xc8,0xff,0xff,0x5a,0xc8,0xff,0xff,0x5a,0xc8,0xff,0xff,0x5a,0xc8,0xff,0xff,0x5a,0xc8,0xff,0xff,0x20,0xb0,0xff,0xff,
    0x20,0xb0,0xff,0xff,0x20,0xb0,0xff,0xff,0x20,0xb0,0xff,0xff,0x20,0xb0,0xff,0xff,0x20,0xb0,0xff,0xff,0x20,0xb0,0xff,0xff,0x20,0xb0,0xff,0xff,0x20,0xb0,0xff,0xff,
    0x20,0xb0,0xff,0xff,0x20,0xb0,0xff,0xff,0x20,0xb0,0xff,0xff,0x20,0xb0,0xff,0xff,0x20,0xb0,0xff,0xff,0x00,0x00,0x00,0x00,0x00,0x00,0x00,0x00,0x00,0x00,0x00,0x00,
    0x00,0x00,0x00,0x00,0x00,0x00,0x00,0x00,0x00,0x00,0x00,0x00,0x00,0x00,0x00,0x00,0x00,0x00,0x00,0x00,0x00,0x00,0x00,0x00,0x00,0x00,0x00,0x00,0x00,0x00,0x00,0x00,
    0x00,0x00,0x00,0x00,0x00,0x00,0x00,0x00,0x00,0x00,0x00,0x00,0x00,0x00,0x00,0x00,0x00,0x00,0x00,0x00,0x00,0x00,0x00,0x00,0x00,0x00,0x00,0x00,0x00,0x00,0x00,0x00,
    0x00,0x00,0x00,0x00,0x00,0x00,0x00,0x00,0x00,0x00,0x00,0x00,0x00,0x00,0x00,0x00,0x00,0x00,0x00,0x00,0x00,0x00,0x00,0x00,0x00,0x00,0x00,0x00,0x00,0x00,0x00,0x00,
    0x00,0x00,0x00,0x00,0x00,0x00,0x00,0x00,0x00,0x00,0x00,0x00,0x00,0x00,0x00,0x00,0x00,0x00,0x00,0x00,0x00,0x00,0x00,0x00,0x00,0x00,0x00,0x00,0x00,0x00,0x00,0x00,
    0x00,0x00,0x00,0x00,0x00,0x00,0x00,0x00,0x00,0x00,0x00,0x00,0x00,0x00,0x00,0x00,0x00,0x00,0x00,0x00,0x00,0x00,0x00,0x00,0x00,0x00,0x00,0x00,0x00,0x00,0x00,0x00,
    0x00,0x00,0x00,0x00,0x00,0x00,0x00,0x00,0x00,0x00,0x00,0x00,0x00,0x00,0x00,0x00,0x00,0x00,0x00,0x00,0x00,0x00,0x00,0x00,0x00,0x00,0x00,0x00,0x00,0x00,0x00,0x00,
    0x00,0x00,0x00,0x00,0x00,0x00,0x00,0x00,0x00,0x00,0x00,0x00,0x00,0x00,0x00,0x00,0x00,0x00,0x00,0x00,0x00,0x00,0x00,0x00,0x00,0x00,0x00,0x00,0x00,0x00,0x00,0x00,
    0x00,0x00,0x00,0x00,0x00,0x00,0x00,0x00,0x00,0x00,0x00,0x00,0x00,0x00,0x00,0x00,0x20,0xb0,0xff,0xff,0x20,0xb0,0xff,0xff,0x20,0xb0,0xff,0xff,0x20,0xb0,0xff,0xff,
    0x20,0xb0,0xff,0xff,0x20,0xb0,0xff,0xff,0x5a,0xc8,0xff,0xff,0x5a,0xc8,0xff,0xff,0x5a,0xc8,0xff,0xff,0x5a,0xc8,0xff,0xff,0x5a,0xc8,0xff,0xff,0x5a,0xc8,0xff,0xff,
    0x5a,0xc8,0xff,0xff,0x5a,0xc8,0xff,0xff,0x5a,0xc8,0xff,0xff,0x5a,0xc8,0xff,0xff,0x5a,0xc8,0xff,0xff,0x5a,0xc8,0xff,0xff,0x5a,0xc8,0xff,0xff,0x5a,0xc8,0xff,0xff,
    0x5a,0xc8,0xff,0xff,0x5a,0xc8,0xff,0xff,0x5a,0xc8,0xff,0xff,0x5a,0xc8,0xff,0xff,0x5a,0xc8,0xff,0xff,0x5a,0xc8,0xff,0xff,0x5a,0xc8,0xff,0xff,0x5a,0xc8,0xff,0xff,
    0x5a,0xc8,0xff,0xff,0x5a,0xc8,0xff,0xff,0x5a,0xc8,0xff,0xff,0x5a,0xc8,0xff,0xff,0x5a,0xc8,0xff,0xff,0x5a,0xc8,0xff,0xff,0x5a,0xc8,0xff,0xff,0x5a,0xc8,0xff,0xff,
    0x5a,0xc8,0xff,0xff,0x5a,0xc8,0xff,0xff,0x5a,0xc8,0xff,0xff,0x5a,0xc8,0xff,0xff,0x5a,0xc8,0xff,0xff,0x5a,0xc8,0xff,0xff,0x5a,0xc8,0xff,0xff,0x5a,0xc8,0xff,0xff,
    0x5a,0xc8,0xff,0xff,0x5a,0xc8,0xff,0xff,0x5a,0xc8,0xff,0xff,0x5a,0xc8,0xff,0xff,0x5a,0xc8,0xff,0xff,0x20,0xb0,0xff,0xff,0x20,0xb0,0xff,0xff,0x20,0xb0,0xff,0xff,
    0x20,0xb0,0xff,0xff,0x20,0xb0,0xff,0xff,0x20,0xb0,0xff,0xff,0x20,0xb0,0xff,0xff,0x20,0xb0,0xff,0xff,0x20,0xb0,0xff,0xff,0x20,0xb0,0xff,0xff,0x20,0xb0,0xff,0xff,
    0x20,0xb0,0xff,0xff,0x20,0xb0,0xff,0xff,0x20,0xb0,0xff,0xff,0x00,0x00,0x00,0x00,0x00,0x00,0x00,0x00,0x00,0x00,0x00,0x00,0x00,0x00,0x00,0x00,0x00,0x00,0x00,0x00,
    0x00,0x00,0x00,0x00,0x00,0x00,0x00,0x00,0x00,0x00,0x00,0x00,0x00,0x00,0x00,0x00,0x00,0x00,0x00,0x00,0x00,0x00,0x00,0x00,0x00,0x00,0x00,0x00,0x00,0x00,0x00,0x00,
    0x00,0x00,0x00,0x00,0x00,0x00,0x00,0x00,0x00,0x00,0x00,0x00,0x00,0x00,0x00,0x00,0x00,0x00,0x00,0x00,0x00,0x00,0x00,0x00,0x00,0x00,0x00,0x00,0x00,0x00,0x00,0x00,
    0x00,0x00,0x00,0x00,0x00,0x00,0x00,0x00,0x00,0x00,0x00,0x00,0x00,0x00,0x00,0x00,0x00,0x00,0x00,0x00,0x00,0x00,0x00,0x00,0x00,0x00,0x00,0x00,0x00,0x00,0x00,0x00,
    0x00,0x00,0x00,0x00,0x00,0x00,0x00,0x00,0x00,0x00,0x00,0x00,0x00,0x00,0x00,0x00,0x00,0x00,0x00,0x00,0x00,0x00,0x00,0x00,0x00,0x00,0x00,0x00,0x00,0x00,0x00,0x00,
    0x00,0x00,0x00,0x00,0x00,0x00,0x00,0x00,0x00,0x00,0x00,0x00,0x00,0x00,0x00,0x00,0x00,0x00,0x00,0x00,0x00,0x00,0x00,0x00,0x00,0x00,0x00,0x00,0x00,0x00,0x00,0x00,
    0x00,0x00,0x00,0x00,0x00,0x00,0x00,0x00,0x00,0x00,0x00,0x00,0x00,0x00,0x00,0x00,0x00,0x00,0x00,0x00,0x00,0x00,0x00,0x00,0x00,0x00,0x00,0x00,0x00,0x00,0x00,0x00,
    0x00,0x00,0x00,0x00,0x00,0x00,0x00,0x00,0x00,0x00,0x00,0x00,0x00,0x00,0x00,0x00,0x00,0x00,0x00,0x00,0x00,0x00,0x00,0x00,0x00,0x00,0x00,0x00,0x00,0x00,0x00,0x00,
    0x00,0x00,0x00,0x00,0x20,0xb0,0xff,0xff,0x20,0xb0,0xff,0xff,0x20,0xb0,0xff,0xff,0x20,0xb0,0xff,0xff,0x20,0xb0,0xff,0xff,0x20,0xb0,0xff,0xff,0x5a,0xc8,0xff,0xff,
    0x5a,0xc8,0xff,0xff,0x5a,0xc8,0xff,0xff,0x5a,0xc8,0xff,0xff,0x5a,0xc8,0xff,0xff,0x5a,0xc8,0xff,0xff,0x5a,0xc8,0xff,0xff,0x5a,0xc8,0xff,0xff,0x5a,0xc8,0xff,0xff,
    0x5a,0xc8,0xff,0xff,0x5a,0xc8,0xff,0xff,0x5a,0xc8,0xff,0xff,0x5a,0xc8,0xff,0xff,0x5a,0xc8,0xff,0xff,0x5a,0xc8,0xff,0xff,0x5a,0xc8,0xff,0xff,0x5a,0xc8,0xff,0xff,
    0x5a,0xc8,0xff,0xff,0x5a,0xc8,0xff,0xff,0x5a,0xc8,0xff,0xff,0x5a,0xc8,0xff,0xff,0x5a,0xc8,0xff,0xff,0x5a,0xc8,0xff,0xff,0x5a,0xc8,0xff,0xff,0x5a,0xc8,0xff,0xff,
    0x5a,0xc8,0xff,0xff,0x5a,0xc8,0xff,0xff,0x5a,0xc8,0xff,0xff,0x5a,0xc8,0xff,0xff,0x5a,0xc8,0xff,0xff,0x5a,0xc8,0xff,0xff,0x5a,0xc8,0xff,0xff,0x5a,0xc8,0xff,0xff,
    0x5a,0xc8,0xff,0xff,0x5a,0xc8,0xff,0xff,0x5a,0xc8,0xff,0xff,0x5a,0xc8,0xff,0xff,0x5a,0xc8,0xff,0xff,0x5a,0xc8,0xff,0xff,0x5a,0xc8,0xff,0xff,0x5a,0xc8,0xff,0xff,
    0x5a,0xc8,0xff,0xff,0x5a,0xc8,0xff,0xff,0x5a,0xc8,0xff,0xff,0x5a,0xc8,0xff,0xff,0x20,0xb0,0xff,0xff,0x20,0xb0,0xff,0xff,0x20,0xb0,0xff,0xff,0x20,0xb0,0xff,0xff,
    0x20,0xb0,0xff,0xff,0x20,0xb0,0xff,0xff,0x20,0xb0,0xff,0xff,0x20,0xb0,0xff,0xff,0x20,0xb0,0xff,0xff,0x20,0xb0,0xff,0xff,0x20,0xb0,0xff,0xff,0x20,0xb0,0xff,0xff,
    0x20,0xb0,0xff,0xff,0x20,0xb0,0xff,0xff,0x00,0x00,0x00,0x00,0x00,0x00,0x00,0x00,0x00,0x00,0x00,0x00,0x00,0x00,0x00,0x00,0x00,0x00,0x00,0x00,0x00,0x00,0x00,0x00,
    0x00,0x00,0x00,0x00,0x00,0x00,0x00,0x00,0x00,0x00,0x00,0x00,0x00,0x00,0x00,0x00,0x00,0x00,0x00,0x00,0x00,0x00,0x00,0x00,0x00,0x00,0x00,0x00,0x00,0x00,0x00,0x00,
    0x00,0x00,0x00,0x00,0x00,0x00,0x00,0x00,0x00,0x00,0x00,0x00,0x00,0x00,0x00,0x00,0x00,0x00,0x00,0x00,0x00,0x00,0x00,0x00,0x00,0x00,0x00,0x00,0x00,0x00,0x00,0x00,
    0x00,0x00,0x00,0x00,0x00,0x00,0x00,0x00,0x00,0x00,0x00,0x00,0x00,0x00,0x00,0x00,0x00,0x00,0x00,0x00,0x00,0x00,0x00,0x00,0x00,0x00,0x00,0x00,0x00,0x00,0x00,0x00,
    0x00,0x00,0x00,0x00,0x00,0x00,0x00,0x00,0x00,0x00,0x00,0x00,0x00,0x00,0x00,0x00,0x00,0x00,0x00,0x00,0x00,0x00,0x00,0x00,0x00,0x00,0x00,0x00,0x00,0x00,0x00,0x00,
    0x00,0x00,0x00,0x00,0x00,0x00,0x00,0x00,0x00,0x00,0x00,0x00,0x00,0x00,0x00,0x00,0x00,0x00,0x00,0x00,0x00,0x00,0x00,0x00,0x00,0x00,0x00,0x00,0x00,0x00,0x00,0x00,
    0x00,0x00,0x00,0x00,0x00,0x00,0x00,0x00,0x00,0x00,0x00,0x00,0x00,0x00,0x00,0x00,0x00,0x00,0x00,0x00,0x00,0x00,0x00,0x00,0x00,0x00,0x00,0x00,0x00,0x00,0x00,0x00,
    0x00,0x00,0x00,0x00,0x00,0x00,0x00,0x00,0x00,0x00,0x00,0x00,0x00,0x00,0x00,0x00,0x00,0x00,0x00,0x00,0x00,0x00,0x00,0x00,0x00,0x00,0x00,0x00,0x20,0xb0,0xff,0xff,
    0x20,0xb0,0xff,0xff,0x20,0xb0,0xff,0xff,0x20,0xb0,0xff,0xff,0x20,0xb0,0xff,0xff,0x20,0xb0,0xff,0xff,0x5a,0xc8,0xff,0xff,0x5a,0xc8,0xff,0xff,0x5a,0xc8,0xff,0xff,
    0x5a,0xc8,0xff,0xff,0x5a,0xc8,0xff,0xff,0x5a,0xc8,0xff,0xff,0x5a,0xc8,0xff,0xff,0x5a,0xc8,0xff,0xff,0x5a,0xc8,0xff,0xff,0x5a,0xc8,0xff,0xff,0x5a,0xc8,0xff,0xff,
    0x5a,0xc8,0xff,0xff,0x5a,0xc8,0xff,0xff,0x5a,0xc8,0xff,0xff,0x5a,0xc8,0xff,0xff,0x5a,0xc8,0xff,0xff,0x5a,0xc8,0xff,0xff,0x5a,0xc8,0xff,0xff,0x5a,0xc8,0xff,0xff,
    0x5a,0xc8,0xff,0xff,0x5a,0xc8,0xff,0xff,0x5a,0xc8,0xff,0xff,0x5a,0xc8,0xff,0xff,0x5a,0xc8,0xff,0xff,0x5a,0xc8,0xff,0xff,0x5a,0xc8,0xff,0xff,0x5a,0xc8,0xff,0xff,
    0x5a,0xc8,0xff,0xff,0x5a,0xc8,0xff,0xff,0x5a,0xc8,0xff,0xff,0x5a,0xc8,0xff,0xff,0x5a,0xc8,0xff,0xff,0x5a,0xc8,0xff,0xff,0x5a,0xc8,0xff,0xff,0x5a,0xc8,0xff,0xff,
    0x5a,0xc8,0xff,0xff,0x5a,0xc8,0xff,0xff,0x5a,0xc8,0xff,0xff,0x5a,0xc8,0xff,0xff,0x5a,0xc8,0xff,0xff,0x5a,0xc8,0xff,0xff,0x5a,0xc8,0xff,0xff,0x5a,0xc8,0xff,0xff,
    0x5a,0xc8,0xff,0xff,0x5a,0xc8,0xff,0xff,0x20,0xb0,0xff,0xff,0x20,0xb0,0xff,0xff,0x20,0xb0,0xff,0xff,0x20,0xb0,0xff,0xff,0x20,0xb0,0xff,0xff,0x20,0xb0,0xff,0xff,
    0x20,0xb0,0xff,0xff,0x20,0xb0,0xff,0xff,0x20,0xb0,0xff,0xff,0x20,0xb0,0xff,0xff,0x20,0xb0,0xff,0xff,0x20,0xb0,0xff,0xff,0x20,0xb0,0xff,0xff,0x20,0xb0,0xff,0xff,
    0x00,0x00,0x00,0x00,0x00,0x00,0x00,0x00,0x00,0x00,0x00,0x00,0x00,0x00,0x00,0x00,0x00,0x00,0x00,0x00,0x00,0x00,0x00,0x00,0x00,0x00,0x00,0x00,0x00,0x00,0x00,0x00,
    0x00,0x00,0x00,0x00,0x00,0x00,0x00,0x00,0x00,0x00,0x00,0x00,0x00,0x00,0x00,0x00,0x00,0x00,0x00,0x00,0x00,0x00,0x00,0x00,0x00,0x00,0x00,0x00,0x00,0x00,0x00,0x00,
    0x00,0x00,0x00,0x00,0x00,0x00,0x00,0x00,0x00,0x00,0x00,0x00,0x00,0x00,0x00,0x00,0x00,0x00,0x00,0x00,0x00,0x00,0x00,0x00,0x00,0x00,0x00,0x00,0x00,0x00,0x00,0x00,
    0x00,0x00,0x00,0x00,0x00,0x00,0x00,0x00,0x00,0x00,0x00,0x00,0x00,0x00,0x00,0x00,0x00,0x00,0x00,0x00,0x00,0x00,0x00,0x00,0x00,0x00,0x00,0x00,0x00,0x00,0x00,0x00,
    0x00,0x00,0x00,0x00,0x00,0x00,0x00,0x00,0x00,0x00,0x00,0x00,0x00,0x00,0x00,0x00,0x00,0x00,0x00,0x00,0x00,0x00,0x00,0x00,0x00,0x00,0x00,0x00,0x00,0x00,0x00,0x00,
    0x00,0x00,0x00,0x00,0x00,0x00,0x00,0x00,0x00,0x00,0x00,0x00,0x00,0x00,0x00,0x00,0x00,0x00,0x00,0x00,0x00,0x00,0x00,0x00,0x00,0x00,0x00,0x00,0x00,0x00,0x00,0x00,
    0x00,0x00,0x00,0x00,0x00,0x00,0x00,0x00,0x00,0x00,0x00,0x00,0x00,0x00,0x00,0x00,0x00,0x00,0x00,0x00,0x00,0x00,0x00,0x00,0x00,0x00,0x00,0x00,0x00,0x00,0x00,0x00,
    0x00,0x00,0x00,0x00,0x00,0x00,0x00,0x00,0x00,0x00,0x00,0x00,0x00,0x00,0x00,0x00,0x00,0x00,0x00,0x00,0x20,0xb0,0xff,0xff,0x20,0xb0,0xff,0xff,0x20,0xb0,0xff,0xff,
    0x20,0xb0,0xff,0xff,0x20,0xb0,0xff,0xff,0x20,0xb0,0xff,0xff,0x5a,0xc8,0xff,0xff,0x5a,0xc8,0xff,0xff,0x5a,0xc8,0xff,0xff,0x5a,0xc8,0xff,0xff,0x5a,0xc8,0xff,0xff,
    0x5a,0xc8,0xff,0xff,0x5a,0xc8,0xff,0xff,0x5a,0xc8,0xff,0xff,0x5a,0xc8,0xff,0xff,0x5a,0xc8,0xff,0xff,0x5a,0xc8,0xff,0xff,0x5a,0xc8,0xff,0xff,0x5a,0xc8,0xff,0xff,
    0x5a,0xc8,0xff,0xff,0x5a,0xc8,0xff,0xff,0x5a,0xc8,0xff,0xff,0x5a,0xc8,0xff,0xff,0x5a,0xc8,0xff,0xff,0x5a,0xc8,0xff,0xff,0x5a,0xc8,0xff,0xff,0x5a,0xc8,0xff,0xff,
    0x5a,0xc8,0xff,0xff,0x5a,0xc8,0xff,0xff,0x5a,0xc8,0xff,0xff,0x5a,0xc8,0xff,0xff,0x5a,0xc8,0xff,0xff,0x5a,0xc8,0xff,0xff,0x5a,0xc8,0xff,0xff,0x5a,0xc8,0xff,0xff,
    0x5a,0xc8,0xff,0xff,0x5a,0xc8,0xff,0xff,0x5a,0xc8,0xff,0xff,0x5a,0xc8,0xff,0xff,0x5a,0xc8,0xff,0xff,0x5a,0xc8,0xff,0xff,0x5a,0xc8,0xff,0xff,0x5a,0xc8,0xff,0xff,
    0x5a,0xc8,0xff,0xff,0x5a,0xc8,0xff,0xff,0x5a,0xc8,0xff,0xff,0x5a,0xc8,0xff,0xff,0x5a,0xc8,0xff,0xff,0x5a,0xc8,0xff,0xff,0x5a,0xc8,0xff,0xff,0x5a,0xc8,0xff,0xff,
    0x20,0xb0,0xff,0xff,0x20,0xb0,0xff,0xff,0x20,0xb0,0xff,0xff,0x20,0xb0,0xff,0xff,0x20,0xb0,0xff,0xff,0x20,0xb0,0xff,0xff,0x20,0xb0,0xff,0xff,0x20,0xb0,0xff,0xff,
    0x20,0xb0,0xff,0xff,0x20,0xb0,0xff,0xff,0x20,0xb0,0xff,0xff,0x20,0xb0,0xff,0xff,0x20,0xb0,0xff,0xff,0x20,0xb0,0xff,0xff,0x00,0x00,0x00,0x00,0x00,0x00,0x00,0x00,
    0x00,0x00,0x00,0x00,0x00,0x00,0x00,0x00,0x00,0x00,0x00,0x00,0x00,0x00,0x00,0x00,0x00,0x00,0x00,0x00,0x00,0x00,0x00,0x00,0x00,0x00,0x00,0x00,0x00,0x00,0x00,0x00,
    0x00,0x00,0x00,0x00,0x00,0x00,0x00,0x00,0x00,0x00,0x00,0x00,0x00,0x00,0x00,0x00,0x00,0x00,0x00,0x00,0x00,0x00,0x00,0x00,0x00,0x00,0x00,0x00,0x00,0x00,0x00,0x00,
    0x00,0x00,0x00,0x00,0x00,0x00,0x00,0x00,0x00,0x00,0x00,0x00,0x00,0x00,0x00,0x00,0x00,0x00,0x00,0x00,0x00,0x00,0x00,0x00,0x00,0x00,0x00,0x00,0x00,0x00,0x00,0x00,
    0x00,0x00,0x00,0x00,0x00,0x00,0x00,0x00,0x00,0x00,0x00,0x00,0x00,0x00,0x00,0x00,0x00,0x00,0x00,0x00,0x00,0x00,0x00,0x00,0x00,0x00,0x00,0x00,0x00,0x00,0x00,0x00,
    0x00,0x00,0x00,0x00,0x00,0x00,0x00,0x00,0x00,0x00,0x00,0x00,0x00,0x00,0x00,0x00,0x00,0x00,0x00,0x00,0x00,0x00,0x00,0x00,0x00,0x00,0x00,0x00,0x00,0x00,0x00,0x00,
    0x00,0x00,0x00,0x00,0x00,0x00,0x00,0x00,0x00,0x00,0x00,0x00,0x00,0x00,0x00,0x00,0x00,0x00,0x00,0x00,0x00,0x00,0x00,0x00,0x00,0x00,0x00,0x00,0x00,0x00,0x00,0x00,
    0x00,0x00,0x00,0x00,0x00,0x00,0x00,0x00,0x00,0x00,0x00,0x00,0x00,0x00,0x00,0x00,0x00,0x00,0x00,0x00,0x00,0x00,0x00,0x00,0x00,0x00,0x00,0x00,0x00,0x00,0x00,0x00,
    0x00,0x00,0x00,0x00,0x00,0x00,0x00,0x00,0x20,0xb0,0xff,0xff,0x20,0xb0,0xff,0xff,0x20,0xb0,0xff,0xff,0x20,0xb0,0xff,0xff,0x20,0xb0,0xff,0xff,0x20,0xb0,0xff,0xff,
    0x20,0xb0,0xff,0xff,0x5a,0xc8,0xff,0xff,0x5a,0xc8,0xff,0xff,0x5a,0xc8,0xff,0xff,0x5a,0xc8,0xff,0xff,0x5a,0xc8,0xff,0xff,0x5a,0xc8,0xff,0xff,0x5a,0xc8,0xff,0xff,
    0x5a,0xc8,0xff,0xff,0x5a,0xc8,0xff,0xff,0x5a,0xc8,0xff,0xff,0x5a,0xc8,0xff,0xff,0x5a,0xc8,0xff,0xff,0x5a,0xc8,0xff,0xff,0x5a,0xc8,0xff,0xff,0x5a,0xc8,0xff,0xff,
    0x5a,0xc8,0xff,0xff,0x5a,0xc8,0xff,0xff,0x5a,0xc8,0xff,0xff,0x5a,0xc8,0xff,0xff,0x5a,0xc8,0xff,0xff,0x5a,0xc8,0xff,0xff,0x5a,0xc8,0xff,0xff,0x5a,0xc8,0xff,0xff,
    0x5a,0xc8,0xff,0xff,0x5a,0xc8,0xff,0xff,0x5a,0xc8,0xff,0xff,0x5a,0xc8,0xff,0xff,0x5a,0xc8,0xff,0xff,0x5a,0xc8,0xff,0xff,0x5a,0xc8,0xff,0xff,0x5a,0xc8,0xff,0xff,
    0x5a,0xc8,0xff,0xff,0x5a,0xc8,0xff,0xff,0x5a,0xc8,0xff,0xff,0x5a,0xc8,0xff,0xff,0x5a,0xc8,0xff,0xff,0x5a,0xc8,0xff,0xff,0x5a,0xc8,0xff,0xff,0x5a,0xc8,0xff,0xff,
    0x5a,0xc8,0xff,0xff,0x5a,0xc8,0xff,0xff,0x5a,0xc8,0xff,0xff,0x5a,0xc8,0xff,0xff,0x5a,0xc8,0xff,0xff,0x5a,0xc8,0xff,0xff,0x20,0xb0,0xff,0xff,0x20,0xb0,0xff,0xff,
    0x20,0xb0,0xff,0xff,0x20,0xb0,0xff,0xff,0x20,0xb0,0xff,0xff,0x20,0xb0,0xff,0xff,0x20,0xb0,0xff,0xff,0x20,0xb0,0xff,0xff,0x20,0xb0,0xff,0xff,0x20,0xb0,0xff,0xff,
    0x20,0xb0,0xff,0xff,0x20,0xb0,0xff,0xff,0x20,0xb0,0xff,0xff,0x20,0xb0,0xff,0xff,0x20,0xb0,0xff,0xff,0x00,0x00,0x00,0x00,0x00,0x00,0x00,0x00,0x00,0x00,0x00,0x00,
    0x00,0x00,0x00,0x00,0x00,0x00,0x00,0x00,0x00,0x00,0x00,0x00,0x00,0x00,0x00,0x00,0x00,0x00,0x00,0x00,0x00,0x00,0x00,0x00,0x00,0x00,0x00,0x00,0x00,0x00,0x00,0x00,
    0x00,0x00,0x00,0x00,0x00,0x00,0x00,0x00,0x00,0x00,0x00,0x00,0x00,0x00,0x00,0x00,0x00,0x00,0x00,0x00,0x00,0x00,0x00,0x00,0x00,0x00,0x00,0x00,0x00,0x00,0x00,0x00,
    0x00,0x00,0x00,0x00,0x00,0x00,0x00,0x00,0x00,0x00,0x00,0x00,0x00,0x00,0x00,0x00,0x00,0x00,0x00,0x00,0x00,0x00,0x00,0x00,0x00,0x00,0x00,0x00,0x00,0x00,0x00,0x00,
    0x00,0x00,0x00,0x00,0x00,0x00,0x00,0x00,0x00,0x00,0x00,0x00,0x00,0x00,0x00,0x00,0x00,0x00,0x00,0x00,0x00,0x00,0x00,0x00,0x00,0x00,0x00,0x00,0x00,0x00,0x00,0x00,
    0x00,0x00,0x00,0x00,0x00,0x00,0x00,0x00,0x00,0x00,0x00,0x00,0x00,0x00,0x00,0x00,0x00,0x00,0x00,0x00,0x00,0x00,0x00,0x00,0x00,0x00,0x00,0x00,0x00,0x00,0x00,0x00,
    0x00,0x00,0x00,0x00,0x00,0x00,0x00,0x00,0x00,0x00,0x00,0x00,0x00,0x00,0x00,0x00,0x00,0x00,0x00,0x00,0x00,0x00,0x00,0x00,0x00,0x00,0x00,0x00,0x00,0x00,0x00,0x00,
    0x00,0x00,0x00,0x00,0x00,0x00,0x00,0x00,0x00,0x00,0x00,0x00,0x00,0x00,0x00,0x00,0x00,0x00,0x00,0x00,0x00,0x00,0x00,0x00,0x00,0x00,0x00,0x00,0x00,0x00,0x00,0x00,
    0x20,0xb0,0xff,0xff,0x20,0xb0,0xff,0xff,0x20,0xb0,0xff,0xff,0x20,0xb0,0xff,0xff,0x20,0xb0,0xff,0xff,0x20,0xb0,0xff,0xff,0x20,0xb0,0xff,0xff,0x5a,0xc8,0xff,0xff,
    0x5a,0xc8,0xff,0xff,0x5a,0xc8,0xff,0xff,0x5a,0xc8,0xff,0xff,0x5a,0xc8,0xff,0xff,0x5a,0xc8,0xff,0xff,0x5a,0xc8,0xff,0xff,0x5a,0xc8,0xff,0xff,0x5a,0xc8,0xff,0xff,
    0x5a,0xc8,0xff,0xff,0x5a,0xc8,0xff,0xff,0x5a,0xc8,0xff,0xff,0x5a,0xc8,0xff,0xff,0x5a,0xc8,0xff,0xff,0x5a,0xc8,0xff,0xff,0x5a,0xc8,0xff,0xff,0x5a,0xc8,0xff,0xff,
    0x5a,0xc8,0xff,0xff,0x5a,0xc8,0xff,0xff,0x5a,0xc8,0xff,0xff,0x5a,0xc8,0xff,0xff,0x5a,0xc8,0xff,0xff,0x5a,0xc8,0xff,0xff,0x5a,0xc8,0xff,0xff,0x5a,0xc8,0xff,0xff,
    0x5a,0xc8,0xff,0xff,0x5a,0xc8,0xff,0xff,0x5a,0xc8,0xff,0xff,0x5a,0xc8,0xff,0xff,0x5a,0xc8,0xff,0xff,0x5a,0xc8,0xff,0xff,0x5a,0xc8,0xff,0xff,0x5a,0xc8,0xff,0xff,
    0x5a,0xc8,0xff,0xff,0x5a,0xc8,0xff,0xff,0x5a,0xc8,0xff,0xff,0x5a,0xc8,0xff,0xff,0x5a,0xc8,0xff,0xff,0x5a,0xc8,0xff,0xff,0x5a,0xc8,0xff,0xff,0x5a,0xc8,0xff,0xff,
    0x5a,0xc8,0xff,0xff,0x5a,0xc8,0xff,0xff,0x5a,0xc8,0xff,0xff,0x5a,0xc8,0xff,0xff,0x20,0xb0,0xff,0xff,0x20,0xb0,0xff,0xff,0x20,0xb0,0xff,0xff,0x20,0xb0,0xff,0xff,
    0x20,0xb0,0xff,0xff,0x20,0xb0,0xff,0xff,0x20,0xb0,0xff,0xff,0x20,0xb0,0xff,0xff,0x20,0xb0,0xff,0xff,0x20,0xb0,0xff,0xff,0x20,0xb0,0xff,0xff,0x20,0xb0,0xff,0xff,
    0x20,0xb0,0xff,0xff,0x20,0xb0,0xff,0xff,0x20,0xb0,0xff,0xff,0x00,0x00,0x00,0x00,0x00,0x00,0x00,0x00,0x00,0x00,0x00,0x00,0x00,0x00,0x00,0x00,0x00,0x00,0x00,0x00,
    0x00,0x00,0x00,0x00,0x00,0x00,0x00,0x00,0x00,0x00,0x00,0x00,0x00,0x00,0x00,0x00,0x00,0x00,0x00,0x00,0x00,0x00,0x00,0x00,0x00,0x00,0x00,0x00,0x00,0x00,0x00,0x00,
    0x00,0x00,0x00,0x00,0x00,0x00,0x00,0x00,0x00,0x00,0x00,0x00,0x00,0x00,0x00,0x00,0x00,0x00,0x00,0x00,0x00,0x00,0x00,0x00,0x00,0x00,0x00,0x00,0x00,0x00,0x00,0x00,
    0x00,0x00,0x00,0x00,0x00,0x00,0x00,0x00,0x00,0x00,0x00,0x00,0x00,0x00,0x00,0x00,0x00,0x00,0x00,0x00,0x00,0x00,0x00,0x00,0x00,0x00,0x00,0x00,0x00,0x00,0x00,0x00,
    0x00,0x00,0x00,0x00,0x00,0x00,0x00,0x00,0x00,0x00,0x00,0x00,0x00,0x00,0x00,0x00,0x00,0x00,0x00,0x00,0x00,0x00,0x00,0x00,0x00,0x00,0x00,0x00,0x00,0x00,0x00,0x00,
    0x00,0x00,0x00,0x00,0x00,0x00,0x00,0x00,0x00,0x00,0x00,0x00,0x00,0x00,0x00,0x00,0x00,0x00,0x00,0x00,0x00,0x00,0x00,0x00,0x00,0x00,0x00,0x00,0x00,0x00,0x00,0x00,
    0x00,0x00,0x00,0x00,0x00,0x00,0x00,0x00,0x00,0x00,0x00,0x00,0x00,0x00,0x00,0x00,0x00,0x00,0x00,0x00,0x00,0x00,0x00,0x00,0x00,0x00,0x00,0x00,0x00,0x00,0x00,0x00,
    0x00,0x00,0x00,0x00,0x00,0x00,0x00,0x00,0x00,0x00,0x00,0x00,0x00,0x00,0x00,0x00,0x00,0x00,0x00,0x00,0x00,0x00,0x00,0x00,0x20,0xb0,0xff,0xff,0x20,0xb0,0xff,0xff,
    0x20,0xb0,0xff,0xff,0x20,0xb0,0xff,0xff,0x20,0xb0,0xff,0xff,0x20,0xb0,0xff,0xff,0x20,0xb0,0xff,0xff,0x5a,0xc8,0xff,0xff,0x5a,0xc8,0xff,0xff,0x5a,0xc8,0xff,0xff,
    0x5a,0xc8,0xff,0xff,0x5a,0xc8,0xff,0xff,0x5a,0xc8,0xff,0xff,0x5a,0xc8,0xff,0xff,0x5a,0xc8,0xff,0xff,0x5a,0xc8,0xff,0xff,0x5a,0xc8,0xff,0xff,0x5a,0xc8,0xff,0xff,
    0x5a,0xc8,0xff,0xff,0x5a,0xc8,0xff,0xff,0x5a,0xc8,0xff,0xff,0x5a,0xc8,0xff,0xff,0x5a,0xc8,0xff,0xff,0x5a,0xc8,0xff,0xff,0x5a,0xc8,0xff,0xff,0x5a,0xc8,0xff,0xff,
    0x5a,0xc8,0xff,0xff,0x5a,0xc8,0xff,0xff,0x5a,0xc8,0xff,0xff,0x5a,0xc8,0xff,0xff,0x5a,0xc8,0xff,0xff,0x5a,0xc8,0xff,0xff,0x5a,0xc8,0xff,0xff,0x5a,0xc8,0xff,0xff,
    0x5a,0xc8,0xff,0xff,0x5a,0xc8,0xff,0xff,0x5a,0xc8,0xff,0xff,0x5a,0xc8,0xff,0xff,0x5a,0xc8,0xff,0xff,0x5a,0xc8,0xff,0xff,0x5a,0xc8,0xff,0xff,0x5a,0xc8,0xff,0xff,
    0x5a,0xc8,0xff,0xff,0x5a,0xc8,0xff,0xff,0x5a,0xc8,0xff,0xff,0x5a,0xc8,0xff,0xff,0x5a,0xc8,0xff,0xff,0x5a,0xc8,0xff,0xff,0x5a,0xc8,0xff,0xff,0x5a,0xc8,0xff,0xff,
    0x5a,0xc8,0xff,0xff,0x5a,0xc8,0xff,0xff,0x20,0xb0,0xff,0xff,0x20,0xb0,0xff,0xff,0x20,0xb0,0xff,0xff,0x20,0xb0,0xff,0xff,0x20,0xb0,0xff,0xff,0x20,0xb0,0xff,0xff,
    0x20,0xb0,0xff,0xff,0x20,0xb0,0xff,0xff,0x20,0xb0,0xff,0xff,0x20,0xb0,0xff,0xff,0x20,0xb0,0xff,0xff,0x20,0xb0,0xff,0xff,0x20,0xb0,0xff,0xff,0x20,0xb0,0xff,0xff,
    0x20,0xb0,0xff,0xff,0x00,0x00,0x00,0x00,0x00,0x00,0x00,0x00,0x00,0x00,0x00,0x00,0x00,0x00,0x00,0x00,0x00,0x00,0x00,0x00,0x00,0x00,0x00,0x00,0x00,0x00,0x00,0x00,
    0x00,0x00,0x00,0x00,0x00,0x00,0x00,0x00,0x00,0x00,0x00,0x00,0x00,0x00,0x00,0x00,0x00,0x00,0x00,0x00,0x00,0x00,0x00,0x00,0x00,0x00,0x00,0x00,0x00,0x00,0x00,0x00,
    0x00,0x00,0x00,0x00,0x00,0x00,0x00,0x00,0x00,0x00,0x00,0x00,0x00,0x00,0x00,0x00,0x00,0x00,0x00,0x00,0x00,0x00,0x00,0x00,0x00,0x00,0x00,0x00,0x00,0x00,0x00,0x00,
    0x00,0x00,0x00,0x00,0x00,0x00,0x00,0x00,0x00,0x00,0x00,0x00,0x00,0x00,0x00,0x00,0x00,0x00,0x00,0x00,0x00,0x00,0x00,0x00,0x00,0x00,0x00,0x00,0x00,0x00,0x00,0x00,
    0x00,0x00,0x00,0x00,0x00,0x00,0x00,0x00,0x00,0x00,0x00,0x00,0x00,0x00,0x00,0x00,0x00,0x00,0x00,0x00,0x00,0x00,0x00,0x00,0x00,0x00,0x00,0x00,0x00,0x00,0x00,0x00,
    0x00,0x00,0x00,0x00,0x00,0x00,0x00,0x00,0x00,0x00,0x00,0x00,0x00,0x00,0x00,0x00,0x00,0x00,0x00,0x00,0x00,0x00,0x00,0x00,0x00,0x00,0x00,0x00,0x00,0x00,0x00,0x00,
    0x00,0x00,0x00,0x00,0x00,0x00,0x00,0x00,0x00,0x00,0x00,0x00,0x00,0x00,0x00,0x00,0x00,0x00,0x00,0x00,0x00,0x00,0x00,0x00,0x00,0x00,0x00,0x00,0x00,0x00,0x00,0x00,
    0x00,0x00,0x00,0x00,0x00,0x00,0x00,0x00,0x00,0x00,0x00,0x00,0x00,0x00,0x00,0x00,0x20,0xb0,0xff,0xff,0x20,0xb0,0xff,0xff,0x20,0xb0,0xff,0xff,0x20,0xb0,0xff,0xff,
    0x20,0xb0,0xff,0xff,0x20,0xb0,0xff,0xff,0x20,0xb0,0xff,0xff,0x5a,0xc8,0xff,0xff,0x5a,0xc8,0xff,0xff,0x5a,0xc8,0xff,0xff,0x5a,0xc8,0xff,0xff,0x5a,0xc8,0xff,0xff,
    0x5a,0xc8,0xff,0xff,0x5a,0xc8,0xff,0xff,0x5a,0xc8,0xff,0xff,0x5a,0xc8,0xff,0xff,0x5a,0xc8,0xff,0xff,0x5a,0xc8,0xff,0xff,0x5a,0xc8,0xff,0xff,0x5a,0xc8,0xff,0xff,
    0x5a,0xc8,0xff,0xff,0x5a,0xc8,0xff,0xff,0x5a,0xc8,0xff,0xff,0x5a,0xc8,0xff,0xff,0x5a,0xc8,0xff,0xff,0x5a,0xc8,0xff,0xff,0x5a,0xc8,0xff,0xff,0x5a,0xc8,0xff,0xff,
    0x5a,0xc8,0xff,0xff,0x5a,0xc8,0xff,0xff,0x5a,0xc8,0xff,0xff,0x5a,0xc8,0xff,0xff,0x5a,0xc8,0xff,0xff,0x5a,0xc8,0xff,0xff,0x5a,0xc8,0xff,0xff,0x5a,0xc8,0xff,0xff,
    0x5a,0xc8,0xff,0xff,0x5a,0xc8,0xff,0xff,0x5a,0xc8,0xff,0xff,0x5a,0xc8,0xff,0xff,0x5a,0xc8,0xff,0xff,0x5a,0xc8,0xff,0xff,0x5a,0xc8,0xff,0xff,0x5a,0xc8,0xff,0xff,
    0x5a,0xc8,0xff,0xff,0x5a,0xc8,0xff,0xff,0x5a,0xc8,0xff,0xff,0x5a,0xc8,0xff,0xff,0x5a,0xc8,0xff,0xff,0x5a,0xc8,0xff,0xff,0x5a,0xc8,0xff,0xff,0x5a,0xc8,0xff,0xff,
    0x20,0xb0,0xff,0xff,0x20,0xb0,0xff,0xff,0x20,0xb0,0xff,0xff,0x20,0xb0,0xff,0xff,0x20,0xb0,0xff,0xff,0x20,0xb0,0xff,0xff,0x20,0xb0,0xff,0xff,0x20,0xb0,0xff,0xff,
    0x20,0xb0,0xff,0xff,0x20,0xb0,0xff,0xff,0x20,0xb0,0xff,0xff,0x20,0xb0,0xff,0xff,0x20,0xb0,0xff,0xff,0x20,0xb0,0xff,0xff,0x20,0xb0,0xff,0xff,0x00,0x00,0x00,0x00,
    0x00,0x00,0x00,0x00,0x00,0x00,0x00,0x00,0x00,0x00,0x00,0x00,0x00,0x00,0x00,0x00,0x00,0x00,0x00,0x00,0x00,0x00,0x00,0x00,0x00,0x00,0x00,0x00,0x00,0x00,0x00,0x00,
    0x00,0x00,0x00,0x00,0x00,0x00,0x00,0x00,0x00,0x00,0x00,0x00,0x00,0x00,0x00,0x00,0x00,0x00,0x00,0x00,0x00,0x00,0x00,0x00,0x00,0x00,0x00,0x00,0x00,0x00,0x00,0x00,
    0x00,0x00,0x00,0x00,0x00,0x00,0x00,0x00,0x00,0x00,0x00,0x00,0x00,0x00,0x00,0x00,0x00,0x00,0x00,0x00,0x00,0x00,0x00,0x00,0x00,0x00,0x00,0x00,0x00,0x00,0x00,0x00,
    0x00,0x00,0x00,0x00,0x00,0x00,0x00,0x00,0x00,0x00,0x00,0x00,0x00,0x00,0x00,0x00,0x00,0x00,0x00,0x00,0x00,0x00,0x00,0x00,0x00,0x00,0x00,0x00,0x00,0x00,0x00,0x00,
    0x00,0x00,0x00,0x00,0x00,0x00,0x00,0x00,0x00,0x00,0x00,0x00,0x00,0x00,0x00,0x00,0x00,0x00,0x00,0x00,0x00,0x00,0x00,0x00,0x00,0x00,0x00,0x00,0x00,0x00,0x00,0x00,
    0x00,0x00,0x00,0x00,0x00,0x00,0x00,0x00,0x00,0x00,0x00,0x00,0x00,0x00,0x00,0x00,0x00,0x00,0x00,0x00,0x00,0x00,0x00,0x00,0x00,0x00,0x00,0x00,0x00,0x00,0x00,0x00,
    0x00,0x00,0x00,0x00,0x00,0x00,0x00,0x00,0x00,0x00,0x00,0x00,0x00,0x00,0x00,0x00,0x00,0x00,0x00,0x00,0x00,0x00,0x00,0x00,0x00,0x00,0x00,0x00,0x00,0x00,0x00,0x00,
    0x00,0x00,0x00,0x00,0x20,0xb0,0xff,0xff,0x20,0xb0,0xff,0xff,0x20,0xb0,0xff,0xff,0x20,0xb0,0xff,0xff,0x20,0xb0,0xff,0xff,0x20,0xb0,0xff,0xff,0x20,0xb0,0xff,0xff,
    0x20,0xb0,0xff,0xff,0x5a,0xc8,0xff,0xff,0x5a,0xc8,0xff,0xff,0x5a,0xc8,0xff,0xff,0x5a,0xc8,0xff,0xff,0x5a,0xc8,0xff,0xff,0x5a,0xc8,0xff,0xff,0x5a,0xc8,0xff,0xff,
    0x5a,0xc8,0xff,0xff,0x5a,0xc8,0xff,0xff,0x5a,0xc8,0xff,0xff,0x5a,0xc8,0xff,0xff,0x5a,0xc8,0xff,0xff,0x5a,0xc8,0xff,0xff,0x5a,0xc8,0xff,0xff,0x5a,0xc8,0xff,0xff,
    0x5a,0xc8,0xff,0xff,0x5a,0xc8,0xff,0xff,0x5a,0xc8,0xff,0xff,0x5a,0xc8,0xff,0xff,0x5a,0xc8,0xff,0xff,0x5a,0xc8,0xff,0xff,0x5a,0xc8,0xff,0xff,0x5a,0xc8,0xff,0xff,
    0x5a,0xc8,0xff,0xff,0x5a,0xc8,0xff,0xff,0x5a,0xc8,0xff,0xff,0x5a,0xc8,0xff,0xff,0x5a,0xc8,0xff,0xff,0x5a,0xc8,0xff,0xff,0x5a,0xc8,0xff,0xff,0x5a,0xc8,0xff,0xff,
    0x5a,0xc8,0xff,0xff,0x5a,0xc8,0xff,0xff,0x5a,0xc8,0xff,0xff,0x5a,0xc8,0xff,0xff,0x5a,0xc8,0xff,0xff,0x5a,0xc8,0xff,0xff,0x5a,0xc8,0xff,0xff,0x5a,0xc8,0xff,0xff,
    0x5a,0xc8,0xff,0xff,0x5a,0xc8,0xff,0xff,0x5a,0xc8,0xff,0xff,0x5a,0xc8,0xff,0xff,0x5a,0xc8,0xff,0xff,0x5a,0xc8,0xff,0xff,0x20,0xb0,0xff,0xff,0x20,0xb0,0xff,0xff,
    0x20,0xb0,0xff,0xff,0x20,0xb0,0xff,0xff,0x20,0xb0,0xff,0xff,0x20,0xb0,0xff,0xff,0x20,0xb0,0xff,0xff,0x20,0xb0,0xff,0xff,0x20,0xb0,0xff,0xff,0x20,0xb0,0xff,0xff,
    0x20,0xb0,0xff,0xff,0x20,0xb0,0xff,0xff,0x20,0xb0,0xff,0xff,0x20,0xb0,0xff,0xff,0x20,0xb0,0xff,0xff,0x20,0xb0,0xff,0xff,0x00,0x00,0x00,0x00,0x00,0x00,0x00,0x00,
    0x00,0x00,0x00,0x00,0x00,0x00,0x00,0x00,0x00,0x00,0x00,0x00,0x00,0x00,0x00,0x00,0x00,0x00,0x00,0x00,0x00,0x00,0x00,0x00,0x00,0x00,0x00,0x00,0x00,0x00,0x00,0x00,
    0x00,0x00,0x00,0x00,0x00,0x00,0x00,0x00,0x00,0x00,0x00,0x00,0x00,0x00,0x00,0x00,0x00,0x00,0x00,0x00,0x00,0x00,0x00,0x00,0x00,0x00,0x00,0x00,0x00,0x00,0x00,0x00,
    0x00,0x00,0x00,0x00,0x00,0x00,0x00,0x00,0x00,0x00,0x00,0x00,0x00,0x00,0x00,0x00,0x00,0x00,0x00,0x00,0x00,0x00,0x00,0x00,0x00,0x00,0x00,0x00,0x00,0x00,0x00,0x00,
    0x00,0x00,0x00,0x00,0x00,0x00,0x00,0x00,0x00,0x00,0x00,0x00,0x00,0x00,0x00,0x00,0x00,0x00,0x00,0x00,0x00,0x00,0x00,0x00,0x00,0x00,0x00,0x00,0x00,0x00,0x00,0x00,
    0x00,0x00,0x00,0x00,0x00,0x00,0x00,0x00,0x00,0x00,0x00,0x00,0x00,0x00,0x00,0x00,0x00,0x00,0x00,0x00,0x00,0x00,0x00,0x00,0x00,0x00,0x00,0x00,0x00,0x00,0x00,0x00,
    0x00,0x00,0x00,0x00,0x00,0x00,0x00,0x00,0x00,0x00,0x00,0x00,0x00,0x00,0x00,0x00,0x00,0x00,0x00,0x00,0x00,0x00,0x00,0x00,0x00,0x00,0x00,0x00,0x00,0x00,0x00,0x00,
    0x00,0x00,0x00,0x00,0x00,0x00,0x00,0x00,0x00,0x00,0x00,0x00,0x00,0x00,0x00,0x00,0x00,0x00,0x00,0x00,0x00,0x00,0x00,0x00,0x00,0x00,0x00,0x00,0x20,0xb0,0xff,0xff,
    0x20,0xb0,0xff,0xff,0x20,0xb0,0xff,0xff,0x20,0xb0,0xff,0xff,0x20,0xb0,0xff,0xff,0x20,0xb0,0xff,0xff,0x20,0xb0,0xff,0xff,0x20,0xb0,0xff,0xff,0x5a,0xc8,0xff,0xff,
    0x5a,0xc8,0xff,0xff,0x5a,0xc8,0xff,0xff,0x5a,0xc8,0xff,0xff,0x5a,0xc8,0xff,0xff,0x5a,0xc8,0xff,0xff,0x5a,0xc8,0xff,0xff,0x5a,0xc8,0xff,0xff,0x5a,0xc8,0xff,0xff,
    0x5a,0xc8,0xff,0xff,0x5a,0xc8,0xff,0xff,0x5a,0xc8,0xff,0xff,0x5a,0xc8,0xff,0xff,0x5a,0xc8,0xff,0xff,0x5a,0xc8,0xff,0xff,0x5a,0xc8,0xff,0xff,0x5a,0xc8,0xff,0xff,
    0x5a,0xc8,0xff,0xff,0x5a,0xc8,0xff,0xff,0x5a,0xc8,0xff,0xff,0x5a,0xc8,0xff,0xff,0x5a,0xc8,0xff,0xff,0x5a,0xc8,0xff,0xff,0x5a,0xc8,0xff,0xff,0x5a,0xc8,0xff,0xff,
    0x5a,0xc8,0xff,0xff,0x5a,0xc8,0xff,0xff,0x5a,0xc8,0xff,0xff,0x5a,0xc8,0xff,0xff,0x5a,0xc8,0xff,0xff,0x5a,0xc8,0xff,0xff,0x5a,0xc8,0xff,0xff,0x5a,0xc8,0xff,0xff,
    0x5a,0xc8,0xff,0xff,0x5a,0xc8,0xff,0xff,0x5a,0xc8,0xff,0xff,0x5a,0xc8,0xff,0xff,0x5a,0xc8,0xff,0xff,0x5a,0xc8,0xff,0xff,0x5a,0xc8,0xff,0xff,0x5a,0xc8,0xff,0xff,
    0x5a,0xc8,0xff,0xff,0x5a,0xc8,0xff,0xff,0x5a,0xc8,0xff,0xff,0x5a,0xc8,0xff,0xff,0x20,0xb0,0xff,0xff,0x20,0xb0,0xff,0xff,0x20,0xb0,0xff,0xff,0x20,0xb0,0xff,0xff,
    0x20,0xb0,0xff,0xff,0x20,0xb0,0xff,0xff,0x20,0xb0,0xff,0xff,0x20,0xb0,0xff,0xff,0x20,0xb0,0xff,0xff,0x20,0xb0,0xff,0xff,0x20,0xb0,0xff,0xff,0x20,0xb0,0xff,0xff,
    0x20,0xb0,0xff,0xff,0x20,0xb0,0xff,0xff,0x20,0xb0,0xff,0xff,0x20,0xb0,0xff,0xff,0x00,0x00,0x00,0x00,0x00,0x00,0x00,0x00,0x00,0x00,0x00,0x00,0x00,0x00,0x00,0x00,
    0x00,0x00,0x00,0x00,0x00,0x00,0x00,0x00,0x00,0x00,0x00,0x00,0x00,0x00,0x00,0x00,0x00,0x00,0x00,0x00,0x00,0x00,0x00,0x00,0x00,0x00,0x00,0x00,0x00,0x00,0x00,0x00,
    0x00,0x00,0x00,0x00,0x00,0x00,0x00,0x00,0x00,0x00,0x00,0x00,0x00,0x00,0x00,0x00,0x00,0x00,0x00,0x00,0x00,0x00,0x00,0x00,0x00,0x00,0x00,0x00,0x00,0x00,0x00,0x00,
    0x00,0x00,0x00,0x00,0x00,0x00,0x00,0x00,0x00,0x00,0x00,0x00,0x00,0x00,0x00,0x00,0x00,0x00,0x00,0x00,0x00,0x00,0x00,0x00,0x00,0x00,0x00,0x00,0x00,0x00,0x00,0x00,
    0x00,0x00,0x00,0x00,0x00,0x00,0x00,0x00,0x00,0x00,0x00,0x00,0x00,0x00,0x00,0x00,0x00,0x00,0x00,0x00,0x00,0x00,0x00,0x00,0x00,0x00,0x00,0x00,0x20,0xb0,0xff,0xff,
    0x20,0xb0,0xff,0xff,0x20,0xb0,0xff,0xff,0x20,0xb0,0xff,0xff,0x20,0xb0,0xff,0xff,0x20,0xb0,0xff,0xff,0x20,0xb0,0xff,0xff,0x20,0xb0,0xff,0xff,0x20,0xb0,0xff,0xff,
    0x20,0xb0,0xff,0xff,0x20,0xb0,0xff,0xff,0x20,0xb0,0xff,0xff,0x20,0xb0,0xff,0xff,0x20,0xb0,0xff,0xff,0x20,0xb0,0xff,0xff,0x20,0xb0,0xff,0xff,0x20,0xb0,0xff,0xff,
    0x00,0x00,0x00,0x00,0x00,0x00,0x00,0x00,0x00,0x00,0x00,0x00,0x00,0x00,0x00,0x00,0x00,0x00,0x00,0x00,0x20,0xb0,0xff,0xff,0x20,0xb0,0xff,0xff,0x20,0xb0,0xff,0xff,
    0x20,0xb0,0xff,0xff,0x20,0xb0,0xff,0xff,0x20,0xb0,0xff,0xff,0x20,0xb0,0xff,0xff,0x20,0xb0,0xff,0xff,0x20,0xb0,0xff,0xff,0x5a,0xc8,0xff,0xff,0x5a,0xc8,0xff,0xff,
    0x5a,0xc8,0xff,0xff,0x5a,0xc8,0xff,0xff,0x5a,0xc8,0xff,0xff,0x5a,0xc8,0xff,0xff,0x5a,0xc8,0xff,0xff,0x5a,0xc8,0xff,0xff,0x5a,0xc8,0xff,0xff,0x5a,0xc8,0xff,0xff,
    0x5a,0xc8,0xff,0xff,0x5a,0xc8,0xff,0xff,0x5a,0xc8,0xff,0xff,0x5a,0xc8,0xff,0xff,0x5a,0xc8,0xff,0xff,0x5a,0xc8,0xff,0xff,0x5a,0xc8,0xff,0xff,0x5a,0xc8,0xff,0xff,
    0x5a,0xc8,0xff,0xff,0x5a,0xc8,0xff,0xff,0x5a,0xc8,0xff,0xff,0x5a,0xc8,0xff,0xff,0x5a,0xc8,0xff,0xff,0x5a,0xc8,0xff,0xff,0x5a,0xc8,0xff,0xff,0x5a,0xc8,0xff,0xff,
    0x5a,0xc8,0xff,0xff,0x5a,0xc8,0xff,0xff,0x5a,0xc8,0xff,0xff,0x5a,0xc8,0xff,0xff,0x5a,0xc8,0xff,0xff,0x5a,0xc8,0xff,0xff,0x5a,0xc8,0xff,0xff,0x5a,0xc8,0xff,0xff,
    0x5a,0xc8,0xff,0xff,0x5a,0xc8,0xff,0xff,0x5a,0xc8,0xff,0xff,0x5a,0xc8,0xff,0xff,0x5a,0xc8,0xff,0xff,0x5a,0xc8,0xff,0xff,0x5a,0xc8,0xff,0xff,0x5a,0xc8,0xff,0xff,
    0x5a,0xc8,0xff,0xff,0x20,0xb0,0xff,0xff,0x20,0xb0,0xff,0xff,0x20,0xb0,0xff,0xff,0x20,0xb0,0xff,0xff,0x20,0xb0,0xff,0xff,0x20,0xb0,0xff,0xff,0x20,0xb0,0xff,0xff,
    0x20,0xb0,0xff,0xff,0x20,0xb0,0xff,0xff,0x20,0xb0,0xff,0xff,0x20,0xb0,0xff,0xff,0x20,0xb0,0xff,0xff,0x20,0xb0,0xff,0xff,0x20,0xb0,0xff,0xff,0x20,0xb0,0xff,0xff,
    0x20,0xb0,0xff,0xff,0x20,0xb0,0xff,0xff,0x00,0x00,0x00,0x00,0x00,0x00,0x00,0x00,0x00,0x00,0x00,0x00,0x00,0x00,0x00,0x00,0x00,0x00,0x00,0x00,0x20,0xb0,0xff,0xff,
    0x20,0xb0,0xff,0xff,0x20,0xb0,0xff,0xff,0x20,0xb0,0xff,0xff,0x20,0xb0,0xff,0xff,0x20,0xb0,0xff,0xff,0x20,0xb0,0xff,0xff,0x20,0xb0,0xff,0xff,0x20,0xb0,0xff,0xff,
    0x20,0xb0,0xff,0xff,0x20,0xb0,0xff,0xff,0x20,0xb0,0xff,0xff,0x20,0xb0,0xff,0xff,0x20,0xb0,0xff,0xff,0x20,0xb0,0xff,0xff,0x20,0xb0,0xff,0xff,0x20,0xb0,0xff,0xff,
    0x00,0x00,0x00,0x00,0x00,0x00,0x00,0x00,0x00,0x00,0x00,0x00,0x00,0x00,0x00,0x00,0x00,0x00,0x00,0x00,0x00,0x00,0x00,0x00,0x00,0x00,0x00,0x00,0x00,0x00,0x00,0x00,
    0x00,0x00,0x00,0x00,0x00,0x00,0x00,0x00,0x00,0x00,0x00,0x00,0x00,0x00,0x00,0x00,0x00,0x00,0x00,0x00,0x20,0xb0,0xff,0xff,0x20,0xb0,0xff,0xff,0x20,0xb0,0xff,0xff,
    0x20,0xb0,0xff,0xff,0x20,0xb0,0xff,0xff,0x20,0xb0,0xff,0xff,0x20,0xb0,0xff,0xff,0x20,0xb0,0xff,0xff,0x20,0xb0,0xff,0xff,0x20,0xb0,0xff,0xff,0x20,0xb0,0xff,0xff,
    0x20,0xb0,0xff,0xff,0x20,0xb0,0xff,0xff,0x20,0xb0,0xff,0xff,0x20,0xb0,0xff,0xff,0x20,0xb0,0xff,0xff,0x20,0xb0,0xff,0xff,0x00,0x00,0x00,0x00,0x00,0x00,0x00,0x00,
    0x00,0x00,0x00,0x00,0x00,0x00,0x00,0x00,0x00,0x00,0x00,0x00,0x20,0xb0,0xff,0xff,0x20,0xb0,0xff,0xff,0x20,0xb0,0xff,0xff,0x20,0xb0,0xff,0xff,0x20,0xb0,0xff,0xff,
    0x20,0xb0,0xff,0xff,0x20,0xb0,0xff,0xff,0x20,0xb0,0xff,0xff,0x20,0xb0,0xff,0xff,0x5a,0xc8,0xff,0xff,0x5a,0xc8,0xff,0xff,0x5a,0xc8,0xff,0xff,0x5a,0xc8,0xff,0xff,
    0x5a,0xc8,0xff,0xff,0x5a,0xc8,0xff,0xff,0x5a,0xc8,0xff,0xff,0x5a,0xc8,0xff,0xff,0x5a,0xc8,0xff,0xff,0x5a,0xc8,0xff,0xff,0x5a,0xc8,0xff,0xff,0x5a,0xc8,0xff,0xff,
    0x5a,0xc8,0xff,0xff,0x5a,0xc8,0xff,0xff,0x5a,0xc8,0xff,0xff,0x5a,0xc8,0xff,0xff,0x5a,0xc8,0xff,0xff,0x5a,0xc8,0xff,0xff,0x5a,0xc8,0xff,0xff,0x5a,0xc8,0xff,0xff,
    0x5a,0xc8,0xff,0xff,0x5a,0xc8,0xff,0xff,0x5a,0xc8,0xff,0xff,0x5a,0xc8,0xff,0xff,0x5a,0xc8,0xff,0xff,0x5a,0xc8,0xff,0xff,0x5a,0xc8,0xff,0xff,0x5a,0xc8,0xff,0xff,
    0x5a,0xc8,0xff,0xff,0x5a,0xc8,0xff,0xff,0x5a,0xc8,0xff,0xff,0x5a,0xc8,0xff,0xff,0x5a,0xc8,0xff,0xff,0x5a,0xc8,0xff,0xff,0x5a,0xc8,0xff,0xff,0x5a,0xc8,0xff,0xff,
    0x5a,0xc8,0xff,0xff,0x5a,0xc8,0xff,0xff,0x5a,0xc8,0xff,0xff,0x5a,0xc8,0xff,0xff,0x5a,0xc8,0xff,0xff,0x5a,0xc8,0xff,0xff,0x5a,0xc8,0xff,0xff,0x20,0xb0,0xff,0xff,
    0x20,0xb0,0xff,0xff,0x20,0xb0,0xff,0xff,0x20,0xb0,0xff,0xff,0x20,0xb0,0xff,0xff,0x20,0xb0,0xff,0xff,0x20,0xb0,0xff,0xff,0x20,0xb0,0xff,0xff,0x20,0xb0,0xff,0xff,
    0x20,0xb0,0xff,0xff,0x20,0xb0,0xff,0xff,0x20,0xb0,0xff,0xff,0x20,0xb0,0xff,0xff,0x20,0xb0,0xff,0xff,0x20,0xb0,0xff,0xff,0x20,0xb0,0xff,0xff,0x20,0xb0,0xff,0xff,
    0x00,0x00,0x00,0x00,0x00,0x00,0x00,0x00,0x00,0x00,0x00,0x00,0x00,0x00,0x00,0x00,0x00,0x00,0x00,0x00,0x20,0xb0,0xff,0xff,0x20,0xb0,0xff,0xff,0x20,0xb0,0xff,0xff,
    0x20,0xb0,0xff,0xff,0x20,0xb0,0xff,0xff,0x20,0xb0,0xff,0xff,0x20,0xb0,0xff,0xff,0x20,0xb0,0xff,0xff,0x20,0xb0,0xff,0xff,0x20,0xb0,0xff,0xff,0x20,0xb0,0xff,0xff,
    0x20,0xb0,0xff,0xff,0x20,0xb0,0xff,0xff,0x20,0xb0,0xff,0xff,0x20,0xb0,0xff,0xff,0x20,0xb0,0xff,0xff,0x20,0xb0,0xff,0xff,0x00,0x00,0x00,0x00,0x00,0x00,0x00,0x00,
    0x00,0x00,0x00,0x00,0x00,0x00,0x00,0x00,0x00,0x00,0x00,0x00,0x00,0x00,0x00,0x00,0x00,0x00,0x00,0x00,0x00,0x00,0x00,0x00,0x00,0x00,0x00,0x00,0x00,0x00,0x00,0x00,
    0x00,0x00,0x00,0x00,0x00,0x00,0x00,0x00,0x00,0x00,0x00,0x00,0x20,0xb0,0xff,0xff,0x20,0xb0,0xff,0xff,0x20,0xb0,0xff,0xff,0x20,0xb0,0xff,0xff,0x20,0xb0,0xff,0xff,
    0x20,0xb0,0xff,0xff,0x20,0xb0,0xff,0xff,0x20,0xb0,0xff,0xff,0x20,0xb0,0xff,0xff,0x20,0xb0,0xff,0xff,0x20,0xb0,0xff,0xff,0x20,0xb0,0xff,0xff,0x20,0xb0,0xff,0xff,
    0x20,0xb0,0xff,0xff,0x20,0xb0,0xff,0xff,0x20,0xb0,0xff,0xff,0x20,0xb0,0xff,0xff,0x00,0x00,0x00,0x00,0x00,0x00,0x00,0x00,0x00,0x00,0x00,0x00,0x00,0x00,0x00,0x00,
    0x00,0x00,0x00,0x00,0x20,0xb0,0xff,0xff,0x20,0xb0,0xff,0xff,0x20,0xb0,0xff,0xff,0x20,0xb0,0xff,0xff,0x20,0xb0,0xff,0xff,0x20,0xb0,0xff,0xff,0x20,0xb0,0xff,0xff,
    0x20,0xb0,0xff,0xff,0x20,0xb0,0xff,0xff,0x5a,0xc8,0xff,0xff,0x5a,0xc8,0xff,0xff,0x5a,0xc8,0xff,0xff,0x5a,0xc8,0xff,0xff,0x5a,0xc8,0xff,0xff,0x5a,0xc8,0xff,0xff,
    0x5a,0xc8,0xff,0xff,0x5a,0xc8,0xff,0xff,0x5a,0xc8,0xff,0xff,0x5a,0xc8,0xff,0xff,0x5a,0xc8,0xff,0xff,0x5a,0xc8,0xff,0xff,0x5a,0xc8,0xff,0xff,0x5a,0xc8,0xff,0xff,
    0x5a,0xc8,0xff,0xff,0x5a,0xc8,0xff,0xff,0x5a,0xc8,0xff,0xff,0x5a,0xc8,0xff,0xff,0x5a,0xc8,0xff,0xff,0x5a,0xc8,0xff,0xff,0x5a,0xc8,0xff,0xff,0x5a,0xc8,0xff,0xff,
    0x5a,0xc8,0xff,0xff,0x5a,0xc8,0xff,0xff,0x5a,0xc8,0xff,0xff,0x5a,0xc8,0xff,0xff,0x5a,0xc8,0xff,0xff,0x5a,0xc8,0xff,0xff,0x5a,0xc8,0xff,0xff,0x5a,0xc8,0xff,0xff,
    0x5a,0xc8,0xff,0xff,0x5a,0xc8,0xff,0xff,0x5a,0xc8,0xff,0xff,0x5a,0xc8,0xff,0xff,0x5a,0xc8,0xff,0xff,0x5a,0xc8,0xff,0xff,0x5a,0xc8,0xff,0xff,0x5a,0xc8,0xff,0xff,
    0x5a,0xc8,0xff,0xff,0x5a,0xc8,0xff,0xff,0x5a,0xc8,0xff,0xff,0x5a,0xc8,0xff,0xff,0x5a,0xc8,0xff,0xff,0x20,0xb0,0xff,0xff,0x20,0xb0,0xff,0xff,0x20,0xb0,0xff,0xff,
    0x20,0xb0,0xff,0xff,0x20,0xb0,0xff,0xff,0x20,0xb0,0xff,0xff,0x20,0xb0,0xff,0xff,0x20,0xb0,0xff,0xff,0x20,0xb0,0xff,0xff,0x20,0xb0,0xff,0xff,0x20,0xb0,0xff,0xff,
    0x20,0xb0,0xff,0xff,0x20,0xb0,0xff,0xff,0x20,0xb0,0xff,0xff,0x20,0xb0,0xff,0xff,0x20,0xb0,0xff,0xff,0x20,0xb0,0xff,0xff,0x00,0x00,0x00,0x00,0x00,0x00,0x00,0x00,
    0x00,0x00,0x00,0x00,0x00,0x00,0x00,0x00,0x00,0x00,0x00,0x00,0x20,0xb0,0xff,0xff,0x20,0xb0,0xff,0xff,0x20,0xb0,0xff,0xff,0x20,0xb0,0xff,0xff,0x20,0xb0,0xff,0xff,
    0x20,0xb0,0xff,0xff,0x20,0xb0,0xff,0xff,0x20,0xb0,0xff,0xff,0x20,0xb0,0xff,0xff,0x20,0xb0,0xff,0xff,0x20,0xb0,0xff,0xff,0x20,0xb0,0xff,0xff,0x20,0xb0,0xff,0xff,
    0x20,0xb0,0xff,0xff,0x20,0xb0,0xff,0xff,0x20,0xb0,0xff,0xff,0x20,0xb0,0xff,0xff,0x00,0x00,0x00,0x00,0x00,0x00,0x00,0x00,0x00,0x00,0x00,0x00,0x00,0x00,0x00,0x00,
    0x00,0x00,0x00,0x00,0x00,0x00,0x00,0x00,0x00,0x00,0x00,0x00,0x00,0x00,0x00,0x00,0x00,0x00,0x00,0x00,0x00,0x00,0x00,0x00,0x00,0x00,0x00,0x00,0x00,0x00,0x00,0x00,
    0x00,0x00,0x00,0x00,0x20,0xb0,0xff,0xff,0x20,0xb0,0xff,0xff,0x20,0xb0,0xff,0xff,0x20,0xb0,0xff,0xff,0x20,0xb0,0xff,0xff,0x20,0xb0,0xff,0xff,0x20,0xb0,0xff,0xff,
    0x20,0xb0,0xff,0xff,0x20,0xb0,0xff,0xff,0x20,0xb0,0xff,0xff,0x20,0xb0,0xff,0xff,0x20,0xb0,0xff,0xff,0x20,0xb0,0xff,0xff,0x20,0xb0,0xff,0xff,0x20,0xb0,0xff,0xff,
    0x20,0xb0,0xff,0xff,0x20,0xb0,0xff,0xff,0x00,0x00,0x00,0x00,0x00,0x00,0x00,0x00,0x00,0x00,0x00,0x00,0x00,0x00,0x00,0x00,0x00,0x00,0x00,0x00,0x20,0xb0,0xff,0xff,
    0x20,0xb0,0xff,0xff,0x20,0xb0,0xff,0xff,0x20,0xb0,0xff,0xff,0x20,0xb0,0xff,0xff,0x20,0xb0,0xff,0xff,0x20,0xb0,0xff,0xff,0x20,0xb0,0xff,0xff,0x20,0xb0,0xff,0xff,
    0x20,0xb0,0xff,0xff,0x5a,0xc8,0xff,0xff,0x5a,0xc8,0xff,0xff,0x5a,0xc8,0xff,0xff,0x5a,0xc8,0xff,0xff,0x5a,0xc8,0xff,0xff,0x5a,0xc8,0xff,0xff,0x5a,0xc8,0xff,0xff,
    0x5a,0xc8,0xff,0xff,0x5a,0xc8,0xff,0xff,0x5a,0xc8,0xff,0xff,0x5a,0xc8,0xff,0xff,0x5a,0xc8,0xff,0xff,0x5a,0xc8,0xff,0xff,0x5a,0xc8,0xff,0xff,0x5a,0xc8,0xff,0xff,
    0x5a,0xc8,0xff,0xff,0x5a,0xc8,0xff,0xff,0x5a,0xc8,0xff,0xff,0x5a,0xc8,0xff,0xff,0x5a,0xc8,0xff,0xff,0x5a,0xc8,0xff,0xff,0x5a,0xc8,0xff,0xff,0x5a,0xc8,0xff,0xff,
    0x5a,0xc8,0xff,0xff,0x5a,0xc8,0xff,0xff,0x5a,0xc8,0xff,0xff,0x5a,0xc8,0xff,0xff,0x5a,0xc8,0xff,0xff,0x5a,0xc8,0xff,0xff,0x5a,0xc8,0xff,0xff,0x5a,0xc8,0xff,0xff,
    0x5a,0xc8,0xff,0xff,0x5a,0xc8,0xff,0xff,0x5a,0xc8,0xff,0xff,0x5a,0xc8,0xff,0xff,0x5a,0xc8,0xff,0xff,0x5a,0xc8,0xff,0xff,0x5a,0xc8,0xff,0xff,0x5a,0xc8,0xff,0xff,
    0x5a,0xc8,0xff,0xff,0x5a,0xc8,0xff,0xff,0x20,0xb0,0xff,0xff,0x20,0xb0,0xff,0xff,0x20,0xb0,0xff,0xff,0x20,0xb0,0xff,0xff,0x20,0xb0,0xff,0xff,0x20,0xb0,0xff,0xff,
    0x20,0xb0,0xff,0xff,0x20,0xb0,0xff,0xff,0x20,0xb0,0xff,0xff,0x20,0xb0,0xff,0xff,0x20,0xb0,0xff,0xff,0x20,0xb0,0xff,0xff,0x20,0xb0,0xff,0xff,0x20,0xb0,0xff,0xff,
    0x20,0xb0,0xff,0xff,0x20,0xb0,0xff,0xff,0x20,0xb0,0xff,0xff,0x20,0xb0,0xff,0xff,0x00,0x00,0x00,0x00,0x00,0x00,0x00,0x00,0x00,0x00,0x00,0x00,0x00,0x00,0x00,0x00,
    0x00,0x00,0x00,0x00,0x20,0xb0,0xff,0xff,0x20,0xb0,0xff,0xff,0x20,0xb0,0xff,0xff,0x20,0xb0,0xff,0xff,0x20,0xb0,0xff,0xff,0x20,0xb0,0xff,0xff,0x20,0xb0,0xff,0xff,
    0x20,0xb0,0xff,0xff,0x20,0xb0,0xff,0xff,0x20,0xb0,0xff,0xff,0x20,0xb0,0xff,0xff,0x20,0xb0,0xff,0xff,0x20,0xb0,0xff,0xff,0x20,0xb0,0xff,0xff,0x20,0xb0,0xff,0xff,
    0x20,0xb0,0xff,0xff,0x20,0xb0,0xff,0xff,0x00,0x00,0x00,0x00,0x00,0x00,0x00,0x00,0x00,0x00,0x00,0x00,0x00,0x00,0x00,0x00,0x00,0x00,0x00,0x00,0x00,0x00,0x00,0x00,
    0x00,0x00,0x00,0x00,0x00,0x00,0x00,0x00,0x00,0x00,0x00,0x00,0x00,0x00,0x00,0x00,0x00,0x00,0x00,0x00,0x00,0x00,0x00,0x00,0x00,0x00,0x00,0x00,0x20,0xb0,0xff,0xff,
    0x20,0xb0,0xff,0xff,0x20,0xb0,0xff,0xff,0x20,0xb0,0xff,0xff,0x20,0xb0,0xff,0xff,0x20,0xb0,0xff,0xff,0x20,0xb0,0xff,0xff,0x20,0xb0,0xff,0xff,0x20,0xb0,0xff,0xff,
    0x20,0xb0,0xff,0xff,0x20,0xb0,0xff,0xff,0x20,0xb0,0xff,0xff,0x20,0xb0,0xff,0xff,0x20,0xb0,0xff,0xff,0x20,0xb0,0xff,0xff,0x20,0xb0,0xff,0xff,0x20,0xb0,0xff,0xff,
    0x00,0x00,0x00,0x00,0x00,0x00,0x00,0x00,0x00,0x00,0x00,0x00,0x00,0x00,0x00,0x00,0x00,0x00,0x00,0x00,0x20,0xb0,0xff,0xff,0x20,0xb0,0xff,0xff,0x20,0xb0,0xff,0xff,
    0x20,0xb0,0xff,0xff,0x20,0xb0,0xff,0xff,0x20,0xb0,0xff,0xff,0x20,0xb0,0xff,0xff,0x20,0xb0,0xff,0xff,0x20,0xb0,0xff,0xff,0x20,0xb0,0xff,0xff,0x5a,0xc8,0xff,0xff,
    0x5a,0xc8,0xff,0xff,0x5a,0xc8,0xff,0xff,0x5a,0xc8,0xff,0xff,0x5a,0xc8,0xff,0xff,0x5a,0xc8,0xff,0xff,0x5a,0xc8,0xff,0xff,0x5a,0xc8,0xff,0xff,0x5a,0xc8,0xff,0xff,
    0x5a,0xc8,0xff,0xff,0x5a,0xc8,0xff,0xff,0x5a,0xc8,0xff,0xff,0x5a,0xc8,0xff,0xff,0x5a,0xc8,0xff,0xff,0x5a,0xc8,0xff,0xff,0x5a,0xc8,0xff,0xff,0x5a,0xc8,0xff,0xff,
    0x5a,0xc8,0xff,0xff,0x5a,0xc8,0xff,0xff,0x5a,0xc8,0xff,0xff,0x5a,0xc8,0xff,0xff,0x5a,0xc8,0xff,0xff,0x5a,0xc8,0xff,0xff,0x5a,0xc8,0xff,0xff,0x5a,0xc8,0xff,0xff,
    0x5a,0xc8,0xff,0xff,0x5a,0xc8,0xff,0xff,0x5a,0xc8,0xff,0xff,0x5a,0xc8,0xff,0xff,0x5a,0xc8,0xff,0xff,0x5a,0xc8,0xff,0xff,0x5a,0xc8,0xff,0xff,0x5a,0xc8,0xff,0xff,
    0x5a,0xc8,0xff,0xff,0x5a,0xc8,0xff,0xff,0x5a,0xc8,0xff,0xff,0x5a,0xc8,0xff,0xff,0x5a,0xc8,0xff,0xff,0x5a,0xc8,0xff,0xff,0x5a,0xc8,0xff,0xff,0x5a,0xc8,0xff,0xff,
    0x20,0xb0,0xff,0xff,0x20,0xb0,0xff,0xff,0x20,0xb0,0xff,0xff,0x20,0xb0,0xff,0xff,0x20,0xb0,0xff,0xff,0x20,0xb0,0xff,0xff,0x20,0xb0,0xff,0xff,0x20,0xb0,0xff,0xff,
    0x20,0xb0,0xff,0xff,0x20,0xb0,0xff,0xff,0x20,0xb0,0xff,0xff,0x20,0xb0,0xff,0xff,0x20,0xb0,0xff,0xff,0x20,0xb0,0xff,0xff,0x20,0xb0,0xff,0xff,0x20,0xb0,0xff,0xff,
    0x20,0xb0,0xff,0xff,0x20,0xb0,0xff,0xff,0x00,0x00,0x00,0x00,0x00,0x00,0x00,0x00,0x00,0x00,0x00,0x00,0x00,0x00,0x00,0x00,0x00,0x00,0x00,0x00,0x20,0xb0,0xff,0xff,
    0x20,0xb0,0xff,0xff,0x20,0xb0,0xff,0xff,0x20,0xb0,0xff,0xff,0x20,0xb0,0xff,0xff,0x20,0xb0,0xff,0xff,0x20,0xb0,0xff,0xff,0x20,0xb0,0xff,0xff,0x20,0xb0,0xff,0xff,
    0x20,0xb0,0xff,0xff,0x20,0xb0,0xff,0xff,0x20,0xb0,0xff,0xff,0x20,0xb0,0xff,0xff,0x20,0xb0,0xff,0xff,0x20,0xb0,0xff,0xff,0x20,0xb0,0xff,0xff,0x20,0xb0,0xff,0xff,
    0x00,0x00,0x00,0x00,0x00,0x00,0x00,0x00,0x00,0x00,0x00,0x00,0x00,0x00,0x00,0x00,0x00,0x00,0x00,0x00,0x00,0x00,0x00,0x00,0x00,0x00,0x00,0x00,0x00,0x00,0x00,0x00,
    0x00,0x00,0x00,0x00,0x00,0x00,0x00,0x00,0x00,0x00,0x00,0x00,0x00,0x00,0x00,0x00,0x00,0x00,0x00,0x00,0x20,0xb0,0xff,0xff,0x20,0xb0,0xff,0xff,0x20,0xb0,0xff,0xff,
    0x20,0xb0,0xff,0xff,0x20,0xb0,0xff,0xff,0x20,0xb0,0xff,0xff,0x20,0xb0,0xff,0xff,0x20,0xb0,0xff,0xff,0x20,0xb0,0xff,0xff,0x20,0xb0,0xff,0xff,0x20,0xb0,0xff,0xff,
    0x20,0xb0,0xff,0xff,0x20,0xb0,0xff,0xff,0x20,0xb0,0xff,0xff,0x20,0xb0,0xff,0xff,0x20,0xb0,0xff,0xff,0x20,0xb0,0xff,0xff,0x00,0x00,0x00,0x00,0x00,0x00,0x00,0x00,
    0x00,0x00,0x00,0x00,0x00,0x00,0x00,0x00,0x00,0x00,0x00,0x00,0x20,0xb0,0xff,0xff,0x20,0xb0,0xff,0xff,0x20,0xb0,0xff,0xff,0x20,0xb0,0xff,0xff,0x20,0xb0,0xff,0xff,
    0x20,0xb0,0xff,0xff,0x20,0xb0,0xff,0xff,0x20,0xb0,0xff,0xff,0x20,0xb0,0xff,0xff,0x20,0xb0,0xff,0xff,0x5a,0xc8,0xff,0xff,0x5a,0xc8,0xff,0xff,0x5a,0xc8,0xff,0xff,
    0x5a,0xc8,0xff,0xff,0x5a,0xc8,0xff,0xff,0x5a,0xc8,0xff,0xff,0x5a,0xc8,0xff,0xff,0x5a,0xc8,0xff,0xff,0x5a,0xc8,0xff,0xff,0x5a,0xc8,0xff,0xff,0x5a,0xc8,0xff,0xff,
    0x5a,0xc8,0xff,0xff,0x5a,0xc8,0xff,0xff,0x5a,0xc8,0xff,0xff,0x5a,0xc8,0xff,0xff,0x5a,0xc8,0xff,0xff,0x5a,0xc8,0xff,0xff,0x5a,0xc8,0xff,0xff,0x5a,0xc8,0xff,0xff,
    0x5a,0xc8,0xff,0xff,0x5a,0xc8,0xff,0xff,0x5a,0xc8,0xff,0xff,0x5a,0xc8,0xff,0xff,0x5a,0xc8,0xff,0xff,0x5a,0xc8,0xff,0xff,0x5a,0xc8,0xff,0xff,0x5a,0xc8,0xff,0xff,
    0x5a,0xc8,0xff,0xff,0x5a,0xc8,0xff,0xff,0x5a,0xc8,0xff,0xff,0x5a,0xc8,0xff,0xff,0x5a,0xc8,0xff,0xff,0x5a,0xc8,0xff,0xff,0x5a,0xc8,0xff,0xff,0x5a,0xc8,0xff,0xff,
    0x5a,0xc8,0xff,0xff,0x5a,0xc8,0xff,0xff,0x5a,0xc8,0xff,0xff,0x5a,0xc8,0xff,0xff,0x5a,0xc8,0xff,0xff,0x5a,0xc8,0xff,0xff,0x20,0xb0,0xff,0xff,0x20,0xb0,0xff,0xff,
    0x20,0xb0,0xff,0xff,0x20,0xb0,0xff,0xff,0x20,0xb0,0xff,0xff,0x20,0xb0,0xff,0xff,0x20,0xb0,0xff,0xff,0x20,0xb0,0xff,0xff,0x20,0xb0,0xff,0xff,0x20,0xb0,0xff,0xff,
    0x20,0xb0,0xff,0xff,0x20,0xb0,0xff,0xff,0x20,0xb0,0xff,0xff,0x20,0xb0,0xff,0xff,0x20,0xb0,0xff,0xff,0x20,0xb0,0xff,0xff,0x20,0xb0,0xff,0xff,0x20,0xb0,0xff,0xff,
    0x00,0x00,0x00,0x00,0x00,0x00,0x00,0x00,0x00,0x00,0x00,0x00,0x00,0x00,0x00,0x00,0x00,0x00,0x00,0x00,0x20,0xb0,0xff,0xff,0x20,0xb0,0xff,0xff,0x20,0xb0,0xff,0xff,
    0x20,0xb0,0xff,0xff,0x20,0xb0,0xff,0xff,0x20,0xb0,0xff,0xff,0x20,0xb0,0xff,0xff,0x20,0xb0,0xff,0xff,0x20,0xb0,0xff,0xff,0x20,0xb0,0xff,0xff,0x20,0xb0,0xff,0xff,
    0x20,0xb0,0xff,0xff,0x20,0xb0,0xff,0xff,0x20,0xb0,0xff,0xff,0x20,0xb0,0xff,0xff,0x20,0xb0,0xff,0xff,0x20,0xb0,0xff,0xff,0x00,0x00,0x00,0x00,0x00,0x00,0x00,0x00,
    0x00,0x00,0x00,0x00,0x00,0x00,0x00,0x00,0x00,0x00,0x00,0x00,0x00,0x00,0x00,0x00,0x00,0x00,0x00,0x00,0x00,0x00,0x00,0x00,0x00,0x00,0x00,0x00,0x00,0x00,0x00,0x00,
    0x00,0x00,0x00,0x00,0x00,0x00,0x00,0x00,0x00,0x00,0x00,0x00,0x20,0xb0,0xff,0xff,0x20,0xb0,0xff,0xff,0x20,0xb0,0xff,0xff,0x20,0xb0,0xff,0xff,0x20,0xb0,0xff,0xff,
    0x20,0xb0,0xff,0xff,0x20,0xb0,0xff,0xff,0x20,0xb0,0xff,0xff,0x20,0xb0,0xff,0xff,0x20,0xb0,0xff,0xff,0x20,0xb0,0xff,0xff,0x20,0xb0,0xff,0xff,0x20,0xb0,0xff,0xff,
    0x20,0xb0,0xff,0xff,0x20,0xb0,0xff,0xff,0x20,0xb0,0xff,0xff,0x20,0xb0,0xff,0xff,0x00,0x00,0x00,0x00,0x00,0x00,0x00,0x00,0x00,0x00,0x00,0x00,0x00,0x00,0x00,0x00,
    0x00,0x00,0x00,0x00,0x20,0xb0,0xff,0xff,0x20,0xb0,0xff,0xff,0x20,0xb0,0xff,0xff,0x20,0xb0,0xff,0xff,0x20,0xb0,0xff,0xff,0x20,0xb0,0xff,0xff,0x20,0xb0,0xff,0xff,
    0x20,0xb0,0xff,0xff,0x20,0xb0,0xff,0xff,0x20,0xb0,0xff,0xff,0x20,0xb0,0xff,0xff,0x5a,0xc8,0xff,0xff,0x5a,0xc8,0xff,0xff,0x5a,0xc8,0xff,0xff,0x5a,0xc8,0xff,0xff,
    0x5a,0xc8,0xff,0xff,0x5a,0xc8,0xff,0xff,0x5a,0xc8,0xff,0xff,0x5a,0xc8,0xff,0xff,0x5a,0xc8,0xff,0xff,0x5a,0xc8,0xff,0xff,0x5a,0xc8,0xff,0xff,0x5a,0xc8,0xff,0xff,
    0x5a,0xc8,0xff,0xff,0x5a,0xc8,0xff,0xff,0x5a,0xc8,0xff,0xff,0x5a,0xc8,0xff,0xff,0x5a,0xc8,0xff,0xff,0x5a,0xc8,0xff,0xff,0x5a,0xc8,0xff,0xff,0x5a,0xc8,0xff,0xff,
    0x5a,0xc8,0xff,0xff,0x5a,0xc8,0xff,0xff,0x5a,0xc8,0xff,0xff,0x5a,0xc8,0xff,0xff,0x5a,0xc8,0xff,0xff,0x5a,0xc8,0xff,0xff,0x5a,0xc8,0xff,0xff,0x5a,0xc8,0xff,0xff,
    0x5a,0xc8,0xff,0xff,0x5a,0xc8,0xff,0xff,0x5a,0xc8,0xff,0xff,0x5a,0xc8,0xff,0xff,0x5a,0xc8,0xff,0xff,0x5a,0xc8,0xff,0xff,0x5a,0xc8,0xff,0xff,0x5a,0xc8,0xff,0xff,
    0x5a,0xc8,0xff,0xff,0x5a,0xc8,0xff,0xff,0x5a,0xc8,0xff,0xff,0x20,0xb0,0xff,0xff,0x20,0xb0,0xff,0xff,0x20,0xb0,0xff,0xff,0x20,0xb0,0xff,0xff,0x20,0xb0,0xff,0xff,
    0x20,0xb0,0xff,0xff,0x20,0xb0,0xff,0xff,0x20,0xb0,0xff,0xff,0x20,0xb0,0xff,0xff,0x20,0xb0,0xff,0xff,0x20,0xb0,0xff,0xff,0x20,0xb0,0xff,0xff,0x20,0xb0,0xff,0xff,
    0x20,0xb0,0xff,0xff,0x20,0xb0,0xff,0xff,0x20,0xb0,0xff,0xff,0x20,0xb0,0xff,0xff,0x20,0xb0,0xff,0xff,0x20,0xb0,0xff,0xff,0x00,0x00,0x00,0x00,0x00,0x00,0x00,0x00,
    0x00,0x00,0x00,0x00,0x00,0x00,0x00,0x00,0x00,0x00,0x00,0x00,0x20,0xb0,0xff,0xff,0x20,0xb0,0xff,0xff,0x20,0xb0,0xff,0xff,0x20,0xb0,0xff,0xff,0x20,0xb0,0xff,0xff,
    0x20,0xb0,0xff,0xff,0x20,0xb0,0xff,0xff,0x20,0xb0,0xff,0xff,0x20,0xb0,0xff,0xff,0x20,0xb0,0xff,0xff,0x20,0xb0,0xff,0xff,0x20,0xb0,0xff,0xff,0x20,0xb0,0xff,0xff,
    0x20,0xb0,0xff,0xff,0x20,0xb0,0xff,0xff,0x20,0xb0,0xff,0xff,0x20,0xb0,0xff,0xff,0x00,0x00,0x00,0x00,0x00,0x00,0x00,0x00,0x00,0x00,0x00,0x00,0x00,0x00,0x00,0x00,
    0x00,0x00,0x00,0x00,0x00,0x00,0x00,0x00,0x00,0x00,0x00,0x00,0x00,0x00,0x00,0x00,0x00,0x00,0x00,0x00,0x00,0x00,0x00,0x00,0x00,0x00,0x00,0x00,0x00,0x00,0x00,0x00,
    0x00,0x00,0x00,0x00,0x00,0x00,0x00,0x00,0x00,0x00,0x00,0x00,0x00,0x00,0x00,0x00,0x00,0x00,0x00,0x00,0x00,0x00,0x00,0x00,0x00,0x00,0x00,0x00,0x00,0x00,0x00,0x00,
    0x00,0x00,0x00,0x00,0x00,0x00,0x00,0x00,0x00,0x00,0x00,0x00,0x00,0x00,0x00,0x00,0x00,0x00,0x00,0x00,0x00,0x00,0x00,0x00,0x00,0x00,0x00,0x00,0x00,0x00,0x00,0x00,
    0x00,0x00,0x00,0x00,0x00,0x00,0x00,0x00,0x00,0x00,0x00,0x00,0x00,0x00,0x00,0x00,0x00,0x00,0x00,0x00,0x00,0x00,0x00,0x00,0x00,0x00,0x00,0x00,0x20,0xb0,0xff,0xff,
    0x20,0xb0,0xff,0xff,0x20,0xb0,0xff,0xff,0x20,0xb0,0xff,0xff,0x20,0xb0,0xff,0xff,0x20,0xb0,0xff,0xff,0x20,0xb0,0xff,0xff,0x20,0xb0,0xff,0xff,0x20,0xb0,0xff,0xff,
    0x20,0xb0,0xff,0xff,0x20,0xb0,0xff,0xff,0x20,0xb0,0xff,0xff,0x5a,0xc8,0xff,0xff,0x5a,0xc8,0xff,0xff,0x5a,0xc8,0xff,0xff,0x5a,0xc8,0xff,0xff,0x5a,0xc8,0xff,0xff,
    0x5a,0xc8,0xff,0xff,0x5a,0xc8,0xff,0xff,0x5a,0xc8,0xff,0xff,0x5a,0xc8,0xff,0xff,0x5a,0xc8,0xff,0xff,0x5a,0xc8,0xff,0xff,0x5a,0xc8,0xff,0xff,0x5a,0xc8,0xff,0xff,
    0x5a,0xc8,0xff,0xff,0x5a,0xc8,0xff,0xff,0x5a,0xc8,0xff,0xff,0x5a,0xc8,0xff,0xff,0x5a,0xc8,0xff,0xff,0x5a,0xc8,0xff,0xff,0x5a,0xc8,0xff,0xff,0x5a,0xc8,0xff,0xff,
    0x5a,0xc8,0xff,0xff,0x5a,0xc8,0xff,0xff,0x5a,0xc8,0xff,0xff,0x5a,0xc8,0xff,0xff,0x5a,0xc8,0xff,0xff,0x5a,0xc8,0xff,0xff,0x5a,0xc8,0xff,0xff,0x5a,0xc8,0xff,0xff,
    0x5a,0xc8,0xff,0xff,0x5a,0xc8,0xff,0xff,0x5a,0xc8,0xff,0xff,0x5a,0xc8,0xff,0xff,0x5a,0xc8,0xff,0xff,0x5a,0xc8,0xff,0xff,0x5a,0xc8,0xff,0xff,0x5a,0xc8,0xff,0xff,
    0x20,0xb0,0xff,0xff,0x20,0xb0,0xff,0xff,0x20,0xb0,0xff,0xff,0x20,0xb0,0xff,0xff,0x20,0xb0,0xff,0xff,0x20,0xb0,0xff,0xff,0x20,0xb0,0xff,0xff,0x20,0xb0,0xff,0xff,
    0x20,0xb0,0xff,0xff,0x20,0xb0,0xff,0xff,0x20,0xb0,0xff,0xff,0x20,0xb0,0xff,0xff,0x20,0xb0,0xff,0xff,0x20,0xb0,0xff,0xff,0x20,0xb0,0xff,0xff,0x20,0xb0,0xff,0xff,
    0x20,0xb0,0xff,0xff,0x20,0xb0,0xff,0xff,0x20,0xb0,0xff,0xff,0x20,0xb0,0xff,0xff,0x00,0x00,0x00,0x00,0x00,0x00,0x00,0x00,0x00,0x00,0x00,0x00,0x00,0x00,0x00,0x00,
    0x00,0x00,0x00,0x00,0x00,0x00,0x00,0x00,0x00,0x00,0x00,0x00,0x00,0x00,0x00,0x00,0x00,0x00,0x00,0x00,0x00,0x00,0x00,0x00,0x00,0x00,0x00,0x00,0x00,0x00,0x00,0x00,
    0x00,0x00,0x00,0x00,0x00,0x00,0x00,0x00,0x00,0x00,0x00,0x00,0x00,0x00,0x00,0x00,0x00,0x00,0x00,0x00,0x00,0x00,0x00,0x00,0x00,0x00,0x00,0x00,0x00,0x00,0x00,0x00,
    0x00,0x00,0x00,0x00,0x00,0x00,0x00,0x00,0x00,0x00,0x00,0x00,0x00,0x00,0x00,0x00,0x00,0x00,0x00,0x00,0x00,0x00,0x00,0x00,0x00,0x00,0x00,0x00,0x00,0x00,0x00,0x00,
    0x00,0x00,0x00,0x00,0x00,0x00,0x00,0x00,0x00,0x00,0x00,0x00,0x00,0x00,0x00,0x00,0x00,0x00,0x00,0x00,0x00,0x00,0x00,0x00,0x00,0x00,0x00,0x00,0x00,0x00,0x00,0x00,
    0x00,0x00,0x00,0x00,0x00,0x00,0x00,0x00,0x00,0x00,0x00,0x00,0x00,0x00,0x00,0x00,0x00,0x00,0x00,0x00,0x00,0x00,0x00,0x00,0x00,0x00,0x00,0x00,0x00,0x00,0x00,0x00,
    0x00,0x00,0x00,0x00,0x00,0x00,0x00,0x00,0x00,0x00,0x00,0x00,0x00,0x00,0x00,0x00,0x00,0x00,0x00,0x00,0x00,0x00,0x00,0x00,0x00,0x00,0x00,0x00,0x00,0x00,0x00,0x00,
    0x00,0x00,0x00,0x00,0x00,0x00,0x00,0x00,0x00,0x00,0x00,0x00,0x00,0x00,0x00,0x00,0x00,0x00,0x00,0x00,0x20,0xb0,0xff,0xff,0x20,0xb0,0xff,0xff,0x20,0xb0,0xff,0xff,
    0x20,0xb0,0xff,0xff,0x20,0xb0,0xff,0xff,0x20,0xb0,0xff,0xff,0x20,0xb0,0xff,0xff,0x20,0xb0,0xff,0xff,0x20,0xb0,0xff,0xff,0x20,0xb0,0xff,0xff,0x20,0xb0,0xff,0xff,
    0x20,0xb0,0xff,0xff,0x5a,0xc8,0xff,0xff,0x5a,0xc8,0xff,0xff,0x5a,0xc8,0xff,0xff,0x5a,0xc8,0xff,0xff,0x5a,0xc8,0xff,0xff,0x5a,0xc8,0xff,0xff,0x5a,0xc8,0xff,0xff,
    0x5a,0xc8,0xff,0xff,0x5a,0xc8,0xff,0xff,0x5a,0xc8,0xff,0xff,0x5a,0xc8,0xff,0xff,0x5a,0xc8,0xff,0xff,0x5a,0xc8,0xff,0xff,0x5a,0xc8,0xff,0xff,0x5a,0xc8,0xff,0xff,
    0x5a,0xc8,0xff,0xff,0x5a,0xc8,0xff,0xff,0x5a,0xc8,0xff,0xff,0x5a,0xc8,0xff,0xff,0x5a,0xc8,0xff,0xff,0x5a,0xc8,0xff,0xff,0x5a,0xc8,0xff,0xff,0x5a,0xc8,0xff,0xff,
    0x5a,0xc8,0xff,0xff,0x5a,0xc8,0xff,0xff,0x5a,0xc8,0xff,0xff,0x5a,0xc8,0xff,0xff,0x5a,0xc8,0xff,0xff,0x5a,0xc8,0xff,0xff,0x5a,0xc8,0xff,0xff,0x5a,0xc8,0xff,0xff,
    0x5a,0xc8,0xff,0xff,0x5a,0xc8,0xff,0xff,0x5a,0xc8,0xff,0xff,0x5a,0xc8,0xff,0xff,0x5a,0xc8,0xff,0xff,0x5a,0xc8,0xff,0xff,0x20,0xb0,0xff,0xff,0x20,0xb0,0xff,0xff,
    0x20,0xb0,0xff,0xff,0x20,0xb0,0xff,0xff,0x20,0xb0,0xff,0xff,0x20,0xb0,0xff,0xff,0x20,0xb0,0xff,0xff,0x20,0xb0,0xff,0xff,0x20,0xb0,0xff,0xff,0x20,0xb0,0xff,0xff,
    0x20,0xb0,0xff,0xff,0x20,0xb0,0xff,0xff,0x20,0xb0,0xff,0xff,0x20,0xb0,0xff,0xff,0x20,0xb0,0xff,0xff,0x20,0xb0,0xff,0xff,0x20,0xb0,0xff,0xff,0x20,0xb0,0xff,0xff,
    0x20,0xb0,0xff,0xff,0x20,0xb0,0xff,0xff,0x00,0x00,0x00,0x00,0x00,0x00,0x00,0x00,0x00,0x00,0x00,0x00,0x00,0x00,0x00,0x00,0x00,0x00,0x00,0x00,0x00,0x00,0x00,0x00,
    0x00,0x00,0x00,0x00,0x00,0x00,0x00,0x00,0x00,0x00,0x00,0x00,0x00,0x00,0x00,0x00,0x00,0x00,0x00,0x00,0x00,0x00,0x00,0x00,0x00,0x00,0x00,0x00,0x00,0x00,0x00,0x00,
    0x00,0x00,0x00,0x00,0x00,0x00,0x00,0x00,0x00,0x00,0x00,0x00,0x00,0x00,0x00,0x00,0x00,0x00,0x00,0x00,0x00,0x00,0x00,0x00,0x00,0x00,0x00,0x00,0x00,0x00,0x00,0x00,
    0x00,0x00,0x00,0x00,0x00,0x00,0x00,0x00,0x00,0x00,0x00,0x00,0x00,0x00,0x00,0x00,0x00,0x00,0x00,0x00,0x00,0x00,0x00,0x00,0x00,0x00,0x00,0x00,0x00,0x00,0x00,0x00,
    0x00,0x00,0x00,0x00,0x00,0x00,0x00,0x00,0x00,0x00,0x00,0x00,0x00,0x00,0x00,0x00,0x00,0x00,0x00,0x00,0x00,0x00,0x00,0x00,0x00,0x00,0x00,0x00,0x00,0x00,0x00,0x00,
    0x00,0x00,0x00,0x00,0x00,0x00,0x00,0x00,0x00,0x00,0x00,0x00,0x00,0x00,0x00,0x00,0x00,0x00,0x00,0x00,0x00,0x00,0x00,0x00,0x00,0x00,0x00,0x00,0x00,0x00,0x00,0x00,
    0x00,0x00,0x00,0x00,0x00,0x00,0x00,0x00,0x00,0x00,0x00,0x00,0x00,0x00,0x00,0x00,0x00,0x00,0x00,0x00,0x00,0x00,0x00,0x00,0x00,0x00,0x00,0x00,0x00,0x00,0x00,0x00,
    0x00,0x00,0x00,0x00,0x00,0x00,0x00,0x00,0x00,0x00,0x00,0x00,0x00,0x00,0x00,0x00,0x20,0xb0,0xff,0xff,0x20,0xb0,0xff,0xff,0x20,0xb0,0xff,0xff,0x20,0xb0,0xff,0xff,
    0x20,0xb0,0xff,0xff,0x20,0xb0,0xff,0xff,0x20,0xb0,0xff,0xff,0x20,0xb0,0xff,0xff,0x20,0xb0,0xff,0xff,0x20,0xb0,0xff,0xff,0x20,0xb0,0xff,0xff,0x20,0xb0,0xff,0xff,
    0x5a,0xc8,0xff,0xff,0x5a,0xc8,0xff,0xff,0x5a,0xc8,0xff,0xff,0x5a,0xc8,0xff,0xff,0x5a,0xc8,0xff,0xff,0x5a,0xc8,0xff,0xff,0x5a,0xc8,0xff,0xff,0x5a,0xc8,0xff,0xff,
    0x5a,0xc8,0xff,0xff,0x5a,0xc8,0xff,0xff,0x5a,0xc8,0xff,0xff,0x5a,0xc8,0xff,0xff,0x5a,0xc8,0xff,0xff,0x5a,0xc8,0xff,0xff,0x5a,0xc8,0xff,0xff,0x5a,0xc8,0xff,0xff,
    0x5a,0xc8,0xff,0xff,0x5a,0xc8,0xff,0xff,0x5a,0xc8,0xff,0xff,0x5a,0xc8,0xff,0xff,0x5a,0xc8,0xff,0xff,0x5a,0xc8,0xff,0xff,0x5a,0xc8,0xff,0xff,0x5a,0xc8,0xff,0xff,
    0x5a,0xc8,0xff,0xff,0x5a,0xc8,0xff,0xff,0x5a,0xc8,0xff,0xff,0x5a,0xc8,0xff,0xff,0x5a,0xc8,0xff,0xff,0x5a,0xc8,0xff,0xff,0x5a,0xc8,0xff,0xff,0x5a,0xc8,0xff,0xff,
    0x5a,0xc8,0xff,0xff,0x5a,0xc8,0xff,0xff,0x5a,0xc8,0xff,0xff,0x20,0xb0,0xff,0xff,0x20,0xb0,0xff,0xff,0x20,0xb0,0xff,0xff,0x20,0xb0,0xff,0xff,0x20,0xb0,0xff,0xff,
    0x20,0xb0,0xff,0xff,0x20,0xb0,0xff,0xff,0x20,0xb0,0xff,0xff,0x20,0xb0,0xff,0xff,0x20,0xb0,0xff,0xff,0x20,0xb0,0xff,0xff,0x20,0xb0,0xff,0xff,0x20,0xb0,0xff,0xff,
    0x20,0xb0,0xff,0xff,0x20,0xb0,0xff,0xff,0x20,0xb0,0xff,0xff,0x20,0xb0,0xff,0xff,0x20,0xb0,0xff,0xff,0x20,0xb0,0xff,0xff,0x20,0xb0,0xff,0xff,0x00,0x00,0x00,0x00,
    0x00,0x00,0x00,0x00,0x00,0x00,0x00,0x00,0x00,0x00,0x00,0x00,0x00,0x00,0x00,0x00,0x00,0x00,0x00,0x00,0x00,0x00,0x00,0x00,0x00,0x00,0x00,0x00,0x00,0x00,0x00,0x00,
    0x00,0x00,0x00,0x00,0x00,0x00,0x00,0x00,0x00,0x00,0x00,0x00,0x00,0x00,0x00,0x00,0x00,0x00,0x00,0x00,0x00,0x00,0x00,0x00,0x00,0x00,0x00,0x00,0x00,0x00,0x00,0x00,
    0x00,0x00,0x00,0x00,0x00,0x00,0x00,0x00,0x00,0x00,0x00,0x00,0x00,0x00,0x00,0x00,0x00,0x00,0x00,0x00,0x00,0x00,0x00,0x00,0x00,0x00,0x00,0x00,0x00,0x00,0x00,0x00,
    0x00,0x00,0x00,0x00,0x00,0x00,0x00,0x00,0x00,0x00,0x00,0x00,0x00,0x00,0x00,0x00,0x00,0x00,0x00,0x00,0x00,0x00,0x00,0x00,0x00,0x00,0x00,0x00,0x00,0x00,0x00,0x00,
    0x00,0x00,0x00,0x00,0x00,0x00,0x00,0x00,0x00,0x00,0x00,0x00,0x00,0x00,0x00,0x00,0x00,0x00,0x00,0x00,0x00,0x00,0x00,0x00,0x00,0x00,0x00,0x00,0x00,0x00,0x00,0x00,
    0x00,0x00,0x00,0x00,0x00,0x00,0x00,0x00,0x00,0x00,0x00,0x00,0x00,0x00,0x00,0x00,0x00,0x00,0x00,0x00,0x00,0x00,0x00,0x00,0x00,0x00,0x00,0x00,0x00,0x00,0x00,0x00,
    0x00,0x00,0x00,0x00,0x00,0x00,0x00,0x00,0x00,0x00,0x00,0x00,0x00,0x00,0x00,0x00,0x00,0x00,0x00,0x00,0x00,0x00,0x00,0x00,0x00,0x00,0x00,0x00,0x00,0x00,0x00,0x00,
    0x00,0x00,0x00,0x00,0x00,0x00,0x00,0x00,0x20,0xb0,0xff,0xff,0x20,0xb0,0xff,0xff,0x20,0xb0,0xff,0xff,0x20,0xb0,0xff,0xff,0x20,0xb0,0xff,0xff,0x20,0xb0,0xff,0xff,
    0x20,0xb0,0xff,0xff,0x20,0xb0,0xff,0xff,0x20,0xb0,0xff,0xff,0x20,0xb0,0xff,0xff,0x20,0xb0,0xff,0xff,0x20,0xb0,0xff,0xff,0x20,0xb0,0xff,0xff,0x5a,0xc8,0xff,0xff,
    0x5a,0xc8,0xff,0xff,0x5a,0xc8,0xff,0xff,0x5a,0xc8,0xff,0xff,0x5a,0xc8,0xff,0xff,0x5a,0xc8,0xff,0xff,0x5a,0xc8,0xff,0xff,0x5a,0xc8,0xff,0xff,0x5a,0xc8,0xff,0xff,
    0x5a,0xc8,0xff,0xff,0x5a,0xc8,0xff,0xff,0x5a,0xc8,0xff,0xff,0x5a,0xc8,0xff,0xff,0x5a,0xc8,0xff,0xff,0x5a,0xc8,0xff,0xff,0x5a,0xc8,0xff,0xff,0x5a,0xc8,0xff,0xff,
    0x5a,0xc8,0xff,0xff,0x5a,0xc8,0xff,0xff,0x5a,0xc8,0xff,0xff,0x5a,0xc8,0xff,0xff,0x5a,0xc8,0xff,0xff,0x5a,0xc8,0xff,0xff,0x5a,0xc8,0xff,0xff,0x5a,0xc8,0xff,0xff,
    0x5a,0xc8,0xff,0xff,0x5a,0xc8,0xff,0xff,0x5a,0xc8,0xff,0xff,0x5a,0xc8,0xff,0xff,0x5a,0xc8,0xff,0xff,0x5a,0xc8,0xff,0xff,0x5a,0xc8,0xff,0xff,0x5a,0xc8,0xff,0xff,
    0x20,0xb0,0xff,0xff,0x20,0xb0,0xff,0xff,0x20,0xb0,0xff,0xff,0x20,0xb0,0xff,0xff,0x20,0xb0,0xff,0xff,0x20,0xb0,0xff,0xff,0x20,0xb0,0xff,0xff,0x20,0xb0,0xff,0xff,
    0x20,0xb0,0xff,0xff,0x20,0xb0,0xff,0xff,0x20,0xb0,0xff,0xff,0x20,0xb0,0xff,0xff,0x20,0xb0,0xff,0xff,0x20,0xb0,0xff,0xff,0x20,0xb0,0xff,0xff,0x20,0xb0,0xff,0xff,
    0x20,0xb0,0xff,0xff,0x20,0xb0,0xff,0xff,0x20,0xb0,0xff,0xff,0x20,0xb0,0xff,0xff,0x20,0xb0,0xff,0xff,0x00,0x00,0x00,0x00,0x00,0x00,0x00,0x00,0x00,0x00,0x00,0x00,
    0x00,0x00,0x00,0x00,0x00,0x00,0x00,0x00,0x00,0x00,0x00,0x00,0x00,0x00,0x00,0x00,0x00,0x00,0x00,0x00,0x00,0x00,0x00,0x00,0x00,0x00,0x00,0x00,0x00,0x00,0x00,0x00,
    0x00,0x00,0x00,0x00,0x00,0x00,0x00,0x00,0x00,0x00,0x00,0x00,0x00,0x00,0x00,0x00,0x00,0x00,0x00,0x00,0x00,0x00,0x00,0x00,0x00,0x00,0x00,0x00,0x00,0x00,0x00,0x00,
    0x00,0x00,0x00,0x00,0x00,0x00,0x00,0x00,0x00,0x00,0x00,0x00,0x00,0x00,0x00,0x00,0x00,0x00,0x00,0x00,0x00,0x00,0x00,0x00,0x00,0x00,0x00,0x00,0x00,0x00,0x00,0x00,
    0x00,0x00,0x00,0x00,0x00,0x00,0x00,0x00,0x00,0x00,0x00,0x00,0x00,0x00,0x00,0x00,0x00,0x00,0x00,0x00,0x00,0x00,0x00,0x00,0x00,0x00,0x00,0x00,0x00,0x00,0x00,0x00,
    0x00,0x00,0x00,0x00,0x00,0x00,0x00,0x00,0x00,0x00,0x00,0x00,0x00,0x00,0x00,0x00,0x00,0x00,0x00,0x00,0x00,0x00,0x00,0x00,0x00,0x00,0x00,0x00,0x00,0x00,0x00,0x00,
    0x00,0x00,0x00,0x00,0x00,0x00,0x00,0x00,0x00,0x00,0x00,0x00,0x00,0x00,0x00,0x00,0x00,0x00,0x00,0x00,0x00,0x00,0x00,0x00,0x00,0x00,0x00,0x00,0x00,0x00,0x00,0x00,
    0x00,0x00,0x00,0x00,0x00,0x00,0x00,0x00,0x00,0x00,0x00,0x00,0x00,0x00,0x00,0x00,0x00,0x00,0x00,0x00,0x00,0x00,0x00,0x00,0x00,0x00,0x00,0x00,0x00,0x00,0x00,0x00,
    0x20,0xb0,0xff,0xff,0x20,0xb0,0xff,0xff,0x20,0xb0,0xff,0xff,0x20,0xb0,0xff,0xff,0x20,0xb0,0xff,0xff,0x20,0xb0,0xff,0xff,0x20,0xb0,0xff,0xff,0x20,0xb0,0xff,0xff,
    0x20,0xb0,0xff,0xff,0x20,0xb0,0xff,0xff,0x20,0xb0,0xff,0xff,0x20,0xb0,0xff,0xff,0x20,0xb0,0xff,0xff,0x20,0xb0,0xff,0xff,0x5a,0xc8,0xff,0xff,0x5a,0xc8,0xff,0xff,
    0x5a,0xc8,0xff,0xff,0x5a,0xc8,0xff,0xff,0x5a,0xc8,0xff,0xff,0x5a,0xc8,0xff,0xff,0x5a,0xc8,0xff,0xff,0x5a,0xc8,0xff,0xff,0x5a,0xc8,0xff,0xff,0x5a,0xc8,0xff,0xff,
    0x5a,0xc8,0xff,0xff,0x5a,0xc8,0xff,0xff,0x5a,0xc8,0xff,0xff,0x5a,0xc8,0xff,0xff,0x5a,0xc8,0xff,0xff,0x5a,0xc8,0xff,0xff,0x5a,0xc8,0xff,0xff,0x5a,0xc8,0xff,0xff,
    0x5a,0xc8,0xff,0xff,0x5a,0xc8,0xff,0xff,0x5a,0xc8,0xff,0xff,0x5a,0xc8,0xff,0xff,0x5a,0xc8,0xff,0xff,0x5a,0xc8,0xff,0xff,0x5a,0xc8,0xff,0xff,0x5a,0xc8,0xff,0xff,
    0x5a,0xc8,0xff,0xff,0x5a,0xc8,0xff,0xff,0x5a,0xc8,0xff,0xff,0x5a,0xc8,0xff,0xff,0x5a,0xc8,0xff,0xff,0x20,0xb0,0xff,0xff,0x20,0xb0,0xff,0xff,0x20,0xb0,0xff,0xff,
    0x20,0xb0,0xff,0xff,0x20,0xb0,0xff,0xff,0x20,0xb0,0xff,0xff,0x20,0xb0,0xff,0xff,0x20,0xb0,0xff,0xff,0x20,0xb0,0xff,0xff,0x20,0xb0,0xff,0xff,0x20,0xb0,0xff,0xff,
    0x20,0xb0,0xff,0xff,0x20,0xb0,0xff,0xff,0x20,0xb0,0xff,0xff,0x20,0xb0,0xff,0xff,0x20,0xb0,0xff,0xff,0x20,0xb0,0xff,0xff,0x20,0xb0,0xff,0xff,0x20,0xb0,0xff,0xff,
    0x20,0xb0,0xff,0xff,0x20,0xb0,0xff,0xff,0x20,0xb0,0xff,0xff,0x00,0x00,0x00,0x00,0x00,0x00,0x00,0x00,0x00,0x00,0x00,0x00,0x00,0x00,0x00,0x00,0x00,0x00,0x00,0x00,
    0x00,0x00,0x00,0x00,0x00,0x00,0x00,0x00,0x00,0x00,0x00,0x00,0x00,0x00,0x00,0x00,0x00,0x00,0x00,0x00,0x00,0x00,0x00,0x00,0x00,0x00,0x00,0x00,0x00,0x00,0x00,0x00,
    0x00,0x00,0x00,0x00,0x00,0x00,0x00,0x00,0x00,0x00,0x00,0x00,0x00,0x00,0x00,0x00,0x00,0x00,0x00,0x00,0x00,0x00,0x00,0x00,0x00,0x00,0x00,0x00,0x00,0x00,0x00,0x00,
    0x00,0x00,0x00,0x00,0x00,0x00,0x00,0x00,0x00,0x00,0x00,0x00,0x00,0x00,0x00,0x00,0x00,0x00,0x00,0x00,0x00,0x00,0x00,0x00,0x00,0x00,0x00,0x00,0x00,0x00,0x00,0x00,
    0x00,0x00,0x00,0x00,0x00,0x00,0x00,0x00,0x00,0x00,0x00,0x00,0x00,0x00,0x00,0x00,0x00,0x00,0x00,0x00,0x00,0x00,0x00,0x00,0x00,0x00,0x00,0x00,0x00,0x00,0x00,0x00,
    0x00,0x00,0x00,0x00,0x00,0x00,0x00,0x00,0x00,0x00,0x00,0x00,0x00,0x00,0x00,0x00,0x00,0x00,0x00,0x00,0x00,0x00,0x00,0x00,0x00,0x00,0x00,0x00,0x00,0x00,0x00,0x00,
    0x00,0x00,0x00,0x00,0x00,0x00,0x00,0x00,0x00,0x00,0x00,0x00,0x00,0x00,0x00,0x00,0x00,0x00,0x00,0x00,0x00,0x00,0x00,0x00,0x00,0x00,0x00,0x00,0x00,0x00,0x00,0x00,
    0x00,0x00,0x00,0x00,0x00,0x00,0x00,0x00,0x00,0x00,0x00,0x00,0x00,0x00,0x00,0x00,0x00,0x00,0x00,0x00,0x00,0x00,0x00,0x00,0x20,0xb0,0xff,0xff,0x20,0xb0,0xff,0xff,
    0x20,0xb0,0xff,0xff,0x20,0xb0,0xff,0xff,0x20,0xb0,0xff,0xff,0x20,0xb0,0xff,0xff,0x20,0xb0,0xff,0xff,0x20,0xb0,0xff,0xff,0x20,0xb0,0xff,0xff,0x20,0xb0,0xff,0xff,
    0x20,0xb0,0xff,0xff,0x20,0xb0,0xff,0xff,0x20,0xb0,0xff,0xff,0x20,0xb0,0xff,0xff,0x20,0xb0,0xff,0xff,0x5a,0xc8,0xff,0xff,0x5a,0xc8,0xff,0xff,0x5a,0xc8,0xff,0xff,
    0x5a,0xc8,0xff,0xff,0x5a,0xc8,0xff,0xff,0x5a,0xc8,0xff,0xff,0x5a,0xc8,0xff,0xff,0x5a,0xc8,0xff,0xff,0x5a,0xc8,0xff,0xff,0x5a,0xc8,0xff,0xff,0x5a,0xc8,0xff,0xff,
    0x5a,0xc8,0xff,0xff,0x5a,0xc8,0xff,0xff,0x5a,0xc8,0xff,0xff,0x5a,0xc8,0xff,0xff,0x5a,0xc8,0xff,0xff,0x5a,0xc8,0xff,0xff,0x5a,0xc8,0xff,0xff,0x5a,0xc8,0xff,0xff,
    0x5a,0xc8,0xff,0xff,0x5a,0xc8,0xff,0xff,0x5a,0xc8,0xff,0xff,0x5a,0xc8,0xff,0xff,0x5a,0xc8,0xff,0xff,0x5a,0xc8,0xff,0xff,0x5a,0xc8,0xff,0xff,0x5a,0xc8,0xff,0xff,
    0x5a,0xc8,0xff,0xff,0x5a,0xc8,0xff,0xff,0x20,0xb0,0xff,0xff,0x20,0xb0,0xff,0xff,0x20,0xb0,0xff,0xff,0x20,0xb0,0xff,0xff,0x20,0xb0,0xff,0xff,0x20,0xb0,0xff,0xff,
    0x20,0xb0,0xff,0xff,0x20,0xb0,0xff,0xff,0x20,0xb0,0xff,0xff,0x20,0xb0,0xff,0xff,0x20,0xb0,0xff,0xff,0x20,0xb0,0xff,0xff,0x20,0xb0,0xff,0xff,0x20,0xb0,0xff,0xff,
    0x20,0xb0,0xff,0xff,0x20,0xb0,0xff,0xff,0x20,0xb0,0xff,0xff,0x20,0xb0,0xff,0xff,0x20,0xb0,0xff,0xff,0x20,0xb0,0xff,0xff,0x20,0xb0,0xff,0xff,0x20,0xb0,0xff,0xff,
    0x20,0xb0,0xff,0xff,0x00,0x00,0x00,0x00,0x00,0x00,0x00,0x00,0x00,0x00,0x00,0x00,0x00,0x00,0x00,0x00,0x00,0x00,0x00,0x00,0x00,0x00,0x00,0x00,0x00,0x00,0x00,0x00,
    0x00,0x00,0x00,0x00,0x00,0x00,0x00,0x00,0x00,0x00,0x00,0x00,0x00,0x00,0x00,0x00,0x00,0x00,0x00,0x00,0x00,0x00,0x00,0x00,0x00,0x00,0x00,0x00,0x00,0x00,0x00,0x00,
    0x00,0x00,0x00,0x00,0x00,0x00,0x00,0x00,0x00,0x00,0x00,0x00,0x00,0x00,0x00,0x00,0x00,0x00,0x00,0x00,0x00,0x00,0x00,0x00,0x00,0x00,0x00,0x00,0x00,0x00,0x00,0x00,
    0x00,0x00,0x00,0x00,0x00,0x00,0x00,0x00,0x00,0x00,0x00,0x00,0x00,0x00,0x00,0x00,0x00,0x00,0x00,0x00,0x00,0x00,0x00,0x00,0x00,0x00,0x00,0x00,0x00,0x00,0x00,0x00,
    0x00,0x00,0x00,0x00,0x00,0x00,0x00,0x00,0x00,0x00,0x00,0x00,0x00,0x00,0x00,0x00,0x00,0x00,0x00,0x00,0x00,0x00,0x00,0x00,0x00,0x00,0x00,0x00,0x00,0x00,0x00,0x00,
    0x00,0x00,0x00,0x00,0x00,0x00,0x00,0x00,0x00,0x00,0x00,0x00,0x00,0x00,0x00,0x00,0x00,0x00,0x00,0x00,0x00,0x00,0x00,0x00,0x00,0x00,0x00,0x00,0x00,0x00,0x00,0x00,
    0x00,0x00,0x00,0x00,0x00,0x00,0x00,0x00,0x00,0x00,0x00,0x00,0x00,0x00,0x00,0x00,0x00,0x00,0x00,0x00,0x00,0x00,0x00,0x00,0x00,0x00,0x00,0x00,0x00,0x00,0x00,0x00,
    0x00,0x00,0x00,0x00,0x00,0x00,0x00,0x00,0x00,0x00,0x00,0x00,0x00,0x00,0x00,0x00,0x00,0x00,0x00,0x00,0x20,0xb0,0xff,0xff,0x20,0xb0,0xff,0xff,0x20,0xb0,0xff,0xff,
    0x20,0xb0,0xff,0xff,0x20,0xb0,0xff,0xff,0x20,0xb0,0xff,0xff,0x20,0xb0,0xff,0xff,0x20,0xb0,0xff,0xff,0x20,0xb0,0xff,0xff,0x20,0xb0,0xff,0xff,0x20,0xb0,0xff,0xff,
    0x20,0xb0,0xff,0xff,0x20,0xb0,0xff,0xff,0x20,0xb0,0xff,0xff,0x20,0xb0,0xff,0xff,0x5a,0xc8,0xff,0xff,0x5a,0xc8,0xff,0xff,0x5a,0xc8,0xff,0xff,0x5a,0xc8,0xff,0xff,
    0x5a,0xc8,0xff,0xff,0x5a,0xc8,0xff,0xff,0x5a,0xc8,0xff,0xff,0x5a,0xc8,0xff,0xff,0x5a,0xc8,0xff,0xff,0x5a,0xc8,0xff,0xff,0x5a,0xc8,0xff,0xff,0x5a,0xc8,0xff,0xff,
    0x5a,0xc8,0xff,0xff,0x5a,0xc8,0xff,0xff,0x5a,0xc8,0xff,0xff,0x5a,0xc8,0xff,0xff,0x5a,0xc8,0xff,0xff,0x5a,0xc8,0xff,0xff,0x5a,0xc8,0xff,0xff,0x5a,0xc8,0xff,0xff,
    0x5a,0xc8,0xff,0xff,0x5a,0xc8,0xff,0xff,0x5a,0xc8,0xff,0xff,0x5a,0xc8,0xff,0xff,0x5a,0xc8,0xff,0xff,0x5a,0xc8,0xff,0xff,0x5a,0xc8,0xff,0xff,0x20,0xb0,0xff,0xff,
    0x20,0xb0,0xff,0xff,0x20,0xb0,0xff,0xff,0x20,0xb0,0xff,0xff,0x20,0xb0,0xff,0xff,0x20,0xb0,0xff,0xff,0x20,0xb0,0xff,0xff,0x20,0xb0,0xff,0xff,0x20,0xb0,0xff,0xff,
    0x20,0xb0,0xff,0xff,0x20,0xb0,0xff,0xff,0x20,0xb0,0xff,0xff,0x20,0xb0,0xff,0xff,0x20,0xb0,0xff,0xff,0x20,0xb0,0xff,0xff,0x20,0xb0,0xff,0xff,0x20,0xb0,0xff,0xff,
    0x20,0xb0,0xff,0xff,0x20,0xb0,0xff,0xff,0x20,0xb0,0xff,0xff,0x20,0xb0,0xff,0xff,0x20,0xb0,0xff,0xff,0x20,0xb0,0xff,0xff,0x00,0x00,0x00,0x00,0x00,0x00,0x00,0x00,
    0x00,0x00,0x00,0x00,0x00,0x00,0x00,0x00,0x00,0x00,0x00,0x00,0x00,0x00,0x00,0x00,0x00,0x00,0x00,0x00,0x00,0x00,0x00,0x00,0x00,0x00,0x00,0x00,0x00,0x00,0x00,0x00,
    0x00,0x00,0x00,0x00,0x00,0x00,0x00,0x00,0x00,0x00,0x00,0x00,0x00,0x00,0x00,0x00,0x00,0x00,0x00,0x00,0x00,0x00,0x00,0x00,0x00,0x00,0x00,0x00,0x00,0x00,0x00,0x00,
    0x00,0x00,0x00,0x00,0x00,0x00,0x00,0x00,0x00,0x00,0x00,0x00,0x00,0x00,0x00,0x00,0x00,0x00,0x00,0x00,0x00,0x00,0x00,0x00,0x00,0x00,0x00,0x00,0x00,0x00,0x00,0x00,
    0x00,0x00,0x00,0x00,0x00,0x00,0x00,0x00,0x00,0x00,0x00,0x00,0x00,0x00,0x00,0x00,0x00,0x00,0x00,0x00,0x00,0x00,0x00,0x00,0x00,0x00,0x00,0x00,0x00,0x00,0x00,0x00,
    0x00,0x00,0x00,0x00,0x00,0x00,0x00,0x00,0x00,0x00,0x00,0x00,0x00,0x00,0x00,0x00,0x00,0x00,0x00,0x00,0x00,0x00,0x00,0x00,0x00,0x00,0x00,0x00,0x00,0x00,0x00,0x00,
    0x00,0x00,0x00,0x00,0x00,0x00,0x00,0x00,0x00,0x00,0x00,0x00,0x00,0x00,0x00,0x00,0x00,0x00,0x00,0x00,0x00,0x00,0x00,0x00,0x00,0x00,0x00,0x00,0x00,0x00,0x00,0x00,
    0x00,0x00,0x00,0x00,0x00,0x00,0x00,0x00,0x00,0x00,0x00,0x00,0x00,0x00,0x00,0x00,0x00,0x00,0x00,0x00,0x00,0x00,0x00,0x00,0x00,0x00,0x00,0x00,0x00,0x00,0x00,0x00,
    0x00,0x00,0x00,0x00,0x00,0x00,0x00,0x00,0x00,0x00,0x00,0x00,0x20,0xb0,0xff,0xff,0x20,0xb0,0xff,0xff,0x20,0xb0,0xff,0xff,0x20,0xb0,0xff,0xff,0x20,0xb0,0xff,0xff,
    0x20,0xb0,0xff,0xff,0x20,0xb0,0xff,0xff,0x20,0xb0,0xff,0xff,0x20,0xb0,0xff,0xff,0x20,0xb0,0xff,0xff,0x20,0xb0,0xff,0xff,0x20,0xb0,0xff,0xff,0x20,0xb0,0xff,0xff,
    0x20,0xb0,0xff,0xff,0x20,0xb0,0xff,0xff,0x20,0xb0,0xff,0xff,0x20,0xb0,0xff,0xff,0x5a,0xc8,0xff,0xff,0x5a,0xc8,0xff,0xff,0x5a,0xc8,0xff,0xff,0x5a,0xc8,0xff,0xff,
    0x5a,0xc8,0xff,0xff,0x5a,0xc8,0xff,0xff,0x5a,0xc8,0xff,0xff,0x5a,0xc8,0xff,0xff,0x5a,0xc8,0xff,0xff,0x5a,0xc8,0xff,0xff,0x5a,0xc8,0xff,0xff,0x5a,0xc8,0xff,0xff,
    0x5a,0xc8,0xff,0xff,0x5a,0xc8,0xff,0xff,0x5a,0xc8,0xff,0xff,0x5a,0xc8,0xff,0xff,0x5a,0xc8,0xff,0xff,0x5a,0xc8,0xff,0xff,0x5a,0xc8,0xff,0xff,0x5a,0xc8,0xff,0xff,
    0x5a,0xc8,0xff,0xff,0x5a,0xc8,0xff,0xff,0x5a,0xc8,0xff,0xff,0x20,0xb0,0xff,0xff,0x20,0xb0,0xff,0xff,0x20,0xb0,0xff,0xff,0x20,0xb0,0xff,0xff,0x20,0xb0,0xff,0xff,
    0x20,0xb0,0xff,0xff,0x20,0xb0,0xff,0xff,0x20,0xb0,0xff,0xff,0x20,0xb0,0xff,0xff,0x20,0xb0,0xff,0xff,0x20,0xb0,0xff,0xff,0x20,0xb0,0xff,0xff,0x20,0xb0,0xff,0xff,
    0x20,0xb0,0xff,0xff,0x20,0xb0,0xff,0xff,0x20,0xb0,0xff,0xff,0x20,0xb0,0xff,0xff,0x20,0xb0,0xff,0xff,0x20,0xb0,0xff,0xff,0x20,0xb0,0xff,0xff,0x20,0xb0,0xff,0xff,
    0x20,0xb0,0xff,0xff,0x20,0xb0,0xff,0xff,0x20,0xb0,0xff,0xff,0x20,0xb0,0xff,0xff,0x00,0x00,0x00,0x00,0x00,0x00,0x00,0x00,0x00,0x00,0x00,0x00,0x00,0x00,0x00,0x00,
    0x00,0x00,0x00,0x00,0x00,0x00,0x00,0x00,0x00,0x00,0x00,0x00,0x00,0x00,0x00,0x00,0x00,0x00,0x00,0x00,0x00,0x00,0x00,0x00,0x00,0x00,0x00,0x00,0x00,0x00,0x00,0x00,
    0x00,0x00,0x00,0x00,0x00,0x00,0x00,0x00,0x00,0x00,0x00,0x00,0x00,0x00,0x00,0x00,0x00,0x00,0x00,0x00,0x00,0x00,0x00,0x00,0x00,0x00,0x00,0x00,0x00,0x00,0x00,0x00,
    0x00,0x00,0x00,0x00,0x00,0x00,0x00,0x00,0x00,0x00,0x00,0x00,0x00,0x00,0x00,0x00,0x00,0x00,0x00,0x00,0x00,0x00,0x00,0x00,0x00,0x00,0x00,0x00,0x00,0x00,0x00,0x00,
    0x00,0x00,0x00,0x00,0x00,0x00,0x00,0x00,0x00,0x00,0x00,0x00,0x00,0x00,0x00,0x00,0x00,0x00,0x00,0x00,0x00,0x00,0x00,0x00,0x00,0x00,0x00,0x00,0x00,0x00,0x00,0x00,
    0x00,0x00,0x00,0x00,0x00,0x00,0x00,0x00,0x00,0x00,0x00,0x00,0x00,0x00,0x00,0x00,0x00,0x00,0x00,0x00,0x00,0x00,0x00,0x00,0x00,0x00,0x00,0x00,0x00,0x00,0x00,0x00,
    0x00,0x00,0x00,0x00,0x00,0x00,0x00,0x00,0x00,0x00,0x00,0x00,0x00,0x00,0x00,0x00,0x00,0x00,0x00,0x00,0x00,0x00,0x00,0x00,0x00,0x00,0x00,0x00,0x00,0x00,0x00,0x00,
    0x00,0x00,0x00,0x00,0x00,0x00,0x00,0x00,0x00,0x00,0x00,0x00,0x00,0x00,0x00,0x00,0x00,0x00,0x00,0x00,0x00,0x00,0x00,0x00,0x00,0x00,0x00,0x00,0x00,0x00,0x00,0x00,
    0x00,0x00,0x00,0x00,0x20,0xb0,0xff,0xff,0x20,0xb0,0xff,0xff,0x20,0xb0,0xff,0xff,0x20,0xb0,0xff,0xff,0x20,0xb0,0xff,0xff,0x20,0xb0,0xff,0xff,0x20,0xb0,0xff,0xff,
    0x20,0xb0,0xff,0xff,0x20,0xb0,0xff,0xff,0x20,0xb0,0xff,0xff,0x20,0xb0,0xff,0xff,0x20,0xb0,0xff,0xff,0x20,0xb0,0xff,0xff,0x20,0xb0,0xff,0xff,0x20,0xb0,0xff,0xff,
    0x20,0xb0,0xff,0xff,0x20,0xb0,0xff,0xff,0x20,0xb0,0xff,0xff,0x5a,0xc8,0xff,0xff,0x5a,0xc8,0xff,0xff,0x5a,0xc8,0xff,0xff,0x5a,0xc8,0xff,0xff,0x5a,0xc8,0xff,0xff,
    0x5a,0xc8,0xff,0xff,0x5a,0xc8,0xff,0xff,0x5a,0xc8,0xff,0xff,0x5a,0xc8,0xff,0xff,0x5a,0xc8,0xff,0xff,0x5a,0xc8,0xff,0xff,0x5a,0xc8,0xff,0xff,0x5a,0xc8,0xff,0xff,
    0x5a,0xc8,0xff,0xff,0x5a,0xc8,0xff,0xff,0x5a,0xc8,0xff,0xff,0x5a,0xc8,0xff,0xff,0x5a,0xc8,0xff,0xff,0x5a,0xc8,0xff,0xff,0x5a,0xc8,0xff,0xff,0x5a,0xc8,0xff,0xff,
    0x20,0xb0,0xff,0xff,0x20,0xb0,0xff,0xff,0x20,0xb0,0xff,0xff,0x20,0xb0,0xff,0xff,0x20,0xb0,0xff,0xff,0x20,0xb0,0xff,0xff,0x20,0xb0,0xff,0xff,0x20,0xb0,0xff,0xff,
    0x20,0xb0,0xff,0xff,0x20,0xb0,0xff,0xff,0x20,0xb0,0xff,0xff,0x20,0xb0,0xff,0xff,0x20,0xb0,0xff,0xff,0x20,0xb0,0xff,0xff,0x20,0xb0,0xff,0xff,0x20,0xb0,0xff,0xff,
    0x20,0xb0,0xff,0xff,0x20,0xb0,0xff,0xff,0x20,0xb0,0xff,0xff,0x20,0xb0,0xff,0xff,0x20,0xb0,0xff,0xff,0x20,0xb0,0xff,0xff,0x20,0xb0,0xff,0xff,0x20,0xb0,0xff,0xff,
    0x20,0xb0,0xff,0xff,0x20,0xb0,0xff,0xff,0x00,0x00,0x00,0x00,0x00,0x00,0x00,0x00,0x00,0x00,0x00,0x00,0x00,0x00,0x00,0x00,0x00,0x00,0x00,0x00,0x00,0x00,0x00,0x00,
    0x00,0x00,0x00,0x00,0x00,0x00,0x00,0x00,0x00,0x00,0x00,0x00,0x00,0x00,0x00,0x00,0x00,0x00,0x00,0x00,0x00,0x00,0x00,0x00,0x00,0x00,0x00,0x00,0x00,0x00,0x00,0x00,
    0x00,0x00,0x00,0x00,0x00,0x00,0x00,0x00,0x00,0x00,0x00,0x00,0x00,0x00,0x00,0x00,0x00,0x00,0x00,0x00,0x00,0x00,0x00,0x00,0x00,0x00,0x00,0x00,0x00,0x00,0x00,0x00,
    0x00,0x00,0x00,0x00,0x00,0x00,0x00,0x00,0x00,0x00,0x00,0x00,0x00,0x00,0x00,0x00,0x00,0x00,0x00,0x00,0x00,0x00,0x00,0x00,0x00,0x00,0x00,0x00,0x00,0x00,0x00,0x00,
    0x00,0x00,0x00,0x00,0x00,0x00,0x00,0x00,0x00,0x00,0x00,0x00,0x00,0x00,0x00,0x00,0x00,0x00,0x00,0x00,0x00,0x00,0x00,0x00,0x00,0x00,0x00,0x00,0x00,0x00,0x00,0x00,
    0x00,0x00,0x00,0x00,0x00,0x00,0x00,0x00,0x00,0x00,0x00,0x00,0x00,0x00,0x00,0x00,0x00,0x00,0x00,0x00,0x00,0x00,0x00,0x00,0x00,0x00,0x00,0x00,0x00,0x00,0x00,0x00,
    0x00,0x00,0x00,0x00,0x00,0x00,0x00,0x00,0x00,0x00,0x00,0x00,0x00,0x00,0x00,0x00,0x00,0x00,0x00,0x00,0x00,0x00,0x00,0x00,0x00,0x00,0x00,0x00,0x00,0x00,0x00,0x00,
    0x00,0x00,0x00,0x00,0x00,0x00,0x00,0x00,0x00,0x00,0x00,0x00,0x00,0x00,0x00,0x00,0x00,0x00,0x00,0x00,0x00,0x00,0x00,0x00,0x00,0x00,0x00,0x00,0x00,0x00,0x00,0x00,
    0x20,0xb0,0xff,0xff,0x20,0xb0,0xff,0xff,0x20,0xb0,0xff,0xff,0x20,0xb0,0xff,0xff,0x20,0xb0,0xff,0xff,0x20,0xb0,0xff,0xff,0x20,0xb0,0xff,0xff,0x20,0xb0,0xff,0xff,
    0x20,0xb0,0xff,0xff,0x20,0xb0,0xff,0xff,0x20,0xb0,0xff,0xff,0x20,0xb0,0xff,0xff,0x20,0xb0,0xff,0xff,0x20,0xb0,0xff,0xff,0x20,0xb0,0xff,0xff,0x20,0xb0,0xff,0xff,
    0x20,0xb0,0xff,0xff,0x20,0xb0,0xff,0xff,0x20,0xb0,0xff,0xff,0x20,0xb0,0xff,0xff,0x5a,0xc8,0xff,0xff,0x5a,0xc8,0xff,0xff,0x5a,0xc8,0xff,0xff,0x5a,0xc8,0xff,0xff,
    0x5a,0xc8,0xff,0xff,0x5a,0xc8,0xff,0xff,0x5a,0xc8,0xff,0xff,0x5a,0xc8,0xff,0xff,0x5a,0xc8,0xff,0xff,0x5a,0xc8,0xff,0xff,0x5a,0xc8,0xff,0xff,0x5a,0xc8,0xff,0xff,
    0x5a,0xc8,0xff,0xff,0x5a,0xc8,0xff,0xff,0x5a,0xc8,0xff,0xff,0x20,0xb0,0xff,0xff,0x20,0xb0,0xff,0xff,0x20,0xb0,0xff,0xff,0x20,0xb0,0xff,0xff,0x20,0xb0,0xff,0xff,
    0x20,0xb0,0xff,0xff,0x20,0xb0,0xff,0xff,0x20,0xb0,0xff,0xff,0x20,0xb0,0xff,0xff,0x20,0xb0,0xff,0xff,0x20,0xb0,0xff,0xff,0x20,0xb0,0xff,0xff,0x20,0xb0,0xff,0xff,
    0x20,0xb0,0xff,0xff,0x20,0xb0,0xff,0xff,0x20,0xb0,0xff,0xff,0x20,0xb0,0xff,0xff,0x20,0xb0,0xff,0xff,0x20,0xb0,0xff,0xff,0x20,0xb0,0xff,0xff,0x20,0xb0,0xff,0xff,
    0x20,0xb0,0xff,0xff,0x20,0xb0,0xff,0xff,0x20,0xb0,0xff,0xff,0x20,0xb0,0xff,0xff,0x20,0xb0,0xff,0xff,0x20,0xb0,0xff,0xff,0x20,0xb0,0xff,0xff,0x00,0x00,0x00,0x00,
    0x00,0x00,0x00,0x00,0x00,0x00,0x00,0x00,0x00,0x00,0x00,0x00,0x00,0x00,0x00,0x00,0x00,0x00,0x00,0x00,0x00,0x00,0x00,0x00,0x00,0x00,0x00,0x00,0x00,0x00,0x00,0x00,
    0x00,0x00,0x00,0x00,0x00,0x00,0x00,0x00,0x00,0x00,0x00,0x00,0x00,0x00,0x00,0x00,0x00,0x00,0x00,0x00,0x00,0x00,0x00,0x00,0x00,0x00,0x00,0x00,0x00,0x00,0x00,0x00,
    0x00,0x00,0x00,0x00,0x00,0x00,0x00,0x00,0x00,0x00,0x00,0x00,0x00,0x00,0x00,0x00,0x00,0x00,0x00,0x00,0x00,0x00,0x00,0x00,0x00,0x00,0x00,0x00,0x00,0x00,0x00,0x00,
    0x00,0x00,0x00,0x00,0x00,0x00,0x00,0x00,0x00,0x00,0x00,0x00,0x00,0x00,0x00,0x00,0x00,0x00,0x00,0x00,0x00,0x00,0x00,0x00,0x00,0x00,0x00,0x00,0x00,0x00,0x00,0x00,
    0x00,0x00,0x00,0x00,0x00,0x00,0x00,0x00,0x00,0x00,0x00,0x00,0x00,0x00,0x00,0x00,0x00,0x00,0x00,0x00,0x00,0x00,0x00,0x00,0x00,0x00,0x00,0x00,0x00,0x00,0x00,0x00,
    0x00,0x00,0x00,0x00,0x00,0x00,0x00,0x00,0x00,0x00,0x00,0x00,0x00,0x00,0x00,0x00,0x00,0x00,0x00,0x00,0x00,0x00,0x00,0x00,0x00,0x00,0x00,0x00,0x00,0x00,0x00,0x00,
    0x00,0x00,0x00,0x00,0x00,0x00,0x00,0x00,0x00,0x00,0x00,0x00,0x00,0x00,0x00,0x00,0x00,0x00,0x00,0x00,0x00,0x00,0x00,0x00,0x00,0x00,0x00,0x00,0x00,0x00,0x00,0x00,
    0x00,0x00,0x00,0x00,0x00,0x00,0x00,0x00,0x00,0x00,0x00,0x00,0x00,0x00,0x00,0x00,0x00,0x00,0x00,0x00,0x00,0x00,0x00,0x00,0x20,0xb0,0xff,0xff,0x20,0xb0,0xff,0xff,
    0x20,0xb0,0xff,0xff,0x20,0xb0,0xff,0xff,0x20,0xb0,0xff,0xff,0x20,0xb0,0xff,0xff,0x20,0xb0,0xff,0xff,0x20,0xb0,0xff,0xff,0x20,0xb0,0xff,0xff,0x20,0xb0,0xff,0xff,
    0x20,0xb0,0xff,0xff,0x20,0xb0,0xff,0xff,0x20,0xb0,0xff,0xff,0x20,0xb0,0xff,0xff,0x20,0xb0,0xff,0xff,0x20,0xb0,0xff,0xff,0x20,0xb0,0xff,0xff,0x20,0xb0,0xff,0xff,
    0x20,0xb0,0xff,0xff,0x20,0xb0,0xff,0xff,0x20,0xb0,0xff,0xff,0x20,0xb0,0xff,0xff,0x20,0xb0,0xff,0xff,0x5a,0xc8,0xff,0xff,0x5a,0xc8,0xff,0xff,0x5a,0xc8,0xff,0xff,
    0x5a,0xc8,0xff,0xff,0x5a,0xc8,0xff,0xff,0x5a,0xc8,0xff,0xff,0x5a,0xc8,0xff,0xff,0x5a,0xc8,0xff,0xff,0x5a,0xc8,0xff,0xff,0x20,0xb0,0xff,0xff,0x20,0xb0,0xff,0xff,
    0x20,0xb0,0xff,0xff,0x20,0xb0,0xff,0xff,0x20,0xb0,0xff,0xff,0x20,0xb0,0xff,0xff,0x20,0xb0,0xff,0xff,0x20,0xb0,0xff,0xff,0x20,0xb0,0xff,0xff,0x20,0xb0,0xff,0xff,
    0x20,0xb0,0xff,0xff,0x20,0xb0,0xff,0xff,0x20,0xb0,0xff,0xff,0x20,0xb0,0xff,0xff,0x20,0xb0,0xff,0xff,0x20,0xb0,0xff,0xff,0x20,0xb0,0xff,0xff,0x20,0xb0,0xff,0xff,
    0x20,0xb0,0xff,0xff,0x20,0xb0,0xff,0xff,0x20,0xb0,0xff,0xff,0x20,0xb0,0xff,0xff,0x20,0xb0,0xff,0xff,0x20,0xb0,0xff,0xff,0x20,0xb0,0xff,0xff,0x20,0xb0,0xff,0xff,
    0x20,0xb0,0xff,0xff,0x20,0xb0,0xff,0xff,0x20,0xb0,0xff,0xff,0x20,0xb0,0xff,0xff,0x20,0xb0,0xff,0xff,0x00,0x00,0x00,0x00,0x00,0x00,0x00,0x00,0x00,0x00,0x00,0x00,
    0x00,0x00,0x00,0x00,0x00,0x00,0x00,0x00,0x00,0x00,0x00,0x00,0x00,0x00,0x00,0x00,0x00,0x00,0x00,0x00,0x00,0x00,0x00,0x00,0x00,0x00,0x00,0x00,0x00,0x00,0x00,0x00,
    0x00,0x00,0x00,0x00,0x00,0x00,0x00,0x00,0x00,0x00,0x00,0x00,0x00,0x00,0x00,0x00,0x00,0x00,0x00,0x00,0x00,0x00,0x00,0x00,0x00,0x00,0x00,0x00,0x00,0x00,0x00,0x00,
    0x00,0x00,0x00,0x00,0x00,0x00,0x00,0x00,0x00,0x00,0x00,0x00,0x00,0x00,0x00,0x00,0x00,0x00,0x00,0x00,0x00,0x00,0x00,0x00,0x00,0x00,0x00,0x00,0x00,0x00,0x00,0x00,
    0x00,0x00,0x00,0x00,0x00,0x00,0x00,0x00,0x00,0x00,0x00,0x00,0x00,0x00,0x00,0x00,0x00,0x00,0x00,0x00,0x00,0x00,0x00,0x00,0x00,0x00,0x00,0x00,0x00,0x00,0x00,0x00,
    0x00,0x00,0x00,0x00,0x00,0x00,0x00,0x00,0x00,0x00,0x00,0x00,0x00,0x00,0x00,0x00,0x00,0x00,0x00,0x00,0x00,0x00,0x00,0x00,0x00,0x00,0x00,0x00,0x00,0x00,0x00,0x00,
    0x00,0x00,0x00,0x00,0x00,0x00,0x00,0x00,0x00,0x00,0x00,0x00,0x00,0x00,0x00,0x00,0x00,0x00,0x00,0x00,0x00,0x00,0x00,0x00,0x00,0x00,0x00,0x00,0x00,0x00,0x00,0x00,
    0x00,0x00,0x00,0x00,0x00,0x00,0x00,0x00,0x00,0x00,0x00,0x00,0x00,0x00,0x00,0x00,0x00,0x00,0x00,0x00,0x00,0x00,0x00,0x00,0x00,0x00,0x00,0x00,0x00,0x00,0x00,0x00,
    0x00,0x00,0x00,0x00,0x00,0x00,0x00,0x00,0x00,0x00,0x00,0x00,0x00,0x00,0x00,0x00,0x20,0xb0,0xff,0xff,0x20,0xb0,0xff,0xff,0x20,0xb0,0xff,0xff,0x20,0xb0,0xff,0xff,
    0x20,0xb0,0xff,0xff,0x20,0xb0,0xff,0xff,0x20,0xb0,0xff,0xff,0x20,0xb0,0xff,0xff,0x20,0xb0,0xff,0xff,0x20,0xb0,0xff,0xff,0x20,0xb0,0xff,0xff,0x20,0xb0,0xff,0xff,
    0x20,0xb0,0xff,0xff,0x20,0xb0,0xff,0xff,0x20,0xb0,0xff,0xff,0x20,0xb0,0xff,0xff,0x20,0xb0,0xff,0xff,0x20,0xb0,0xff,0xff,0x20,0xb0,0xff,0xff,0x20,0xb0,0xff,0xff,
    0x20,0xb0,0xff,0xff,0x20,0xb0,0xff,0xff,0x20,0xb0,0xff,0xff,0x20,0xb0,0xff,0xff,0x20,0xb0,0xff,0xff,0x20,0xb0,0xff,0xff,0x20,0xb0,0xff,0xff,0x20,0xb0,0xff,0xff,
    0x20,0xb0,0xff,0xff,0x20,0xb0,0xff,0xff,0x20,0xb0,0xff,0xff,0x20,0xb0,0xff,0xff,0x20,0xb0,0xff,0xff,0x20,0xb0,0xff,0xff,0x20,0xb0,0xff,0xff,0x20,0xb0,0xff,0xff,
    0x20,0xb0,0xff,0xff,0x20,0xb0,0xff,0xff,0x20,0xb0,0xff,0xff,0x20,0xb0,0xff,0xff,0x20,0xb0,0xff,0xff,0x20,0xb0,0xff,0xff,0x20,0xb0,0xff,0xff,0x20,0xb0,0xff,0xff,
    0x20,0xb0,0xff,0xff,0x20,0xb0,0xff,0xff,0x20,0xb0,0xff,0xff,0x20,0xb0,0xff,0xff,0x20,0xb0,0xff,0xff,0x20,0xb0,0xff,0xff,0x20,0xb0,0xff,0xff,0x20,0xb0,0xff,0xff,
    0x20,0xb0,0xff,0xff,0x20,0xb0,0xff,0xff,0x20,0xb0,0xff,0xff,0x20,0xb0,0xff,0xff,0x20,0xb0,0xff,0xff,0x20,0xb0,0xff,0xff,0x20,0xb0,0xff,0xff,0x20,0xb0,0xff,0xff,
    0x20,0xb0,0xff,0xff,0x20,0xb0,0xff,0xff,0x20,0xb0,0xff,0xff,0x00,0x00,0x00,0x00,0x00,0x00,0x00,0x00,0x00,0x00,0x00,0x00,0x00,0x00,0x00,0x00,0x00,0x00,0x00,0x00,
    0x00,0x00,0x00,0x00,0x00,0x00,0x00,0x00,0x00,0x00,0x00,0x00,0x00,0x00,0x00,0x00,0x00,0x00,0x00,0x00,0x00,0x00,0x00,0x00,0x00,0x00,0x00,0x00,0x00,0x00,0x00,0x00,
    0x00,0x00,0x00,0x00,0x00,0x00,0x00,0x00,0x00,0x00,0x00,0x00,0x00,0x00,0x00,0x00,0x00,0x00,0x00,0x00,0x00,0x00,0x00,0x00,0x00,0x00,0x00,0x00,0x00,0x00,0x00,0x00,
    0x00,0x00,0x00,0x00,0x00,0x00,0x00,0x00,0x00,0x00,0x00,0x00,0x00,0x00,0x00,0x00,0x00,0x00,0x00,0x00,0x00,0x00,0x00,0x00,0x00,0x00,0x00,0x00,0x00,0x00,0x00,0x00,
    0x00,0x00,0x00,0x00,0x00,0x00,0x00,0x00,0x00,0x00,0x00,0x00,0x00,0x00,0x00,0x00,0x00,0x00,0x00,0x00,0x00,0x00,0x00,0x00,0x00,0x00,0x00,0x00,0x00,0x00,0x00,0x00,
    0x00,0x00,0x00,0x00,0x00,0x00,0x00,0x00,0x00,0x00,0x00,0x00,0x00,0x00,0x00,0x00,0x00,0x00,0x00,0x00,0x00,0x00,0x00,0x00,0x00,0x00,0x00,0x00,0x00,0x00,0x00,0x00,
    0x00,0x00,0x00,0x00,0x00,0x00,0x00,0x00,0x00,0x00,0x00,0x00,0x00,0x00,0x00,0x00,0x00,0x00,0x00,0x00,0x00,0x00,0x00,0x00,0x00,0x00,0x00,0x00,0x00,0x00,0x00,0x00,
    0x00,0x00,0x00,0x00,0x00,0x00,0x00,0x00,0x00,0x00,0x00,0x00,0x00,0x00,0x00,0x00,0x00,0x00,0x00,0x00,0x00,0x00,0x00,0x00,0x00,0x00,0x00,0x00,0x00,0x00,0x00,0x00,
    0x00,0x00,0x00,0x00,0x00,0x00,0x00,0x00,0x00,0x00,0x00,0x00,0x20,0xb0,0xff,0xff,0x20,0xb0,0xff,0xff,0x20,0xb0,0xff,0xff,0x20,0xb0,0xff,0xff,0x20,0xb0,0xff,0xff,
    0x20,0xb0,0xff,0xff,0x20,0xb0,0xff,0xff,0x20,0xb0,0xff,0xff,0x20,0xb0,0xff,0xff,0x20,0xb0,0xff,0xff,0x20,0xb0,0xff,0xff,0x20,0xb0,0xff,0xff,0x20,0xb0,0xff,0xff,
    0x20,0xb0,0xff,0xff,0x20,0xb0,0xff,0xff,0x20,0xb0,0xff,0xff,0x20,0xb0,0xff,0xff,0x20,0xb0,0xff,0xff,0x20,0xb0,0xff,0xff,0x20,0xb0,0xff,0xff,0x20,0xb0,0xff,0xff,
    0x20,0xb0,0xff,0xff,0x20,0xb0,0xff,0xff,0x20,0xb0,0xff,0xff,0x20,0xb0,0xff,0xff,0x20,0xb0,0xff,0xff,0x20,0xb0,0xff,0xff,0x20,0xb0,0xff,0xff,0x20,0xb0,0xff,0xff,
    0x20,0xb0,0xff,0xff,0x20,0xb0,0xff,0xff,0x20,0xb0,0xff,0xff,0x20,0xb0,0xff,0xff,0x20,0xb0,0xff,0xff,0x20,0xb0,0xff,0xff,0x20,0xb0,0xff,0xff,0x20,0xb0,0xff,0xff,
    0x20,0xb0,0xff,0xff,0x20,0xb0,0xff,0xff,0x20,0xb0,0xff,0xff,0x20,0xb0,0xff,0xff,0x20,0xb0,0xff,0xff,0x20,0xb0,0xff,0xff,0x20,0xb0,0xff,0xff,0x20,0xb0,0xff,0xff,
    0x20,0xb0,0xff,0xff,0x20,0xb0,0xff,0xff,0x20,0xb0,0xff,0xff,0x20,0xb0,0xff,0xff,0x20,0xb0,0xff,0xff,0x20,0xb0,0xff,0xff,0x20,0xb0,0xff,0xff,0x20,0xb0,0xff,0xff,
    0x20,0xb0,0xff,0xff,0x20,0xb0,0xff,0xff,0x20,0xb0,0xff,0xff,0x20,0xb0,0xff,0xff,0x20,0xb0,0xff,0xff,0x20,0xb0,0xff,0xff,0x20,0xb0,0xff,0xff,0x20,0xb0,0xff,0xff,
    0x00,0x00,0x00,0x00,0x00,0x00,0x00,0x00,0x00,0x00,0x00,0x00,0x00,0x00,0x00,0x00,0x00,0x00,0x00,0x00,0x00,0x00,0x00,0x00,0x00,0x00,0x00,0x00,0x00,0x00,0x00,0x00,
    0x00,0x00,0x00,0x00,0x00,0x00,0x00,0x00,0x00,0x00,0x00,0x00,0x00,0x00,0x00,0x00,0x00,0x00,0x00,0x00,0x00,0x00,0x00,0x00,0x00,0x00,0x00,0x00,0x00,0x00,0x00,0x00,
    0x00,0x00,0x00,0x00,0x00,0x00,0x00,0x00,0x00,0x00,0x00,0x00,0x00,0x00,0x00,0x00,0x00,0x00,0x00,0x00,0x00,0x00,0x00,0x00,0x00,0x00,0x00,0x00,0x00,0x00,0x00,0x00,
    0x00,0x00,0x00,0x00,0x00,0x00,0x00,0x00,0x00,0x00,0x00,0x00,0x00,0x00,0x00,0x00,0x00,0x00,0x00,0x00,0x00,0x00,0x00,0x00,0x00,0x00,0x00,0x00,0x00,0x00,0x00,0x00,
    0x00,0x00,0x00,0x00,0x00,0x00,0x00,0x00,0x00,0x00,0x00,0x00,0x00,0x00,0x00,0x00,0x00,0x00,0x00,0x00,0x00,0x00,0x00,0x00,0x00,0x00,0x00,0x00,0x00,0x00,0x00,0x00,
    0x00,0x00,0x00,0x00,0x00,0x00,0x00,0x00,0x00,0x00,0x00,0x00,0x00,0x00,0x00,0x00,0x00,0x00,0x00,0x00,0x00,0x00,0x00,0x00,0x00,0x00,0x00,0x00,0x00,0x00,0x00,0x00,
    0x00,0x00,0x00,0x00,0x00,0x00,0x00,0x00,0x00,0x00,0x00,0x00,0x00,0x00,0x00,0x00,0x00,0x00,0x00,0x00,0x00,0x00,0x00,0x00,0x00,0x00,0x00,0x00,0x00,0x00,0x00,0x00,
    0x00,0x00,0x00,0x00,0x00,0x00,0x00,0x00,0x00,0x00,0x00,0x00,0x20,0xb0,0xff,0xff,0x00,0x00,0x00,0x00,0x00,0x00,0x00,0x00,0x00,0x00,0x00,0x00,0x00,0x00,0x00,0x00,
    0x00,0x00,0x00,0x00,0x00,0x00,0x00,0x00,0x20,0xb0,0xff,0xff,0x20,0xb0,0xff,0xff,0x20,0xb0,0xff,0xff,0x20,0xb0,0xff,0xff,0x20,0xb0,0xff,0xff,0x20,0xb0,0xff,0xff,
    0x20,0xb0,0xff,0xff,0x20,0xb0,0xff,0xff,0x20,0xb0,0xff,0xff,0x20,0xb0,0xff,0xff,0x20,0xb0,0xff,0xff,0x20,0xb0,0xff,0xff,0x20,0xb0,0xff,0xff,0x20,0xb0,0xff,0xff,
    0x20,0xb0,0xff,0xff,0x20,0xb0,0xff,0xff,0x20,0xb0,0xff,0xff,0x20,0xb0,0xff,0xff,0x20,0xb0,0xff,0xff,0x20,0xb0,0xff,0xff,0x20,0xb0,0xff,0xff,0x20,0xb0,0xff,0xff,
    0x20,0xb0,0xff,0xff,0x20,0xb0,0xff,0xff,0x20,0xb0,0xff,0xff,0x20,0xb0,0xff,0xff,0x20,0xb0,0xff,0xff,0x20,0xb0,0xff,0xff,0x20,0xb0,0xff,0xff,0x20,0xb0,0xff,0xff,
    0x20,0xb0,0xff,0xff,0x20,0xb0,0xff,0xff,0x20,0xb0,0xff,0xff,0x20,0xb0,0xff,0xff,0x20,0xb0,0xff,0xff,0x20,0xb0,0xff,0xff,0x20,0xb0,0xff,0xff,0x20,0xb0,0xff,0xff,
    0x20,0xb0,0xff,0xff,0x20,0xb0,0xff,0xff,0x20,0xb0,0xff,0xff,0x20,0xb0,0xff,0xff,0x20,0xb0,0xff,0xff,0x20,0xb0,0xff,0xff,0x20,0xb0,0xff,0xff,0x20,0xb0,0xff,0xff,
    0x20,0xb0,0xff,0xff,0x20,0xb0,0xff,0xff,0x20,0xb0,0xff,0xff,0x20,0xb0,0xff,0xff,0x20,0xb0,0xff,0xff,0x20,0xb0,0xff,0xff,0x20,0xb0,0xff,0xff,0x20,0xb0,0xff,0xff,
    0x20,0xb0,0xff,0xff,0x20,0xb0,0xff,0xff,0x20,0xb0,0xff,0xff,0x20,0xb0,0xff,0xff,0x20,0xb0,0xff,0xff,0x00,0x00,0x00,0x00,0x00,0x00,0x00,0x00,0x00,0x00,0x00,0x00,
    0x00,0x00,0x00,0x00,0x00,0x00,0x00,0x00,0x20,0xb0,0xff,0xff,0x00,0x00,0x00,0x00,0x00,0x00,0x00,0x00,0x00,0x00,0x00,0x00,0x00,0x00,0x00,0x00,0x00,0x00,0x00,0x00,
    0x00,0x00,0x00,0x00,0x00,0x00,0x00,0x00,0x00,0x00,0x00,0x00,0x00,0x00,0x00,0x00,0x00,0x00,0x00,0x00,0x00,0x00,0x00,0x00,0x00,0x00,0x00,0x00,0x00,0x00,0x00,0x00,
    0x00,0x00,0x00,0x00,0x00,0x00,0x00,0x00,0x00,0x00,0x00,0x00,0x00,0x00,0x00,0x00,0x00,0x00,0x00,0x00,0x00,0x00,0x00,0x00,0x00,0x00,0x00,0x00,0x00,0x00,0x00,0x00,
    0x00,0x00,0x00,0x00,0x00,0x00,0x00,0x00,0x00,0x00,0x00,0x00,0x00,0x00,0x00,0x00,0x00,0x00,0x00,0x00,0x00,0x00,0x00,0x00,0x00,0x00,0x00,0x00,0x00,0x00,0x00,0x00,
    0x00,0x00,0x00,0x00,0x00,0x00,0x00,0x00,0x00,0x00,0x00,0x00,0x00,0x00,0x00,0x00,0x00,0x00,0x00,0x00,0x00,0x00,0x00,0x00,0x00,0x00,0x00,0x00,0x00,0x00,0x00,0x00,
    0x00,0x00,0x00,0x00,0x00,0x00,0x00,0x00,0x00,0x00,0x00,0x00,0x00,0x00,0x00,0x00,0x00,0x00,0x00,0x00,0x00,0x00,0x00,0x00,0x00,0x00,0x00,0x00,0x00,0x00,0x00,0x00,
    0x00,0x00,0x00,0x00,0x00,0x00,0x00,0x00,0x00,0x00,0x00,0x00,0x00,0x00,0x00,0x00,0x00,0x00,0x00,0x00,0x00,0x00,0x00,0x00,0x00,0x00,0x00,0x00,0x20,0xb0,0xff,0xff,
    0x20,0xb0,0xff,0xff,0x20,0xb0,0xff,0xff,0x00,0x00,0x00,0x00,0x00,0x00,0x00,0x00,0x00,0x00,0x00,0x00,0x00,0x00,0x00,0x00,0x00,0x00,0x00,0x00,0x00,0x00,0x00,0x00,
    0x20,0xb0,0xff,0xff,0x20,0xb0,0xff,0xff,0x20,0xb0,0xff,0xff,0x20,0xb0,0xff,0xff,0x20,0xb0,0xff,0xff,0x20,0xb0,0xff,0xff,0x20,0xb0,0xff,0xff,0x20,0xb0,0xff,0xff,
    0x20,0xb0,0xff,0xff,0x20,0xb0,0xff,0xff,0x20,0xb0,0xff,0xff,0x20,0xb0,0xff,0xff,0x20,0xb0,0xff,0xff,0x20,0xb0,0xff,0xff,0x20,0xb0,0xff,0xff,0x20,0xb0,0xff,0xff,
    0x20,0xb0,0xff,0xff,0x20,0xb0,0xff,0xff,0x20,0xb0,0xff,0xff,0x20,0xb0,0xff,0xff,0x20,0xb0,0xff,0xff,0x20,0xb0,0xff,0xff,0x20,0xb0,0xff,0xff,0x20,0xb0,0xff,0xff,
    0x20,0xb0,0xff,0xff,0x20,0xb0,0xff,0xff,0x20,0xb0,0xff,0xff,0x20,0xb0,0xff,0xff,0x20,0xb0,0xff,0xff,0x20,0xb0,0xff,0xff,0x20,0xb0,0xff,0xff,0x20,0xb0,0xff,0xff,
    0x20,0xb0,0xff,0xff,0x20,0xb0,0xff,0xff,0x20,0xb0,0xff,0xff,0x20,0xb0,0xff,0xff,0x20,0xb0,0xff,0xff,0x20,0xb0,0xff,0xff,0x20,0xb0,0xff,0xff,0x20,0xb0,0xff,0xff,
    0x20,0xb0,0xff,0xff,0x20,0xb0,0xff,0xff,0x20,0xb0,0xff,0xff,0x20,0xb0,0xff,0xff,0x20,0xb0,0xff,0xff,0x20,0xb0,0xff,0xff,0x20,0xb0,0xff,0xff,0x20,0xb0,0xff,0xff,
    0x20,0xb0,0xff,0xff,0x20,0xb0,0xff,0xff,0x20,0xb0,0xff,0xff,0x20,0xb0,0xff,0xff,0x20,0xb0,0xff,0xff,0x20,0xb0,0xff,0xff,0x20,0xb0,0xff,0xff,0x20,0xb0,0xff,0xff,
    0x20,0xb0,0xff,0xff,0x20,0xb0,0xff,0xff,0x20,0xb0,0xff,0xff,0x00,0x00,0x00,0x00,0x00,0x00,0x00,0x00,0x00,0x00,0x00,0x00,0x00,0x00,0x00,0x00,0x00,0x00,0x00,0x00,
    0x20,0xb0,0xff,0xff,0x20,0xb0,0xff,0xff,0x20,0xb0,0xff,0xff,0x00,0x00,0x00,0x00,0x00,0x00,0x00,0x00,0x00,0x00,0x00,0x00,0x00,0x00,0x00,0x00,0x00,0x00,0x00,0x00,
    0x00,0x00,0x00,0x00,0x00,0x00,0x00,0x00,0x00,0x00,0x00,0x00,0x00,0x00,0x00,0x00,0x00,0x00,0x00,0x00,0x00,0x00,0x00,0x00,0x00,0x00,0x00,0x00,0x00,0x00,0x00,0x00,
    0x00,0x00,0x00,0x00,0x00,0x00,0x00,0x00,0x00,0x00,0x00,0x00,0x00,0x00,0x00,0x00,0x00,0x00,0x00,0x00,0x00,0x00,0x00,0x00,0x00,0x00,0x00,0x00,0x00,0x00,0x00,0x00,
    0x00,0x00,0x00,0x00,0x00,0x00,0x00,0x00,0x00,0x00,0x00,0x00,0x00,0x00,0x00,0x00,0x00,0x00,0x00,0x00,0x00,0x00,0x00,0x00,0x00,0x00,0x00,0x00,0x00,0x00,0x00,0x00,
    0x00,0x00,0x00,0x00,0x00,0x00,0x00,0x00,0x00,0x00,0x00,0x00,0x00,0x00,0x00,0x00,0x00,0x00,0x00,0x00,0x00,0x00,0x00,0x00,0x00,0x00,0x00,0x00,0x00,0x00,0x00,0x00,
    0x00,0x00,0x00,0x00,0x00,0x00,0x00,0x00,0x00,0x00,0x00,0x00,0x00,0x00,0x00,0x00,0x00,0x00,0x00,0x00,0x00,0x00,0x00,0x00,0x00,0x00,0x00,0x00,0x00,0x00,0x00,0x00,
    0x00,0x00,0x00,0x00,0x00,0x00,0x00,0x00,0x00,0x00,0x00,0x00,0x00,0x00,0x00,0x00,0x20,0xb0,0xff,0xff,0x20,0xb0,0xff,0xff,0x20,0xb0,0xff,0xff,0x20,0xb0,0xff,0xff,
    0x20,0xb0,0xff,0xff,0x00,0x00,0x00,0x00,0x00,0x00,0x00,0x00,0x00,0x00,0x00,0x00,0x00,0x00,0x00,0x00,0x00,0x00,0x00,0x00,0x00,0x00,0x00,0x00,0x20,0xb0,0xff,0xff,
    0x20,0xb0,0xff,0xff,0x20,0xb0,0xff,0xff,0x20,0xb0,0xff,0xff,0x20,0xb0,0xff,0xff,0x20,0xb0,0xff,0xff,0x20,0xb0,0xff,0xff,0x20,0xb0,0xff,0xff,0x20,0xb0,0xff,0xff,
    0x20,0xb0,0xff,0xff,0x20,0xb0,0xff,0xff,0x20,0xb0,0xff,0xff,0x20,0xb0,0xff,0xff,0x20,0xb0,0xff,0xff,0x20,0xb0,0xff,0xff,0x20,0xb0,0xff,0xff,0x20,0xb0,0xff,0xff,
    0x20,0xb0,0xff,0xff,0x20,0xb0,0xff,0xff,0x20,0xb0,0xff,0xff,0x20,0xb0,0xff,0xff,0x20,0xb0,0xff,0xff,0x20,0xb0,0xff,0xff,0x20,0xb0,0xff,0xff,0x20,0xb0,0xff,0xff,
    0x20,0xb0,0xff,0xff,0x20,0xb0,0xff,0xff,0x20,0xb0,0xff,0xff,0x20,0xb0,0xff,0xff,0x20,0xb0,0xff,0xff,0x20,0xb0,0xff,0xff,0x20,0xb0,0xff,0xff,0x20,0xb0,0xff,0xff,
    0x20,0xb0,0xff,0xff,0x20,0xb0,0xff,0xff,0x20,0xb0,0xff,0xff,0x20,0xb0,0xff,0xff,0x20,0xb0,0xff,0xff,0x20,0xb0,0xff,0xff,0x20,0xb0,0xff,0xff,0x20,0xb0,0xff,0xff,
    0x20,0xb0,0xff,0xff,0x20,0xb0,0xff,0xff,0x20,0xb0,0xff,0xff,0x20,0xb0,0xff,0xff,0x20,0xb0,0xff,0xff,0x20,0xb0,0xff,0xff,0x20,0xb0,0xff,0xff,0x20,0xb0,0xff,0xff,
    0x20,0xb0,0xff,0xff,0x20,0xb0,0xff,0xff,0x20,0xb0,0xff,0xff,0x20,0xb0,0xff,0xff,0x20,0xb0,0xff,0xff,0x20,0xb0,0xff,0xff,0x20,0xb0,0xff,0xff,0x20,0xb0,0xff,0xff,
    0x00,0x00,0x00,0x00,0x00,0x00,0x00,0x00,0x00,0x00,0x00,0x00,0x00,0x00,0x00,0x00,0x00,0x00,0x00,0x00,0x20,0xb0,0xff,0xff,0x20,0xb0,0xff,0xff,0x20,0xb0,0xff,0xff,
    0x20,0xb0,0xff,0xff,0x20,0xb0,0xff,0xff,0x00,0x00,0x00,0x00,0x00,0x00,0x00,0x00,0x00,0x00,0x00,0x00,0x00,0x00,0x00,0x00,0x00,0x00,0x00,0x00,0x00,0x00,0x00,0x00,
    0x00,0x00,0x00,0x00,0x00,0x00,0x00,0x00,0x00,0x00,0x00,0x00,0x00,0x00,0x00,0x00,0x00,0x00,0x00,0x00,0x00,0x00,0x00,0x00,0x00,0x00,0x00,0x00,0x00,0x00,0x00,0x00,
    0x00,0x00,0x00,0x00,0x00,0x00,0x00,0x00,0x00,0x00,0x00,0x00,0x00,0x00,0x00,0x00,0x00,0x00,0x00,0x00,0x00,0x00,0x00,0x00,0x00,0x00,0x00,0x00,0x00,0x00,0x00,0x00,
    0x00,0x00,0x00,0x00,0x00,0x00,0x00,0x00,0x00,0x00,0x00,0x00,0x00,0x00,0x00,0x00,0x00,0x00,0x00,0x00,0x00,0x00,0x00,0x00,0x00,0x00,0x00,0x00,0x00,0x00,0x00,0x00,
    0x00,0x00,0x00,0x00,0x00,0x00,0x00,0x00,0x00,0x00,0x00,0x00,0x00,0x00,0x00,0x00,0x00,0x00,0x00,0x00,0x00,0x00,0x00,0x00,0x00,0x00,0x00,0x00,0x00,0x00,0x00,0x00,
    0x00,0x00,0x00,0x00,0x00,0x00,0x00,0x00,0x00,0x00,0x00,0x00,0x00,0x00,0x00,0x00,0x00,0x00,0x00,0x00,0x00,0x00,0x00,0x00,0x00,0x00,0x00,0x00,0x00,0x00,0x00,0x00,
    0x20,0xb0,0xff,0xff,0x20,0xb0,0xff,0xff,0x20,0xb0,0xff,0xff,0x20,0xb0,0xff,0xff,0x20,0xb0,0xff,0xff,0x20,0xb0,0xff,0xff,0x20,0xb0,0xff,0xff,0x00,0x00,0x00,0x00,
    0x00,0x00,0x00,0x00,0x00,0x00,0x00,0x00,0x00,0x00,0x00,0x00,0x00,0x00,0x00,0x00,0x00,0x00,0x00,0x00,0x00,0x00,0x00,0x00,0x20,0xb0,0xff,0xff,0x20,0xb0,0xff,0xff,
    0x20,0xb0,0xff,0xff,0x20,0xb0,0xff,0xff,0x20,0xb0,0xff,0xff,0x20,0xb0,0xff,0xff,0x20,0xb0,0xff,0xff,0x20,0xb0,0xff,0xff,0x20,0xb0,0xff,0xff,0x20,0xb0,0xff,0xff,
    0x20,0xb0,0xff,0xff,0x20,0xb0,0xff,0xff,0x20,0xb0,0xff,0xff,0x20,0xb0,0xff,0xff,0x20,0xb0,0xff,0xff,0x20,0xb0,0xff,0xff,0x20,0xb0,0xff,0xff,0x20,0xb0,0xff,0xff,
    0x20,0xb0,0xff,0xff,0x20,0xb0,0xff,0xff,0x20,0xb0,0xff,0xff,0x20,0xb0,0xff,0xff,0x20,0xb0,0xff,0xff,0x20,0xb0,0xff,0xff,0x20,0xb0,0xff,0xff,0x20,0xb0,0xff,0xff,
    0x20,0xb0,0xff,0xff,0x20,0xb0,0xff,0xff,0x20,0xb0,0xff,0xff,0x20,0xb0,0xff,0xff,0x20,0xb0,0xff,0xff,0x20,0xb0,0xff,0xff,0x20,0xb0,0xff,0xff,0x20,0xb0,0xff,0xff,
    0x20,0xb0,0xff,0xff,0x20,0xb0,0xff,0xff,0x20,0xb0,0xff,0xff,0x20,0xb0,0xff,0xff,0x20,0xb0,0xff,0xff,0x20,0xb0,0xff,0xff,0x20,0xb0,0xff,0xff,0x20,0xb0,0xff,0xff,
    0x20,0xb0,0xff,0xff,0x20,0xb0,0xff,0xff,0x20,0xb0,0xff,0xff,0x20,0xb0,0xff,0xff,0x20,0xb0,0xff,0xff,0x20,0xb0,0xff,0xff,0x20,0xb0,0xff,0xff,0x20,0xb0,0xff,0xff,
    0x20,0xb0,0xff,0xff,0x20,0xb0,0xff,0xff,0x20,0xb0,0xff,0xff,0x20,0xb0,0xff,0xff,0x20,0xb0,0xff,0xff,0x00,0x00,0x00,0x00,0x00,0x00,0x00,0x00,0x00,0x00,0x00,0x00,
    0x00,0x00,0x00,0x00,0x00,0x00,0x00,0x00,0x00,0x00,0x00,0x00,0x20,0xb0,0xff,0xff,0x20,0xb0,0xff,0xff,0x20,0xb0,0xff,0xff,0x20,0xb0,0xff,0xff,0x20,0xb0,0xff,0xff,
    0x20,0xb0,0xff,0xff,0x20,0xb0,0xff,0xff,0x00,0x00,0x00,0x00,0x00,0x00,0x00,0x00,0x00,0x00,0x00,0x00,0x00,0x00,0x00,0x00,0x00,0x00,0x00,0x00,0x00,0x00,0x00,0x00,
    0x00,0x00,0x00,0x00,0x00,0x00,0x00,0x00,0x00,0x00,0x00,0x00,0x00,0x00,0x00,0x00,0x00,0x00,0x00,0x00,0x00,0x00,0x00,0x00,0x00,0x00,0x00,0x00,0x00,0x00,0x00,0x00,
    0x00,0x00,0x00,0x00,0x00,0x00,0x00,0x00,0x00,0x00,0x00,0x00,0x00,0x00,0x00,0x00,0x00,0x00,0x00,0x00,0x00,0x00,0x00,0x00,0x00,0x00,0x00,0x00,0x00,0x00,0x00,0x00,
    0x00,0x00,0x00,0x00,0x00,0x00,0x00,0x00,0x00,0x00,0x00,0x00,0x00,0x00,0x00,0x00,0x00,0x00,0x00,0x00,0x00,0x00,0x00,0x00,0x00,0x00,0x00,0x00,0x00,0x00,0x00,0x00,
    0x00,0x00,0x00,0x00,0x00,0x00,0x00,0x00,0x00,0x00,0x00,0x00,0x00,0x00,0x00,0x00,0x00,0x00,0x00,0x00,0x00,0x00,0x00,0x00,0x00,0x00,0x00,0x00,0x00,0x00,0x00,0x00,
    0x00,0x00,0x00,0x00,0x00,0x00,0x00,0x00,0x00,0x00,0x00,0x00,0x00,0x00,0x00,0x00,0x20,0xb0,0xff,0xff,0x20,0xb0,0xff,0xff,0x20,0xb0,0xff,0xff,0x20,0xb0,0xff,0xff,
    0x20,0xb0,0xff,0xff,0x20,0xb0,0xff,0xff,0x20,0xb0,0xff,0xff,0x20,0xb0,0xff,0xff,0x20,0xb0,0xff,0xff,0x00,0x00,0x00,0x00,0x00,0x00,0x00,0x00,0x00,0x00,0x00,0x00,
    0x00,0x00,0x00,0x00,0x00,0x00,0x00,0x00,0x00,0x00,0x00,0x00,0x00,0x00,0x00,0x00,0x20,0xb0,0xff,0xff,0x20,0xb0,0xff,0xff,0x20,0xb0,0xff,0xff,0x20,0xb0,0xff,0xff,
    0x20,0xb0,0xff,0xff,0x20,0xb0,0xff,0xff,0x20,0xb0,0xff,0xff,0x20,0xb0,0xff,0xff,0x20,0xb0,0xff,0xff,0x20,0xb0,0xff,0xff,0x20,0xb0,0xff,0xff,0x20,0xb0,0xff,0xff,
    0x20,0xb0,0xff,0xff,0x20,0xb0,0xff,0xff,0x20,0xb0,0xff,0xff,0x20,0xb0,0xff,0xff,0x20,0xb0,0xff,0xff,0x20,0xb0,0xff,0xff,0x20,0xb0,0xff,0xff,0x20,0xb0,0xff,0xff,
    0x20,0xb0,0xff,0xff,0x20,0xb0,0xff,0xff,0x20,0xb0,0xff,0xff,0x20,0xb0,0xff,0xff,0x20,0xb0,0xff,0xff,0x20,0xb0,0xff,0xff,0x20,0xb0,0xff,0xff,0x20,0xb0,0xff,0xff,
    0x20,0xb0,0xff,0xff,0x20,0xb0,0xff,0xff,0x20,0xb0,0xff,0xff,0x20,0xb0,0xff,0xff,0x20,0xb0,0xff,0xff,0x20,0xb0,0xff,0xff,0x20,0xb0,0xff,0xff,0x20,0xb0,0xff,0xff,
    0x20,0xb0,0xff,0xff,0x20,0xb0,0xff,0xff,0x20,0xb0,0xff,0xff,0x20,0xb0,0xff,0xff,0x20,0xb0,0xff,0xff,0x20,0xb0,0xff,0xff,0x20,0xb0,0xff,0xff,0x20,0xb0,0xff,0xff,
    0x20,0xb0,0xff,0xff,0x20,0xb0,0xff,0xff,0x20,0xb0,0xff,0xff,0x20,0xb0,0xff,0xff,0x20,0xb0,0xff,0xff,0x20,0xb0,0xff,0xff,0x20,0xb0,0xff,0xff,0x20,0xb0,0xff,0xff,
    0x20,0xb0,0xff,0xff,0x20,0xb0,0xff,0xff,0x20,0xb0,0xff,0xff,0x00,0x00,0x00,0x00,0x00,0x00,0x00,0x00,0x00,0x00,0x00,0x00,0x00,0x00,0x00,0x00,0x00,0x00,0x00,0x00,
    0x00,0x00,0x00,0x00,0x20,0xb0,0xff,0xff,0x20,0xb0,0xff,0xff,0x20,0xb0,0xff,0xff,0x20,0xb0,0xff,0xff,0x20,0xb0,0xff,0xff,0x20,0xb0,0xff,0xff,0x20,0xb0,0xff,0xff,
    0x20,0xb0,0xff,0xff,0x20,0xb0,0xff,0xff,0x00,0x00,0x00,0x00,0x00,0x00,0x00,0x00,0x00,0x00,0x00,0x00,0x00,0x00,0x00,0x00,0x00,0x00,0x00,0x00,0x00,0x00,0x00,0x00,
    0x00,0x00,0x00,0x00,0x00,0x00,0x00,0x00,0x00,0x00,0x00,0x00,0x00,0x00,0x00,0x00,0x00,0x00,0x00,0x00,0x00,0x00,0x00,0x00,0x00,0x00,0x00,0x00,0x00,0x00,0x00,0x00,
    0x00,0x00,0x00,0x00,0x00,0x00,0x00,0x00,0x00,0x00,0x00,0x00,0x00,0x00,0x00,0x00,0x00,0x00,0x00,0x00,0x00,0x00,0x00,0x00,0x00,0x00,0x00,0x00,0x00,0x00,0x00,0x00,
    0x00,0x00,0x00,0x00,0x00,0x00,0x00,0x00,0x00,0x00,0x00,0x00,0x00,0x00,0x00,0x00,0x00,0x00,0x00,0x00,0x00,0x00,0x00,0x00,0x00,0x00,0x00,0x00,0x00,0x00,0x00,0x00,
    0x00,0x00,0x00,0x00,0x00,0x00,0x00,0x00,0x00,0x00,0x00,0x00,0x00,0x00,0x00,0x00,0x00,0x00,0x00,0x00,0x00,0x00,0x00,0x00,0x00,0x00,0x00,0x00,0x00,0x00,0x00,0x00,
    0x20,0xb0,0xff,0xff,0x20,0xb0,0xff,0xff,0x20,0xb0,0xff,0xff,0x20,0xb0,0xff,0xff,0x20,0xb0,0xff,0xff,0x20,0xb0,0xff,0xff,0x20,0xb0,0xff,0xff,0x20,0xb0,0xff,0xff,
    0x20,0xb0,0xff,0xff,0x20,0xb0,0xff,0xff,0x20,0xb0,0xff,0xff,0x20,0xb0,0xff,0xff,0x00,0x00,0x00,0x00,0x00,0x00,0x00,0x00,0x00,0x00,0x00,0x00,0x00,0x00,0x00,0x00,
    0x00,0x00,0x00,0x00,0x00,0x00,0x00,0x00,0x00,0x00,0x00,0x00,0x20,0xb0,0xff,0xff,0x20,0xb0,0xff,0xff,0x20,0xb0,0xff,0xff,0x20,0xb0,0xff,0xff,0x20,0xb0,0xff,0xff,
    0x20,0xb0,0xff,0xff,0x20,0xb0,0xff,0xff,0x20,0xb0,0xff,0xff,0x20,0xb0,0xff,0xff,0x20,0xb0,0xff,0xff,0x20,0xb0,0xff,0xff,0x20,0xb0,0xff,0xff,0x20,0xb0,0xff,0xff,
    0x20,0xb0,0xff,0xff,0x20,0xb0,0xff,0xff,0x20,0xb0,0xff,0xff,0x20,0xb0,0xff,0xff,0x20,0xb0,0xff,0xff,0x20,0xb0,0xff,0xff,0x20,0xb0,0xff,0xff,0x20,0xb0,0xff,0xff,
    0x20,0xb0,0xff,0xff,0x20,0xb0,0xff,0xff,0x20,0xb0,0xff,0xff,0x20,0xb0,0xff,0xff,0x20,0xb0,0xff,0xff,0x20,0xb0,0xff,0xff,0x20,0xb0,0xff,0xff,0x20,0xb0,0xff,0xff,
    0x20,0xb0,0xff,0xff,0x20,0xb0,0xff,0xff,0x20,0xb0,0xff,0xff,0x20,0xb0,0xff,0xff,0x20,0xb0,0xff,0xff,0x20,0xb0,0xff,0xff,0x20,0xb0,0xff,0xff,0x20,0xb0,0xff,0xff,
    0x20,0xb0,0xff,0xff,0x20,0xb0,0xff,0xff,0x20,0xb0,0xff,0xff,0x20,0xb0,0xff,0xff,0x20,0xb0,0xff,0xff,0x20,0xb0,0xff,0xff,0x20,0xb0,0xff,0xff,0x20,0xb0,0xff,0xff,
    0x20,0xb0,0xff,0xff,0x20,0xb0,0xff,0xff,0x20,0xb0,0xff,0xff,0x20,0xb0,0xff,0xff,0x20,0xb0,0xff,0xff,0x20,0xb0,0xff,0xff,0x20,0xb0,0xff,0xff,0x20,0xb0,0xff,0xff,
    0x00,0x00,0x00,0x00,0x00,0x00,0x00,0x00,0x00,0x00,0x00,0x00,0x00,0x00,0x00,0x00,0x00,0x00,0x00,0x00,0x00,0x00,0x00,0x00,0x20,0xb0,0xff,0xff,0x20,0xb0,0xff,0xff,
    0x20,0xb0,0xff,0xff,0x20,0xb0,0xff,0xff,0x20,0xb0,0xff,0xff,0x20,0xb0,0xff,0xff,0x20,0xb0,0xff,0xff,0x20,0xb0,0xff,0xff,0x20,0xb0,0xff,0xff,0x20,0xb0,0xff,0xff,
    0x20,0xb0,0xff,0xff,0x20,0xb0,0xff,0xff,0x00,0x00,0x00,0x00,0x00,0x00,0x00,0x00,0x00,0x00,0x00,0x00,0x00,0x00,0x00,0x00,0x00,0x00,0x00,0x00,0x00,0x00,0x00,0x00,
    0x00,0x00,0x00,0x00,0x00,0x00,0x00,0x00,0x00,0x00,0x00,0x00,0x00,0x00,0x00,0x00,0x00,0x00,0x00,0x00,0x00,0x00,0x00,0x00,0x00,0x00,0x00,0x00,0x00,0x00,0x00,0x00,
    0x00,0x00,0x00,0x00,0x00,0x00,0x00,0x00,0x00,0x00,0x00,0x00,0x00,0x00,0x00,0x00,0x00,0x00,0x00,0x00,0x00,0x00,0x00,0x00,0x00,0x00,0x00,0x00,0x00,0x00,0x00,0x00,
    0x00,0x00,0x00,0x00,0x00,0x00,0x00,0x00,0x00,0x00,0x00,0x00,0x00,0x00,0x00,0x00,0x00,0x00,0x00,0x00,0x00,0x00,0x00,0x00,0x00,0x00,0x00,0x00,0x00,0x00,0x00,0x00,
    0x00,0x00,0x00,0x00,0x00,0x00,0x00,0x00,0x00,0x00,0x00,0x00,0x00,0x00,0x00,0x00,0x00,0x00,0x00,0x00,0x20,0xb0,0xff,0xff,0x20,0xb0,0xff,0xff,0x20,0xb0,0xff,0xff,
    0x20,0xb0,0xff,0xff,0x20,0xb0,0xff,0xff,0x20,0xb0,0xff,0xff,0x20,0xb0,0xff,0xff,0x20,0xb0,0xff,0xff,0x20,0xb0,0xff,0xff,0x20,0xb0,0xff,0xff,0x20,0xb0,0xff,0xff,
    0x20,0xb0,0xff,0xff,0x20,0xb0,0xff,0xff,0x00,0x00,0x00,0x00,0x00,0x00,0x00,0x00,0x00,0x00,0x00,0x00,0x00,0x00,0x00,0x00,0x00,0x00,0x00,0x00,0x00,0x00,0x00,0x00,
    0x00,0x00,0x00,0x00,0x00,0x00,0x00,0x00,0x20,0xb0,0xff,0xff,0x20,0xb0,0xff,0xff,0x20,0xb0,0xff,0xff,0x20,0xb0,0xff,0xff,0x20,0xb0,0xff,0xff,0x20,0xb0,0xff,0xff,
    0x20,0xb0,0xff,0xff,0x20,0xb0,0xff,0xff,0x20,0xb0,0xff,0xff,0x20,0xb0,0xff,0xff,0x20,0xb0,0xff,0xff,0x20,0xb0,0xff,0xff,0x20,0xb0,0xff,0xff,0x20,0xb0,0xff,0xff,
    0x20,0xb0,0xff,0xff,0x20,0xb0,0xff,0xff,0x20,0xb0,0xff,0xff,0x20,0xb0,0xff,0xff,0x20,0xb0,0xff,0xff,0x20,0xb0,0xff,0xff,0x20,0xb0,0xff,0xff,0x20,0xb0,0xff,0xff,
    0x20,0xb0,0xff,0xff,0x20,0xb0,0xff,0xff,0x20,0xb0,0xff,0xff,0x20,0xb0,0xff,0xff,0x20,0xb0,0xff,0xff,0x20,0xb0,0xff,0xff,0x20,0xb0,0xff,0xff,0x20,0xb0,0xff,0xff,
    0x20,0xb0,0xff,0xff,0x20,0xb0,0xff,0xff,0x20,0xb0,0xff,0xff,0x20,0xb0,0xff,0xff,0x20,0xb0,0xff,0xff,0x20,0xb0,0xff,0xff,0x20,0xb0,0xff,0xff,0x20,0xb0,0xff,0xff,
    0x20,0xb0,0xff,0xff,0x20,0xb0,0xff,0xff,0x20,0xb0,0xff,0xff,0x20,0xb0,0xff,0xff,0x20,0xb0,0xff,0xff,0x20,0xb0,0xff,0xff,0x20,0xb0,0xff,0xff,0x20,0xb0,0xff,0xff,
    0x20,0xb0,0xff,0xff,0x20,0xb0,0xff,0xff,0x20,0xb0,0xff,0xff,0x20,0xb0,0xff,0xff,0x20,0xb0,0xff,0xff,0x00,0x00,0x00,0x00,0x00,0x00,0x00,0x00,0x00,0x00,0x00,0x00,
    0x00,0x00,0x00,0x00,0x00,0x00,0x00,0x00,0x00,0x00,0x00,0x00,0x00,0x00,0x00,0x00,0x20,0xb0,0xff,0xff,0x20,0xb0,0xff,0xff,0x20,0xb0,0xff,0xff,0x20,0xb0,0xff,0xff,
    0x20,0xb0,0xff,0xff,0x20,0xb0,0xff,0xff,0x20,0xb0,0xff,0xff,0x20,0xb0,0xff,0xff,0x20,0xb0,0xff,0xff,0x20,0xb0,0xff,0xff,0x20,0xb0,0xff,0xff,0x20,0xb0,0xff,0xff,
    0x20,0xb0,0xff,0xff,0x00,0x00,0x00,0x00,0x00,0x00,0x00,0x00,0x00,0x00,0x00,0x00,0x00,0x00,0x00,0x00,0x00,0x00,0x00,0x00,0x00,0x00,0x00,0x00,0x00,0x00,0x00,0x00,
    0x00,0x00,0x00,0x00,0x00,0x00,0x00,0x00,0x00,0x00,0x00,0x00,0x00,0x00,0x00,0x00,0x00,0x00,0x00,0x00,0x00,0x00,0x00,0x00,0x00,0x00,0x00,0x00,0x00,0x00,0x00,0x00,
    0x00,0x00,0x00,0x00,0x00,0x00,0x00,0x00,0x00,0x00,0x00,0x00,0x00,0x00,0x00,0x00,0x00,0x00,0x00,0x00,0x00,0x00,0x00,0x00,0x00,0x00,0x00,0x00,0x00,0x00,0x00,0x00,
    0x00,0x00,0x00,0x00,0x00,0x00,0x00,0x00,0x00,0x00,0x00,0x00,0x00,0x00,0x00,0x00,0x00,0x00,0x00,0x00,0x00,0x00,0x00,0x00,0x00,0x00,0x00,0x00,0x00,0x00,0x00,0x00,
    0x00,0x00,0x00,0x00,0x20,0xb0,0xff,0xff,0x20,0xb0,0xff,0xff,0x20,0xb0,0xff,0xff,0x20,0xb0,0xff,0xff,0x20,0xb0,0xff,0xff,0x20,0xb0,0xff,0xff,0x20,0xb0,0xff,0xff,
    0x20,0xb0,0xff,0xff,0x20,0xb0,0xff,0xff,0x20,0xb0,0xff,0xff,0x20,0xb0,0xff,0xff,0x20,0xb0,0xff,0xff,0x20,0xb0,0xff,0xff,0x00,0x00,0x00,0x00,0x00,0x00,0x00,0x00,
    0x00,0x00,0x00,0x00,0x00,0x00,0x00,0x00,0x00,0x00,0x00,0x00,0x00,0x00,0x00,0x00,0x00,0x00,0x00,0x00,0x00,0x00,0x00,0x00,0x00,0x00,0x00,0x00,0x00,0x00,0x00,0x00,
    0x00,0x00,0x00,0x00,0x20,0xb0,0xff,0xff,0x20,0xb0,0xff,0xff,0x20,0xb0,0xff,0xff,0x20,0xb0,0xff,0xff,0x20,0xb0,0xff,0xff,0x20,0xb0,0xff,0xff,0x20,0xb0,0xff,0xff,
    0x20,0xb0,0xff,0xff,0x20,0xb0,0xff,0xff,0x20,0xb0,0xff,0xff,0x20,0xb0,0xff,0xff,0x20,0xb0,0xff,0xff,0x20,0xb0,0xff,0xff,0x20,0xb0,0xff,0xff,0x20,0xb0,0xff,0xff,
    0x20,0xb0,0xff,0xff,0x20,0xb0,0xff,0xff,0x20,0xb0,0xff,0xff,0x20,0xb0,0xff,0xff,0x20,0xb0,0xff,0xff,0x20,0xb0,0xff,0xff,0x20,0xb0,0xff,0xff,0x20,0xb0,0xff,0xff,
    0x20,0xb0,0xff,0xff,0x20,0xb0,0xff,0xff,0x20,0xb0,0xff,0xff,0x20,0xb0,0xff,0xff,0x20,0xb0,0xff,0xff,0x20,0xb0,0xff,0xff,0x20,0xb0,0xff,0xff,0x20,0xb0,0xff,0xff,
    0x20,0xb0,0xff,0xff,0x20,0xb0,0xff,0xff,0x20,0xb0,0xff,0xff,0x20,0xb0,0xff,0xff,0x20,0xb0,0xff,0xff,0x20,0xb0,0xff,0xff,0x20,0xb0,0xff,0xff,0x20,0xb0,0xff,0xff,
    0x20,0xb0,0xff,0xff,0x20,0xb0,0xff,0xff,0x20,0xb0,0xff,0xff,0x20,0xb0,0xff,0xff,0x20,0xb0,0xff,0xff,0x20,0xb0,0xff,0xff,0x20,0xb0,0xff,0xff,0x20,0xb0,0xff,0xff,
    0x20,0xb0,0xff,0xff,0x20,0xb0,0xff,0xff,0x00,0x00,0x00,0x00,0x00,0x00,0x00,0x00,0x00,0x00,0x00,0x00,0x00,0x00,0x00,0x00,0x00,0x00,0x00,0x00,0x00,0x00,0x00,0x00,
    0x00,0x00,0x00,0x00,0x00,0x00,0x00,0x00,0x00,0x00,0x00,0x00,0x00,0x00,0x00,0x00,0x20,0xb0,0xff,0xff,0x20,0xb0,0xff,0xff,0x20,0xb0,0xff,0xff,0x20,0xb0,0xff,0xff,
    0x20,0xb0,0xff,0xff,0x20,0xb0,0xff,0xff,0x20,0xb0,0xff,0xff,0x20,0xb0,0xff,0xff,0x20,0xb0,0xff,0xff,0x20,0xb0,0xff,0xff,0x20,0xb0,0xff,0xff,0x20,0xb0,0xff,0xff,
    0x20,0xb0,0xff,0xff,0x00,0x00,0x00,0x00,0x00,0x00,0x00,0x00,0x00,0x00,0x00,0x00,0x00,0x00,0x00,0x00,0x00,0x00,0x00,0x00,0x00,0x00,0x00,0x00,0x00,0x00,0x00,0x00,
    0x00,0x00,0x00,0x00,0x00,0x00,0x00,0x00,0x00,0x00,0x00,0x00,0x00,0x00,0x00,0x00,0x00,0x00,0x00,0x00,0x00,0x00,0x00,0x00,0x00,0x00,0x00,0x00,0x00,0x00,0x00,0x00,
    0x00,0x00,0x00,0x00,0x00,0x00,0x00,0x00,0x00,0x00,0x00,0x00,0x00,0x00,0x00,0x00,0x00,0x00,0x00,0x00,0x00,0x00,0x00,0x00,0x00,0x00,0x00,0x00,0x00,0x00,0x00,0x00,
    0x00,0x00,0x00,0x00,0x00,0x00,0x00,0x00,0x00,0x00,0x00,0x00,0x00,0x00,0x00,0x00,0x00,0x00,0x00,0x00,0x20,0xb0,0xff,0xff,0x20,0xb0,0xff,0xff,0x20,0xb0,0xff,0xff,
    0x20,0xb0,0xff,0xff,0x20,0xb0,0xff,0xff,0x20,0xb0,0xff,0xff,0x20,0xb0,0xff,0xff,0x20,0xb0,0xff,0xff,0x20,0xb0,0xff,0xff,0x20,0xb0,0xff,0xff,0x20,0xb0,0xff,0xff,
    0x20,0xb0,0xff,0xff,0x20,0xb0,0xff,0xff,0x00,0x00,0x00,0x00,0x00,0x00,0x00,0x00,0x00,0x00,0x00,0x00,0x00,0x00,0x00,0x00,0x00,0x00,0x00,0x00,0x00,0x00,0x00,0x00,
    0x00,0x00,0x00,0x00,0x00,0x00,0x00,0x00,0x00,0x00,0x00,0x00,0x00,0x00,0x00,0x00,0x00,0x00,0x00,0x00,0x00,0x00,0x00,0x00,0x00,0x00,0x00,0x00,0x00,0x00,0x00,0x00,
    0x20,0xb0,0xff,0xff,0x20,0xb0,0xff,0xff,0x20,0xb0,0xff,0xff,0x20,0xb0,0xff,0xff,0x20,0xb0,0xff,0xff,0x20,0xb0,0xff,0xff,0x20,0xb0,0xff,0xff,0x20,0xb0,0xff,0xff,
    0x20,0xb0,0xff,0xff,0x20,0xb0,0xff,0xff,0x20,0xb0,0xff,0xff,0x20,0xb0,0xff,0xff,0x20,0xb0,0xff,0xff,0x20,0xb0,0xff,0xff,0x20,0xb0,0xff,0xff,0x20,0xb0,0xff,0xff,
    0x20,0xb0,0xff,0xff,0x20,0xb0,0xff,0xff,0x20,0xb0,0xff,0xff,0x20,0xb0,0xff,0xff,0x20,0xb0,0xff,0xff,0x20,0xb0,0xff,0xff,0x20,0xb0,0xff,0xff,0x20,0xb0,0xff,0xff,
    0x20,0xb0,0xff,0xff,0x20,0xb0,0xff,0xff,0x20,0xb0,0xff,0xff,0x20,0xb0,0xff,0xff,0x20,0xb0,0xff,0xff,0x20,0xb0,0xff,0xff,0x20,0xb0,0xff,0xff,0x20,0xb0,0xff,0xff,
    0x20,0xb0,0xff,0xff,0x20,0xb0,0xff,0xff,0x20,0xb0,0xff,0xff,0x20,0xb0,0xff,0xff,0x20,0xb0,0xff,0xff,0x20,0xb0,0xff,0xff,0x20,0xb0,0xff,0xff,0x20,0xb0,0xff,0xff,
    0x20,0xb0,0xff,0xff,0x20,0xb0,0xff,0xff,0x20,0xb0,0xff,0xff,0x20,0xb0,0xff,0xff,0x20,0xb0,0xff,0xff,0x20,0xb0,0xff,0xff,0x20,0xb0,0xff,0xff,0x00,0x00,0x00,0x00,
    0x00,0x00,0x00,0x00,0x00,0x00,0x00,0x00,0x00,0x00,0x00,0x00,0x00,0x00,0x00,0x00,0x00,0x00,0x00,0x00,0x00,0x00,0x00,0x00,0x00,0x00,0x00,0x00,0x00,0x00,0x00,0x00,
    0x00,0x00,0x00,0x00,0x00,0x00,0x00,0x00,0x00,0x00,0x00,0x00,0x00,0x00,0x00,0x00,0x20,0xb0,0xff,0xff,0x20,0xb0,0xff,0xff,0x20,0xb0,0xff,0xff,0x20,0xb0,0xff,0xff,
    0x20,0xb0,0xff,0xff,0x20,0xb0,0xff,0xff,0x20,0xb0,0xff,0xff,0x20,0xb0,0xff,0xff,0x20,0xb0,0xff,0xff,0x20,0xb0,0xff,0xff,0x20,0xb0,0xff,0xff,0x20,0xb0,0xff,0xff,
    0x20,0xb0,0xff,0xff,0x00,0x00,0x00,0x00,0x00,0x00,0x00,0x00,0x00,0x00,0x00,0x00,0x00,0x00,0x00,0x00,0x00,0x00,0x00,0x00,0x00,0x00,0x00,0x00,0x00,0x00,0x00,0x00,
    0x00,0x00,0x00,0x00,0x00,0x00,0x00,0x00,0x00,0x00,0x00,0x00,0x00,0x00,0x00,0x00,0x00,0x00,0x00,0x00,0x00,0x00,0x00,0x00,0x00,0x00,0x00,0x00,0x00,0x00,0x00,0x00,
    0x00,0x00,0x00,0x00,0x00,0x00,0x00,0x00,0x00,0x00,0x00,0x00,0x00,0x00,0x00,0x00,0x00,0x00,0x00,0x00,0x00,0x00,0x00,0x00,0x00,0x00,0x00,0x00,0x00,0x00,0x00,0x00,
    0x00,0x00,0x00,0x00,0x00,0x00,0x00,0x00,0x00,0x00,0x00,0x00,0x20,0xb0,0xff,0xff,0x20,0xb0,0xff,0xff,0x20,0xb0,0xff,0xff,0x20,0xb0,0xff,0xff,0x20,0xb0,0xff,0xff,
    0x20,0xb0,0xff,0xff,0x20,0xb0,0xff,0xff,0x20,0xb0,0xff,0xff,0x20,0xb0,0xff,0xff,0x20,0xb0,0xff,0xff,0x20,0xb0,0xff,0xff,0x20,0xb0,0xff,0xff,0x00,0x00,0x00,0x00,
    0x00,0x00,0x00,0x00,0x00,0x00,0x00,0x00,0x00,0x00,0x00,0x00,0x00,0x00,0x00,0x00,0x00,0x00,0x00,0x00,0x00,0x00,0x00,0x00,0x00,0x00,0x00,0x00,0x00,0x00,0x00,0x00,
    0x00,0x00,0x00,0x00,0x00,0x00,0x00,0x00,0x00,0x00,0x00,0x00,0x00,0x00,0x00,0x00,0x00,0x00,0x00,0x00,0x00,0x00,0x00,0x00,0x00,0x00,0x00,0x00,0x20,0xb0,0xff,0xff,
    0x20,0xb0,0xff,0xff,0x20,0xb0,0xff,0xff,0x20,0xb0,0xff,0xff,0x20,0xb0,0xff,0xff,0x20,0xb0,0xff,0xff,0x20,0xb0,0xff,0xff,0x20,0xb0,0xff,0xff,0x20,0xb0,0xff,0xff,
    0x20,0xb0,0xff,0xff,0x20,0xb0,0xff,0xff,0x20,0xb0,0xff,0xff,0x20,0xb0,0xff,0xff,0x20,0xb0,0xff,0xff,0x20,0xb0,0xff,0xff,0x20,0xb0,0xff,0xff,0x20,0xb0,0xff,0xff,
    0x20,0xb0,0xff,0xff,0x20,0xb0,0xff,0xff,0x20,0xb0,0xff,0xff,0x20,0xb0,0xff,0xff,0x20,0xb0,0xff,0xff,0x20,0xb0,0xff,0xff,0x20,0xb0,0xff,0xff,0x20,0xb0,0xff,0xff,
    0x20,0xb0,0xff,0xff,0x20,0xb0,0xff,0xff,0x20,0xb0,0xff,0xff,0x20,0xb0,0xff,0xff,0x20,0xb0,0xff,0xff,0x20,0xb0,0xff,0xff,0x20,0xb0,0xff,0xff,0x20,0xb0,0xff,0xff,
    0x20,0xb0,0xff,0xff,0x20,0xb0,0xff,0xff,0x20,0xb0,0xff,0xff,0x20,0xb0,0xff,0xff,0x20,0xb0,0xff,0xff,0x20,0xb0,0xff,0xff,0x20,0xb0,0xff,0xff,0x20,0xb0,0xff,0xff,
    0x20,0xb0,0xff,0xff,0x20,0xb0,0xff,0xff,0x20,0xb0,0xff,0xff,0x20,0xb0,0xff,0xff,0x00,0x00,0x00,0x00,0x00,0x00,0x00,0x00,0x00,0x00,0x00,0x00,0x00,0x00,0x00,0x00,
    0x00,0x00,0x00,0x00,0x00,0x00,0x00,0x00,0x00,0x00,0x00,0x00,0x00,0x00,0x00,0x00,0x00,0x00,0x00,0x00,0x00,0x00,0x00,0x00,0x00,0x00,0x00,0x00,0x00,0x00,0x00,0x00,
    0x00,0x00,0x00,0x00,0x00,0x00,0x00,0x00,0x00,0x00,0x00,0x00,0x20,0xb0,0xff,0xff,0x20,0xb0,0xff,0xff,0x20,0xb0,0xff,0xff,0x20,0xb0,0xff,0xff,0x20,0xb0,0xff,0xff,
    0x20,0xb0,0xff,0xff,0x20,0xb0,0xff,0xff,0x20,0xb0,0xff,0xff,0x20,0xb0,0xff,0xff,0x20,0xb0,0xff,0xff,0x20,0xb0,0xff,0xff,0x20,0xb0,0xff,0xff,0x00,0x00,0x00,0x00,
    0x00,0x00,0x00,0x00,0x00,0x00,0x00,0x00,0x00,0x00,0x00,0x00,0x00,0x00,0x00,0x00,0x00,0x00,0x00,0x00,0x00,0x00,0x00,0x00,0x00,0x00,0x00,0x00,0x00,0x00,0x00,0x00,
    0x00,0x00,0x00,0x00,0x00,0x00,0x00,0x00,0x00,0x00,0x00,0x00,0x00,0x00,0x00,0x00,0x00,0x00,0x00,0x00,0x00,0x00,0x00,0x00,0x00,0x00,0x00,0x00,0x00,0x00,0x00,0x00,
    0x00,0x00,0x00,0x00,0x00,0x00,0x00,0x00,0x00,0x00,0x00,0x00,0x00,0x00,0x00,0x00,0x00,0x00,0x00,0x00,0x00,0x00,0x00,0x00,0x00,0x00,0x00,0x00,0x00,0x00,0x00,0x00,
    0x00,0x00,0x00,0x00,0x00,0x00,0x00,0x00,0x20,0xb0,0xff,0xff,0x20,0xb0,0xff,0xff,0x20,0xb0,0xff,0xff,0x20,0xb0,0xff,0xff,0x20,0xb0,0xff,0xff,0x20,0xb0,0xff,0xff,
    0x20,0xb0,0xff,0xff,0x20,0xb0,0xff,0xff,0x20,0xb0,0xff,0xff,0x00,0x00,0x00,0x00,0x00,0x00,0x00,0x00,0x00,0x00,0x00,0x00,0x00,0x00,0x00,0x00,0x00,0x00,0x00,0x00,
    0x00,0x00,0x00,0x00,0x00,0x00,0x00,0x00,0x00,0x00,0x00,0x00,0x00,0x00,0x00,0x00,0x00,0x00,0x00,0x00,0x00,0x00,0x00,0x00,0x00,0x00,0x00,0x00,0x00,0x00,0x00,0x00,
    0x00,0x00,0x00,0x00,0x00,0x00,0x00,0x00,0x00,0x00,0x00,0x00,0x00,0x00,0x00,0x00,0x00,0x00,0x00,0x00,0x00,0x00,0x00,0x00,0x20,0xb0,0xff,0xff,0x20,0xb0,0xff,0xff,
    0x20,0xb0,0xff,0xff,0x20,0xb0,0xff,0xff,0x20,0xb0,0xff,0xff,0x20,0xb0,0xff,0xff,0x20,0xb0,0xff,0xff,0x20,0xb0,0xff,0xff,0x20,0xb0,0xff,0xff,0x20,0xb0,0xff,0xff,
    0x20,0xb0,0xff,0xff,0x20,0xb0,0xff,0xff,0x20,0xb0,0xff,0xff,0x20,0xb0,0xff,0xff,0x20,0xb0,0xff,0xff,0x20,0xb0,0xff,0xff,0x20,0xb0,0xff,0xff,0x20,0xb0,0xff,0xff,
    0x20,0xb0,0xff,0xff,0x20,0xb0,0xff,0xff,0x20,0xb0,0xff,0xff,0x20,0xb0,0xff,0xff,0x20,0xb0,0xff,0xff,0x20,0xb0,0xff,0xff,0x20,0xb0,0xff,0xff,0x20,0xb0,0xff,0xff,
    0x20,0xb0,0xff,0xff,0x20,0xb0,0xff,0xff,0x20,0xb0,0xff,0xff,0x20,0xb0,0xff,0xff,0x20,0xb0,0xff,0xff,0x20,0xb0,0xff,0xff,0x20,0xb0,0xff,0xff,0x20,0xb0,0xff,0xff,
    0x20,0xb0,0xff,0xff,0x20,0xb0,0xff,0xff,0x20,0xb0,0xff,0xff,0x20,0xb0,0xff,0xff,0x20,0xb0,0xff,0xff,0x20,0xb0,0xff,0xff,0x20,0xb0,0xff,0xff,0x20,0xb0,0xff,0xff,
    0x20,0xb0,0xff,0xff,0x00,0x00,0x00,0x00,0x00,0x00,0x00,0x00,0x00,0x00,0x00,0x00,0x00,0x00,0x00,0x00,0x00,0x00,0x00,0x00,0x00,0x00,0x00,0x00,0x00,0x00,0x00,0x00,
    0x00,0x00,0x00,0x00,0x00,0x00,0x00,0x00,0x00,0x00,0x00,0x00,0x00,0x00,0x00,0x00,0x00,0x00,0x00,0x00,0x00,0x00,0x00,0x00,0x00,0x00,0x00,0x00,0x00,0x00,0x00,0x00,
    0x00,0x00,0x00,0x00,0x00,0x00,0x00,0x00,0x00,0x00,0x00,0x00,0x20,0xb0,0xff,0xff,0x20,0xb0,0xff,0xff,0x20,0xb0,0xff,0xff,0x20,0xb0,0xff,0xff,0x20,0xb0,0xff,0xff,
    0x20,0xb0,0xff,0xff,0x20,0xb0,0xff,0xff,0x20,0xb0,0xff,0xff,0x20,0xb0,0xff,0xff,0x00,0x00,0x00,0x00,0x00,0x00,0x00,0x00,0x00,0x00,0x00,0x00,0x00,0x00,0x00,0x00,
    0x00,0x00,0x00,0x00,0x00,0x00,0x00,0x00,0x00,0x00,0x00,0x00,0x00,0x00,0x00,0x00,0x00,0x00,0x00,0x00,0x00,0x00,0x00,0x00,0x00,0x00,0x00,0x00,0x00,0x00,0x00,0x00,
    0x00,0x00,0x00,0x00,0x00,0x00,0x00,0x00,0x00,0x00,0x00,0x00,0x00,0x00,0x00,0x00,0x00,0x00,0x00,0x00,0x00,0x00,0x00,0x00,0x00,0x00,0x00,0x00,0x00,0x00,0x00,0x00,
    0x00,0x00,0x00,0x00,0x00,0x00,0x00,0x00,0x00,0x00,0x00,0x00,0x00,0x00,0x00,0x00,0x00,0x00,0x00,0x00,0x00,0x00,0x00,0x00,0x00,0x00,0x00,0x00,0x00,0x00,0x00,0x00,
    0x20,0xb0,0xff,0xff,0x20,0xb0,0xff,0xff,0x20,0xb0,0xff,0xff,0x20,0xb0,0xff,0xff,0x20,0xb0,0xff,0xff,0x20,0xb0,0xff,0xff,0x20,0xb0,0xff,0xff,0x00,0x00,0x00,0x00,
    0x00,0x00,0x00,0x00,0x00,0x00,0x00,0x00,0x00,0x00,0x00,0x00,0x00,0x00,0x00,0x00,0x00,0x00,0x00,0x00,0x00,0x00,0x00,0x00,0x00,0x00,0x00,0x00,0x00,0x00,0x00,0x00,
    0x00,0x00,0x00,0x00,0x00,0x00,0x00,0x00,0x00,0x00,0x00,0x00,0x00,0x00,0x00,0x00,0x00,0x00,0x00,0x00,0x00,0x00,0x00,0x00,0x00,0x00,0x00,0x00,0x00,0x00,0x00,0x00,
    0x00,0x00,0x00,0x00,0x00,0x00,0x00,0x00,0x00,0x00,0x00,0x00,0x00,0x00,0x00,0x00,0x00,0x00,0x00,0x00,0x00,0x00,0x00,0x00,0x20,0xb0,0xff,0xff,0x20,0xb0,0xff,0xff,
    0x20,0xb0,0xff,0xff,0x20,0xb0,0xff,0xff,0x20,0xb0,0xff,0xff,0x20,0xb0,0xff,0xff,0x20,0xb0,0xff,0xff,0x20,0xb0,0xff,0xff,0x20,0xb0,0xff,0xff,0x20,0xb0,0xff,0xff,
    0x20,0xb0,0xff,0xff,0x20,0xb0,0xff,0xff,0x20,0xb0,0xff,0xff,0x20,0xb0,0xff,0xff,0x20,0xb0,0xff,0xff,0x20,0xb0,0xff,0xff,0x20,0xb0,0xff,0xff,0x20,0xb0,0xff,0xff,
    0x20,0xb0,0xff,0xff,0x20,0xb0,0xff,0xff,0x20,0xb0,0xff,0xff,0x20,0xb0,0xff,0xff,0x20,0xb0,0xff,0xff,0x20,0xb0,0xff,0xff,0x20,0xb0,0xff,0xff,0x20,0xb0,0xff,0xff,
    0x20,0xb0,0xff,0xff,0x20,0xb0,0xff,0xff,0x20,0xb0,0xff,0xff,0x20,0xb0,0xff,0xff,0x20,0xb0,0xff,0xff,0x20,0xb0,0xff,0xff,0x20,0xb0,0xff,0xff,0x20,0xb0,0xff,0xff,
    0x20,0xb0,0xff,0xff,0x20,0xb0,0xff,0xff,0x20,0xb0,0xff,0xff,0x20,0xb0,0xff,0xff,0x20,0xb0,0xff,0xff,0x00,0x00,0x00,0x00,0x00,0x00,0x00,0x00,0x00,0x00,0x00,0x00,
    0x00,0x00,0x00,0x00,0x00,0x00,0x00,0x00,0x00,0x00,0x00,0x00,0x00,0x00,0x00,0x00,0x00,0x00,0x00,0x00,0x00,0x00,0x00,0x00,0x00,0x00,0x00,0x00,0x00,0x00,0x00,0x00,
    0x00,0x00,0x00,0x00,0x00,0x00,0x00,0x00,0x00,0x00,0x00,0x00,0x00,0x00,0x00,0x00,0x00,0x00,0x00,0x00,0x00,0x00,0x00,0x00,0x00,0x00,0x00,0x00,0x00,0x00,0x00,0x00,
    0x00,0x00,0x00,0x00,0x00,0x00,0x00,0x00,0x00,0x00,0x00,0x00,0x20,0xb0,0xff,0xff,0x20,0xb0,0xff,0xff,0x20,0xb0,0xff,0xff,0x20,0xb0,0xff,0xff,0x20,0xb0,0xff,0xff,
    0x20,0xb0,0xff,0xff,0x20,0xb0,0xff,0xff,0x00,0x00,0x00,0x00,0x00,0x00,0x00,0x00,0x00,0x00,0x00,0x00,0x00,0x00,0x00,0x00,0x00,0x00,0x00,0x00,0x00,0x00,0x00,0x00,
    0x00,0x00,0x00,0x00,0x00,0x00,0x00,0x00,0x00,0x00,0x00,0x00,0x00,0x00,0x00,0x00,0x00,0x00,0x00,0x00,0x00,0x00,0x00,0x00,0x00,0x00,0x00,0x00,0x00,0x00,0x00,0x00,
    0x00,0x00,0x00,0x00,0x00,0x00,0x00,0x00,0x00,0x00,0x00,0x00,0x00,0x00,0x00,0x00,0x00,0x00,0x00,0x00,0x00,0x00,0x00,0x00,0x00,0x00,0x00,0x00,0x00,0x00,0x00,0x00,
    0x00,0x00,0x00,0x00,0x00,0x00,0x00,0x00,0x00,0x00,0x00,0x00,0x00,0x00,0x00,0x00,0x00,0x00,0x00,0x00,0x00,0x00,0x00,0x00,0x20,0xb0,0xff,0xff,0x20,0xb0,0xff,0xff,
    0x20,0xb0,0xff,0xff,0x20,0xb0,0xff,0xff,0x20,0xb0,0xff,0xff,0x00,0x00,0x00,0x00,0x00,0x00,0x00,0x00,0x00,0x00,0x00,0x00,0x00,0x00,0x00,0x00,0x00,0x00,0x00,0x00,
    0x00,0x00,0x00,0x00,0x00,0x00,0x00,0x00,0x00,0x00,0x00,0x00,0x00,0x00,0x00,0x00,0x00,0x00,0x00,0x00,0x00,0x00,0x00,0x00,0x00,0x00,0x00,0x00,0x00,0x00,0x00,0x00,
    0x00,0x00,0x00,0x00,0x00,0x00,0x00,0x00,0x00,0x00,0x00,0x00,0x00,0x00,0x00,0x00,0x00,0x00,0x00,0x00,0x00,0x00,0x00,0x00,0x00,0x00,0x00,0x00,0x00,0x00,0x00,0x00,
    0x00,0x00,0x00,0x00,0x00,0x00,0x00,0x00,0x00,0x00,0x00,0x00,0x00,0x00,0x00,0x00,0x00,0x00,0x00,0x00,0x20,0xb0,0xff,0xff,0x20,0xb0,0xff,0xff,0x20,0xb0,0xff,0xff,
    0x20,0xb0,0xff,0xff,0x20,0xb0,0xff,0xff,0x20,0xb0,0xff,0xff,0x20,0xb0,0xff,0xff,0x20,0xb0,0xff,0xff,0x20,0xb0,0xff,0xff,0x20,0xb0,0xff,0xff,0x20,0xb0,0xff,0xff,
    0x20,0xb0,0xff,0xff,0x20,0xb0,0xff,0xff,0x20,0xb0,0xff,0xff,0x20,0xb0,0xff,0xff,0x20,0xb0,0xff,0xff,0x20,0xb0,0xff,0xff,0x20,0xb0,0xff,0xff,0x20,0xb0,0xff,0xff,
    0x20,0xb0,0xff,0xff,0x20,0xb0,0xff,0xff,0x20,0xb0,0xff,0xff,0x20,0xb0,0xff,0xff,0x20,0xb0,0xff,0xff,0x20,0xb0,0xff,0xff,0x20,0xb0,0xff,0xff,0x20,0xb0,0xff,0xff,
    0x20,0xb0,0xff,0xff,0x20,0xb0,0xff,0xff,0x20,0xb0,0xff,0xff,0x20,0xb0,0xff,0xff,0x20,0xb0,0xff,0xff,0x20,0xb0,0xff,0xff,0x20,0xb0,0xff,0xff,0x20,0xb0,0xff,0xff,
    0x20,0xb0,0xff,0xff,0x20,0xb0,0xff,0xff,0x00,0x00,0x00,0x00,0x00,0x00,0x00,0x00,0x00,0x00,0x00,0x00,0x00,0x00,0x00,0x00,0x00,0x00,0x00,0x00,0x00,0x00,0x00,0x00,
    0x00,0x00,0x00,0x00,0x00,0x00,0x00,0x00,0x00,0x00,0x00,0x00,0x00,0x00,0x00,0x00,0x00,0x00,0x00,0x00,0x00,0x00,0x00,0x00,0x00,0x00,0x00,0x00,0x00,0x00,0x00,0x00,
    0x00,0x00,0x00,0x00,0x00,0x00,0x00,0x00,0x00,0x00,0x00,0x00,0x00,0x00,0x00,0x00,0x00,0x00,0x00,0x00,0x00,0x00,0x00,0x00,0x00,0x00,0x00,0x00,0x00,0x00,0x00,0x00,
    0x00,0x00,0x00,0x00,0x00,0x00,0x00,0x00,0x00,0x00,0x00,0x00,0x20,0xb0,0xff,0xff,0x20,0xb0,0xff,0xff,0x20,0xb0,0xff,0xff,0x20,0xb0,0xff,0xff,0x20,0xb0,0xff,0xff,
    0x00,0x00,0x00,0x00,0x00,0x00,0x00,0x00,0x00,0x00,0x00,0x00,0x00,0x00,0x00,0x00,0x00,0x00,0x00,0x00,0x00,0x00,0x00,0x00,0x00,0x00,0x00,0x00,0x00,0x00,0x00,0x00,
    0x00,0x00,0x00,0x00,0x00,0x00,0x00,0x00,0x00,0x00,0x00,0x00,0x00,0x00,0x00,0x00,0x00,0x00,0x00,0x00,0x00,0x00,0x00,0x00,0x00,0x00,0x00,0x00,0x00,0x00,0x00,0x00,
    0x00,0x00,0x00,0x00,0x00,0x00,0x00,0x00,0x00,0x00,0x00,0x00,0x00,0x00,0x00,0x00,0x00,0x00,0x00,0x00,0x00,0x00,0x00,0x00,0x00,0x00,0x00,0x00,0x00,0x00,0x00,0x00,
    0x00,0x00,0x00,0x00,0x00,0x00,0x00,0x00,0x00,0x00,0x00,0x00,0x00,0x00,0x00,0x00,0x00,0x00,0x00,0x00,0x20,0xb0,0xff,0xff,0x20,0xb0,0xff,0xff,0x20,0xb0,0xff,0xff,
    0x00,0x00,0x00,0x00,0x00,0x00,0x00,0x00,0x00,0x00,0x00,0x00,0x00,0x00,0x00,0x00,0x00,0x00,0x00,0x00,0x00,0x00,0x00,0x00,0x00,0x00,0x00,0x00,0x00,0x00,0x00,0x00,
    0x00,0x00,0x00,0x00,0x00,0x00,0x00,0x00,0x00,0x00,0x00,0x00,0x00,0x00,0x00,0x00,0x00,0x00,0x00,0x00,0x00,0x00,0x00,0x00,0x00,0x00,0x00,0x00,0x00,0x00,0x00,0x00,
    0x00,0x00,0x00,0x00,0x00,0x00,0x00,0x00,0x00,0x00,0x00,0x00,0x00,0x00,0x00,0x00,0x00,0x00,0x00,0x00,0x00,0x00,0x00,0x00,0x00,0x00,0x00,0x00,0x00,0x00,0x00,0x00,
    0x00,0x00,0x00,0x00,0x00,0x00,0x00,0x00,0x00,0x00,0x00,0x00,0x00,0x00,0x00,0x00,0x00,0x00,0x00,0x00,0x20,0xb0,0xff,0xff,0x20,0xb0,0xff,0xff,0x20,0xb0,0xff,0xff,
    0x20,0xb0,0xff,0xff,0x20,0xb0,0xff,0xff,0x20,0xb0,0xff,0xff,0x20,0xb0,0xff,0xff,0x20,0xb0,0xff,0xff,0x20,0xb0,0xff,0xff,0x20,0xb0,0xff,0xff,0x20,0xb0,0xff,0xff,
    0x20,0xb0,0xff,0xff,0x20,0xb0,0xff,0xff,0x20,0xb0,0xff,0xff,0x20,0xb0,0xff,0xff,0x20,0xb0,0xff,0xff,0x20,0xb0,0xff,0xff,0x20,0xb0,0xff,0xff,0x20,0xb0,0xff,0xff,
    0x20,0xb0,0xff,0xff,0x20,0xb0,0xff,0xff,0x20,0xb0,0xff,0xff,0x20,0xb0,0xff,0xff,0x20,0xb0,0xff,0xff,0x20,0xb0,0xff,0xff,0x20,0xb0,0xff,0xff,0x20,0xb0,0xff,0xff,
    0x20,0xb0,0xff,0xff,0x20,0xb0,0xff,0xff,0x20,0xb0,0xff,0xff,0x20,0xb0,0xff,0xff,0x20,0xb0,0xff,0xff,0x20,0xb0,0xff,0xff,0x00,0x00,0x00,0x00,0x00,0x00,0x00,0x00,
    0x00,0x00,0x00,0x00,0x00,0x00,0x00,0x00,0x00,0x00,0x00,0x00,0x00,0x00,0x00,0x00,0x00,0x00,0x00,0x00,0x00,0x00,0x00,0x00,0x00,0x00,0x00,0x00,0x00,0x00,0x00,0x00,
    0x00,0x00,0x00,0x00,0x00,0x00,0x00,0x00,0x00,0x00,0x00,0x00,0x00,0x00,0x00,0x00,0x00,0x00,0x00,0x00,0x00,0x00,0x00,0x00,0x00,0x00,0x00,0x00,0x00,0x00,0x00,0x00,
    0x00,0x00,0x00,0x00,0x00,0x00,0x00,0x00,0x00,0x00,0x00,0x00,0x00,0x00,0x00,0x00,0x00,0x00,0x00,0x00,0x00,0x00,0x00,0x00,0x00,0x00,0x00,0x00,0x00,0x00,0x00,0x00,
    0x00,0x00,0x00,0x00,0x00,0x00,0x00,0x00,0x20,0xb0,0xff,0xff,0x20,0xb0,0xff,0xff,0x20,0xb0,0xff,0xff,0x00,0x00,0x00,0x00,0x00,0x00,0x00,0x00,0x00,0x00,0x00,0x00,
    0x00,0x00,0x00,0x00,0x00,0x00,0x00,0x00,0x00,0x00,0x00,0x00,0x00,0x00,0x00,0x00,0x00,0x00,0x00,0x00,0x00,0x00,0x00,0x00,0x00,0x00,0x00,0x00,0x00,0x00,0x00,0x00,
    0x00,0x00,0x00,0x00,0x00,0x00,0x00,0x00,0x00,0x00,0x00,0x00,0x00,0x00,0x00,0x00,0x00,0x00,0x00,0x00,0x00,0x00,0x00,0x00,0x00,0x00,0x00,0x00,0x00,0x00,0x00,0x00,
    0x00,0x00,0x00,0x00,0x00,0x00,0x00,0x00,0x00,0x00,0x00,0x00,0x00,0x00,0x00,0x00,0x00,0x00,0x00,0x00,0x00,0x00,0x00,0x00,0x00,0x00,0x00,0x00,0x00,0x00,0x00,0x00,
    0x00,0x00,0x00,0x00,0x00,0x00,0x00,0x00,0x00,0x00,0x00,0x00,0x20,0xb0,0xff,0xff,0x00,0x00,0x00,0x00,0x00,0x00,0x00,0x00,0x00,0x00,0x00,0x00,0x00,0x00,0x00,0x00,
    0x00,0x00,0x00,0x00,0x00,0x00,0x00,0x00,0x00,0x00,0x00,0x00,0x00,0x00,0x00,0x00,0x00,0x00,0x00,0x00,0x00,0x00,0x00,0x00,0x00,0x00,0x00,0x00,0x00,0x00,0x00,0x00,
    0x00,0x00,0x00,0x00,0x00,0x00,0x00,0x00,0x00,0x00,0x00,0x00,0x00,0x00,0x00,0x00,0x00,0x00,0x00,0x00,0x00,0x00,0x00,0x00,0x00,0x00,0x00,0x00,0x00,0x00,0x00,0x00,
    0x00,0x00,0x00,0x00,0x00,0x00,0x00,0x00,0x00,0x00,0x00,0x00,0x00,0x00,0x00,0x00,0x00,0x00,0x00,0x00,0x00,0x00,0x00,0x00,0x00,0x00,0x00,0x00,0x00,0x00,0x00,0x00,
    0x00,0x00,0x00,0x00,0x00,0x00,0x00,0x00,0x00,0x00,0x00,0x00,0x00,0x00,0x00,0x00,0x20,0xb0,0xff,0xff,0x20,0xb0,0xff,0xff,0x20,0xb0,0xff,0xff,0x20,0xb0,0xff,0xff,
    0x20,0xb0,0xff,0xff,0x20,0xb0,0xff,0xff,0x20,0xb0,0xff,0xff,0x20,0xb0,0xff,0xff,0x20,0xb0,0xff,0xff,0x20,0xb0,0xff,0xff,0x20,0xb0,0xff,0xff,0x20,0xb0,0xff,0xff,
    0x20,0xb0,0xff,0xff,0x20,0xb0,0xff,0xff,0x20,0xb0,0xff,0xff,0x20,0xb0,0xff,0xff,0x20,0xb0,0xff,0xff,0x20,0xb0,0xff,0xff,0x20,0xb0,0xff,0xff,0x20,0xb0,0xff,0xff,
    0x20,0xb0,0xff,0xff,0x20,0xb0,0xff,0xff,0x20,0xb0,0xff,0xff,0x20,0xb0,0xff,0xff,0x20,0xb0,0xff,0xff,0x20,0xb0,0xff,0xff,0x20,0xb0,0xff,0xff,0x20,0xb0,0xff,0xff,
    0x20,0xb0,0xff,0xff,0x20,0xb0,0xff,0xff,0x20,0xb0,0xff,0xff,0x00,0x00,0x00,0x00,0x00,0x00,0x00,0x00,0x00,0x00,0x00,0x00,0x00,0x00,0x00,0x00,0x00,0x00,0x00,0x00,
    0x00,0x00,0x00,0x00,0x00,0x00,0x00,0x00,0x00,0x00,0x00,0x00,0x00,0x00,0x00,0x00,0x00,0x00,0x00,0x00,0x00,0x00,0x00,0x00,0x00,0x00,0x00,0x00,0x00,0x00,0x00,0x00,
    0x00,0x00,0x00,0x00,0x00,0x00,0x00,0x00,0x00,0x00,0x00,0x00,0x00,0x00,0x00,0x00,0x00,0x00,0x00,0x00,0x00,0x00,0x00,0x00,0x00,0x00,0x00,0x00,0x00,0x00,0x00,0x00,
    0x00,0x00,0x00,0x00,0x00,0x00,0x00,0x00,0x00,0x00,0x00,0x00,0x00,0x00,0x00,0x00,0x00,0x00,0x00,0x00,0x00,0x00,0x00,0x00,0x00,0x00,0x00,0x00,0x00,0x00,0x00,0x00,
    0x00,0x00,0x00,0x00,0x00,0x00,0x00,0x00,0x20,0xb0,0xff,0xff,0x00,0x00,0x00,0x00,0x00,0x00,0x00,0x00,0x00,0x00,0x00,0x00,0x00,0x00,0x00,0x00,0x00,0x00,0x00,0x00,
    0x00,0x00,0x00,0x00,0x00,0x00,0x00,0x00,0x00,0x00,0x00,0x00,0x00,0x00,0x00,0x00,0x00,0x00,0x00,0x00,0x00,0x00,0x00,0x00,0x00,0x00,0x00,0x00,0x00,0x00,0x00,0x00,
    0x00,0x00,0x00,0x00,0x00,0x00,0x00,0x00,0x00,0x00,0x00,0x00,0x00,0x00,0x00,0x00,0x00,0x00,0x00,0x00,0x00,0x00,0x00,0x00,0x00,0x00,0x00,0x00,0x00,0x00,0x00,0x00,
    0x00,0x00,0x00,0x00,0x00,0x00,0x00,0x00,0x00,0x00,0x00,0x00,0x00,0x00,0x00,0x00,0x00,0x00,0x00,0x00,0x00,0x00,0x00,0x00,0x00,0x00,0x00,0x00,0x00,0x00,0x00,0x00,
    0x00,0x00,0x00,0x00,0x00,0x00,0x00,0x00,0x00,0x00,0x00,0x00,0x00,0x00,0x00,0x00,0x00,0x00,0x00,0x00,0x00,0x00,0x00,0x00,0x00,0x00,0x00,0x00,0x00,0x00,0x00,0x00,
    0x00,0x00,0x00,0x00,0x00,0x00,0x00,0x00,0x00,0x00,0x00,0x00,0x00,0x00,0x00,0x00,0x00,0x00,0x00,0x00,0x00,0x00,0x00,0x00,0x00,0x00,0x00,0x00,0x00,0x00,0x00,0x00,
    0x00,0x00,0x00,0x00,0x00,0x00,0x00,0x00,0x00,0x00,0x00,0x00,0x00,0x00,0x00,0x00,0x00,0x00,0x00,0x00,0x00,0x00,0x00,0x00,0x00,0x00,0x00,0x00,0x00,0x00,0x00,0x00,
    0x00,0x00,0x00,0x00,0x00,0x00,0x00,0x00,0x00,0x00,0x00,0x00,0x00,0x00,0x00,0x00,0x00,0x00,0x00,0x00,0x00,0x00,0x00,0x00,0x00,0x00,0x00,0x00,0x00,0x00,0x00,0x00,
    0x00,0x00,0x00,0x00,0x00,0x00,0x00,0x00,0x00,0x00,0x00,0x00,0x00,0x00,0x00,0x00,0x00,0x00,0x00,0x00,0x20,0xb0,0xff,0xff,0x20,0xb0,0xff,0xff,0x20,0xb0,0xff,0xff,
    0x20,0xb0,0xff,0xff,0x20,0xb0,0xff,0xff,0x20,0xb0,0xff,0xff,0x20,0xb0,0xff,0xff,0x20,0xb0,0xff,0xff,0x20,0xb0,0xff,0xff,0x20,0xb0,0xff,0xff,0x20,0xb0,0xff,0xff,
    0x20,0xb0,0xff,0xff,0x20,0xb0,0xff,0xff,0x20,0xb0,0xff,0xff,0x20,0xb0,0xff,0xff,0x20,0xb0,0xff,0xff,0x20,0xb0,0xff,0xff,0x20,0xb0,0xff,0xff,0x20,0xb0,0xff,0xff,
    0x20,0xb0,0xff,0xff,0x20,0xb0,0xff,0xff,0x20,0xb0,0xff,0xff,0x20,0xb0,0xff,0xff,0x20,0xb0,0xff,0xff,0x20,0xb0,0xff,0xff,0x00,0x00,0x00,0x00,0x00,0x00,0x00,0x00,
    0x00,0x00,0x00,0x00,0x00,0x00,0x00,0x00,0x00,0x00,0x00,0x00,0x00,0x00,0x00,0x00,0x00,0x00,0x00,0x00,0x00,0x00,0x00,0x00,0x00,0x00,0x00,0x00,0x00,0x00,0x00,0x00,
    0x00,0x00,0x00,0x00,0x00,0x00,0x00,0x00,0x00,0x00,0x00,0x00,0x00,0x00,0x00,0x00,0x00,0x00,0x00,0x00,0x00,0x00,0x00,0x00,0x00,0x00,0x00,0x00,0x00,0x00,0x00,0x00,
    0x00,0x00,0x00,0x00,0x00,0x00,0x00,0x00,0x00,0x00,0x00,0x00,0x00,0x00,0x00,0x00,0x00,0x00,0x00,0x00,0x00,0x00,0x00,0x00,0x00,0x00,0x00,0x00,0x00,0x00,0x00,0x00,
    0x00,0x00,0x00,0x00,0x00,0x00,0x00,0x00,0x00,0x00,0x00,0x00,0x00,0x00,0x00,0x00,0x00,0x00,0x00,0x00,0x00,0x00,0x00,0x00,0x00,0x00,0x00,0x00,0x00,0x00,0x00,0x00,
    0x00,0x00,0x00,0x00,0x00,0x00,0x00,0x00,0x00,0x00,0x00,0x00,0x00,0x00,0x00,0x00,0x00,0x00,0x00,0x00,0x00,0x00,0x00,0x00,0x00,0x00,0x00,0x00,0x00,0x00,0x00,0x00,
    0x00,0x00,0x00,0x00,0x00,0x00,0x00,0x00,0x00,0x00,0x00,0x00,0x00,0x00,0x00,0x00,0x00,0x00,0x00,0x00,0x00,0x00,0x00,0x00,0x00,0x00,0x00,0x00,0x00,0x00,0x00,0x00,
    0x00,0x00,0x00,0x00,0x00,0x00,0x00,0x00,0x00,0x00,0x00,0x00,0x00,0x00,0x00,0x00,0x00,0x00,0x00,0x00,0x00,0x00,0x00,0x00,0x00,0x00,0x00,0x00,0x00,0x00,0x00,0x00,
    0x00,0x00,0x00,0x00,0x00,0x00,0x00,0x00,0x00,0x00,0x00,0x00,0x00,0x00,0x00,0x00,0x00,0x00,0x00,0x00,0x00,0x00,0x00,0x00,0x00,0x00,0x00,0x00,0x00,0x00,0x00,0x00,
    0x00,0x00,0x00,0x00,0x00,0x00,0x00,0x00,0x00,0x00,0x00,0x00,0x00,0x00,0x00,0x00,0x00,0x00,0x00,0x00,0x00,0x00,0x00,0x00,0x00,0x00,0x00,0x00,0x00,0x00,0x00,0x00,
    0x00,0x00,0x00,0x00,0x00,0x00,0x00,0x00,0x00,0x00,0x00,0x00,0x00,0x00,0x00,0x00,0x00,0x00,0x00,0x00,0x00,0x00,0x00,0x00,0x00,0x00,0x00,0x00,0x00,0x00,0x00,0x00,
    0x00,0x00,0x00,0x00,0x00,0x00,0x00,0x00,0x00,0x00,0x00,0x00,0x00,0x00,0x00,0x00,0x00,0x00,0x00,0x00,0x00,0x00,0x00,0x00,0x00,0x00,0x00,0x00,0x00,0x00,0x00,0x00,
    0x20,0xb0,0xff,0xff,0x00,0x00,0x00,0x00,0x00,0x00,0x00,0x00,0x00,0x00,0x00,0x00,0x00,0x00,0x00,0x00,0x00,0x00,0x00,0x00,0x00,0x00,0x00,0x00,0x00,0x00,0x00,0x00,
    0x00,0x00,0x00,0x00,0x00,0x00,0x00,0x00,0x00,0x00,0x00,0x00,0x00,0x00,0x00,0x00,0x00,0x00,0x00,0x00,0x00,0x00,0x00,0x00,0x20,0xb0,0xff,0xff,0x20,0xb0,0xff,0xff,
    0x20,0xb0,0xff,0xff,0x20,0xb0,0xff,0xff,0x20,0xb0,0xff,0xff,0x20,0xb0,0xff,0xff,0x20,0xb0,0xff,0xff,0x20,0xb0,0xff,0xff,0x20,0xb0,0xff,0xff,0x20,0xb0,0xff,0xff,
    0x20,0xb0,0xff,0xff,0x20,0xb0,0xff,0xff,0x20,0xb0,0xff,0xff,0x20,0xb0,0xff,0xff,0x20,0xb0,0xff,0xff,0x20,0xb0,0xff,0xff,0x20,0xb0,0xff,0xff,0x20,0xb0,0xff,0xff,
    0x20,0xb0,0xff,0xff,0x00,0x00,0x00,0x00,0x00,0x00,0x00,0x00,0x00,0x00,0x00,0x00,0x00,0x00,0x00,0x00,0x00,0x00,0x00,0x00,0x00,0x00,0x00,0x00,0x00,0x00,0x00,0x00,
    0x00,0x00,0x00,0x00,0x00,0x00,0x00,0x00,0x00,0x00,0x00,0x00,0x00,0x00,0x00,0x00,0x00,0x00,0x00,0x00,0x00,0x00,0x00,0x00,0x20,0xb0,0xff,0xff,0x00,0x00,0x00,0x00,
    0x00,0x00,0x00,0x00,0x00,0x00,0x00,0x00,0x00,0x00,0x00,0x00,0x00,0x00,0x00,0x00,0x00,0x00,0x00,0x00,0x00,0x00,0x00,0x00,0x00,0x00,0x00,0x00,0x00,0x00,0x00,0x00,
    0x00,0x00,0x00,0x00,0x00,0x00,0x00,0x00,0x00,0x00,0x00,0x00,0x00,0x00,0x00,0x00,0x00,0x00,0x00,0x00,0x00,0x00,0x00,0x00,0x00,0x00,0x00,0x00,0x00,0x00,0x00,0x00,
    0x00,0x00,0x00,0x00,0x00,0x00,0x00,0x00,0x00,0x00,0x00,0x00,0x00,0x00,0x00,0x00,0x00,0x00,0x00,0x00,0x00,0x00,0x00,0x00,0x00,0x00,0x00,0x00,0x00,0x00,0x00,0x00,
    0x00,0x00,0x00,0x00,0x00,0x00,0x00,0x00,0x00,0x00,0x00,0x00,0x00,0x00,0x00,0x00,0x00,0x00,0x00,0x00,0x00,0x00,0x00,0x00,0x00,0x00,0x00,0x00,0x00,0x00,0x00,0x00,
    0x00,0x00,0x00,0x00,0x00,0x00,0x00,0x00,0x00,0x00,0x00,0x00,0x00,0x00,0x00,0x00,0x00,0x00,0x00,0x00,0x00,0x00,0x00,0x00,0x00,0x00,0x00,0x00,0x00,0x00,0x00,0x00,
    0x00,0x00,0x00,0x00,0x00,0x00,0x00,0x00,0x00,0x00,0x00,0x00,0x00,0x00,0x00,0x00,0x00,0x00,0x00,0x00,0x00,0x00,0x00,0x00,0x00,0x00,0x00,0x00,0x00,0x00,0x00,0x00,
    0x00,0x00,0x00,0x00,0x00,0x00,0x00,0x00,0x00,0x00,0x00,0x00,0x00,0x00,0x00,0x00,0x00,0x00,0x00,0x00,0x00,0x00,0x00,0x00,0x00,0x00,0x00,0x00,0x00,0x00,0x00,0x00,
    0x00,0x00,0x00,0x00,0x00,0x00,0x00,0x00,0x00,0x00,0x00,0x00,0x00,0x00,0x00,0x00,0x00,0x00,0x00,0x00,0x00,0x00,0x00,0x00,0x00,0x00,0x00,0x00,0x00,0x00,0x00,0x00,
    0x00,0x00,0x00,0x00,0x00,0x00,0x00,0x00,0x00,0x00,0x00,0x00,0x00,0x00,0x00,0x00,0x00,0x00,0x00,0x00,0x00,0x00,0x00,0x00,0x00,0x00,0x00,0x00,0x00,0x00,0x00,0x00,
    0x00,0x00,0x00,0x00,0x00,0x00,0x00,0x00,0x00,0x00,0x00,0x00,0x00,0x00,0x00,0x00,0x00,0x00,0x00,0x00,0x20,0xb0,0xff,0xff,0x20,0xb0,0xff,0xff,0x20,0xb0,0xff,0xff,
    0x20,0xb0,0xff,0xff,0x20,0xb0,0xff,0xff,0x00,0x00,0x00,0x00,0x00,0x00,0x00,0x00,0x00,0x00,0x00,0x00,0x00,0x00,0x00,0x00,0x00,0x00,0x00,0x00,0x00,0x00,0x00,0x00,
    0x00,0x00,0x00,0x00,0x00,0x00,0x00,0x00,0x00,0x00,0x00,0x00,0x00,0x00,0x00,0x00,0x00,0x00,0x00,0x00,0x00,0x00,0x00,0x00,0x00,0x00,0x00,0x00,0x00,0x00,0x00,0x00,
    0x20,0xb0,0xff,0xff,0x20,0xb0,0xff,0xff,0x20,0xb0,0xff,0xff,0x20,0xb0,0xff,0xff,0x20,0xb0,0xff,0xff,0x20,0xb0,0xff,0xff,0x20,0xb0,0xff,0xff,0x20,0xb0,0xff,0xff,
    0x20,0xb0,0xff,0xff,0x20,0xb0,0xff,0xff,0x20,0xb0,0xff,0xff,0x00,0x00,0x00,0x00,0x00,0x00,0x00,0x00,0x00,0x00,0x00,0x00,0x00,0x00,0x00,0x00,0x00,0x00,0x00,0x00,
    0x00,0x00,0x00,0x00,0x00,0x00,0x00,0x00,0x00,0x00,0x00,0x00,0x00,0x00,0x00,0x00,0x00,0x00,0x00,0x00,0x00,0x00,0x00,0x00,0x00,0x00,0x00,0x00,0x00,0x00,0x00,0x00,
    0x00,0x00,0x00,0x00,0x20,0xb0,0xff,0xff,0x20,0xb0,0xff,0xff,0x20,0xb0,0xff,0xff,0x20,0xb0,0xff,0xff,0x20,0xb0,0xff,0xff,0x00,0x00,0x00,0x00,0x00,0x00,0x00,0x00,
    0x00,0x00,0x00,0x00,0x00,0x00,0x00,0x00,0x00,0x00,0x00,0x00,0x00,0x00,0x00,0x00,0x00,0x00,0x00,0x00,0x00,0x00,0x00,0x00,0x00,0x00,0x00,0x00,0x00,0x00,0x00,0x00,
    0x00,0x00,0x00,0x00,0x00,0x00,0x00,0x00,0x00,0x00,0x00,0x00,0x00,0x00,0x00,0x00,0x00,0x00,0x00,0x00,0x00,0x00,0x00,0x00,0x00,0x00,0x00,0x00,0x00,0x00,0x00,0x00,
    0x00,0x00,0x00,0x00,0x00,0x00,0x00,0x00,0x00,0x00,0x00,0x00,0x00,0x00,0x00,0x00,0x00,0x00,0x00,0x00,0x00,0x00,0x00,0x00,0x00,0x00,0x00,0x00,0x00,0x00,0x00,0x00,
    0x00,0x00,0x00,0x00,0x00,0x00,0x00,0x00,0x00,0x00,0x00,0x00,0x00,0x00,0x00,0x00,0x00,0x00,0x00,0x00,0x00,0x00,0x00,0x00,0x00,0x00,0x00,0x00,0x00,0x00,0x00,0x00,
    0x00,0x00,0x00,0x00,0x00,0x00,0x00,0x00,0x00,0x00,0x00,0x00,0x00,0x00,0x00,0x00,0x00,0x00,0x00,0x00,0x00,0x00,0x00,0x00,0x00,0x00,0x00,0x00,0x00,0x00,0x00,0x00,
    0x00,0x00,0x00,0x00,0x00,0x00,0x00,0x00,0x00,0x00,0x00,0x00,0x00,0x00,0x00,0x00,0x00,0x00,0x00,0x00,0x00,0x00,0x00,0x00,0x00,0x00,0x00,0x00,0x00,0x00,0x00,0x00,
    0x00,0x00,0x00,0x00,0x00,0x00,0x00,0x00,0x00,0x00,0x00,0x00,0x00,0x00,0x00,0x00,0x00,0x00,0x00,0x00,0x00,0x00,0x00,0x00,0x00,0x00,0x00,0x00,0x00,0x00,0x00,0x00,
    0x00,0x00,0x00,0x00,0x00,0x00,0x00,0x00,0x00,0x00,0x00,0x00,0x00,0x00,0x00,0x00,0x00,0x00,0x00,0x00,0x00,0x00,0x00,0x00,0x00,0x00,0x00,0x00,0x00,0x00,0x00,0x00,
    0x00,0x00,0x00,0x00,0x00,0x00,0x00,0x00,0x00,0x00,0x00,0x00,0x00,0x00,0x00,0x00,0x00,0x00,0x00,0x00,0x00,0x00,0x00,0x00,0x00,0x00,0x00,0x00,0x00,0x00,0x00,0x00,
    0x00,0x00,0x00,0x00,0x00,0x00,0x00,0x00,0x00,0x00,0x00,0x00,0x20,0xb0,0xff,0xff,0x20,0xb0,0xff,0xff,0x20,0xb0,0xff,0xff,0x20,0xb0,0xff,0xff,0x20,0xb0,0xff,0xff,
    0x20,0xb0,0xff,0xff,0x20,0xb0,0xff,0xff,0x20,0xb0,0xff,0xff,0x00,0x00,0x00,0x00,0x00,0x00,0x00,0x00,0x00,0x00,0x00,0x00,0x00,0x00,0x00,0x00,0x00,0x00,0x00,0x00,
    0x00,0x00,0x00,0x00,0x00,0x00,0x00,0x00,0x00,0x00,0x00,0x00,0x00,0x00,0x00,0x00,0x00,0x00,0x00,0x00,0x00,0x00,0x00,0x00,0x00,0x00,0x00,0x00,0x00,0x00,0x00,0x00,
    0x00,0x00,0x00,0x00,0x00,0x00,0x00,0x00,0x00,0x00,0x00,0x00,0x00,0x00,0x00,0x00,0x00,0x00,0x00,0x00,0x00,0x00,0x00,0x00,0x00,0x00,0x00,0x00,0x00,0x00,0x00,0x00,
    0x00,0x00,0x00,0x00,0x00,0x00,0x00,0x00,0x00,0x00,0x00,0x00,0x00,0x00,0x00,0x00,0x00,0x00,0x00,0x00,0x00,0x00,0x00,0x00,0x00,0x00,0x00,0x00,0x00,0x00,0x00,0x00,
    0x00,0x00,0x00,0x00,0x00,0x00,0x00,0x00,0x00,0x00,0x00,0x00,0x00,0x00,0x00,0x00,0x20,0xb0,0xff,0xff,0x20,0xb0,0xff,0xff,0x20,0xb0,0xff,0xff,0x20,0xb0,0xff,0xff,
    0x20,0xb0,0xff,0xff,0x20,0xb0,0xff,0xff,0x20,0xb0,0xff,0xff,0x20,0xb0,0xff,0xff,0x00,0x00,0x00,0x00,0x00,0x00,0x00,0x00,0x00,0x00,0x00,0x00,0x00,0x00,0x00,0x00,
    0x00,0x00,0x00,0x00,0x00,0x00,0x00,0x00,0x00,0x00,0x00,0x00,0x00,0x00,0x00,0x00,0x00,0x00,0x00,0x00,0x00,0x00,0x00,0x00,0x00,0x00,0x00,0x00,0x00,0x00,0x00,0x00,
    0x00,0x00,0x00,0x00,0x00,0x00,0x00,0x00,0x00,0x00,0x00,0x00,0x00,0x00,0x00,0x00,0x00,0x00,0x00,0x00,0x00,0x00,0x00,0x00,0x00,0x00,0x00,0x00,0x00,0x00,0x00,0x00,
    0x00,0x00,0x00,0x00,0x00,0x00,0x00,0x00,0x00,0x00,0x00,0x00,0x00,0x00,0x00,0x00,0x00,0x00,0x00,0x00,0x00,0x00,0x00,0x00,0x00,0x00,0x00,0x00,0x00,0x00,0x00,0x00,
    0x00,0x00,0x00,0x00,0x00,0x00,0x00,0x00,0x00,0x00,0x00,0x00,0x00,0x00,0x00,0x00,0x00,0x00,0x00,0x00,0x00,0x00,0x00,0x00,0x00,0x00,0x00,0x00,0x00,0x00,0x00,0x00,
    0x00,0x00,0x00,0x00,0x00,0x00,0x00,0x00,0x00,0x00,0x00,0x00,0x00,0x00,0x00,0x00,0x00,0x00,0x00,0x00,0x00,0x00,0x00,0x00,0x00,0x00,0x00,0x00,0x00,0x00,0x00,0x00,
    0x00,0x00,0x00,0x00,0x00,0x00,0x00,0x00,0x00,0x00,0x00,0x00,0x00,0x00,0x00,0x00,0x00,0x00,0x00,0x00,0x00,0x00,0x00,0x00,0x00,0x00,0x00,0x00,0x00,0x00,0x00,0x00,
    0x00,0x00,0x00,0x00,0x00,0x00,0x00,0x00,0x00,0x00,0x00,0x00,0x00,0x00,0x00,0x00,0x00,0x00,0x00,0x00,0x00,0x00,0x00,0x00,0x00,0x00,0x00,0x00,0x00,0x00,0x00,0x00,
    0x00,0x00,0x00,0x00,0x00,0x00,0x00,0x00,0x00,0x00,0x00,0x00,0x00,0x00,0x00,0x00,0x00,0x00,0x00,0x00,0x00,0x00,0x00,0x00,0x00,0x00,0x00,0x00,0x00,0x00,0x00,0x00,
    0x00,0x00,0x00,0x00,0x00,0x00,0x00,0x00,0x00,0x00,0x00,0x00,0x00,0x00,0x00,0x00,0x00,0x00,0x00,0x00,0x00,0x00,0x00,0x00,0x00,0x00,0x00,0x00,0x00,0x00,0x00,0x00,
    0x20,0xb0,0xff,0xff,0x20,0xb0,0xff,0xff,0x20,0xb0,0xff,0xff,0x20,0xb0,0xff,0xff,0x20,0xb0,0xff,0xff,0x20,0xb0,0xff,0xff,0x20,0xb0,0xff,0xff,0x20,0xb0,0xff,0xff,
    0x00,0x00,0x00,0x00,0x00,0x00,0x00,0x00,0x00,0x00,0x00,0x00,0x00,0x00,0x00,0x00,0x00,0x00,0x00,0x00,0x00,0x00,0x00,0x00,0x00,0x00,0x00,0x00,0x00,0x00,0x00,0x00,
    0x00,0x00,0x00,0x00,0x00,0x00,0x00,0x00,0x00,0x00,0x00,0x00,0x00,0x00,0x00,0x00,0x00,0x00,0x00,0x00,0x00,0x00,0x00,0x00,0x00,0x00,0x00,0x00,0x00,0x00,0x00,0x00,
    0x00,0x00,0x00,0x00,0x00,0x00,0x00,0x00,0x00,0x00,0x00,0x00,0x00,0x00,0x00,0x00,0x00,0x00,0x00,0x00,0x00,0x00,0x00,0x00,0x00,0x00,0x00,0x00,0x00,0x00,0x00,0x00,
    0x00,0x00,0x00,0x00,0x00,0x00,0x00,0x00,0x00,0x00,0x00,0x00,0x00,0x00,0x00,0x00,0x00,0x00,0x00,0x00,0x00,0x00,0x00,0x00,0x00,0x00,0x00,0x00,0x00,0x00,0x00,0x00,
    0x00,0x00,0x00,0x00,0x00,0x00,0x00,0x00,0x00,0x00,0x00,0x00,0x20,0xb0,0xff,0xff,0x20,0xb0,0xff,0xff,0x20,0xb0,0xff,0xff,0x20,0xb0,0xff,0xff,0x20,0xb0,0xff,0xff,
    0x20,0xb0,0xff,0xff,0x20,0xb0,0xff,0xff,0x20,0xb0,0xff,0xff,0x00,0x00,0x00,0x00,0x00,0x00,0x00,0x00,0x00,0x00,0x00,0x00,0x00,0x00,0x00,0x00,0x00,0x00,0x00,0x00,
    0x00,0x00,0x00,0x00,0x00,0x00,0x00,0x00,0x00,0x00,0x00,0x00,0x00,0x00,0x00,0x00,0x00,0x00,0x00,0x00,0x00,0x00,0x00,0x00,0x00,0x00,0x00,0x00,0x00,0x00,0x00,0x00,
    0x00,0x00,0x00,0x00,0x00,0x00,0x00,0x00,0x00,0x00,0x00,0x00,0x00,0x00,0x00,0x00,0x00,0x00,0x00,0x00,0x00,0x00,0x00,0x00,0x00,0x00,0x00,0x00,0x00,0x00,0x00,0x00,
    0x00,0x00,0x00,0x00,0x00,0x00,0x00,0x00,0x00,0x00,0x00,0x00,0x00,0x00,0x00,0x00,0x00,0x00,0x00,0x00,0x00,0x00,0x00,0x00,0x00,0x00,0x00,0x00,0x00,0x00,0x00,0x00,
    0x00,0x00,0x00,0x00,0x00,0x00,0x00,0x00,0x00,0x00,0x00,0x00,0x00,0x00,0x00,0x00,0x00,0x00,0x00,0x00,0x00,0x00,0x00,0x00,0x00,0x00,0x00,0x00,0x00,0x00,0x00,0x00,
    0x00,0x00,0x00,0x00,0x00,0x00,0x00,0x00,0x00,0x00,0x00,0x00,0x00,0x00,0x00,0x00,0x00,0x00,0x00,0x00,0x00,0x00,0x00,0x00,0x00,0x00,0x00,0x00,0x00,0x00,0x00,0x00,
    0x00,0x00,0x00,0x00,0x00,0x00,0x00,0x00,0x00,0x00,0x00,0x00,0x00,0x00,0x00,0x00,0x00,0x00,0x00,0x00,0x00,0x00,0x00,0x00,0x00,0x00,0x00,0x00,0x00,0x00,0x00,0x00,
    0x00,0x00,0x00,0x00,0x00,0x00,0x00,0x00,0x00,0x00,0x00,0x00,0x00,0x00,0x00,0x00,0x00,0x00,0x00,0x00,0x00,0x00,0x00,0x00,0x00,0x00,0x00,0x00,0x00,0x00,0x00,0x00,
    0x00,0x00,0x00,0x00,0x00,0x00,0x00,0x00,0x00,0x00,0x00,0x00,0x00,0x00,0x00,0x00,0x00,0x00,0x00,0x00,0x00,0x00,0x00,0x00,0x00,0x00,0x00,0x00,0x00,0x00,0x00,0x00,
    0x00,0x00,0x00,0x00,0x00,0x00,0x00,0x00,0x00,0x00,0x00,0x00,0x00,0x00,0x00,0x00,0x00,0x00,0x00,0x00,0x00,0x00,0x00,0x00,0x20,0xb0,0xff,0xff,0x20,0xb0,0xff,0xff,
    0x20,0xb0,0xff,0xff,0x20,0xb0,0xff,0xff,0x20,0xb0,0xff,0xff,0x20,0xb0,0xff,0xff,0x20,0xb0,0xff,0xff,0x20,0xb0,0xff,0xff,0x00,0x00,0x00,0x00,0x00,0x00,0x00,0x00,
    0x00,0x00,0x00,0x00,0x00,0x00,0x00,0x00,0x00,0x00,0x00,0x00,0x00,0x00,0x00,0x00,0x00,0x00,0x00,0x00,0x00,0x00,0x00,0x00,0x00,0x00,0x00,0x00,0x00,0x00,0x00,0x00,
    0x00,0x00,0x00,0x00,0x00,0x00,0x00,0x00,0x00,0x00,0x00,0x00,0x00,0x00,0x00,0x00,0x00,0x00,0x00,0x00,0x00,0x00,0x00,0x00,0x00,0x00,0x00,0x00,0x00,0x00,0x00,0x00,
    0x00,0x00,0x00,0x00,0x00,0x00,0x00,0x00,0x00,0x00,0x00,0x00,0x00,0x00,0x00,0x00,0x00,0x00,0x00,0x00,0x00,0x00,0x00,0x00,0x00,0x00,0x00,0x00,0x00,0x00,0x00,0x00,
    0x00,0x00,0x00,0x00,0x00,0x00,0x00,0x00,0x00,0x00,0x00,0x00,0x00,0x00,0x00,0x00,0x00,0x00,0x00,0x00,0x00,0x00,0x00,0x00,0x00,0x00,0x00,0x00,0x00,0x00,0x00,0x00,
    0x00,0x00,0x00,0x00,0x20,0xb0,0xff,0xff,0x20,0xb0,0xff,0xff,0x20,0xb0,0xff,0xff,0x20,0xb0,0xff,0xff,0x20,0xb0,0xff,0xff,0x20,0xb0,0xff,0xff,0x20,0xb0,0xff,0xff,
    0x20,0xb0,0xff,0xff,0x00,0x00,0x00,0x00,0x00,0x00,0x00,0x00,0x00,0x00,0x00,0x00,0x00,0x00,0x00,0x00,0x00,0x00,0x00,0x00,0x00,0x00,0x00,0x00,0x00,0x00,0x00,0x00,
    0x00,0x00,0x00,0x00,0x00,0x00,0x00,0x00,0x00,0x00,0x00,0x00,0x00,0x00,0x00,0x00,0x00,0x00,0x00,0x00,0x00,0x00,0x00,0x00,0x00,0x00,0x00,0x00,0x00,0x00,0x00,0x00,
    0x00,0x00,0x00,0x00,0x00,0x00,0x00,0x00,0x00,0x00,0x00,0x00,0x00,0x00,0x00,0x00,0x00,0x00,0x00,0x00,0x00,0x00,0x00,0x00,0x00,0x00,0x00,0x00,0x00,0x00,0x00,0x00,
    0x00,0x00,0x00,0x00,0x00,0x00,0x00,0x00,0x00,0x00,0x00,0x00,0x00,0x00,0x00,0x00,0x00,0x00,0x00,0x00,0x00,0x00,0x00,0x00,0x00,0x00,0x00,0x00,0x00,0x00,0x00,0x00,
    0x00,0x00,0x00,0x00,0x00,0x00,0x00,0x00,0x00,0x00,0x00,0x00,0x00,0x00,0x00,0x00,0x00,0x00,0x00,0x00,0x00,0x00,0x00,0x00,0x00,0x00,0x00,0x00,0x00,0x00,0x00,0x00,
    0x00,0x00,0x00,0x00,0x00,0x00,0x00,0x00,0x00,0x00,0x00,0x00,0x00,0x00,0x00,0x00,0x00,0x00,0x00,0x00,0x00,0x00,0x00,0x00,0x00,0x00,0x00,0x00,0x00,0x00,0x00,0x00,
    0x00,0x00,0x00,0x00,0x00,0x00,0x00,0x00,0x00,0x00,0x00,0x00,0x00,0x00,0x00,0x00,0x00,0x00,0x00,0x00,0x00,0x00,0x00,0x00,0x00,0x00,0x00,0x00,0x00,0x00,0x00,0x00,
    0x00,0x00,0x00,0x00,0x00,0x00,0x00,0x00,0x00,0x00,0x00,0x00,0x00,0x00,0x00,0x00,0x00,0x00,0x00,0x00,0x00,0x00,0x00,0x00,0x00,0x00,0x00,0x00,0x00,0x00,0x00,0x00,
    0x00,0x00,0x00,0x00,0x00,0x00,0x00,0x00,0x00,0x00,0x00,0x00,0x00,0x00,0x00,0x00,0x00,0x00,0x00,0x00,0x00,0x00,0x00,0x00,0x00,0x00,0x00,0x00,0x00,0x00,0x00,0x00,
    0x00,0x00,0x00,0x00,0x00,0x00,0x00,0x00,0x00,0x00,0x00,0x00,0x20,0xb0,0xff,0xff,0x20,0xb0,0xff,0xff,0x20,0xb0,0xff,0xff,0x20,0xb0,0xff,0xff,0x20,0xb0,0xff,0xff,
    0x20,0xb0,0xff,0xff,0x20,0xb0,0xff,0xff,0x20,0xb0,0xff,0xff,0x00,0x00,0x00,0x00,0x00,0x00,0x00,0x00,0x00,0x00,0x00,0x00,0x00,0x00,0x00,0x00,0x00,0x00,0x00,0x00,
    0x00,0x00,0x00,0x00,0x00,0x00,0x00,0x00,0x00,0x00,0x00,0x00,0x00,0x00,0x00,0x00,0x00,0x00,0x00,0x00,0x00,0x00,0x00,0x00,0x00,0x00,0x00,0x00,0x00,0x00,0x00,0x00,
    0x00,0x00,0x00,0x00,0x00,0x00,0x00,0x00,0x00,0x00,0x00,0x00,0x00,0x00,0x00,0x00,0x00,0x00,0x00,0x00,0x00,0x00,0x00,0x00,0x00,0x00,0x00,0x00,0x00,0x00,0x00,0x00,
    0x00,0x00,0x00,0x00,0x00,0x00,0x00,0x00,0x00,0x00,0x00,0x00,0x00,0x00,0x00,0x00,0x00,0x00,0x00,0x00,0x00,0x00,0x00,0x00,0x00,0x00,0x00,0x00,0x00,0x00,0x00,0x00,
    0x00,0x00,0x00,0x00,0x00,0x00,0x00,0x00,0x00,0x00,0x00,0x00,0x00,0x00,0x00,0x00,0x00,0x00,0x00,0x00,0x00,0x00,0x00,0x00,0x00,0x00,0x00,0x00,0x00,0x00,0x00,0x00,
    0x20,0xb0,0xff,0xff,0x20,0xb0,0xff,0xff,0x20,0xb0,0xff,0xff,0x20,0xb0,0xff,0xff,0x20,0xb0,0xff,0xff,0x20,0xb0,0xff,0xff,0x20,0xb0,0xff,0xff,0x20,0xb0,0xff,0xff,
    0x00,0x00,0x00,0x00,0x00,0x00,0x00,0x00,0x00,0x00,0x00,0x00,0x00,0x00,0x00,0x00,0x00,0x00,0x00,0x00,0x00,0x00,0x00,0x00,0x00,0x00,0x00,0x00,0x00,0x00,0x00,0x00,
    0x00,0x00,0x00,0x00,0x00,0x00,0x00,0x00,0x00,0x00,0x00,0x00,0x00,0x00,0x00,0x00,0x00,0x00,0x00,0x00,0x00,0x00,0x00,0x00,0x00,0x00,0x00,0x00,0x00,0x00,0x00,0x00,
    0x00,0x00,0x00,0x00,0x00,0x00,0x00,0x00,0x00,0x00,0x00,0x00,0x00,0x00,0x00,0x00,0x00,0x00,0x00,0x00,0x00,0x00,0x00,0x00,0x00,0x00,0x00,0x00,0x00,0x00,0x00,0x00,
    0x00,0x00,0x00,0x00,0x00,0x00,0x00,0x00,0x00,0x00,0x00,0x00,0x00,0x00,0x00,0x00,0x00,0x00,0x00,0x00,0x00,0x00,0x00,0x00,0x00,0x00,0x00,0x00,0x00,0x00,0x00,0x00,
    0x00,0x00,0x00,0x00,0x00,0x00,0x00,0x00,0x00,0x00,0x00,0x00,0x00,0x00,0x00,0x00,0x00,0x00,0x00,0x00,0x00,0x00,0x00,0x00,0x00,0x00,0x00,0x00,0x00,0x00,0x00,0x00,
    0x00,0x00,0x00,0x00,0x00,0x00,0x00,0x00,0x00,0x00,0x00,0x00,0x00,0x00,0x00,0x00,0x00,0x00,0x00,0x00,0x00,0x00,0x00,0x00,0x00,0x00,0x00,0x00,0x00,0x00,0x00,0x00,
    0x00,0x00,0x00,0x00,0x00,0x00,0x00,0x00,0x00,0x00,0x00,0x00,0x00,0x00,0x00,0x00,0x00,0x00,0x00,0x00,0x00,0x00,0x00,0x00,0x00,0x00,0x00,0x00,0x00,0x00,0x00,0x00,
    0x00,0x00,0x00,0x00,0x00,0x00,0x00,0x00,0x00,0x00,0x00,0x00,0x00,0x00,0x00,0x00,0x00,0x00,0x00,0x00,0x00,0x00,0x00,0x00,0x00,0x00,0x00,0x00,0x00,0x00,0x00,0x00,
    0x00,0x00,0x00,0x00,0x00,0x00,0x00,0x00,0x00,0x00,0x00,0x00,0x00,0x00,0x00,0x00,0x00,0x00,0x00,0x00,0x00,0x00,0x00,0x00,0x00,0x00,0x00,0x00,0x00,0x00,0x00,0x00,
    0x00,0x00,0x00,0x00,0x20,0xb0,0xff,0xff,0x20,0xb0,0xff,0xff,0x20,0xb0,0xff,0xff,0x20,0xb0,0xff,0xff,0x20,0xb0,0xff,0xff,0x20,0xb0,0xff,0xff,0x20,0xb0,0xff,0xff,
    0x20,0xb0,0xff,0xff,0x00,0x00,0x00,0x00,0x00,0x00,0x00,0x00,0x00,0x00,0x00,0x00,0x00,0x00,0x00,0x00,0x00,0x00,0x00,0x00,0x00,0x00,0x00,0x00,0x00,0x00,0x00,0x00,
    0x00,0x00,0x00,0x00,0x00,0x00,0x00,0x00,0x00,0x00,0x00,0x00,0x00,0x00,0x00,0x00,0x00,0x00,0x00,0x00,0x00,0x00,0x00,0x00,0x00,0x00,0x00,0x00,0x00,0x00,0x00,0x00,
    0x00,0x00,0x00,0x00,0x00,0x00,0x00,0x00,0x00,0x00,0x00,0x00,0x00,0x00,0x00,0x00,0x00,0x00,0x00,0x00,0x00,0x00,0x00,0x00,0x00,0x00,0x00,0x00,0x00,0x00,0x00,0x00,
    0x00,0x00,0x00,0x00,0x00,0x00,0x00,0x00,0x00,0x00,0x00,0x00,0x00,0x00,0x00,0x00,0x00,0x00,0x00,0x00,0x00,0x00,0x00,0x00,0x00,0x00,0x00,0x00,0x00,0x00,0x00,0x00,
    0x00,0x00,0x00,0x00,0x00,0x00,0x00,0x00,0x00,0x00,0x00,0x00,0x00,0x00,0x00,0x00,0x00,0x00,0x00,0x00,0x00,0x00,0x00,0x00,0x20,0xb0,0xff,0xff,0x20,0xb0,0xff,0xff,
    0x20,0xb0,0xff,0xff,0x20,0xb0,0xff,0xff,0x20,0xb0,0xff,0xff,0x20,0xb0,0xff,0xff,0x20,0xb0,0xff,0xff,0x20,0xb0,0xff,0xff,0x00,0x00,0x00,0x00,0x00,0x00,0x00,0x00,
    0x00,0x00,0x00,0x00,0x00,0x00,0x00,0x00,0x00,0x00,0x00,0x00,0x00,0x00,0x00,0x00,0x00,0x00,0x00,0x00,0x00,0x00,0x00,0x00,0x00,0x00,0x00,0x00,0x00,0x00,0x00,0x00,
    0x00,0x00,0x00,0x00,0x00,0x00,0x00,0x00,0x00,0x00,0x00,0x00,0x00,0x00,0x00,0x00,0x00,0x00,0x00,0x00,0x00,0x00,0x00,0x00,0x00,0x00,0x00,0x00,0x00,0x00,0x00,0x00,
    0x00,0x00,0x00,0x00,0x00,0x00,0x00,0x00,0x00,0x00,0x00,0x00,0x00,0x00,0x00,0x00,0x00,0x00,0x00,0x00,0x00,0x00,0x00,0x00,0x00,0x00,0x00,0x00,0x00,0x00,0x00,0x00,
    0x00,0x00,0x00,0x00,0x00,0x00,0x00,0x00,0x00,0x00,0x00,0x00,0x00,0x00,0x00,0x00,0x00,0x00,0x00,0x00,0x00,0x00,0x00,0x00,0x00,0x00,0x00,0x00,0x00,0x00,0x00,0x00,
    0x00,0x00,0x00,0x00,0x00,0x00,0x00,0x00,0x00,0x00,0x00,0x00,0x00,0x00,0x00,0x00,0x00,0x00,0x00,0x00,0x00,0x00,0x00,0x00,0x00,0x00,0x00,0x00,0x00,0x00,0x00,0x00,
    0x00,0x00,0x00,0x00,0x00,0x00,0x00,0x00,0x00,0x00,0x00,0x00,0x00,0x00,0x00,0x00,0x00,0x00,0x00,0x00,0x00,0x00,0x00,0x00,0x00,0x00,0x00,0x00,0x00,0x00,0x00,0x00,
    0x00,0x00,0x00,0x00,0x00,0x00,0x00,0x00,0x00,0x00,0x00,0x00,0x00,0x00,0x00,0x00,0x00,0x00,0x00,0x00,0x00,0x00,0x00,0x00,0x00,0x00,0x00,0x00,0x00,0x00,0x00,0x00,
    0x00,0x00,0x00,0x00,0x00,0x00,0x00,0x00,0x00,0x00,0x00,0x00,0x00,0x00,0x00,0x00,0x00,0x00,0x00,0x00,0x00,0x00,0x00,0x00,0x00,0x00,0x00,0x00,0x00,0x00,0x00,0x00,
    0x00,0x00,0x00,0x00,0x00,0x00,0x00,0x00,0x00,0x00,0x00,0x00,0x00,0x00,0x00,0x00,0x00,0x00,0x00,0x00,0x00,0x00,0x00,0x00,0x20,0xb0,0xff,0xff,0x20,0xb0,0xff,0xff,
    0x20,0xb0,0xff,0xff,0x20,0xb0,0xff,0xff,0x20,0xb0,0xff,0xff,0x20,0xb0,0xff,0xff,0x20,0xb0,0xff,0xff,0x20,0xb0,0xff,0xff,0x00,0x00,0x00,0x00,0x00,0x00,0x00,0x00,
    0x00,0x00,0x00,0x00,0x00,0x00,0x00,0x00,0x00,0x00,0x00,0x00,0x00,0x00,0x00,0x00,0x00,0x00,0x00,0x00,0x00,0x00,0x00,0x00,0x00,0x00,0x00,0x00,0x00,0x00,0x00,0x00,
    0x00,0x00,0x00,0x00,0x00,0x00,0x00,0x00,0x00,0x00,0x00,0x00,0x00,0x00,0x00,0x00,0x00,0x00,0x00,0x00,0x00,0x00,0x00,0x00,0x20,0xb0,0xff,0xff,0x20,0xb0,0xff,0xff,
    0x20,0xb0,0xff,0xff,0x20,0xb0,0xff,0xff,0x20,0xb0,0xff,0xff,0x20,0xb0,0xff,0xff,0x20,0xb0,0xff,0xff,0x00,0x00,0x00,0x00,0x00,0x00,0x00,0x00,0x00,0x00,0x00,0x00,
    0x00,0x00,0x00,0x00,0x00,0x00,0x00,0x00,0x00,0x00,0x00,0x00,0x00,0x00,0x00,0x00,0x00,0x00,0x00,0x00,0x00,0x00,0x00,0x00,0x00,0x00,0x00,0x00,0x00,0x00,0x00,0x00,
    0x00,0x00,0x00,0x00,0x00,0x00,0x00,0x00,0x00,0x00,0x00,0x00,0x00,0x00,0x00,0x00,0x00,0x00,0x00,0x00,0x20,0xb0,0xff,0xff,0x20,0xb0,0xff,0xff,0x20,0xb0,0xff,0xff,
    0x20,0xb0,0xff,0xff,0x20,0xb0,0xff,0xff,0x20,0xb0,0xff,0xff,0x20,0xb0,0xff,0xff,0x20,0xb0,0xff,0xff,0x00,0x00,0x00,0x00,0x00,0x00,0x00,0x00,0x00,0x00,0x00,0x00,
    0x00,0x00,0x00,0x00,0x00,0x00,0x00,0x00,0x00,0x00,0x00,0x00,0x00,0x00,0x00,0x00,0x00,0x00,0x00,0x00,0x00,0x00,0x00,0x00,0x00,0x00,0x00,0x00,0x00,0x00,0x00,0x00,
    0x00,0x00,0x00,0x00,0x00,0x00,0x00,0x00,0x00,0x00,0x00,0x00,0x00,0x00,0x00,0x00,0x00,0x00,0x00,0x00,0x00,0x00,0x00,0x00,0x00,0x00,0x00,0x00,0x00,0x00,0x00,0x00,
    0x00,0x00,0x00,0x00,0x00,0x00,0x00,0x00,0x00,0x00,0x00,0x00,0x00,0x00,0x00,0x00,0x00,0x00,0x00,0x00,0x00,0x00,0x00,0x00,0x00,0x00,0x00,0x00,0x00,0x00,0x00,0x00,
    0x00,0x00,0x00,0x00,0x00,0x00,0x00,0x00,0x00,0x00,0x00,0x00,0x00,0x00,0x00,0x00,0x00,0x00,0x00,0x00,0x00,0x00,0x00,0x00,0x00,0x00,0x00,0x00,0x00,0x00,0x00,0x00,
    0x00,0x00,0x00,0x00,0x00,0x00,0x00,0x00,0x00,0x00,0x00,0x00,0x00,0x00,0x00,0x00,0x00,0x00,0x00,0x00,0x00,0x00,0x00,0x00,0x00,0x00,0x00,0x00,0x00,0x00,0x00,0x00,
    0x00,0x00,0x00,0x00,0x00,0x00,0x00,0x00,0x00,0x00,0x00,0x00,0x00,0x00,0x00,0x00,0x00,0x00,0x00,0x00,0x00,0x00,0x00,0x00,0x00,0x00,0x00,0x00,0x00,0x00,0x00,0x00,
    0x00,0x00,0x00,0x00,0x00,0x00,0x00,0x00,0x00,0x00,0x00,0x00,0x00,0x00,0x00,0x00,0x00,0x00,0x00,0x00,0x00,0x00,0x00,0x00,0x00,0x00,0x00,0x00,0x00,0x00,0x00,0x00,
    0x00,0x00,0x00,0x00,0x00,0x00,0x00,0x00,0x00,0x00,0x00,0x00,0x00,0x00,0x00,0x00,0x00,0x00,0x00,0x00,0x00,0x00,0x00,0x00,0x00,0x00,0x00,0x00,0x00,0x00,0x00,0x00,
    0x00,0x00,0x00,0x00,0x00,0x00,0x00,0x00,0x00,0x00,0x00,0x00,0x20,0xb0,0xff,0xff,0x20,0xb0,0xff,0xff,0x20,0xb0,0xff,0xff,0x20,0xb0,0xff,0xff,0x20,0xb0,0xff,0xff,
    0x20,0xb0,0xff,0xff,0x20,0xb0,0xff,0xff,0x20,0xb0,0xff,0xff,0x20,0xb0,0xff,0xff,0x00,0x00,0x00,0x00,0x00,0x00,0x00,0x00,0x00,0x00,0x00,0x00,0x00,0x00,0x00,0x00,
    0x00,0x00,0x00,0x00,0x00,0x00,0x00,0x00,0x00,0x00,0x00,0x00,0x00,0x00,0x00,0x00,0x00,0x00,0x00,0x00,0x00,0x00,0x00,0x00,0x00,0x00,0x00,0x00,0x00,0x00,0x00,0x00,
    0x00,0x00,0x00,0x00,0x00,0x00,0x00,0x00,0x00,0x00,0x00,0x00,0x00,0x00,0x00,0x00,0x20,0xb0,0xff,0xff,0x20,0xb0,0xff,0xff,0x20,0xb0,0xff,0xff,0x20,0xb0,0xff,0xff,
    0x20,0xb0,0xff,0xff,0x20,0xb0,0xff,0xff,0x20,0xb0,0xff,0xff,0x00,0x00,0x00,0x00,0x00,0x00,0x00,0x00,0x00,0x00,0x00,0x00,0x00,0x00,0x00,0x00,0x00,0x00,0x00,0x00,
    0x00,0x00,0x00,0x00,0x00,0x00,0x00,0x00,0x00,0x00,0x00,0x00,0x00,0x00,0x00,0x00,0x00,0x00,0x00,0x00,0x00,0x00,0x00,0x00,0x00,0x00,0x00,0x00,0x00,0x00,0x00,0x00,
    0x00,0x00,0x00,0x00,0x00,0x00,0x00,0x00,0x00,0x00,0x00,0x00,0x20,0xb0,0xff,0xff,0x20,0xb0,0xff,0xff,0x20,0xb0,0xff,0xff,0x20,0xb0,0xff,0xff,0x20,0xb0,0xff,0xff,
    0x20,0xb0,0xff,0xff,0x20,0xb0,0xff,0xff,0x20,0xb0,0xff,0xff,0x20,0xb0,0xff,0xff,0x00,0x00,0x00,0x00,0x00,0x00,0x00,0x00,0x00,0x00,0x00,0x00,0x00,0x00,0x00,0x00,
    0x00,0x00,0x00,0x00,0x00,0x00,0x00,0x00,0x00,0x00,0x00,0x00,0x00,0x00,0x00,0x00,0x00,0x00,0x00,0x00,0x00,0x00,0x00,0x00,0x00,0x00,0x00,0x00,0x00,0x00,0x00,0x00,
    0x00,0x00,0x00,0x00,0x00,0x00,0x00,0x00,0x00,0x00,0x00,0x00,0x00,0x00,0x00,0x00,0x00,0x00,0x00,0x00,0x00,0x00,0x00,0x00,0x00,0x00,0x00,0x00,0x00,0x00,0x00,0x00,
    0x00,0x00,0x00,0x00,0x00,0x00,0x00,0x00,0x00,0x00,0x00,0x00,0x00,0x00,0x00,0x00,0x00,0x00,0x00,0x00,0x00,0x00,0x00,0x00,0x00,0x00,0x00,0x00,0x00,0x00,0x00,0x00,
    0x00,0x00,0x00,0x00,0x00,0x00,0x00,0x00,0x00,0x00,0x00,0x00,0x00,0x00,0x00,0x00,0x00,0x00,0x00,0x00,0x00,0x00,0x00,0x00,0x00,0x00,0x00,0x00,0x00,0x00,0x00,0x00,
    0x00,0x00,0x00,0x00,0x00,0x00,0x00,0x00,0x00,0x00,0x00,0x00,0x00,0x00,0x00,0x00,0x00,0x00,0x00,0x00,0x00,0x00,0x00,0x00,0x00,0x00,0x00,0x00,0x00,0x00,0x00,0x00,
    0x00,0x00,0x00,0x00,0x00,0x00,0x00,0x00,0x00,0x00,0x00,0x00,0x00,0x00,0x00,0x00,0x00,0x00,0x00,0x00,0x00,0x00,0x00,0x00,0x00,0x00,0x00,0x00,0x00,0x00,0x00,0x00,
    0x00,0x00,0x00,0x00,0x00,0x00,0x00,0x00,0x00,0x00,0x00,0x00,0x00,0x00,0x00,0x00,0x00,0x00,0x00,0x00,0x00,0x00,0x00,0x00,0x00,0x00,0x00,0x00,0x00,0x00,0x00,0x00,
    0x00,0x00,0x00,0x00,0x00,0x00,0x00,0x00,0x00,0x00,0x00,0x00,0x00,0x00,0x00,0x00,0x00,0x00,0x00,0x00,0x00,0x00,0x00,0x00,0x00,0x00,0x00,0x00,0x00,0x00,0x00,0x00,
    0x00,0x00,0x00,0x00,0x20,0xb0,0xff,0xff,0x20,0xb0,0xff,0xff,0x20,0xb0,0xff,0xff,0x20,0xb0,0xff,0xff,0x20,0xb0,0xff,0xff,0x20,0xb0,0xff,0xff,0x20,0xb0,0xff,0xff,
    0x20,0xb0,0xff,0xff,0x00,0x00,0x00,0x00,0x00,0x00,0x00,0x00,0x00,0x00,0x00,0x00,0x00,0x00,0x00,0x00,0x00,0x00,0x00,0x00,0x00,0x00,0x00,0x00,0x00,0x00,0x00,0x00,
    0x00,0x00,0x00,0x00,0x00,0x00,0x00,0x00,0x00,0x00,0x00,0x00,0x00,0x00,0x00,0x00,0x00,0x00,0x00,0x00,0x00,0x00,0x00,0x00,0x00,0x00,0x00,0x00,0x00,0x00,0x00,0x00,
    0x00,0x00,0x00,0x00,0x00,0x00,0x00,0x00,0x20,0xb0,0xff,0xff,0x20,0xb0,0xff,0xff,0x20,0xb0,0xff,0xff,0x20,0xb0,0xff,0xff,0x20,0xb0,0xff,0xff,0x20,0xb0,0xff,0xff,
    0x20,0xb0,0xff,0xff,0x00,0x00,0x00,0x00,0x00,0x00,0x00,0x00,0x00,0x00,0x00,0x00,0x00,0x00,0x00,0x00,0x00,0x00,0x00,0x00,0x00,0x00,0x00,0x00,0x00,0x00,0x00,0x00,
    0x00,0x00,0x00,0x00,0x00,0x00,0x00,0x00,0x00,0x00,0x00,0x00,0x00,0x00,0x00,0x00,0x00,0x00,0x00,0x00,0x00,0x00,0x00,0x00,0x00,0x00,0x00,0x00,0x00,0x00,0x00,0x00,
    0x00,0x00,0x00,0x00,0x00,0x00,0x00,0x00,0x20,0xb0,0xff,0xff,0x20,0xb0,0xff,0xff,0x20,0xb0,0xff,0xff,0x20,0xb0,0xff,0xff,0x20,0xb0,0xff,0xff,0x20,0xb0,0xff,0xff,
    0x20,0xb0,0xff,0xff,0x20,0xb0,0xff,0xff,0x00,0x00,0x00,0x00,0x00,0x00,0x00,0x00,0x00,0x00,0x00,0x00,0x00,0x00,0x00,0x00,0x00,0x00,0x00,0x00,0x00,0x00,0x00,0x00,
    0x00,0x00,0x00,0x00,0x00,0x00,0x00,0x00,0x00,0x00,0x00,0x00,0x00,0x00,0x00,0x00,0x00,0x00,0x00,0x00,0x00,0x00,0x00,0x00,0x00,0x00,0x00,0x00,0x00,0x00,0x00,0x00,
    0x00,0x00,0x00,0x00,0x00,0x00,0x00,0x00,0x00,0x00,0x00,0x00,0x00,0x00,0x00,0x00,0x00,0x00,0x00,0x00,0x00,0x00,0x00,0x00,0x00,0x00,0x00,0x00,0x00,0x00,0x00,0x00,
    0x00,0x00,0x00,0x00,0x00,0x00,0x00,0x00,0x00,0x00,0x00,0x00,0x00,0x00,0x00,0x00,0x00,0x00,0x00,0x00,0x00,0x00,0x00,0x00,0x00,0x00,0x00,0x00,0x00,0x00,0x00,0x00,
    0x00,0x00,0x00,0x00,0x00,0x00,0x00,0x00,0x00,0x00,0x00,0x00,0x00,0x00,0x00,0x00,0x00,0x00,0x00,0x00,0x00,0x00,0x00,0x00,0x00,0x00,0x00,0x00,0x00,0x00,0x00,0x00,
    0x00,0x00,0x00,0x00,0x00,0x00,0x00,0x00,0x00,0x00,0x00,0x00,0x00,0x00,0x00,0x00,0x00,0x00,0x00,0x00,0x00,0x00,0x00,0x00,0x00,0x00,0x00,0x00,0x00,0x00,0x00,0x00,
    0x00,0x00,0x00,0x00,0x00,0x00,0x00,0x00,0x00,0x00,0x00,0x00,0x00,0x00,0x00,0x00,0x00,0x00,0x00,0x00,0x00,0x00,0x00,0x00,0x00,0x00,0x00,0x00,0x00,0x00,0x00,0x00,
    0x00,0x00,0x00,0x00,0x00,0x00,0x00,0x00,0x00,0x00,0x00,0x00,0x00,0x00,0x00,0x00,0x00,0x00,0x00,0x00,0x00,0x00,0x00,0x00,0x00,0x00,0x00,0x00,0x00,0x00,0x00,0x00,
    0x00,0x00,0x00,0x00,0x00,0x00,0x00,0x00,0x00,0x00,0x00,0x00,0x00,0x00,0x00,0x00,0x00,0x00,0x00,0x00,0x00,0x00,0x00,0x00,0x20,0xb0,0xff,0xff,0x20,0xb0,0xff,0xff,
    0x20,0xb0,0xff,0xff,0x20,0xb0,0xff,0xff,0x20,0xb0,0xff,0xff,0x20,0xb0,0xff,0xff,0x20,0xb0,0xff,0xff,0x20,0xb0,0xff,0xff,0x00,0x00,0x00,0x00,0x00,0x00,0x00,0x00,
    0x00,0x00,0x00,0x00,0x00,0x00,0x00,0x00,0x00,0x00,0x00,0x00,0x00,0x00,0x00,0x00,0x00,0x00,0x00,0x00,0x00,0x00,0x00,0x00,0x00,0x00,0x00,0x00,0x00,0x00,0x00,0x00,
    0x00,0x00,0x00,0x00,0x00,0x00,0x00,0x00,0x00,0x00,0x00,0x00,0x00,0x00,0x00,0x00,0x00,0x00,0x00,0x00,0x00,0x00,0x00,0x00,0x00,0x00,0x00,0x00,0x00,0x00,0x00,0x00,
    0x20,0xb0,0xff,0xff,0x20,0xb0,0xff,0xff,0x20,0xb0,0xff,0xff,0x20,0xb0,0xff,0xff,0x20,0xb0,0xff,0xff,0x20,0xb0,0xff,0xff,0x20,0xb0,0xff,0xff,0x00,0x00,0x00,0x00,
    0x00,0x00,0x00,0x00,0x00,0x00,0x00,0x00,0x00,0x00,0x00,0x00,0x00,0x00,0x00,0x00,0x00,0x00,0x00,0x00,0x00,0x00,0x00,0x00,0x00,0x00,0x00,0x00,0x00,0x00,0x00,0x00,
    0x00,0x00,0x00,0x00,0x00,0x00,0x00,0x00,0x00,0x00,0x00,0x00,0x00,0x00,0x00,0x00,0x00,0x00,0x00,0x00,0x00,0x00,0x00,0x00,0x00,0x00,0x00,0x00,0x00,0x00,0x00,0x00,
    0x00,0x00,0x00,0x00,0x20,0xb0,0xff,0xff,0x20,0xb0,0xff,0xff,0x20,0xb0,0xff,0xff,0x20,0xb0,0xff,0xff,0x20,0xb0,0xff,0xff,0x20,0xb0,0xff,0xff,0x20,0xb0,0xff,0xff,
    0x20,0xb0,0xff,0xff,0x00,0x00,0x00,0x00,0x00,0x00,0x00,0x00,0x00,0x00,0x00,0x00,0x00,0x00,0x00,0x00,0x00,0x00,0x00,0x00,0x00,0x00,0x00,0x00,0x00,0x00,0x00,0x00,
    0x00,0x00,0x00,0x00,0x00,0x00,0x00,0x00,0x00,0x00,0x00,0x00,0x00,0x00,0x00,0x00,0x00,0x00,0x00,0x00,0x00,0x00,0x00,0x00,0x00,0x00,0x00,0x00,0x00,0x00,0x00,0x00,
    0x00,0x00,0x00,0x00,0x00,0x00,0x00,0x00,0x00,0x00,0x00,0x00,0x00,0x00,0x00,0x00,0x00,0x00,0x00,0x00,0x00,0x00,0x00,0x00,0x00,0x00,0x00,0x00,0x00,0x00,0x00,0x00,
    0x00,0x00,0x00,0x00,0x00,0x00,0x00,0x00,0x00,0x00,0x00,0x00,0x00,0x00,0x00,0x00,0x00,0x00,0x00,0x00,0x00,0x00,0x00,0x00,0x00,0x00,0x00,0x00,0x00,0x00,0x00,0x00,
    0x00,0x00,0x00,0x00,0x00,0x00,0x00,0x00,0x00,0x00,0x00,0x00,0x00,0x00,0x00,0x00,0x00,0x00,0x00,0x00,0x00,0x00,0x00,0x00,0x00,0x00,0x00,0x00,0x00,0x00,0x00,0x00,
    0x00,0x00,0x00,0x00,0x00,0x00,0x00,0x00,0x00,0x00,0x00,0x00,0x00,0x00,0x00,0x00,0x00,0x00,0x00,0x00,0x00,0x00,0x00,0x00,0x00,0x00,0x00,0x00,0x00,0x00,0x00,0x00,
    0x00,0x00,0x00,0x00,0x00,0x00,0x00,0x00,0x00,0x00,0x00,0x00,0x00,0x00,0x00,0x00,0x00,0x00,0x00,0x00,0x00,0x00,0x00,0x00,0x00,0x00,0x00,0x00,0x00,0x00,0x00,0x00,
    0x00,0x00,0x00,0x00,0x00,0x00,0x00,0x00,0x00,0x00,0x00,0x00,0x00,0x00,0x00,0x00,0x00,0x00,0x00,0x00,0x00,0x00,0x00,0x00,0x00,0x00,0x00,0x00,0x00,0x00,0x00,0x00,
    0x00,0x00,0x00,0x00,0x00,0x00,0x00,0x00,0x00,0x00,0x00,0x00,0x00,0x00,0x00,0x00,0x20,0xb0,0xff,0xff,0x20,0xb0,0xff,0xff,0x20,0xb0,0xff,0xff,0x20,0xb0,0xff,0xff,
    0x20,0xb0,0xff,0xff,0x20,0xb0,0xff,0xff,0x20,0xb0,0xff,0xff,0x20,0xb0,0xff,0xff,0x00,0x00,0x00,0x00,0x00,0x00,0x00,0x00,0x00,0x00,0x00,0x00,0x00,0x00,0x00,0x00,
    0x00,0x00,0x00,0x00,0x00,0x00,0x00,0x00,0x00,0x00,0x00,0x00,0x00,0x00,0x00,0x00,0x00,0x00,0x00,0x00,0x00,0x00,0x00,0x00,0x00,0x00,0x00,0x00,0x00,0x00,0x00,0x00,
    0x00,0x00,0x00,0x00,0x00,0x00,0x00,0x00,0x00,0x00,0x00,0x00,0x00,0x00,0x00,0x00,0x00,0x00,0x00,0x00,0x00,0x00,0x00,0x00,0x20,0xb0,0xff,0xff,0x20,0xb0,0xff,0xff,
    0x20,0xb0,0xff,0xff,0x20,0xb0,0xff,0xff,0x20,0xb0,0xff,0xff,0x20,0xb0,0xff,0xff,0x20,0xb0,0xff,0xff,0x00,0x00,0x00,0x00,0x00,0x00,0x00,0x00,0x00,0x00,0x00,0x00,
    0x00,0x00,0x00,0x00,0x00,0x00,0x00,0x00,0x00,0x00,0x00,0x00,0x00,0x00,0x00,0x00,0x00,0x00,0x00,0x00,0x00,0x00,0x00,0x00,0x00,0x00,0x00,0x00,0x00,0x00,0x00,0x00,
    0x00,0x00,0x00,0x00,0x00,0x00,0x00,0x00,0x00,0x00,0x00,0x00,0x00,0x00,0x00,0x00,0x00,0x00,0x00,0x00,0x00,0x00,0x00,0x00,0x00,0x00,0x00,0x00,0x20,0xb0,0xff,0xff,
    0x20,0xb0,0xff,0xff,0x20,0xb0,0xff,0xff,0x20,0xb0,0xff,0xff,0x20,0xb0,0xff,0xff,0x20,0xb0,0xff,0xff,0x20,0xb0,0xff,0xff,0x20,0xb0,0xff,0xff,0x00,0x00,0x00,0x00,
    0x00,0x00,0x00,0x00,0x00,0x00,0x00,0x00,0x00,0x00,0x00,0x00,0x00,0x00,0x00,0x00,0x00,0x00,0x00,0x00,0x00,0x00,0x00,0x00,0x00,0x00,0x00,0x00,0x00,0x00,0x00,0x00,
    0x00,0x00,0x00,0x00,0x00,0x00,0x00,0x00,0x00,0x00,0x00,0x00,0x00,0x00,0x00,0x00,0x00,0x00,0x00,0x00,0x00,0x00,0x00,0x00,0x00,0x00,0x00,0x00,0x00,0x00,0x00,0x00,
    0x00,0x00,0x00,0x00,0x00,0x00,0x00,0x00,0x00,0x00,0x00,0x00,0x00,0x00,0x00,0x00,0x00,0x00,0x00,0x00,0x00,0x00,0x00,0x00,0x00,0x00,0x00,0x00,0x00,0x00,0x00,0x00,
    0x00,0x00,0x00,0x00,0x00,0x00,0x00,0x00,0x00,0x00,0x00,0x00,0x00,0x00,0x00,0x00,0x00,0x00,0x00,0x00,0x00,0x00,0x00,0x00,0x00,0x00,0x00,0x00,0x00,0x00,0x00,0x00,
    0x00,0x00,0x00,0x00,0x00,0x00,0x00,0x00,0x00,0x00,0x00,0x00,0x00,0x00,0x00,0x00,0x00,0x00,0x00,0x00,0x00,0x00,0x00,0x00,0x00,0x00,0x00,0x00,0x00,0x00,0x00,0x00,
    0x00,0x00,0x00,0x00,0x00,0x00,0x00,0x00,0x00,0x00,0x00,0x00,0x00,0x00,0x00,0x00,0x00,0x00,0x00,0x00,0x00,0x00,0x00,0x00,0x00,0x00,0x00,0x00,0x00,0x00,0x00,0x00,
    0x00,0x00,0x00,0x00,0x00,0x00,0x00,0x00,0x00,0x00,0x00,0x00,0x00,0x00,0x00,0x00,0x00,0x00,0x00,0x00,0x00,0x00,0x00,0x00,0x00,0x00,0x00,0x00,0x00,0x00,0x00,0x00,
    0x00,0x00,0x00,0x00,0x00,0x00,0x00,0x00,0x00,0x00,0x00,0x00,0x00,0x00,0x00,0x00,0x00,0x00,0x00,0x00,0x00,0x00,0x00,0x00,0x00,0x00,0x00,0x00,0x00,0x00,0x00,0x00,
    0x00,0x00,0x00,0x00,0x20,0xb0,0xff,0xff,0x20,0xb0,0xff,0xff,0x20,0xb0,0xff,0xff,0x20,0xb0,0xff,0xff,0x20,0xb0,0xff,0xff,0x20,0xb0,0xff,0xff,0x20,0xb0,0xff,0xff,
    0x20,0xb0,0xff,0xff,0x00,0x00,0x00,0x00,0x00,0x00,0x00,0x00,0x00,0x00,0x00,0x00,0x00,0x00,0x00,0x00,0x00,0x00,0x00,0x00,0x00,0x00,0x00,0x00,0x00,0x00,0x00,0x00,
    0x00,0x00,0x00,0x00,0x00,0x00,0x00,0x00,0x00,0x00,0x00,0x00,0x00,0x00,0x00,0x00,0x00,0x00,0x00,0x00,0x00,0x00,0x00,0x00,0x00,0x00,0x00,0x00,0x00,0x00,0x00,0x00,
    0x00,0x00,0x00,0x00,0x00,0x00,0x00,0x00,0x00,0x00,0x00,0x00,0x00,0x00,0x00,0x00,0x20,0xb0,0xff,0xff,0x20,0xb0,0xff,0xff,0x20,0xb0,0xff,0xff,0x20,0xb0,0xff,0xff,
    0x20,0xb0,0xff,0xff,0x20,0xb0,0xff,0xff,0x20,0xb0,0xff,0xff,0x00,0x00,0x00,0x00,0x00,0x00,0x00,0x00,0x00,0x00,0x00,0x00,0x00,0x00,0x00,0x00,0x00,0x00,0x00,0x00,
    0x00,0x00,0x00,0x00,0x00,0x00,0x00,0x00,0x00,0x00,0x00,0x00,0x00,0x00,0x00,0x00,0x00,0x00,0x00,0x00,0x00,0x00,0x00,0x00,0x00,0x00,0x00,0x00,0x00,0x00,0x00,0x00,
    0x00,0x00,0x00,0x00,0x00,0x00,0x00,0x00,0x00,0x00,0x00,0x00,0x00,0x00,0x00,0x00,0x00,0x00,0x00,0x00,0x00,0x00,0x00,0x00,0x20,0xb0,0xff,0xff,0x20,0xb0,0xff,0xff,
    0x20,0xb0,0xff,0xff,0x20,0xb0,0xff,0xff,0x20,0xb0,0xff,0xff,0x20,0xb0,0xff,0xff,0x20,0xb0,0xff,0xff,0x20,0xb0,0xff,0xff,0x00,0x00,0x00,0x00,0x00,0x00,0x00,0x00,
    0x00,0x00,0x00,0x00,0x00,0x00,0x00,0x00,0x00,0x00,0x00,0x00,0x00,0x00,0x00,0x00,0x00,0x00,0x00,0x00,0x00,0x00,0x00,0x00,0x00,0x00,0x00,0x00,0x00,0x00,0x00,0x00,
    0x00,0x00,0x00,0x00,0x00,0x00,0x00,0x00,0x00,0x00,0x00,0x00,0x00,0x00,0x00,0x00,0x00,0x00,0x00,0x00,0x00,0x00,0x00,0x00,0x00,0x00,0x00,0x00,0x00,0x00,0x00,0x00,
    0x00,0x00,0x00,0x00,0x00,0x00,0x00,0x00,0x00,0x00,0x00,0x00,0x00,0x00,0x00,0x00,0x00,0x00,0x00,0x00,0x00,0x00,0x00,0x00,0x00,0x00,0x00,0x00,0x00,0x00,0x00,0x00,
    0x00,0x00,0x00,0x00,0x00,0x00,0x00,0x00,0x00,0x00,0x00,0x00,0x00,0x00,0x00,0x00,0x00,0x00,0x00,0x00,0x00,0x00,0x00,0x00,0x00,0x00,0x00,0x00,0x00,0x00,0x00,0x00,
    0x00,0x00,0x00,0x00,0x00,0x00,0x00,0x00,0x00,0x00,0x00,0x00,0x00,0x00,0x00,0x00,0x00,0x00,0x00,0x00,0x00,0x00,0x00,0x00,0x00,0x00,0x00,0x00,0x00,0x00,0x00,0x00,
    0x00,0x00,0x00,0x00,0x00,0x00,0x00,0x00,0x00,0x00,0x00,0x00,0x00,0x00,0x00,0x00,0x00,0x00,0x00,0x00,0x00,0x00,0x00,0x00,0x00,0x00,0x00,0x00,0x00,0x00,0x00,0x00,
    0x00,0x00,0x00,0x00,0x00,0x00,0x00,0x00,0x00,0x00,0x00,0x00,0x00,0x00,0x00,0x00,0x00,0x00,0x00,0x00,0x00,0x00,0x00,0x00,0x00,0x00,0x00,0x00,0x00,0x00,0x00,0x00,
    0x00,0x00,0x00,0x00,0x00,0x00,0x00,0x00,0x00,0x00,0x00,0x00,0x00,0x00,0x00,0x00,0x00,0x00,0x00,0x00,0x00,0x00,0x00,0x00,0x00,0x00,0x00,0x00,0x20,0xb0,0xff,0xff,
    0x20,0xb0,0xff,0xff,0x20,0xb0,0xff,0xff,0x20,0xb0,0xff,0xff,0x20,0xb0,0xff,0xff,0x20,0xb0,0xff,0xff,0x20,0xb0,0xff,0xff,0x20,0xb0,0xff,0xff,0x00,0x00,0x00,0x00,
    0x00,0x00,0x00,0x00,0x00,0x00,0x00,0x00,0x00,0x00,0x00,0x00,0x00,0x00,0x00,0x00,0x00,0x00,0x00,0x00,0x00,0x00,0x00,0x00,0x00,0x00,0x00,0x00,0x00,0x00,0x00,0x00,
    0x00,0x00,0x00,0x00,0x00,0x00,0x00,0x00,0x00,0x00,0x00,0x00,0x00,0x00,0x00,0x00,0x00,0x00,0x00,0x00,0x00,0x00,0x00,0x00,0x00,0x00,0x00,0x00,0x00,0x00,0x00,0x00,
    0x00,0x00,0x00,0x00,0x00,0x00,0x00,0x00,0x20,0xb0,0xff,0xff,0x20,0xb0,0xff,0xff,0x20,0xb0,0xff,0xff,0x20,0xb0,0xff,0xff,0x20,0xb0,0xff,0xff,0x20,0xb0,0xff,0xff,
    0x20,0xb0,0xff,0xff,0x00,0x00,0x00,0x00,0x00,0x00,0x00,0x00,0x00,0x00,0x00,0x00,0x00,0x00,0x00,0x00,0x00,0x00,0x00,0x00,0x00,0x00,0x00,0x00,0x00,0x00,0x00,0x00,
    0x00,0x00,0x00,0x00,0x00,0x00,0x00,0x00,0x00,0x00,0x00,0x00,0x00,0x00,0x00,0x00,0x00,0x00,0x00,0x00,0x00,0x00,0x00,0x00,0x00,0x00,0x00,0x00,0x00,0x00,0x00,0x00,
    0x00,0x00,0x00,0x00,0x00,0x00,0x00,0x00,0x00,0x00,0x00,0x00,0x00,0x00,0x00,0x00,0x20,0xb0,0xff,0xff,0x20,0xb0,0xff,0xff,0x20,0xb0,0xff,0xff,0x20,0xb0,0xff,0xff,
    0x20,0xb0,0xff,0xff,0x20,0xb0,0xff,0xff,0x20,0xb0,0xff,0xff,0x20,0xb0,0xff,0xff,0x00,0x00,0x00,0x00,0x00,0x00,0x00,0x00,0x00,0x00,0x00,0x00,0x00,0x00,0x00,0x00,
    0x00,0x00,0x00,0x00,0x00,0x00,0x00,0x00,0x00,0x00,0x00,0x00,0x00,0x00,0x00,0x00,0x00,0x00,0x00,0x00,0x00,0x00,0x00,0x00,0x00,0x00,0x00,0x00,0x00,0x00,0x00,0x00,
    0x00,0x00,0x00,0x00,0x00,0x00,0x00,0x00,0x00,0x00,0x00,0x00,0x00,0x00,0x00,0x00,0x00,0x00,0x00,0x00,0x00,0x00,0x00,0x00,0x00,0x00,0x00,0x00,0x00,0x00,0x00,0x00,
    0x00,0x00,0x00,0x00,0x00,0x00,0x00,0x00,0x00,0x00,0x00,0x00,0x00,0x00,0x00,0x00,0x00,0x00,0x00,0x00,0x00,0x00,0x00,0x00,0x00,0x00,0x00,0x00,0x00,0x00,0x00,0x00,
    0x00,0x00,0x00,0x00,0x00,0x00,0x00,0x00,0x00,0x00,0x00,0x00,0x00,0x00,0x00,0x00,0x00,0x00,0x00,0x00,0x00,0x00,0x00,0x00,0x00,0x00,0x00,0x00,0x00,0x00,0x00,0x00,
    0x00,0x00,0x00,0x00,0x00,0x00,0x00,0x00,0x00,0x00,0x00,0x00,0x00,0x00,0x00,0x00,0x00,0x00,0x00,0x00,0x00,0x00,0x00,0x00,0x00,0x00,0x00,0x00,0x00,0x00,0x00,0x00,
    0x00,0x00,0x00,0x00,0x00,0x00,0x00,0x00,0x00,0x00,0x00,0x00,0x00,0x00,0x00,0x00,0x00,0x00,0x00,0x00,0x00,0x00,0x00,0x00,0x00,0x00,0x00,0x00,0x00,0x00,0x00,0x00,
    0x00,0x00,0x00,0x00,0x00,0x00,0x00,0x00,0x00,0x00,0x00,0x00,0x00,0x00,0x00,0x00,0x00,0x00,0x00,0x00,0x00,0x00,0x00,0x00,0x00,0x00,0x00,0x00,0x00,0x00,0x00,0x00,
    0x00,0x00,0x00,0x00,0x00,0x00,0x00,0x00,0x00,0x00,0x00,0x00,0x00,0x00,0x00,0x00,0x20,0xb0,0xff,0xff,0x20,0xb0,0xff,0xff,0x20,0xb0,0xff,0xff,0x20,0xb0,0xff,0xff,
    0x20,0xb0,0xff,0xff,0x20,0xb0,0xff,0xff,0x20,0xb0,0xff,0xff,0x20,0xb0,0xff,0xff,0x00,0x00,0x00,0x00,0x00,0x00,0x00,0x00,0x00,0x00,0x00,0x00,0x00,0x00,0x00,0x00,
    0x00,0x00,0x00,0x00,0x00,0x00,0x00,0x00,0x00,0x00,0x00,0x00,0x00,0x00,0x00,0x00,0x00,0x00,0x00,0x00,0x00,0x00,0x00,0x00,0x00,0x00,0x00,0x00,0x00,0x00,0x00,0x00,
    0x00,0x00,0x00,0x00,0x00,0x00,0x00,0x00,0x00,0x00,0x00,0x00,0x00,0x00,0x00,0x00,0x00,0x00,0x00,0x00,0x00,0x00,0x00,0x00,0x00,0x00,0x00,0x00,0x00,0x00,0x00,0x00,
    0x20,0xb0,0xff,0xff,0x20,0xb0,0xff,0xff,0x20,0xb0,0xff,0xff,0x20,0xb0,0xff,0xff,0x20,0xb0,0xff,0xff,0x20,0xb0,0xff,0xff,0x20,0xb0,0xff,0xff,0x00,0x00,0x00,0x00,
    0x00,0x00,0x00,0x00,0x00,0x00,0x00,0x00,0x00,0x00,0x00,0x00,0x00,0x00,0x00,0x00,0x00,0x00,0x00,0x00,0x00,0x00,0x00,0x00,0x00,0x00,0x00,0x00,0x00,0x00,0x00,0x00,
    0x00,0x00,0x00,0x00,0x00,0x00,0x00,0x00,0x00,0x00,0x00,0x00,0x00,0x00,0x00,0x00,0x00,0x00,0x00,0x00,0x00,0x00,0x00,0x00,0x00,0x00,0x00,0x00,0x00,0x00,0x00,0x00,
    0x00,0x00,0x00,0x00,0x00,0x00,0x00,0x00,0x00,0x00,0x00,0x00,0x20,0xb0,0xff,0xff,0x20,0xb0,0xff,0xff,0x20,0xb0,0xff,0xff,0x20,0xb0,0xff,0xff,0x20,0xb0,0xff,0xff,
    0x20,0xb0,0xff,0xff,0x20,0xb0,0xff,0xff,0x20,0xb0,0xff,0xff,0x00,0x00,0x00,0x00,0x00,0x00,0x00,0x00,0x00,0x00,0x00,0x00,0x00,0x00,0x00,0x00,0x00,0x00,0x00,0x00,
    0x00,0x00,0x00,0x00,0x00,0x00,0x00,0x00,0x00,0x00,0x00,0x00,0x00,0x00,0x00,0x00,0x00,0x00,0x00,0x00,0x00,0x00,0x00,0x00,0x00,0x00,0x00,0x00,0x00,0x00,0x00,0x00,
    0x00,0x00,0x00,0x00,0x00,0x00,0x00,0x00,0x00,0x00,0x00,0x00,0x00,0x00,0x00,0x00,0x00,0x00,0x00,0x00,0x00,0x00,0x00,0x00,0x00,0x00,0x00,0x00,0x00,0x00,0x00,0x00,
    0x00,0x00,0x00,0x00,0x00,0x00,0x00,0x00,0x00,0x00,0x00,0x00,0x00,0x00,0x00,0x00,0x00,0x00,0x00,0x00,0x00,0x00,0x00,0x00,0x00,0x00,0x00,0x00,0x00,0x00,0x00,0x00,
    0x00,0x00,0x00,0x00,0x00,0x00,0x00,0x00,0x00,0x00,0x00,0x00,0x00,0x00,0x00,0x00,0x00,0x00,0x00,0x00,0x00,0x00,0x00,0x00,0x00,0x00,0x00,0x00,0x00,0x00,0x00,0x00,
    0x00,0x00,0x00,0x00,0x00,0x00,0x00,0x00,0x00,0x00,0x00,0x00,0x00,0x00,0x00,0x00,0x00,0x00,0x00,0x00,0x00,0x00,0x00,0x00,0x00,0x00,0x00,0x00,0x00,0x00,0x00,0x00,
    0x00,0x00,0x00,0x00,0x00,0x00,0x00,0x00,0x00,0x00,0x00,0x00,0x00,0x00,0x00,0x00,0x00,0x00,0x00,0x00,0x00,0x00,0x00,0x00,0x00,0x00,0x00,0x00,0x00,0x00,0x00,0x00,
    0x00,0x00,0x00,0x00,0x00,0x00,0x00,0x00,0x00,0x00,0x00,0x00,0x00,0x00,0x00,0x00,0x00,0x00,0x00,0x00,0x00,0x00,0x00,0x00,0x00,0x00,0x00,0x00,0x00,0x00,0x00,0x00,
    0x00,0x00,0x00,0x00,0x00,0x00,0x00,0x00,0x00,0x00,0x00,0x00,0x00,0x00,0x00,0x00,0x00,0x00,0x00,0x00,0x20,0xb0,0xff,0xff,0x20,0xb0,0xff,0xff,0x20,0xb0,0xff,0xff,
    0x20,0xb0,0xff,0xff,0x20,0xb0,0xff,0xff,0x00,0x00,0x00,0x00,0x00,0x00,0x00,0x00,0x00,0x00,0x00,0x00,0x00,0x00,0x00,0x00,0x00,0x00,0x00,0x00,0x00,0x00,0x00,0x00,
    0x00,0x00,0x00,0x00,0x00,0x00,0x00,0x00,0x00,0x00,0x00,0x00,0x00,0x00,0x00,0x00,0x00,0x00,0x00,0x00,0x00,0x00,0x00,0x00,0x00,0x00,0x00,0x00,0x00,0x00,0x00,0x00,
    0x00,0x00,0x00,0x00,0x00,0x00,0x00,0x00,0x00,0x00,0x00,0x00,0x00,0x00,0x00,0x00,0x00,0x00,0x00,0x00,0x00,0x00,0x00,0x00,0x20,0xb0,0xff,0xff,0x20,0xb0,0xff,0xff,
    0x20,0xb0,0xff,0xff,0x20,0xb0,0xff,0xff,0x20,0xb0,0xff,0xff,0x20,0xb0,0xff,0xff,0x20,0xb0,0xff,0xff,0x00,0x00,0x00,0x00,0x00,0x00,0x00,0x00,0x00,0x00,0x00,0x00,
    0x00,0x00,0x00,0x00,0x00,0x00,0x00,0x00,0x00,0x00,0x00,0x00,0x00,0x00,0x00,0x00,0x00,0x00,0x00,0x00,0x00,0x00,0x00,0x00,0x00,0x00,0x00,0x00,0x00,0x00,0x00,0x00,
    0x00,0x00,0x00,0x00,0x00,0x00,0x00,0x00,0x00,0x00,0x00,0x00,0x00,0x00,0x00,0x00,0x00,0x00,0x00,0x00,0x00,0x00,0x00,0x00,0x00,0x00,0x00,0x00,0x00,0x00,0x00,0x00,
    0x00,0x00,0x00,0x00,0x20,0xb0,0xff,0xff,0x20,0xb0,0xff,0xff,0x20,0xb0,0xff,0xff,0x20,0xb0,0xff,0xff,0x20,0xb0,0xff,0xff,0x00,0x00,0x00,0x00,0x00,0x00,0x00,0x00,
    0x00,0x00,0x00,0x00,0x00,0x00,0x00,0x00,0x00,0x00,0x00,0x00,0x00,0x00,0x00,0x00,0x00,0x00,0x00,0x00,0x00,0x00,0x00,0x00,0x00,0x00,0x00,0x00,0x00,0x00,0x00,0x00,
    0x00,0x00,0x00,0x00,0x00,0x00,0x00,0x00,0x00,0x00,0x00,0x00,0x00,0x00,0x00,0x00,0x00,0x00,0x00,0x00,0x00,0x00,0x00,0x00,0x00,0x00,0x00,0x00,0x00,0x00,0x00,0x00,
    0x00,0x00,0x00,0x00,0x00,0x00,0x00,0x00,0x00,0x00,0x00,0x00,0x00,0x00,0x00,0x00,0x00,0x00,0x00,0x00,0x00,0x00,0x00,0x00,0x00,0x00,0x00,0x00,0x00,0x00,0x00,0x00,
    0x00,0x00,0x00,0x00,0x00,0x00,0x00,0x00,0x00,0x00,0x00,0x00,0x00,0x00,0x00,0x00,0x00,0x00,0x00,0x00,0x00,0x00,0x00,0x00,0x00,0x00,0x00,0x00,0x00,0x00,0x00,0x00,
    0x00,0x00,0x00,0x00,0x00,0x00,0x00,0x00,0x00,0x00,0x00,0x00,0x00,0x00,0x00,0x00,0x00,0x00,0x00,0x00,0x00,0x00,0x00,0x00,0x00,0x00,0x00,0x00,0x00,0x00,0x00,0x00,
    0x00,0x00,0x00,0x00,0x00,0x00,0x00,0x00,0x00,0x00,0x00,0x00,0x00,0x00,0x00,0x00,0x00,0x00,0x00,0x00,0x00,0x00,0x00,0x00,0x00,0x00,0x00,0x00,0x00,0x00,0x00,0x00,
    0x00,0x00,0x00,0x00,0x00,0x00,0x00,0x00,0x00,0x00,0x00,0x00,0x00,0x00,0x00,0x00,0x00,0x00,0x00,0x00,0x00,0x00,0x00,0x00,0x00,0x00,0x00,0x00,0x00,0x00,0x00,0x00,
    0x00,0x00,0x00,0x00,0x00,0x00,0x00,0x00,0x00,0x00,0x00,0x00,0x00,0x00,0x00,0x00,0x00,0x00,0x00,0x00,0x00,0x00,0x00,0x00,0x00,0x00,0x00,0x00,0x00,0x00,0x00,0x00,
    0x00,0x00,0x00,0x00,0x00,0x00,0x00,0x00,0x00,0x00,0x00,0x00,0x00,0x00,0x00,0x00,0x00,0x00,0x00,0x00,0x00,0x00,0x00,0x00,0x20,0xb0,0xff,0xff,0x00,0x00,0x00,0x00,
    0x00,0x00,0x00,0x00,0x00,0x00,0x00,0x00,0x00,0x00,0x00,0x00,0x00,0x00,0x00,0x00,0x00,0x00,0x00,0x00,0x00,0x00,0x00,0x00,0x00,0x00,0x00,0x00,0x00,0x00,0x00,0x00,
    0x00,0x00,0x00,0x00,0x00,0x00,0x00,0x00,0x00,0x00,0x00,0x00,0x00,0x00,0x00,0x00,0x00,0x00,0x00,0x00,0x00,0x00,0x00,0x00,0x00,0x00,0x00,0x00,0x00,0x00,0x00,0x00,
    0x00,0x00,0x00,0x00,0x00,0x00,0x00,0x00,0x00,0x00,0x00,0x00,0x00,0x00,0x00,0x00,0x20,0xb0,0xff,0xff,0x20,0xb0,0xff,0xff,0x20,0xb0,0xff,0xff,0x20,0xb0,0xff,0xff,
    0x20,0xb0,0xff,0xff,0x20,0xb0,0xff,0xff,0x20,0xb0,0xff,0xff,0x00,0x00,0x00,0x00,0x00,0x00,0x00,0x00,0x00,0x00,0x00,0x00,0x00,0x00,0x00,0x00,0x00,0x00,0x00,0x00,
    0x00,0x00,0x00,0x00,0x00,0x00,0x00,0x00,0x00,0x00,0x00,0x00,0x00,0x00,0x00,0x00,0x00,0x00,0x00,0x00,0x00,0x00,0x00,0x00,0x00,0x00,0x00,0x00,0x00,0x00,0x00,0x00,
    0x00,0x00,0x00,0x00,0x00,0x00,0x00,0x00,0x00,0x00,0x00,0x00,0x00,0x00,0x00,0x00,0x00,0x00,0x00,0x00,0x00,0x00,0x00,0x00,0x00,0x00,0x00,0x00,0x00,0x00,0x00,0x00,
    0x20,0xb0,0xff,0xff,0x00,0x00,0x00,0x00,0x00,0x00,0x00,0x00,0x00,0x00,0x00,0x00,0x00,0x00,0x00,0x00,0x00,0x00,0x00,0x00,0x00,0x00,0x00,0x00,0x00,0x00,0x00,0x00,
    0x00,0x00,0x00,0x00,0x00,0x00,0x00,0x00,0x00,0x00,0x00,0x00,0x00,0x00,0x00,0x00,0x00,0x00,0x00,0x00,0x00,0x00,0x00,0x00,0x00,0x00,0x00,0x00,0x00,0x00,0x00,0x00,
    0x00,0x00,0x00,0x00,0x00,0x00,0x00,0x00,0x00,0x00,0x00,0x00,0x00,0x00,0x00,0x00,0x00,0x00,0x00,0x00,0x00,0x00,0x00,0x00,0x00,0x00,0x00,0x00,0x00,0x00,0x00,0x00,
    0x00,0x00,0x00,0x00,0x00,0x00,0x00,0x00,0x00,0x00,0x00,0x00,0x00,0x00,0x00,0x00,0x00,0x00,0x00,0x00,0x00,0x00,0x00,0x00,0x00,0x00,0x00,0x00,0x00,0x00,0x00,0x00,
    0x00,0x00,0x00,0x00,0x00,0x00,0x00,0x00,0x00,0x00,0x00,0x00,0x00,0x00,0x00,0x00,0x00,0x00,0x00,0x00,0x00,0x00,0x00,0x00,0x00,0x00,0x00,0x00,0x00,0x00,0x00,0x00,
    0x00,0x00,0x00,0x00,0x00,0x00,0x00,0x00,0x00,0x00,0x00,0x00,0x00,0x00,0x00,0x00,0x00,0x00,0x00,0x00,0x00,0x00,0x00,0x00,0x00,0x00,0x00,0x00,0x00,0x00,0x00,0x00,
    0x00,0x00,0x00,0x00,0x00,0x00,0x00,0x00,0x00,0x00,0x00,0x00,0x00,0x00,0x00,0x00,0x00,0x00,0x00,0x00,0x00,0x00,0x00,0x00,0x00,0x00,0x00,0x00,0x00,0x00,0x00,0x00,
    0x00,0x00,0x00,0x00,0x00,0x00,0x00,0x00,0x00,0x00,0x00,0x00,0x00,0x00,0x00,0x00,0x00,0x00,0x00,0x00,0x00,0x00,0x00,0x00,0x00,0x00,0x00,0x00,0x00,0x00,0x00,0x00,
    0x00,0x00,0x00,0x00,0x00,0x00,0x00,0x00,0x00,0x00,0x00,0x00,0x00,0x00,0x00,0x00,0x00,0x00,0x00,0x00,0x00,0x00,0x00,0x00,0x00,0x00,0x00,0x00,0x00,0x00,0x00,0x00,
    0x00,0x00,0x00,0x00,0x00,0x00,0x00,0x00,0x00,0x00,0x00,0x00,0x00,0x00,0x00,0x00,0x00,0x00,0x00,0x00,0x00,0x00,0x00,0x00,0x00,0x00,0x00,0x00,0x00,0x00,0x00,0x00,
    0x00,0x00,0x00,0x00,0x00,0x00,0x00,0x00,0x00,0x00,0x00,0x00,0x00,0x00,0x00,0x00,0x00,0x00,0x00,0x00,0x00,0x00,0x00,0x00,0x00,0x00,0x00,0x00,0x00,0x00,0x00,0x00,
    0x00,0x00,0x00,0x00,0x00,0x00,0x00,0x00,0x00,0x00,0x00,0x00,0x00,0x00,0x00,0x00,0x00,0x00,0x00,0x00,0x00,0x00,0x00,0x00,0x00,0x00,0x00,0x00,0x00,0x00,0x00,0x00,
    0x00,0x00,0x00,0x00,0x00,0x00,0x00,0x00,0x20,0xb0,0xff,0xff,0x20,0xb0,0xff,0xff,0x20,0xb0,0xff,0xff,0x20,0xb0,0xff,0xff,0x20,0xb0,0xff,0xff,0x20,0xb0,0xff,0xff,
    0x20,0xb0,0xff,0xff,0x00,0x00,0x00,0x00,0x00,0x00,0x00,0x00,0x00,0x00,0x00,0x00,0x00,0x00,0x00,0x00,0x00,0x00,0x00,0x00,0x00,0x00,0x00,0x00,0x00,0x00,0x00,0x00,
    0x00,0x00,0x00,0x00,0x00,0x00,0x00,0x00,0x00,0x00,0x00,0x00,0x00,0x00,0x00,0x00,0x00,0x00,0x00,0x00,0x00,0x00,0x00,0x00,0x00,0x00,0x00,0x00,0x00,0x00,0x00,0x00,
    0x00,0x00,0x00,0x00,0x00,0x00,0x00,0x00,0x00,0x00,0x00,0x00,0x00,0x00,0x00,0x00,0x00,0x00,0x00,0x00,0x00,0x00,0x00,0x00,0x00,0x00,0x00,0x00,0x00,0x00,0x00,0x00,
    0x00,0x00,0x00,0x00,0x00,0x00,0x00,0x00,0x00,0x00,0x00,0x00,0x00,0x00,0x00,0x00,0x00,0x00,0x00,0x00,0x00,0x00,0x00,0x00,0x00,0x00,0x00,0x00,0x00,0x00,0x00,0x00,
    0x00,0x00,0x00,0x00,0x00,0x00,0x00,0x00,0x00,0x00,0x00,0x00,0x00,0x00,0x00,0x00,0x00,0x00,0x00,0x00,0x00,0x00,0x00,0x00,0x00,0x00,0x00,0x00,0x00,0x00,0x00,0x00,
    0x00,0x00,0x00,0x00,0x00,0x00,0x00,0x00,0x00,0x00,0x00,0x00,0x00,0x00,0x00,0x00,0x00,0x00,0x00,0x00,0x00,0x00,0x00,0x00,0x00,0x00,0x00,0x00,0x00,0x00,0x00,0x00,
    0x00,0x00,0x00,0x00,0x00,0x00,0x00,0x00,0x00,0x00,0x00,0x00,0x00,0x00,0x00,0x00,0x00,0x00,0x00,0x00,0x00,0x00,0x00,0x00,0x00,0x00,0x00,0x00,0x00,0x00,0x00,0x00,
    0x00,0x00,0x00,0x00,0x00,0x00,0x00,0x00,0x00,0x00,0x00,0x00,0x00,0x00,0x00,0x00,0x00,0x00,0x00,0x00,0x00,0x00,0x00,0x00,0x00,0x00,0x00,0x00,0x00,0x00,0x00,0x00,
    0x00,0x00,0x00,0x00,0x00,0x00,0x00,0x00,0x00,0x00,0x00,0x00,0x00,0x00,0x00,0x00,0x00,0x00,0x00,0x00,0x00,0x00,0x00,0x00,0x00,0x00,0x00,0x00,0x00,0x00,0x00,0x00,
    0x00,0x00,0x00,0x00,0x00,0x00,0x00,0x00,0x00,0x00,0x00,0x00,0x00,0x00,0x00,0x00,0x00,0x00,0x00,0x00,0x00,0x00,0x00,0x00,0x00,0x00,0x00,0x00,0x00,0x00,0x00,0x00,
    0x00,0x00,0x00,0x00,0x00,0x00,0x00,0x00,0x00,0x00,0x00,0x00,0x00,0x00,0x00,0x00,0x00,0x00,0x00,0x00,0x00,0x00,0x00,0x00,0x00,0x00,0x00,0x00,0x00,0x00,0x00,0x00,
    0x00,0x00,0x00,0x00,0x00,0x00,0x00,0x00,0x00,0x00,0x00,0x00,0x00,0x00,0x00,0x00,0x00,0x00,0x00,0x00,0x00,0x00,0x00,0x00,0x00,0x00,0x00,0x00,0x00,0x00,0x00,0x00,
    0x00,0x00,0x00,0x00,0x00,0x00,0x00,0x00,0x00,0x00,0x00,0x00,0x00,0x00,0x00,0x00,0x00,0x00,0x00,0x00,0x00,0x00,0x00,0x00,0x00,0x00,0x00,0x00,0x00,0x00,0x00,0x00,
    0x00,0x00,0x00,0x00,0x00,0x00,0x00,0x00,0x00,0x00,0x00,0x00,0x00,0x00,0x00,0x00,0x00,0x00,0x00,0x00,0x00,0x00,0x00,0x00,0x00,0x00,0x00,0x00,0x00,0x00,0x00,0x00,
    0x00,0x00,0x00,0x00,0x00,0x00,0x00,0x00,0x00,0x00,0x00,0x00,0x00,0x00,0x00,0x00,0x00,0x00,0x00,0x00,0x00,0x00,0x00,0x00,0x00,0x00,0x00,0x00,0x00,0x00,0x00,0x00,
    0x20,0xb0,0xff,0xff,0x20,0xb0,0xff,0xff,0x20,0xb0,0xff,0xff,0x20,0xb0,0xff,0xff,0x20,0xb0,0xff,0xff,0x20,0xb0,0xff,0xff,0x20,0xb0,0xff,0xff,0x00,0x00,0x00,0x00,
    0x00,0x00,0x00,0x00,0x00,0x00,0x00,0x00,0x00,0x00,0x00,0x00,0x00,0x00,0x00,0x00,0x00,0x00,0x00,0x00,0x00,0x00,0x00,0x00,0x00,0x00,0x00,0x00,0x00,0x00,0x00,0x00,
    0x00,0x00,0x00,0x00,0x00,0x00,0x00,0x00,0x00,0x00,0x00,0x00,0x00,0x00,0x00,0x00,0x00,0x00,0x00,0x00,0x00,0x00,0x00,0x00,0x00,0x00,0x00,0x00,0x00,0x00,0x00,0x00,
    0x00,0x00,0x00,0x00,0x00,0x00,0x00,0x00,0x00,0x00,0x00,0x00,0x00,0x00,0x00,0x00,0x00,0x00,0x00,0x00,0x00,0x00,0x00,0x00,0x00,0x00,0x00,0x00,0x00,0x00,0x00,0x00,
    0x00,0x00,0x00,0x00,0x00,0x00,0x00,0x00,0x00,0x00,0x00,0x00,0x00,0x00,0x00,0x00,0x00,0x00,0x00,0x00,0x00,0x00,0x00,0x00,0x00,0x00,0x00,0x00,0x00,0x00,0x00,0x00,
    0x00,0x00,0x00,0x00,0x00,0x00,0x00,0x00,0x00,0x00,0x00,0x00,0x00,0x00,0x00,0x00,0x00,0x00,0x00,0x00,0x00,0x00,0x00,0x00,0x00,0x00,0x00,0x00,0x00,0x00,0x00,0x00,
    0x00,0x00,0x00,0x00,0x00,0x00,0x00,0x00,0x00,0x00,0x00,0x00,0x00,0x00,0x00,0x00,0x00,0x00,0x00,0x00,0x00,0x00,0x00,0x00,0x00,0x00,0x00,0x00,0x00,0x00,0x00,0x00,
    0x00,0x00,0x00,0x00,0x00,0x00,0x00,0x00,0x00,0x00,0x00,0x00,0x00,0x00,0x00,0x00,0x00,0x00,0x00,0x00,0x00,0x00,0x00,0x00,0x00,0x00,0x00,0x00,0x00,0x00,0x00,0x00,
    0x00,0x00,0x00,0x00,0x00,0x00,0x00,0x00,0x00,0x00,0x00,0x00,0x00,0x00,0x00,0x00,0x00,0x00,0x00,0x00,0x00,0x00,0x00,0x00,0x00,0x00,0x00,0x00,0x00,0x00,0x00,0x00,
    0x00,0x00,0x00,0x00,0x00,0x00,0x00,0x00,0x00,0x00,0x00,0x00,0x00,0x00,0x00,0x00,0x00,0x00,0x00,0x00,0x00,0x00,0x00,0x00,0x00,0x00,0x00,0x00,0x00,0x00,0x00,0x00,
    0x00,0x00,0x00,0x00,0x00,0x00,0x00,0x00,0x00,0x00,0x00,0x00,0x00,0x00,0x00,0x00,0x00,0x00,0x00,0x00,0x00,0x00,0x00,0x00,0x00,0x00,0x00,0x00,0x00,0x00,0x00,0x00,
    0x00,0x00,0x00,0x00,0x00,0x00,0x00,0x00,0x00,0x00,0x00,0x00,0x00,0x00,0x00,0x00,0x00,0x00,0x00,0x00,0x00,0x00,0x00,0x00,0x00,0x00,0x00,0x00,0x00,0x00,0x00,0x00,
    0x00,0x00,0x00,0x00,0x00,0x00,0x00,0x00,0x00,0x00,0x00,0x00,0x00,0x00,0x00,0x00,0x00,0x00,0x00,0x00,0x00,0x00,0x00,0x00,0x00,0x00,0x00,0x00,0x00,0x00,0x00,0x00,
    0x00,0x00,0x00,0x00,0x00,0x00,0x00,0x00,0x00,0x00,0x00,0x00,0x00,0x00,0x00,0x00,0x00,0x00,0x00,0x00,0x00,0x00,0x00,0x00,0x00,0x00,0x00,0x00,0x00,0x00,0x00,0x00,
    0x00,0x00,0x00,0x00,0x00,0x00,0x00,0x00,0x00,0x00,0x00,0x00,0x00,0x00,0x00,0x00,0x00,0x00,0x00,0x00,0x00,0x00,0x00,0x00,0x00,0x00,0x00,0x00,0x00,0x00,0x00,0x00,
    0x00,0x00,0x00,0x00,0x00,0x00,0x00,0x00,0x00,0x00,0x00,0x00,0x00,0x00,0x00,0x00,0x00,0x00,0x00,0x00,0x00,0x00,0x00,0x00,0x20,0xb0,0xff,0xff,0x20,0xb0,0xff,0xff,
    0x20,0xb0,0xff,0xff,0x20,0xb0,0xff,0xff,0x20,0xb0,0xff,0xff,0x20,0xb0,0xff,0xff,0x20,0xb0,0xff,0xff,0x00,0x00,0x00,0x00,0x00,0x00,0x00,0x00,0x00,0x00,0x00,0x00,
    0x00,0x00,0x00,0x00,0x00,0x00,0x00,0x00,0x00,0x00,0x00,0x00,0x00,0x00,0x00,0x00,0x00,0x00,0x00,0x00,0x00,0x00,0x00,0x00,0x00,0x00,0x00,0x00,0x00,0x00,0x00,0x00,
    0x00,0x00,0x00,0x00,0x00,0x00,0x00,0x00,0x00,0x00,0x00,0x00,0x00,0x00,0x00,0x00,0x00,0x00,0x00,0x00,0x00,0x00,0x00,0x00,0x00,0x00,0x00,0x00,0x00,0x00,0x00,0x00,
    0x00,0x00,0x00,0x00,0x00,0x00,0x00,0x00,0x00,0x00,0x00,0x00,0x00,0x00,0x00,0x00,0x00,0x00,0x00,0x00,0x00,0x00,0x00,0x00,0x00,0x00,0x00,0x00,0x00,0x00,0x00,0x00,
    0x00,0x00,0x00,0x00,0x00,0x00,0x00,0x00,0x00,0x00,0x00,0x00,0x00,0x00,0x00,0x00,0x00,0x00,0x00,0x00,0x00,0x00,0x00,0x00,0x00,0x00,0x00,0x00,0x00,0x00,0x00,0x00,
    0x00,0x00,0x00,0x00,0x00,0x00,0x00,0x00,0x00,0x00,0x00,0x00,0x00,0x00,0x00,0x00,0x00,0x00,0x00,0x00,0x00,0x00,0x00,0x00,0x00,0x00,0x00,0x00,0x00,0x00,0x00,0x00,
    0x00,0x00,0x00,0x00,0x00,0x00,0x00,0x00,0x00,0x00,0x00,0x00,0x00,0x00,0x00,0x00,0x00,0x00,0x00,0x00,0x00,0x00,0x00,0x00,0x00,0x00,0x00,0x00,0x00,0x00,0x00,0x00,
    0x00,0x00,0x00,0x00,0x00,0x00,0x00,0x00,0x00,0x00,0x00,0x00,0x00,0x00,0x00,0x00,0x00,0x00,0x00,0x00,0x00,0x00,0x00,0x00,0x00,0x00,0x00,0x00,0x00,0x00,0x00,0x00,
    0x00,0x00,0x00,0x00,0x00,0x00,0x00,0x00,0x00,0x00,0x00,0x00,0x00,0x00,0x00,0x00,0x00,0x00,0x00,0x00,0x00,0x00,0x00,0x00,0x00,0x00,0x00,0x00,0x00,0x00,0x00,0x00,
    0x00,0x00,0x00,0x00,0x00,0x00,0x00,0x00,0x00,0x00,0x00,0x00,0x00,0x00,0x00,0x00,0x00,0x00,0x00,0x00,0x00,0x00,0x00,0x00,0x00,0x00,0x00,0x00,0x00,0x00,0x00,0x00,
    0x00,0x00,0x00,0x00,0x00,0x00,0x00,0x00,0x00,0x00,0x00,0x00,0x00,0x00,0x00,0x00,0x00,0x00,0x00,0x00,0x00,0x00,0x00,0x00,0x00,0x00,0x00,0x00,0x00,0x00,0x00,0x00,
    0x00,0x00,0x00,0x00,0x00,0x00,0x00,0x00,0x00,0x00,0x00,0x00,0x00,0x00,0x00,0x00,0x00,0x00,0x00,0x00,0x00,0x00,0x00,0x00,0x00,0x00,0x00,0x00,0x00,0x00,0x00,0x00,
    0x00,0x00,0x00,0x00,0x00,0x00,0x00,0x00,0x00,0x00,0x00,0x00,0x00,0x00,0x00,0x00,0x00,0x00,0x00,0x00,0x00,0x00,0x00,0x00,0x00,0x00,0x00,0x00,0x00,0x00,0x00,0x00,
    0x00,0x00,0x00,0x00,0x00,0x00,0x00,0x00,0x00,0x00,0x00,0x00,0x00,0x00,0x00,0x00,0x00,0x00,0x00,0x00,0x00,0x00,0x00,0x00,0x00,0x00,0x00,0x00,0x00,0x00,0x00,0x00,
    0x00,0x00,0x00,0x00,0x00,0x00,0x00,0x00,0x00,0x00,0x00,0x00,0x00,0x00,0x00,0x00,0x00,0x00,0x00,0x00,0x00,0x00,0x00,0x00,0x00,0x00,0x00,0x00,0x00,0x00,0x00,0x00,
    0x00,0x00,0x00,0x00,0x00,0x00,0x00,0x00,0x00,0x00,0x00,0x00,0x00,0x00,0x00,0x00,0x20,0xb0,0xff,0xff,0x20,0xb0,0xff,0xff,0x20,0xb0,0xff,0xff,0x20,0xb0,0xff,0xff,
    0x20,0xb0,0xff,0xff,0x20,0xb0,0xff,0xff,0x20,0xb0,0xff,0xff,0x00,0x00,0x00,0x00,0x00,0x00,0x00,0x00,0x00,0x00,0x00,0x00,0x00,0x00,0x00,0x00,0x00,0x00,0x00,0x00,
    0x00,0x00,0x00,0x00,0x00,0x00,0x00,0x00,0x00,0x00,0x00,0x00,0x00,0x00,0x00,0x00,0x00,0x00,0x00,0x00,0x00,0x00,0x00,0x00,0x00,0x00,0x00,0x00,0x00,0x00,0x00,0x00,
    0x00,0x00,0x00,0x00,0x00,0x00,0x00,0x00,0x00,0x00,0x00,0x00,0x00,0x00,0x00,0x00,0x00,0x00,0x00,0x00,0x00,0x00,0x00,0x00,0x00,0x00,0x00,0x00,0x00,0x00,0x00,0x00,
    0x00,0x00,0x00,0x00,0x00,0x00,0x00,0x00,0x00,0x00,0x00,0x00,0x00,0x00,0x00,0x00,0x00,0x00,0x00,0x00,0x00,0x00,0x00,0x00,0x00,0x00,0x00,0x00,0x00,0x00,0x00,0x00,
    0x00,0x00,0x00,0x00,0x00,0x00,0x00,0x00,0x00,0x00,0x00,0x00,0x00,0x00,0x00,0x00,0x00,0x00,0x00,0x00,0x00,0x00,0x00,0x00,0x00,0x00,0x00,0x00,0x00,0x00,0x00,0x00,
    0x00,0x00,0x00,0x00,0x00,0x00,0x00,0x00,0x00,0x00,0x00,0x00,0x00,0x00,0x00,0x00,0x00,0x00,0x00,0x00,0x00,0x00,0x00,0x00,0x00,0x00,0x00,0x00,0x00,0x00,0x00,0x00,
    0x00,0x00,0x00,0x00,0x00,0x00,0x00,0x00,0x00,0x00,0x00,0x00,0x00,0x00,0x00,0x00,0x00,0x00,0x00,0x00,0x00,0x00,0x00,0x00,0x00,0x00,0x00,0x00,0x00,0x00,0x00,0x00,
    0x00,0x00,0x00,0x00,0x00,0x00,0x00,0x00,0x00,0x00,0x00,0x00,0x00,0x00,0x00,0x00,0x00,0x00,0x00,0x00,0x00,0x00,0x00,0x00,0x00,0x00,0x00,0x00,0x00,0x00,0x00,0x00,
    0x00,0x00,0x00,0x00,0x00,0x00,0x00,0x00,0x00,0x00,0x00,0x00,0x00,0x00,0x00,0x00,0x00,0x00,0x00,0x00,0x00,0x00,0x00,0x00,0x00,0x00,0x00,0x00,0x00,0x00,0x00,0x00,
    0x00,0x00,0x00,0x00,0x00,0x00,0x00,0x00,0x00,0x00,0x00,0x00,0x00,0x00,0x00,0x00,0x00,0x00,0x00,0x00,0x00,0x00,0x00,0x00,0x00,0x00,0x00,0x00,0x00,0x00,0x00,0x00,
    0x00,0x00,0x00,0x00,0x00,0x00,0x00,0x00,0x00,0x00,0x00,0x00,0x00,0x00,0x00,0x00,0x00,0x00,0x00,0x00,0x00,0x00,0x00,0x00,0x00,0x00,0x00,0x00,0x00,0x00,0x00,0x00,
    0x00,0x00,0x00,0x00,0x00,0x00,0x00,0x00,0x00,0x00,0x00,0x00,0x00,0x00,0x00,0x00,0x00,0x00,0x00,0x00,0x00,0x00,0x00,0x00,0x00,0x00,0x00,0x00,0x00,0x00,0x00,0x00,
    0x00,0x00,0x00,0x00,0x00,0x00,0x00,0x00,0x00,0x00,0x00,0x00,0x00,0x00,0x00,0x00,0x00,0x00,0x00,0x00,0x00,0x00,0x00,0x00,0x00,0x00,0x00,0x00,0x00,0x00,0x00,0x00,
    0x00,0x00,0x00,0x00,0x00,0x00,0x00,0x00,0x00,0x00,0x00,0x00,0x00,0x00,0x00,0x00,0x00,0x00,0x00,0x00,0x00,0x00,0x00,0x00,0x00,0x00,0x00,0x00,0x00,0x00,0x00,0x00,
    0x00,0x00,0x00,0x00,0x00,0x00,0x00,0x00,0x00,0x00,0x00,0x00,0x00,0x00,0x00,0x00,0x00,0x00,0x00,0x00,0x00,0x00,0x00,0x00,0x00,0x00,0x00,0x00,0x00,0x00,0x00,0x00,
    0x00,0x00,0x00,0x00,0x00,0x00,0x00,0x00,0x20,0xb0,0xff,0xff,0x20,0xb0,0xff,0xff,0x20,0xb0,0xff,0xff,0x20,0xb0,0xff,0xff,0x20,0xb0,0xff,0xff,0x20,0xb0,0xff,0xff,
    0x20,0xb0,0xff,0xff,0x00,0x00,0x00,0x00,0x00,0x00,0x00,0x00,0x00,0x00,0x00,0x00,0x00,0x00,0x00,0x00,0x00,0x00,0x00,0x00,0x00,0x00,0x00,0x00,0x00,0x00,0x00,0x00,
    0x00,0x00,0x00,0x00,0x00,0x00,0x00,0x00,0x00,0x00,0x00,0x00,0x00,0x00,0x00,0x00,0x00,0x00,0x00,0x00,0x00,0x00,0x00,0x00,0x00,0x00,0x00,0x00,0x00,0x00,0x00,0x00,
    0x00,0x00,0x00,0x00,0x00,0x00,0x00,0x00,0x00,0x00,0x00,0x00,0x00,0x00,0x00,0x00,0x00,0x00,0x00,0x00,0x00,0x00,0x00,0x00,0x00,0x00,0x00,0x00,0x00,0x00,0x00,0x00,
    0x00,0x00,0x00,0x00,0x00,0x00,0x00,0x00,0x00,0x00,0x00,0x00,0x00,0x00,0x00,0x00,0x00,0x00,0x00,0x00,0x00,0x00,0x00,0x00,0x00,0x00,0x00,0x00,0x00,0x00,0x00,0x00,
    0x00,0x00,0x00,0x00,0x00,0x00,0x00,0x00,0x00,0x00,0x00,0x00,0x00,0x00,0x00,0x00,0x00,0x00,0x00,0x00,0x00,0x00,0x00,0x00,0x00,0x00,0x00,0x00,0x00,0x00,0x00,0x00,
    0x00,0x00,0x00,0x00,0x00,0x00,0x00,0x00,0x00,0x00,0x00,0x00,0x00,0x00,0x00,0x00,0x00,0x00,0x00,0x00,0x00,0x00,0x00,0x00,0x00,0x00,0x00,0x00,0x00,0x00,0x00,0x00,
    0x00,0x00,0x00,0x00,0x00,0x00,0x00,0x00,0x00,0x00,0x00,0x00,0x00,0x00,0x00,0x00,0x00,0x00,0x00,0x00,0x00,0x00,0x00,0x00,0x00,0x00,0x00,0x00,0x00,0x00,0x00,0x00,
    0x00,0x00,0x00,0x00,0x00,0x00,0x00,0x00,0x00,0x00,0x00,0x00,0x00,0x00,0x00,0x00,0x00,0x00,0x00,0x00,0x00,0x00,0x00,0x00,0x00,0x00,0x00,0x00,0x00,0x00,0x00,0x00,
    0x00,0x00,0x00,0x00,0x00,0x00,0x00,0x00,0x00,0x00,0x00,0x00,0x00,0x00,0x00,0x00,0x00,0x00,0x00,0x00,0x00,0x00,0x00,0x00,0x00,0x00,0x00,0x00,0x00,0x00,0x00,0x00,
    0x00,0x00,0x00,0x00,0x00,0x00,0x00,0x00,0x00,0x00,0x00,0x00,0x00,0x00,0x00,0x00,0x00,0x00,0x00,0x00,0x00,0x00,0x00,0x00,0x00,0x00,0x00,0x00,0x00,0x00,0x00,0x00,
    0x00,0x00,0x00,0x00,0x00,0x00,0x00,0x00,0x00,0x00,0x00,0x00,0x00,0x00,0x00,0x00,0x00,0x00,0x00,0x00,0x00,0x00,0x00,0x00,0x00,0x00,0x00,0x00,0x00,0x00,0x00,0x00,
    0x00,0x00,0x00,0x00,0x00,0x00,0x00,0x00,0x00,0x00,0x00,0x00,0x00,0x00,0x00,0x00,0x00,0x00,0x00,0x00,0x00,0x00,0x00,0x00,0x00,0x00,0x00,0x00,0x00,0x00,0x00,0x00,
    0x00,0x00,0x00,0x00,0x00,0x00,0x00,0x00,0x00,0x00,0x00,0x00,0x00,0x00,0x00,0x00,0x00,0x00,0x00,0x00,0x00,0x00,0x00,0x00,0x00,0x00,0x00,0x00,0x00,0x00,0x00,0x00,
    0x00,0x00,0x00,0x00,0x00,0x00,0x00,0x00,0x00,0x00,0x00,0x00,0x00,0x00,0x00,0x00,0x00,0x00,0x00,0x00,0x00,0x00,0x00,0x00,0x00,0x00,0x00,0x00,0x00,0x00,0x00,0x00,
    0x00,0x00,0x00,0x00,0x00,0x00,0x00,0x00,0x00,0x00,0x00,0x00,0x00,0x00,0x00,0x00,0x00,0x00,0x00,0x00,0x00,0x00,0x00,0x00,0x00,0x00,0x00,0x00,0x00,0x00,0x00,0x00,
    0x20,0xb0,0xff,0xff,0x20,0xb0,0xff,0xff,0x20,0xb0,0xff,0xff,0x20,0xb0,0xff,0xff,0x20,0xb0,0xff,0xff,0x20,0xb0,0xff,0xff,0x20,0xb0,0xff,0xff,0x00,0x00,0x00,0x00,
    0x00,0x00,0x00,0x00,0x00,0x00,0x00,0x00,0x00,0x00,0x00,0x00,0x00,0x00,0x00,0x00,0x00,0x00,0x00,0x00,0x00,0x00,0x00,0x00,0x00,0x00,0x00,0x00,0x00,0x00,0x00,0x00,
    0x00,0x00,0x00,0x00,0x00,0x00,0x00,0x00,0x00,0x00,0x00,0x00,0x00,0x00,0x00,0x00,0x00,0x00,0x00,0x00,0x00,0x00,0x00,0x00,0x00,0x00,0x00,0x00,0x00,0x00,0x00,0x00,
    0x00,0x00,0x00,0x00,0x00,0x00,0x00,0x00,0x00,0x00,0x00,0x00,0x00,0x00,0x00,0x00,0x00,0x00,0x00,0x00,0x00,0x00,0x00,0x00,0x00,0x00,0x00,0x00,0x00,0x00,0x00,0x00,
    0x00,0x00,0x00,0x00,0x00,0x00,0x00,0x00,0x00,0x00,0x00,0x00,0x00,0x00,0x00,0x00,0x00,0x00,0x00,0x00,0x00,0x00,0x00,0x00,0x00,0x00,0x00,0x00,0x00,0x00,0x00,0x00,
    0x00,0x00,0x00,0x00,0x00,0x00,0x00,0x00,0x00,0x00,0x00,0x00,0x00,0x00,0x00,0x00,0x00,0x00,0x00,0x00,0x00,0x00,0x00,0x00,0x00,0x00,0x00,0x00,0x00,0x00,0x00,0x00,
    0x00,0x00,0x00,0x00,0x00,0x00,0x00,0x00,0x00,0x00,0x00,0x00,0x00,0x00,0x00,0x00,0x00,0x00,0x00,0x00,0x00,0x00,0x00,0x00,0x00,0x00,0x00,0x00,0x00,0x00,0x00,0x00,
    0x00,0x00,0x00,0x00,0x00,0x00,0x00,0x00,0x00,0x00,0x00,0x00,0x00,0x00,0x00,0x00,0x00,0x00,0x00,0x00,0x00,0x00,0x00,0x00,0x00,0x00,0x00,0x00,0x00,0x00,0x00,0x00,
    0x00,0x00,0x00,0x00,0x00,0x00,0x00,0x00,0x00,0x00,0x00,0x00,0x00,0x00,0x00,0x00,0x00,0x00,0x00,0x00,0x00,0x00,0x00,0x00,0x00,0x00,0x00,0x00,0x00,0x00,0x00,0x00,
    0x00,0x00,0x00,0x00,0x00,0x00,0x00,0x00,0x00,0x00,0x00,0x00,0x00,0x00,0x00,0x00,0x00,0x00,0x00,0x00,0x00,0x00,0x00,0x00,0x00,0x00,0x00,0x00,0x00,0x00,0x00,0x00,
    0x00,0x00,0x00,0x00,0x00,0x00,0x00,0x00,0x00,0x00,0x00,0x00,0x00,0x00,0x00,0x00,0x00,0x00,0x00,0x00,0x00,0x00,0x00,0x00,0x00,0x00,0x00,0x00,0x00,0x00,0x00,0x00,
    0x00,0x00,0x00,0x00,0x00,0x00,0x00,0x00,0x00,0x00,0x00,0x00,0x00,0x00,0x00,0x00,0x00,0x00,0x00,0x00,0x00,0x00,0x00,0x00,0x00,0x00,0x00,0x00,0x00,0x00,0x00,0x00,
    0x00,0x00,0x00,0x00,0x00,0x00,0x00,0x00,0x00,0x00,0x00,0x00,0x00,0x00,0x00,0x00,0x00,0x00,0x00,0x00,0x00,0x00,0x00,0x00,0x00,0x00,0x00,0x00,0x00,0x00,0x00,0x00,
    0x00,0x00,0x00,0x00,0x00,0x00,0x00,0x00,0x00,0x00,0x00,0x00,0x00,0x00,0x00,0x00,0x00,0x00,0x00,0x00,0x00,0x00,0x00,0x00,0x00,0x00,0x00,0x00,0x00,0x00,0x00,0x00,
    0x00,0x00,0x00,0x00,0x00,0x00,0x00,0x00,0x00,0x00,0x00,0x00,0x00,0x00,0x00,0x00,0x00,0x00,0x00,0x00,0x00,0x00,0x00,0x00,0x00,0x00,0x00,0x00,0x00,0x00,0x00,0x00,
    0x00,0x00,0x00,0x00,0x00,0x00,0x00,0x00,0x00,0x00,0x00,0x00,0x00,0x00,0x00,0x00,0x00,0x00,0x00,0x00,0x00,0x00,0x00,0x00,0x20,0xb0,0xff,0xff,0x20,0xb0,0xff,0xff,
    0x20,0xb0,0xff,0xff,0x20,0xb0,0xff,0xff,0x20,0xb0,0xff,0xff,0x20,0xb0,0xff,0xff,0x20,0xb0,0xff,0xff,0x00,0x00,0x00,0x00,0x00,0x00,0x00,0x00,0x00,0x00,0x00,0x00,
    0x00,0x00,0x00,0x00,0x00,0x00,0x00,0x00,0x00,0x00,0x00,0x00,0x00,0x00,0x00,0x00,0x00,0x00,0x00,0x00,0x00,0x00,0x00,0x00,0x00,0x00,0x00,0x00,0x00,0x00,0x00,0x00,
    0x00,0x00,0x00,0x00,0x00,0x00,0x00,0x00,0x00,0x00,0x00,0x00,0x00,0x00,0x00,0x00,0x00,0x00,0x00,0x00,0x00,0x00,0x00,0x00,0x00,0x00,0x00,0x00,0x00,0x00,0x00,0x00,
    0x00,0x00,0x00,0x00,0x00,0x00,0x00,0x00,0x00,0x00,0x00,0x00,0x00,0x00,0x00,0x00,0x00,0x00,0x00,0x00,0x00,0x00,0x00,0x00,0x00,0x00,0x00,0x00,0x00,0x00,0x00,0x00,
    0x00,0x00,0x00,0x00,0x00,0x00,0x00,0x00,0x00,0x00,0x00,0x00,0x00,0x00,0x00,0x00,0x00,0x00,0x00,0x00,0x00,0x00,0x00,0x00,0x00,0x00,0x00,0x00,0x00,0x00,0x00,0x00,
    0x00,0x00,0x00,0x00,0x00,0x00,0x00,0x00,0x00,0x00,0x00,0x00,0x00,0x00,0x00,0x00,0x00,0x00,0x00,0x00,0x00,0x00,0x00,0x00,0x00,0x00,0x00,0x00,0x00,0x00,0x00,0x00,
    0x00,0x00,0x00,0x00,0x00,0x00,0x00,0x00,0x00,0x00,0x00,0x00,0x00,0x00,0x00,0x00,0x00,0x00,0x00,0x00,0x00,0x00,0x00,0x00,0x00,0x00,0x00,0x00,0x00,0x00,0x00,0x00,
    0x00,0x00,0x00,0x00,0x00,0x00,0x00,0x00,0x00,0x00,0x00,0x00,0x00,0x00,0x00,0x00,0x00,0x00,0x00,0x00,0x00,0x00,0x00,0x00,0x00,0x00,0x00,0x00,0x00,0x00,0x00,0x00,
    0x00,0x00,0x00,0x00,0x00,0x00,0x00,0x00,0x00,0x00,0x00,0x00,0x00,0x00,0x00,0x00,0x00,0x00,0x00,0x00,0x00,0x00,0x00,0x00,0x00,0x00,0x00,0x00,0x00,0x00,0x00,0x00,
    0x00,0x00,0x00,0x00,0x00,0x00,0x00,0x00,0x00,0x00,0x00,0x00,0x00,0x00,0x00,0x00,0x00,0x00,0x00,0x00,0x00,0x00,0x00,0x00,0x00,0x00,0x00,0x00,0x00,0x00,0x00,0x00,
    0x00,0x00,0x00,0x00,0x00,0x00,0x00,0x00,0x00,0x00,0x00,0x00,0x00,0x00,0x00,0x00,0x00,0x00,0x00,0x00,0x00,0x00,0x00,0x00,0x00,0x00,0x00,0x00,0x00,0x00,0x00,0x00,
    0x00,0x00,0x00,0x00,0x00,0x00,0x00,0x00,0x00,0x00,0x00,0x00,0x00,0x00,0x00,0x00,0x00,0x00,0x00,0x00,0x00,0x00,0x00,0x00,0x00,0x00,0x00,0x00,0x00,0x00,0x00,0x00,
    0x00,0x00,0x00,0x00,0x00,0x00,0x00,0x00,0x00,0x00,0x00,0x00,0x00,0x00,0x00,0x00,0x00,0x00,0x00,0x00,0x00,0x00,0x00,0x00,0x00,0x00,0x00,0x00,0x00,0x00,0x00,0x00,
    0x00,0x00,0x00,0x00,0x00,0x00,0x00,0x00,0x00,0x00,0x00,0x00,0x00,0x00,0x00,0x00,0x00,0x00,0x00,0x00,0x00,0x00,0x00,0x00,0x00,0x00,0x00,0x00,0x00,0x00,0x00,0x00,
    0x00,0x00,0x00,0x00,0x00,0x00,0x00,0x00,0x00,0x00,0x00,0x00,0x00,0x00,0x00,0x00,0x00,0x00,0x00,0x00,0x00,0x00,0x00,0x00,0x00,0x00,0x00,0x00,0x00,0x00,0x00,0x00,
    0x00,0x00,0x00,0x00,0x00,0x00,0x00,0x00,0x00,0x00,0x00,0x00,0x00,0x00,0x00,0x00,0x00,0x00,0x00,0x00,0x00,0x00,0x00,0x00,0x00,0x00,0x00,0x00,0x00,0x00,0x00,0x00,
    0x00,0x00,0x00,0x00,0x00,0x00,0x00,0x00,0x00,0x00,0x00,0x00,0x00,0x00,0x00,0x00,0x00,0x00,0x00,0x00,0x00,0x00,0x00,0x00,0x00,0x00,0x00,0x00,0x00,0x00,0x00,0x00,
    0x00,0x00,0x00,0x00,0x00,0x00,0x00,0x00,0x00,0x00,0x00,0x00,0x00,0x00,0x00,0x00,0x00,0x00,0x00,0x00,0x00,0x00,0x00,0x00,0x00,0x00,0x00,0x00,0x00,0x00,0x00,0x00,
    0x00,0x00,0x00,0x00,0x00,0x00,0x00,0x00,0x00,0x00,0x00,0x00,0x00,0x00,0x00,0x00,0x00,0x00,0x00,0x00,0x00,0x00,0x00,0x00,0x00,0x00,0x00,0x00,0x00,0x00,0x00,0x00,
    0x00,0x00,0x00,0x00,0x00,0x00,0x00,0x00,0x00,0x00,0x00,0x00,0x00,0x00,0x00,0x00,0x00,0x00,0x00,0x00,0x00,0x00,0x00,0x00,0x00,0x00,0x00,0x00,0x00,0x00,0x00,0x00,
    0x00,0x00,0x00,0x00,0x00,0x00,0x00,0x00,0x00,0x00,0x00,0x00,0x00,0x00,0x00,0x00,0x00,0x00,0x00,0x00,0x00,0x00,0x00,0x00,0x00,0x00,0x00,0x00,0x00,0x00,0x00,0x00,
    0x00,0x00,0x00,0x00,0x00,0x00,0x00,0x00,0x00,0x00,0x00,0x00,0x00,0x00,0x00,0x00,0x00,0x00,0x00,0x00,0x00,0x00,0x00,0x00,0x00,0x00,0x00,0x00,0x00,0x00,0x00,0x00,
    0x00,0x00,0x00,0x00,0x00,0x00,0x00,0x00,0x00,0x00,0x00,0x00,0x00,0x00,0x00,0x00,0x00,0x00,0x00,0x00,0x00,0x00,0x00,0x00,0x00,0x00,0x00,0x00,0x00,0x00,0x00,0x00,
    0x00,0x00,0x00,0x00,0x00,0x00,0x00,0x00,0x00,0x00,0x00,0x00,0x00,0x00,0x00,0x00,0x00,0x00,0x00,0x00,0x00,0x00,0x00,0x00,0x00,0x00,0x00,0x00,0x00,0x00,0x00,0x00,
    0x00,0x00,0x00,0x00,0x00,0x00,0x00,0x00,0x00,0x00,0x00,0x00,0x00,0x00,0x00,0x00,0x00,0x00,0x00,0x00,0x00,0x00,0x00,0x00,0x00,0x00,0x00,0x00,0x00,0x00,0x00,0x00,
    0x00,0x00,0x00,0x00,0x00,0x00,0x00,0x00,0x00,0x00,0x00,0x00,0x00,0x00,0x00,0x00,0x00,0x00,0x00,0x00,0x00,0x00,0x00,0x00,0x00,0x00,0x00,0x00,0x00,0x00,0x00,0x00,
    0x00,0x00,0x00,0x00,0x00,0x00,0x00,0x00,0x00,0x00,0x00,0x00,0x00,0x00,0x00,0x00,0x00,0x00,0x00,0x00,0x00,0x00,0x00,0x00,0x00,0x00,0x00,0x00,0x00,0x00,0x00,0x00,
    0x00,0x00,0x00,0x00,0x00,0x00,0x00,0x00,0x00,0x00,0x00,0x00,0x00,0x00,0x00,0x00,0x00,0x00,0x00,0x00,0x00,0x00,0x00,0x00,0x00,0x00,0x00,0x00,0x00,0x00,0x00,0x00,
    0x00,0x00,0x00,0x00,0x00,0x00,0x00,0x00,0x00,0x00,0x00,0x00,0x00,0x00,0x00,0x00,0x00,0x00,0x00,0x00,0x00,0x00,0x00,0x00,0x00,0x00,0x00,0x00,0x00,0x00,0x00,0x00,
    0x00,0x00,0x00,0x00,0x00,0x00,0x00,0x00,0x00,0x00,0x00,0x00,0x00,0x00,0x00,0x00,0x00,0x00,0x00,0x00,0x00,0x00,0x00,0x00,0x00,0x00,0x00,0x00,0x00,0x00,0x00,0x00,
    0x00,0x00,0x00,0x00,0x00,0x00,0x00,0x00,0x00,0x00,0x00,0x00,0x00,0x00,0x00,0x00,0x00,0x00,0x00,0x00,0x00,0x00,0x00,0x00,0x00,0x00,0x00,0x00,0x00,0x00,0x00,0x00,
    0x00,0x00,0x00,0x00,0x00,0x00,0x00,0x00,0x00,0x00,0x00,0x00,0x00,0x00,0x00,0x00,0x00,0x00,0x00,0x00,0x00,0x00,0x00,0x00,0x00,0x00,0x00,0x00,0x00,0x00,0x00,0x00,
    0x00,0x00,0x00,0x00,0x00,0x00,0x00,0x00,0x00,0x00,0x00,0x00,0x00,0x00,0x00,0x00,0x00,0x00,0x00,0x00,0x00,0x00,0x00,0x00,0x00,0x00,0x00,0x00,0x00,0x00,0x00,0x00,
    0x00,0x00,0x00,0x00,0x00,0x00,0x00,0x00,0x00,0x00,0x00,0x00,0x00,0x00,0x00,0x00,0x00,0x00,0x00,0x00,0x00,0x00,0x00,0x00,0x00,0x00,0x00,0x00,0x00,0x00,0x00,0x00,
    0x00,0x00,0x00,0x00,0x00,0x00,0x00,0x00,0x00,0x00,0x00,0x00,0x00,0x00,0x00,0x00,0x00,0x00,0x00,0x00,0x00,0x00,0x00,0x00,0x00,0x00,0x00,0x00,0x00,0x00,0x00,0x00,
    0x00,0x00,0x00,0x00,0x00,0x00,0x00,0x00,0x00,0x00,0x00,0x00,0x00,0x00,0x00,0x00,0x00,0x00,0x00,0x00,0x00,0x00,0x00,0x00,0x00,0x00,0x00,0x00,0x00,0x00,0x00,0x00,
    0x00,0x00,0x00,0x00,0x00,0x00,0x00,0x00,0x00,0x00,0x00,0x00,0x00,0x00,0x00,0x00,0x00,0x00,0x00,0x00,0x00,0x00,0x00,0x00,0x00,0x00,0x00,0x00,0x00,0x00,0x00,0x00,
    0x00,0x00,0x00,0x00,0x00,0x00,0x00,0x00,0x00,0x00,0x00,0x00,0x00,0x00,0x00,0x00,0x00,0x00,0x00,0x00,0x00,0x00,0x00,0x00,0x00,0x00,0x00,0x00,0x00,0x00,0x00,0x00,
    0x00,0x00,0x00,0x00,0x00,0x00,0x00,0x00,0x00,0x00,0x00,0x00,0x00,0x00,0x00,0x00,0x00,0x00,0x00,0x00,0x00,0x00,0x00,0x00,0x00,0x00,0x00,0x00,0x00,0x00,0x00,0x00,
    0x00,0x00,0x00,0x00,0x00,0x00,0x00,0x00,0x00,0x00,0x00,0x00,0x00,0x00,0x00,0x00,0x00,0x00,0x00,0x00,0x00,0x00,0x00,0x00,0x00,0x00,0x00,0x00,0x00,0x00,0x00,0x00,
    0x00,0x00,0x00,0x00,0x00,0x00,0x00,0x00,0x00,0x00,0x00,0x00,0x00,0x00,0x00,0x00,0x00,0x00,0x00,0x00,0x00,0x00,0x00,0x00,0x00,0x00,0x00,0x00,0x00,0x00,0x00,0x00,
    0x00,0x00,0x00,0x00,0x00,0x00,0x00,0x00,0x00,0x00,0x00,0x00,0x00,0x00,0x00,0x00,0x00,0x00,0x00,0x00,0x00,0x00,0x00,0x00,0x00,0x00,0x00,0x00,0x00,0x00,0x00,0x00,
    0x00,0x00,0x00,0x00,0x00,0x00,0x00,0x00,0x00,0x00,0x00,0x00,0x00,0x00,0x00,0x00,0x00,0x00,0x00,0x00,0x00,0x00,0x00,0x00,0x00,0x00,0x00,0x00,0x00,0x00,0x00,0x00,
    0x00,0x00,0x00,0x00,0x00,0x00,0x00,0x00,0x00,0x00,0x00,0x00,0x00,0x00,0x00,0x00,0x00,0x00,0x00,0x00,0x00,0x00,0x00,0x00,0x00,0x00,0x00,0x00,0x00,0x00,0x00,0x00,
    0x00,0x00,0x00,0x00,0x00,0x00,0x00,0x00,0x00,0x00,0x00,0x00,0x00,0x00,0x00,0x00,0x00,0x00,0x00,0x00,0x00,0x00,0x00,0x00,0x00,0x00,0x00,0x00,0x00,0x00,0x00,0x00,
    0x00,0x00,0x00,0x00,0x00,0x00,0x00,0x00,0x00,0x00,0x00,0x00,0x00,0x00,0x00,0x00,0x00,0x00,0x00,0x00,0x00,0x00,0x00,0x00,0x00,0x00,0x00,0x00,0x00,0x00,0x00,0x00,
    0x00,0x00,0x00,0x00,0x00,0x00,0x00,0x00,0x00,0x00,0x00,0x00,0x00,0x00,0x00,0x00,0x00,0x00,0x00,0x00,0x00,0x00,0x00,0x00,0x00,0x00,0x00,0x00,0x00,0x00,0x00,0x00,
    0x00,0x00,0x00,0x00,0x00,0x00,0x00,0x00,0x00,0x00,0x00,0x00,0x00,0x00,0x00,0x00,0x00,0x00,0x00,0x00,0x00,0x00,0x00,0x00,0x00,0x00,0x00,0x00,0x00,0x00,0x00,0x00,
    0x00,0x00,0x00,0x00,0x00,0x00,0x00,0x00,0x00,0x00,0x00,0x00,0x00,0x00,0x00,0x00,0x00,0x00,0x00,0x00,0x00,0x00,0x00,0x00,0x00,0x00,0x00,0x00,0x00,0x00,0x00,0x00,
    0x00,0x00,0x00,0x00,0x00,0x00,0x00,0x00,0x00,0x00,0x00,0x00,0x00,0x00,0x00,0x00,0x00,0x00,0x00,0x00,0x00,0x00,0x00,0x00,0x00,0x00,0x00,0x00,0x00,0x00,0x00,0x00,
    0x00,0x00,0x00,0x00,0x00,0x00,0x00,0x00,0x00,0x00,0x00,0x00,0x00,0x00,0x00,0x00,0x00,0x00,0x00,0x00,0x00,0x00,0x00,0x00,0x00,0x00,0x00,0x00,0x00,0x00,0x00,0x00,
    0x00,0x00,0x00,0x00,0x00,0x00,0x00,0x00,0x00,0x00,0x00,0x00,0x00,0x00,0x00,0x00,0x00,0x00,0x00,0x00,0x00,0x00,0x00,0x00,0x00,0x00,0x00,0x00,0x00,0x00,0x00,0x00,
    0x00,0x00,0x00,0x00,0x00,0x00,0x00,0x00,0x00,0x00,0x00,0x00,0x00,0x00,0x00,0x00,0x00,0x00,0x00,0x00,0x00,0x00,0x00,0x00,0x00,0x00,0x00,0x00,0x00,0x00,0x00,0x00,
    0x00,0x00,0x00,0x00,0x00,0x00,0x00,0x00,0x00,0x00,0x00,0x00,0x00,0x00,0x00,0x00,0x00,0x00,0x00,0x00,0x00,0x00,0x00,0x00,0x00,0x00,0x00,0x00,0x00,0x00,0x00,0x00,
    0x00,0x00,0x00,0x00,0x00,0x00,0x00,0x00,0x00,0x00,0x00,0x00,0x00,0x00,0x00,0x00,0x00,0x00,0x00,0x00,0x00,0x00,0x00,0x00,0x00,0x00,0x00,0x00,0x00,0x00,0x00,0x00,
    0x00,0x00,0x00,0x00,0x00,0x00,0x00,0x00,0x00,0x00,0x00,0x00,0x00,0x00,0x00,0x00,0x00,0x00,0x00,0x00,0x00,0x00,0x00,0x00,0x00,0x00,0x00,0x00,0x00,0x00,0x00,0x00,
    0x00,0x00,0x00,0x00,0x00,0x00,0x00,0x00,0x00,0x00,0x00,0x00,0x00,0x00,0x00,0x00,0x00,0x00,0x00,0x00,0x00,0x00,0x00,0x00,0x00,0x00,0x00,0x00,0x00,0x00,0x00,0x00,
    0x00,0x00,0x00,0x00,0x00,0x00,0x00,0x00,0x00,0x00,0x00,0x00,0x00,0x00,0x00,0x00,0x00,0x00,0x00,0x00,0x00,0x00,0x00,0x00,0x00,0x00,0x00,0x00,0x00,0x00,0x00,0x00,
    0x00,0x00,0x00,0x00,0x00,0x00,0x00,0x00,0x00,0x00,0x00,0x00,0x00,0x00,0x00,0x00,0x00,0x00,0x00,0x00,0x00,0x00,0x00,0x00,0x00,0x00,0x00,0x00,0x00,0x00,0x00,0x00,
    0x00,0x00,0x00,0x00,0x00,0x00,0x00,0x00,0x00,0x00,0x00,0x00,0x00,0x00,0x00,0x00,0x00,0x00,0x00,0x00,0x00,0x00,0x00,0x00,0x00,0x00,0x00,0x00,0x00,0x00,0x00,0x00,
    0x00,0x00,0x00,0x00,0x00,0x00,0x00,0x00,0x00,0x00,0x00,0x00,0x00,0x00,0x00,0x00,0x00,0x00,0x00,0x00,0x00,0x00,0x00,0x00,0x00,0x00,0x00,0x00,0x00,0x00,0x00,0x00,
    0x00,0x00,0x00,0x00,0x00,0x00,0x00,0x00,0x00,0x00,0x00,0x00,0x00,0x00,0x00,0x00,0x00,0x00,0x00,0x00,0x00,0x00,0x00,0x00,0x00,0x00,0x00,0x00,0x00,0x00,0x00,0x00,
    0x00,0x00,0x00,0x00,0x00,0x00,0x00,0x00,0x00,0x00,0x00,0x00,0x00,0x00,0x00,0x00,0x00,0x00,0x00,0x00,0x00,0x00,0x00,0x00,0x00,0x00,0x00,0x00,0x00,0x00,0x00,0x00,
    0x00,0x00,0x00,0x00,0x00,0x00,0x00,0x00,0x00,0x00,0x00,0x00,0x00,0x00,0x00,0x00,0x00,0x00,0x00,0x00,0x00,0x00,0x00,0x00,0x00,0x00,0x00,0x00,0x00,0x00,0x00,0x00,
    0x00,0x00,0x00,0x00,0x00,0x00,0x00,0x00,0x00,0x00,0x00,0x00,0x00,0x00,0x00,0x00,0x00,0x00,0x00,0x00,0x00,0x00,0x00,0x00,0x00,0x00,0x00,0x00,0x00,0x00,0x00,0x00,
    0x00,0x00,0x00,0x00,0x00,0x00,0x00,0x00,0x00,0x00,0x00,0x00,0x00,0x00,0x00,0x00,0x00,0x00,0x00,0x00,0x00,0x00,0x00,0x00,0x00,0x00,0x00,0x00,0x00,0x00,0x00,0x00,
    0x00,0x00,0x00,0x00,0x00,0x00,0x00,0x00,0x00,0x00,0x00,0x00,0x00,0x00,0x00,0x00,0x00,0x00,0x00,0x00,0x00,0x00,0x00,0x00,0x00,0x00,0x00,0x00,0x00,0x00,0x00,0x00,
    0x00,0x00,0x00,0x00,0x00,0x00,0x00,0x00,0x00,0x00,0x00,0x00,0x00,0x00,0x00,0x00,0x00,0x00,0x00,0x00,0x00,0x00,0x00,0x00,0x00,0x00,0x00,0x00,0x00,0x00,0x00,0x00,
    0x00,0x00,0x00,0x00,0x00,0x00,0x00,0x00,0x00,0x00,0x00,0x00,0x00,0x00,0x00,0x00,0x00,0x00,0x00,0x00,0x00,0x00,0x00,0x00,0x00,0x00,0x00,0x00,0x00,0x00,0x00,0x00,
    0x00,0x00,0x00,0x00,0x00,0x00,0x00,0x00,0x00,0x00,0x00,0x00,0x00,0x00,0x00,0x00,0x00,0x00,0x00,0x00,0x00,0x00,0x00,0x00,0x00,0x00,0x00,0x00,0x00,0x00,0x00,0x00,
    0x00,0x00,0x00,0x00,0x00,0x00,0x00,0x00,0x00,0x00,0x00,0x00,0x00,0x00,0x00,0x00,0x00,0x00,0x00,0x00,0x00,0x00,0x00,0x00,0x00,0x00,0x00,0x00,0x00,0x00,0x00,0x00,
    0x00,0x00,0x00,0x00,0x00,0x00,0x00,0x00,0x00,0x00,0x00,0x00,0x00,0x00,0x00,0x00,0x00,0x00,0x00,0x00,0x00,0x00,0x00,0x00,0x00,0x00,0x00,0x00,0x00,0x00,0x00,0x00,
    0x00,0x00,0x00,0x00,0x00,0x00,0x00,0x00,0x00,0x00,0x00,0x00,0x00,0x00,0x00,0x00,0x00,0x00,0x00,0x00,0x00,0x00,0x00,0x00,0x00,0x00,0x00,0x00,0x00,0x00,0x00,0x00,
    0x00,0x00,0x00,0x00,0x00,0x00,0x00,0x00,0x00,0x00,0x00,0x00,0x00,0x00,0x00,0x00,0x00,0x00,0x00,0x00,0x00,0x00,0x00,0x00,0x00,0x00,0x00,0x00,0x00,0x00,0x00,0x00,
    0x00,0x00,0x00,0x00,0x00,0x00,0x00,0x00,0x00,0x00,0x00,0x00,0x00,0x00,0x00,0x00,0x00,0x00,0x00,0x00,0x00,0x00,0x00,0x00,0x00,0x00,0x00,0x00,0x00,0x00,0x00,0x00,
    0x00,0x00,0x00,0x00,0x00,0x00,0x00,0x00,0x00,0x00,0x00,0x00,0x00,0x00,0x00,0x00,0x00,0x00,0x00,0x00,0x00,0x00,0x00,0x00,0x00,0x00,0x00,0x00,0x00,0x00,0x00,0x00,
    0x00,0x00,0x00,0x00,0x00,0x00,0x00,0x00,0x00,0x00,0x00,0x00,0x00,0x00,0x00,0x00,0x00,0x00,0x00,0x00,0x00,0x00,0x00,0x00,0x00,0x00,0x00,0x00,0x00,0x00,0x00,0x00,
    0x00,0x00,0x00,0x00,0x00,0x00,0x00,0x00,0x00,0x00,0x00,0x00,0x00,0x00,0x00,0x00,0x00,0x00,0x00,0x00,0x00,0x00,0x00,0x00,0x00,0x00,0x00,0x00,0x00,0x00,0x00,0x00,
    0x00,0x00,0x00,0x00,0x00,0x00,0x00,0x00,0x00,0x00,0x00,0x00,0x00,0x00,0x00,0x00,0x00,0x00,0x00,0x00,0x00,0x00,0x00,0x00,0x00,0x00,0x00,0x00,0x00,0x00,0x00,0x00,
    0x00,0x00,0x00,0x00,0x00,0x00,0x00,0x00,0x00,0x00,0x00,0x00,0x00,0x00,0x00,0x00,0x00,0x00,0x00,0x00,0x00,0x00,0x00,0x00,0x00,0x00,0x00,0x00,0x00,0x00,0x00,0x00,
    0x00,0x00,0x00,0x00,0x00,0x00,0x00,0x00,0x00,0x00,0x00,0x00,0x00,0x00,0x00,0x00,0x00,0x00,0x00,0x00,0x00,0x00,0x00,0x00,0x00,0x00,0x00,0x00,0x00,0x00,0x00,0x00,
    0x00,0x00,0x00,0x00,0x00,0x00,0x00,0x00,0x00,0x00,0x00,0x00,0x00,0x00,0x00,0x00,0x00,0x00,0x00,0x00,0x00,0x00,0x00,0x00,0x00,0x00,0x00,0x00,0x00,0x00,0x00,0x00,
    0x00,0x00,0x00,0x00,0x00,0x00,0x00,0x00,0x00,0x00,0x00,0x00,0x00,0x00,0x00,0x00,0x00,0x00,0x00,0x00,0x00,0x00,0x00,0x00,0x00,0x00,0x00,0x00,0x00,0x00,0x00,0x00,
    0x00,0x00,0x00,0x00,0x00,0x00,0x00,0x00,0x00,0x00,0x00,0x00,0x00,0x00,0x00,0x00,0x00,0x00,0x00,0x00,0x00,0x00,0x00,0x00,0x00,0x00,0x00,0x00,0x00,0x00,0x00,0x00,
    0x00,0x00,0x00,0x00,0x00,0x00,0x00,0x00,0x00,0x00,0x00,0x00,0x00,0x00,0x00,0x00,0x00,0x00,0x00,0x00,0x00,0x00,0x00,0x00,0x00,0x00,0x00,0x00,0x00,0x00,0x00,0x00,
    0x00,0x00,0x00,0x00,0x00,0x00,0x00,0x00,0x00,0x00,0x00,0x00,0x00,0x00,0x00,0x00,0x00,0x00,0x00,0x00,0x00,0x00,0x00,0x00,0x00,0x00,0x00,0x00,0x00,0x00,0x00,0x00,
    0x00,0x00,0x00,0x00,0x00,0x00,0x00,0x00,0x00,0x00,0x00,0x00,0x00,0x00,0x00,0x00,0x00,0x00,0x00,0x00,0x00,0x00,0x00,0x00,0x00,0x00,0x00,0x00,0x00,0x00,0x00,0x00,
    0x00,0x00,0x00,0x00,0x00,0x00,0x00,0x00,0x00,0x00,0x00,0x00,0x00,0x00,0x00,0x00,0x00,0x00,0x00,0x00,0x00,0x00,0x00,0x00,0x00,0x00,0x00,0x00,0x00,0x00,0x00,0x00,
    0x00,0x00,0x00,0x00,0x00,0x00,0x00,0x00,0x00,0x00,0x00,0x00,0x00,0x00,0x00,0x00,0x00,0x00,0x00,0x00,0x00,0x00,0x00,0x00,0x00,0x00,0x00,0x00,0x00,0x00,0x00,0x00,
    0x00,0x00,0x00,0x00,0x00,0x00,0x00,0x00,0x00,0x00,0x00,0x00,0x00,0x00,0x00,0x00,0x00,0x00,0x00,0x00,0x00,0x00,0x00,0x00,0x00,0x00,0x00,0x00,0x00,0x00,0x00,0x00,
    0x00,0x00,0x00,0x00,0x00,0x00,0x00,0x00,0x00,0x00,0x00,0x00,0x00,0x00,0x00,0x00,0x00,0x00,0x00,0x00,0x00,0x00,0x00,0x00,0x00,0x00,0x00,0x00,0x00,0x00,0x00,0x00,
    0x00,0x00,0x00,0x00,0x00,0x00,0x00,0x00,0x00,0x00,0x00,0x00,0x00,0x00,0x00,0x00,0x00,0x00,0x00,0x00,0x00,0x00,0x00,0x00,0x00,0x00,0x00,0x00,0x00,0x00,0x00,0x00,
    0x00,0x00,0x00,0x00,0x00,0x00,0x00,0x00,0x00,0x00,0x00,0x00,0x00,0x00,0x00,0x00,0x00,0x00,0x00,0x00,0x00,0x00,0x00,0x00,0x00,0x00,0x00,0x00,0x00,0x00,0x00,0x00,
    0x00,0x00,0x00,0x00,0x00,0x00,0x00,0x00,0x00,0x00,0x00,0x00,0x00,0x00,0x00,0x00,0x00,0x00,0x00,0x00,0x00,0x00,0x00,0x00,0x00,0x00,0x00,0x00,0x00,0x00,0x00,0x00,
    0x00,0x00,0x00,0x00,0x00,0x00,0x00,0x00,0x00,0x00,0x00,0x00,0x00,0x00,0x00,0x00,0x00,0x00,0x00,0x00,0x00,0x00,0x00,0x00,0x00,0x00,0x00,0x00,0x00,0x00,0x00,0x00,
    0x00,0x00,0x00,0x00,0x00,0x00,0x00,0x00,0x00,0x00,0x00,0x00,0x00,0x00,0x00,0x00,0x00,0x00,0x00,0x00,0x00,0x00,0x00,0x00,0x00,0x00,0x00,0x00,0x00,0x00,0x00,0x00,
    0x00,0x00,0x00,0x00,0x00,0x00,0x00,0x00,0x00,0x00,0x00,0x00,0x00,0x00,0x00,0x00,0x00,0x00,0x00,0x00,0x00,0x00,0x00,0x00,0x00,0x00,0x00,0x00,0x00,0x00,0x00,0x00,
    0x00,0x00,0x00,0x00,0x00,0x00,0x00,0x00,0x00,0x00,0x00,0x00,0x00,0x00,0x00,0x00,0x00,0x00,0x00,0x00,0x00,0x00,0x00,0x00,0x00,0x00,0x00,0x00,0x00,0x00,0x00,0x00,
    0x00,0x00,0x00,0x00,0x00,0x00,0x00,0x00,0x00,0x00,0x00,0x00,0x00,0x00,0x00,0x00,0x00,0x00,0x00,0x00,0x00,0x00,0x00,0x00,0x00,0x00,0x00,0x00,0x00,0x00,0x00,0x00,
    0x00,0x00,0x00,0x00,0x00,0x00,0x00,0x00,0x00,0x00,0x00,0x00,0x00,0x00,0x00,0x00,0x00,0x00,0x00,0x00,0x00,0x00,0x00,0x00,0x00,0x00,0x00,0x00,0x00,0x00,0x00,0x00,
    0x00,0x00,0x00,0x00,0x00,0x00,0x00,0x00,0x00,0x00,0x00,0x00,0x00,0x00,0x00,0x00,0x00,0x00,0x00,0x00,0x00,0x00,0x00,0x00,0x00,0x00,0x00,0x00,0x00,0x00,0x00,0x00,
    0x00,0x00,0x00,0x00,0x00,0x00,0x00,0x00,0x00,0x00,0x00,0x00,0x00,0x00,0x00,0x00,0x00,0x00,0x00,0x00,0x00,0x00,0x00,0x00,0x00,0x00,0x00,0x00,0x00,0x00,0x00,0x00,
    0x00,0x00,0x00,0x00,0x00,0x00,0x00,0x00,0x00,0x00,0x00,0x00,0x00,0x00,0x00,0x00,
};

const lv_image_dsc_t app_weather_icon_112_112 = {
    .header.cf = LV_COLOR_FORMAT_ARGB8888,
    .header.magic = LV_IMAGE_HEADER_MAGIC,
    .header.w = 126,
    .header.h = 126,
    .data_size = 15876 * 4,
    .data = app_weather_icon_112_112_map,
};
