#ifdef __has_include
#if __has_include("lvgl.h")
#ifndef LV_LVGL_H_INCLUDE_SIMPLE
#define LV_LVGL_H_INCLUDE_SIMPLE
#endif
#endif
#endif
#if defined(LV_LVGL_H_INCLUDE_SIMPLE)
#include "lvgl.h"
#else
#include "lvgl/lvgl.h"
#endif
#ifndef LV_ATTRIBUTE_MEM_ALIGN
#define LV_ATTRIBUTE_MEM_ALIGN
#endif
const LV_ATTRIBUTE_MEM_ALIGN uint8_t wxgauge_map[] = {
    0x00,0x00,0x00,0x00,0x00,0x00,0x00,0x00,0x00,0x00,0x00,0x00,0x00,0x00,0x00,0x00,0x00,0x00,0x00,0x00,0x00,0x00,0x00,0x00,0x00,0x00,0x00,0x00,0x00,0x00,0x00,0x00,
    0x00,0x00,0x00,0x00,0x00,0x00,0x00,0x00,0x00,0x00,0x00,0x00,0x00,0x00,0x00,0x00,0x00,0x00,0x00,0x00,0x00,0x00,0x00,0x00,0x00,0x00,0x00,0x00,0x00,0x00,0x00,0x00,
    0x00,0x00,0x00,0x00,0x00,0x00,0x00,0x00,0x00,0x00,0x00,0x00,0x00,0x00,0x00,0x00,0x00,0x00,0x00,0x00,0x00,0x00,0x00,0x00,0x00,0x00,0x00,0x00,0x00,0x00,0x00,0x00,
    0x00,0x00,0x00,0x00,0x00,0x00,0x00,0x00,0x00,0x00,0x00,0x00,0x00,0x00,0x00,0x00,0x00,0x00,0x00,0x00,0x00,0x00,0x00,0x00,0x00,0x00,0x00,0x00,0x00,0x00,0x00,0x00,
    0x00,0x00,0x00,0x00,0x00,0x00,0x00,0x00,0x00,0x00,0x00,0x00,0x00,0x00,0x00,0x00,0x00,0x00,0x00,0x00,0x00,0x00,0x00,0x00,0x00,0x00,0x00,0x00,0x00,0x00,0x00,0x00,
    0x00,0x00,0x00,0x00,0x00,0x00,0x00,0x00,0x00,0x00,0x00,0x00,0x00,0x00,0x00,0x00,0x00,0x00,0x00,0x00,0x00,0x00,0x00,0x00,0x00,0x00,0x00,0x00,0x00,0x00,0x00,0x00,
    0x00,0x00,0x00,0x00,0x00,0x00,0x00,0x00,0x00,0x00,0x00,0x00,0x00,0x00,0x00,0x00,0x00,0x00,0x00,0x00,0x00,0x00,0x00,0x00,0x00,0x00,0x00,0x00,0x00,0x00,0x00,0x00,
    0x00,0x00,0x00,0x00,0x00,0x00,0x00,0x00,0x00,0x00,0x00,0x00,0x00,0x00,0x00,0x00,0x00,0x00,0x00,0x00,0x00,0x00,0x00,0x00,0x00,0x00,0x00,0x00,0x00,0x00,0x00,0x00,
    0x00,0x00,0x00,0x00,0x00,0x00,0x00,0x00,0x00,0x00,0x00,0x00,0x00,0x00,0x00,0x00,0x00,0x00,0x00,0x00,0x00,0x00,0x00,0x00,0x00,0x00,0x00,0x00,0x00,0x00,0x00,0x00,
    0x00,0x00,0x00,0x00,0x00,0x00,0x00,0x00,0x00,0x00,0x00,0x00,0x00,0x00,0x00,0x00,0x00,0x00,0x00,0x00,0x00,0x00,0x00,0x00,0x00,0x00,0x00,0x00,0x00,0x00,0x00,0x00,
    0x00,0x00,0x00,0x00,0x00,0x00,0x00,0x00,0x00,0x00,0x00,0x00,0x00,0x00,0x00,0x00,0x00,0x00,0x00,0x00,0x00,0x00,0x00,0x00,0x00,0x00,0x00,0x00,0x00,0x00,0x00,0x00,
    0x00,0x00,0x00,0x00,0x00,0x00,0x00,0x00,0x00,0x00,0x00,0x00,0x00,0x00,0x00,0x00,0x00,0x00,0x00,0x00,0x00,0x00,0x00,0x00,0x00,0x00,0x00,0x00,0x00,0x00,0x00,0x00,
    0x00,0x00,0x00,0x00,0x00,0x00,0x00,0x00,0x00,0x00,0x00,0x00,0x00,0x00,0x00,0x00,0x00,0x00,0x00,0x00,0x00,0x00,0x00,0x00,0x00,0x00,0x00,0x00,0x00,0x00,0x00,0x00,
    0x00,0x00,0x00,0x00,0x00,0x00,0x00,0x00,0x00,0x00,0x00,0x00,0x00,0x00,0x00,0x00,0x00,0x00,0x00,0x00,0x00,0x00,0x00,0x00,0x00,0x00,0x00,0x00,0x00,0x00,0x00,0x00,
    0x00,0x00,0x00,0x00,0x00,0x00,0x00,0x00,0x00,0x00,0x00,0x00,0x00,0x00,0x00,0x00,0x00,0x00,0x00,0x00,0x00,0x00,0x00,0x00,0x00,0x00,0x00,0x00,0x00,0x00,0x00,0x00,
    0x00,0x00,0x00,0x00,0x00,0x00,0x00,0x00,0x00,0x00,0x00,0x00,0x00,0x00,0x00,0x00,0x00,0x00,0x00,0x00,0x00,0x00,0x00,0x00,0x00,0x00,0x00,0x00,0x00,0x00,0x00,0x00,
    0x00,0x00,0x00,0x00,0x00,0x00,0x00,0x00,0x00,0x00,0x00,0x00,0x00,0x00,0x00,0x00,0x00,0x00,0x00,0x00,0x00,0x00,0x00,0x00,0x00,0x00,0x00,0x00,0x00,0x00,0x00,0x00,
    0x00,0x00,0x00,0x00,0x00,0x00,0x00,0x00,0x00,0x00,0x00,0x00,0x00,0x00,0x00,0x00,0x00,0x00,0x00,0x00,0x00,0x00,0x00,0x00,0x00,0x00,0x00,0x00,0x00,0x00,0x00,0x00,
    0x00,0x00,0x00,0x00,0x00,0x00,0x00,0x00,0x00,0x00,0x00,0x00,0x00,0x00,0x00,0x00,0x00,0x00,0x00,0x00,0x00,0x00,0x00,0x00,0x00,0x00,0x00,0x00,0x00,0x00,0x00,0x00,
    0x00,0x00,0x00,0x00,0x00,0x00,0x00,0x00,0x00,0x00,0x00,0x00,0x00,0x00,0x00,0x00,0x00,0x00,0x00,0x00,0x00,0x00,0x00,0x00,0x00,0x00,0x00,0x00,0x00,0x00,0x00,0x00,
    0x00,0x00,0x00,0x00,0x00,0x00,0x00,0x00,0x00,0x00,0x00,0x00,0x00,0x00,0x00,0x00,0x00,0x00,0x00,0x00,0x00,0x00,0x00,0x00,0x00,0x00,0x00,0x00,0x00,0x00,0x00,0x00,
    0x00,0x00,0x00,0x00,0x00,0x00,0x00,0x00,0x00,0x00,0x00,0x00,0x00,0x00,0x00,0x00,0x00,0x00,0x00,0x00,0x00,0x00,0x00,0x00,0x00,0x00,0x00,0x00,0x00,0x00,0x00,0x00,
    0x00,0x00,0x00,0x00,0x00,0x00,0x00,0x00,0x00,0x00,0x00,0x00,0x00,0x00,0x00,0x00,0x00,0x00,0x00,0x00,0x00,0x00,0x00,0x00,0x00,0x00,0x00,0x00,0x00,0x00,0x00,0x00,
    0x00,0x00,0x00,0x00,0x00,0x00,0x00,0x00,0x00,0x00,0x00,0x00,0x00,0x00,0x00,0x00,0x00,0x00,0x00,0x00,0x00,0x00,0x00,0x00,0x00,0x00,0x00,0x00,0x00,0x00,0x00,0x00,
    0x00,0x00,0x00,0x00,0x00,0x00,0x00,0x00,0x00,0x00,0x00,0x00,0x00,0x00,0x00,0x00,0x00,0x00,0x00,0x00,0x00,0x00,0x00,0x00,0x00,0x00,0x00,0x00,0x00,0x00,0x00,0x00,
    0x00,0x00,0x00,0x00,0x00,0x00,0x00,0x00,0x00,0x00,0x00,0x00,0x00,0x00,0x00,0x00,0x00,0x00,0x00,0x00,0x00,0x00,0x00,0x00,0x00,0x00,0x00,0x00,0x00,0x00,0x00,0x00,
    0x00,0x00,0x00,0x00,0x00,0x00,0x00,0x00,0x00,0x00,0x00,0x00,0x00,0x00,0x00,0x00,0x00,0x00,0x00,0x00,0x00,0x00,0x00,0x00,0x00,0x00,0x00,0x00,0x00,0x00,0x00,0x00,
    0x00,0x00,0x00,0x00,0x00,0x00,0x00,0x00,0x00,0x00,0x00,0x00,0x00,0x00,0x00,0x00,0x00,0x00,0x00,0x00,0x00,0x00,0x00,0x00,0x00,0x00,0x00,0x00,0x00,0x00,0x00,0x00,
    0x00,0x00,0x00,0x00,0x00,0x00,0x00,0x00,0x00,0x00,0x00,0x00,0x00,0x00,0x00,0x00,0x00,0x00,0x00,0x00,0x00,0x00,0x00,0x00,0x00,0x00,0x00,0x00,0x00,0x00,0x00,0x00,
    0x00,0x00,0x00,0x00,0x00,0x00,0x00,0x00,0x00,0x00,0x00,0x00,0x00,0x00,0x00,0x00,0x00,0x00,0x00,0x00,0x00,0x00,0x00,0x00,0x00,0x00,0x00,0x00,0x00,0x00,0x00,0x00,
    0x00,0x00,0x00,0x00,0x00,0x00,0x00,0x00,0x00,0x00,0x00,0x00,0x00,0x00,0x00,0x00,0x00,0x00,0x00,0x00,0x00,0x00,0x00,0x00,0x00,0x00,0x00,0x00,0x00,0x00,0x00,0x00,
    0x00,0x00,0x00,0x00,0x00,0x00,0x00,0x00,0x00,0x00,0x00,0x00,0x00,0x00,0x00,0x00,0x00,0x00,0x00,0x00,0x00,0x00,0x00,0x00,0x00,0x00,0x00,0x00,0x00,0x00,0x00,0x00,
    0x00,0x00,0x00,0x00,0x00,0x00,0x00,0x00,0x00,0x00,0x00,0x00,0x00,0x00,0x00,0x00,0x00,0x00,0x00,0x00,0x00,0x00,0x00,0x00,0x00,0x00,0x00,0x00,0x00,0x00,0x00,0x00,
    0x00,0x00,0x00,0x00,0x00,0x00,0x00,0x00,0x00,0x00,0x00,0x00,0x00,0x00,0x00,0x00,0x00,0x00,0x00,0x00,0x00,0x00,0x00,0x00,0x00,0x00,0x00,0x00,0x00,0x00,0x00,0x00,
    0x00,0x00,0x00,0x00,0x00,0x00,0x00,0x00,0x00,0x00,0x00,0x00,0x00,0x00,0x00,0x00,0x00,0x00,0x00,0x00,0x00,0x00,0x00,0x00,0x00,0x00,0x00,0x00,0x00,0x00,0x00,0x00,
    0x00,0x00,0x00,0x00,0x00,0x00,0x00,0x00,0x00,0x00,0x00,0x00,0x00,0x00,0x00,0x00,0x00,0x00,0x00,0x00,0x00,0x00,0x00,0x00,0x00,0x00,0x00,0x00,0x00,0x00,0x00,0x00,
    0x00,0x00,0x00,0x00,0x00,0x00,0x00,0x00,0x00,0x00,0x00,0x00,0x00,0x00,0x00,0x00,0x00,0x00,0x00,0x00,0x00,0x00,0x00,0x00,0x00,0x00,0x00,0x00,0x00,0x00,0x00,0x00,
    0x00,0x00,0x00,0x00,0x00,0x00,0x00,0x00,0x00,0x00,0x00,0x00,0x00,0x00,0x00,0x00,0x00,0x00,0x00,0x00,0x00,0x00,0x00,0x00,0x00,0x00,0x00,0x00,0x00,0x00,0x00,0x00,
    0x00,0x00,0x00,0x00,0x00,0x00,0x00,0x00,0x00,0x00,0x00,0x00,0x00,0x00,0x00,0x00,0x00,0x00,0x00,0x00,0x00,0x00,0x00,0x00,0x00,0x00,0x00,0x00,0x00,0x00,0x00,0x00,
    0x00,0x00,0x00,0x00,0x00,0x00,0x00,0x00,0x00,0x00,0x00,0x00,0x00,0x00,0x00,0x00,0x00,0x00,0x00,0x00,0x00,0x00,0x00,0x00,0x00,0x00,0x00,0x00,0x00,0x00,0x00,0x00,
    0x00,0x00,0x00,0x00,0x00,0x00,0x00,0x00,0x00,0x00,0x00,0x00,0x00,0x00,0x00,0x00,0x00,0x00,0x00,0x00,0x00,0x00,0x00,0x00,0x00,0x00,0x00,0x00,0x00,0x00,0x00,0x00,
    0x00,0x00,0x00,0x00,0x00,0x00,0x00,0x00,0x00,0x00,0x00,0x00,0x00,0x00,0x00,0x00,0x00,0x00,0x00,0x00,0x00,0x00,0x00,0x00,0x00,0x00,0x00,0x00,0x00,0x00,0x00,0x00,
    0x00,0x00,0x00,0x00,0x00,0x00,0x00,0x00,0x00,0x00,0x00,0x00,0x00,0x00,0x00,0x00,0x00,0x00,0x00,0x00,0x00,0x00,0x00,0x00,0x00,0x00,0x00,0x00,0x00,0x00,0x00,0x00,
    0x00,0x00,0x00,0x00,0x00,0x00,0x00,0x00,0x00,0x00,0x00,0x00,0x00,0x00,0x00,0x00,0x00,0x00,0x00,0x00,0x00,0x00,0x00,0x00,0x00,0x00,0x00,0x00,0x00,0x00,0x00,0x00,
    0x00,0x00,0x00,0x00,0x00,0x00,0x00,0x00,0x00,0x00,0x00,0x00,0x00,0x00,0x00,0x00,0x00,0x00,0x00,0x00,0x00,0x00,0x00,0x00,0x00,0x00,0x00,0x00,0x00,0x00,0x00,0x00,
    0x00,0x00,0x00,0x00,0x00,0x00,0x00,0x00,0x00,0x00,0x00,0x00,0x00,0x00,0x00,0x00,0x00,0x00,0x00,0x00,0x00,0x00,0x00,0x00,0x00,0x00,0x00,0x00,0x00,0x00,0x00,0x00,
    0x00,0x00,0x00,0x00,0x00,0x00,0x00,0x00,0x00,0x00,0x00,0x00,0x00,0x00,0x00,0x00,0x00,0x00,0x00,0x00,0x00,0x00,0x00,0x00,0x00,0x00,0x00,0x00,0x00,0x00,0x00,0x00,
    0x00,0x00,0x00,0x00,0x00,0x00,0x00,0x00,0x00,0x00,0x00,0x00,0x00,0x00,0x00,0x00,0x00,0x00,0x00,0x00,0x00,0x00,0x00,0x00,0x00,0x00,0x00,0x00,0x00,0x00,0x00,0x00,
    0x00,0x00,0x00,0x00,0x00,0x00,0x00,0x00,0x00,0x00,0x00,0x00,0x00,0x00,0x00,0x00,0x00,0x00,0x00,0x00,0x00,0x00,0x00,0x00,0x00,0x00,0x00,0x00,0x00,0x00,0x00,0x00,
    0x00,0x00,0x00,0x00,0x00,0x00,0x00,0x00,0x00,0x00,0x00,0x00,0x00,0x00,0x00,0x00,0x00,0x00,0x00,0x00,0x00,0x00,0x00,0x00,0x00,0x00,0x00,0x00,0x00,0x00,0x00,0x00,
    0x00,0x00,0x00,0x00,0x00,0x00,0x00,0x00,0x00,0x00,0x00,0x00,0x00,0x00,0x00,0x00,0x00,0x00,0x00,0x00,0x00,0x00,0x00,0x00,0x00,0x00,0x00,0x00,0x00,0x00,0x00,0x00,
    0x00,0x00,0x00,0x00,0x00,0x00,0x00,0x00,0x00,0x00,0x00,0x00,0x00,0x00,0x00,0x00,0x00,0x00,0x00,0x00,0x00,0x00,0x00,0x00,0x00,0x00,0x00,0x00,0x00,0x00,0x00,0x00,
    0x00,0x00,0x00,0x00,0x00,0x00,0x00,0x00,0x00,0x00,0x00,0x00,0x00,0x00,0x00,0x00,0x00,0x00,0x00,0x00,0x00,0x00,0x00,0x00,0x00,0x00,0x00,0x00,0x00,0x00,0x00,0x00,
    0x00,0x00,0x00,0x00,0x00,0x00,0x00,0x00,0x00,0x00,0x00,0x00,0x00,0x00,0x00,0x00,0x00,0x00,0x00,0x00,0x00,0x00,0x00,0x00,0x00,0x00,0x00,0x00,0x00,0x00,0x00,0x00,
    0x00,0x00,0x00,0x00,0x00,0x00,0x00,0x00,0x00,0x00,0x00,0x00,0x00,0x00,0x00,0x00,0x00,0x00,0x00,0x00,0x00,0x00,0x00,0x00,0x00,0x00,0x00,0x00,0x00,0x00,0x00,0x00,
    0x00,0x00,0x00,0x00,0x00,0x00,0x00,0x00,0x00,0x00,0x00,0x00,0x00,0x00,0x00,0x00,0x00,0x00,0x00,0x00,0x00,0x00,0x00,0x00,0x00,0x00,0x00,0x00,0x00,0x00,0x00,0x00,
    0x00,0x00,0x00,0x00,0x00,0x00,0x00,0x00,0x00,0x00,0x00,0x00,0x00,0x00,0x00,0x00,0x00,0x00,0x00,0x00,0x00,0x00,0x00,0x00,0x00,0x00,0x00,0x00,0x00,0x00,0x00,0x00,
    0x00,0x00,0x00,0x00,0x00,0x00,0x00,0x00,0x00,0x00,0x00,0x00,0x00,0x00,0x00,0x00,0x00,0x00,0x00,0x00,0x00,0x00,0x00,0x00,0x00,0x00,0x00,0x00,0x00,0x00,0x00,0x00,
    0x00,0x00,0x00,0x00,0x00,0x00,0x00,0x00,0x00,0x00,0x00,0x00,0x00,0x00,0x00,0x00,0x00,0x00,0x00,0x00,0x00,0x00,0x00,0x00,0x00,0x00,0x00,0x00,0x00,0x00,0x00,0x00,
    0x00,0x00,0x00,0x00,0x00,0x00,0x00,0x00,0x00,0x00,0x00,0x00,0x00,0x00,0x00,0x00,0x00,0x00,0x00,0x00,0x00,0x00,0x00,0x00,0x00,0x00,0x00,0x00,0x00,0x00,0x00,0x00,
    0x00,0x00,0x00,0x00,0x00,0x00,0x00,0x00,0x00,0x00,0x00,0x00,0x00,0x00,0x00,0x00,0x00,0x00,0x00,0x00,0x00,0x00,0x00,0x00,0x00,0x00,0x00,0x00,0x00,0x00,0x00,0x00,
    0x00,0x00,0x00,0x00,0x00,0x00,0x00,0x00,0x00,0x00,0x00,0x00,0x00,0x00,0x00,0x00,0x00,0x00,0x00,0x00,0x00,0x00,0x00,0x00,0x00,0x00,0x00,0x00,0x00,0x00,0x00,0x00,
    0x00,0x00,0x00,0x00,0x00,0x00,0x00,0x00,0x00,0x00,0x00,0x00,0x00,0x00,0x00,0x00,0x00,0x00,0x00,0x00,0x00,0x00,0x00,0x00,0x00,0x00,0x00,0x00,0x00,0x00,0x00,0x00,
    0x00,0x00,0x00,0x00,0x00,0x00,0x00,0x00,0x00,0x00,0x00,0x00,0x00,0x00,0x00,0x00,0x00,0x00,0x00,0x00,0x00,0x00,0x00,0x00,0x00,0x00,0x00,0x00,0x00,0x00,0x00,0x00,
    0x00,0x00,0x00,0x00,0x00,0x00,0x00,0x00,0x00,0x00,0x00,0x00,0x00,0x00,0x00,0x00,0x00,0x00,0x00,0x00,0x00,0x00,0x00,0x00,0x00,0x00,0x00,0x00,0x00,0x00,0x00,0x00,
    0x00,0x00,0x00,0x00,0x00,0x00,0x00,0x00,0x00,0x00,0x00,0x00,0x00,0x00,0x00,0x00,0x00,0x00,0x00,0x00,0x00,0x00,0x00,0x00,0x00,0x00,0x00,0x00,0x00,0x00,0x00,0x00,
    0x00,0x00,0x00,0x00,0x00,0x00,0x00,0x00,0x00,0x00,0x00,0x00,0x00,0x00,0x00,0x00,0x00,0x00,0x00,0x00,0x00,0x00,0x00,0x00,0x00,0x00,0x00,0x00,0x00,0x00,0x00,0x00,
    0x00,0x00,0x00,0x00,0x00,0x00,0x00,0x00,0x00,0x00,0x00,0x00,0x00,0x00,0x00,0x00,0x00,0x00,0x00,0x00,0x00,0x00,0x00,0x00,0x00,0x00,0x00,0x00,0x00,0x00,0x00,0x00,
    0x00,0x00,0x00,0x00,0x00,0x00,0x00,0x00,0x00,0x00,0x00,0x00,0x00,0x00,0x00,0x00,0x00,0x00,0x00,0x00,0x00,0x00,0x00,0x00,0x00,0x00,0x00,0x00,0x00,0x00,0x00,0x00,
    0x00,0x00,0x00,0x00,0x00,0x00,0x00,0x00,0x00,0x00,0x00,0x00,0x00,0x00,0x00,0x00,0x00,0x00,0x00,0x00,0x00,0x00,0x00,0x00,0x00,0x00,0x00,0x00,0x00,0x00,0x00,0x00,
    0x00,0x00,0x00,0x00,0x00,0x00,0x00,0x00,0x00,0x00,0x00,0x00,0x00,0x00,0x00,0x00,0x00,0x00,0x00,0x00,0x00,0x00,0x00,0x00,0x00,0x00,0x00,0x00,0x00,0x00,0x00,0x00,
    0x00,0x00,0x00,0x00,0x00,0x00,0x00,0x00,0x00,0x00,0x00,0x00,0x00,0x00,0x00,0x00,0x00,0x00,0x00,0x00,0x00,0x00,0x00,0x00,0x00,0x00,0x00,0x00,0x00,0x00,0x00,0x00,
    0x00,0x00,0x00,0x00,0x00,0x00,0x00,0x00,0x00,0x00,0x00,0x00,0x00,0x00,0x00,0x00,0x00,0x00,0x00,0x00,0x00,0x00,0x00,0x00,0x00,0x00,0x00,0x00,0x00,0x00,0x00,0x00,
    0x00,0x00,0x00,0x00,0x00,0x00,0x00,0x00,0x00,0x00,0x00,0x00,0x00,0x00,0x00,0x00,0x00,0x00,0x00,0x00,0x00,0x00,0x00,0x00,0x00,0x00,0x00,0x00,0x00,0x00,0x00,0x00,
    0x00,0x00,0x00,0x00,0x00,0x00,0x00,0x00,0x00,0x00,0x00,0x00,0x00,0x00,0x00,0x00,0x00,0x00,0x00,0x00,0x00,0x00,0x00,0x00,0x00,0x00,0x00,0x00,0x00,0x00,0x00,0x00,
    0x00,0x00,0x00,0x00,0x00,0x00,0x00,0x00,0x00,0x00,0x00,0x00,0x00,0x00,0x00,0x00,0x00,0x00,0x00,0x00,0x00,0x00,0x00,0x00,0x00,0x00,0x00,0x00,0x00,0x00,0x00,0x00,
    0x00,0x00,0x00,0x00,0x00,0x00,0x00,0x00,0x00,0x00,0x00,0x00,0x00,0x00,0x00,0x00,0x00,0x00,0x00,0x00,0x00,0x00,0x00,0x00,0x00,0x00,0x00,0x00,0x00,0x00,0x00,0x00,
    0x00,0x00,0x00,0x00,0x00,0x00,0x00,0x00,0x00,0x00,0x00,0x00,0x00,0x00,0x00,0x00,0x00,0x00,0x00,0x00,0x00,0x00,0x00,0x00,0x00,0x00,0x00,0x00,0x00,0x00,0x00,0x00,
    0x00,0x00,0x00,0x00,0x00,0x00,0x00,0x00,0x00,0x00,0x00,0x00,0x00,0x00,0x00,0x00,0x00,0x00,0x00,0x00,0x00,0x00,0x00,0x00,0x00,0x00,0x00,0x00,0x00,0x00,0x00,0x00,
    0x00,0x00,0x00,0x00,0x00,0x00,0x00,0x00,0x00,0x00,0x00,0x00,0x00,0x00,0x00,0x00,0x00,0x00,0x00,0x00,0x00,0x00,0x00,0x00,0x00,0x00,0x00,0x00,0x00,0x00,0x00,0x00,
    0x00,0x00,0x00,0x00,0x00,0x00,0x00,0x00,0x00,0x00,0x00,0x00,0x00,0x00,0x00,0x00,0x00,0x00,0x00,0x00,0x00,0x00,0x00,0x00,0x00,0x00,0x00,0x00,0x00,0x00,0x00,0x00,
    0x00,0x00,0x00,0x00,0x00,0x00,0x00,0x00,0x00,0x00,0x00,0x00,0x00,0x00,0x00,0x00,0x00,0x00,0x00,0x00,0x00,0x00,0x00,0x00,0x00,0x00,0x00,0x00,0x00,0x00,0x00,0x00,
    0x00,0x00,0x00,0x00,0x00,0x00,0x00,0x00,0x00,0x00,0x00,0x00,0x00,0x00,0x00,0x00,0x00,0x00,0x00,0x00,0x00,0x00,0x00,0x00,0x00,0x00,0x00,0x00,0x00,0x00,0x00,0x00,
    0x00,0x00,0x00,0x00,0x00,0x00,0x00,0x00,0x00,0x00,0x00,0x00,0x00,0x00,0x00,0x00,0x00,0x00,0x00,0x00,0x00,0x00,0x00,0x00,0x00,0x00,0x00,0x00,0x00,0x00,0x00,0x00,
    0x00,0x00,0x00,0x00,0x00,0x00,0x00,0x00,0x00,0x00,0x00,0x00,0x00,0x00,0x00,0x00,0x00,0x00,0x00,0x00,0x00,0x00,0x00,0x00,0x00,0x00,0x00,0x00,0x00,0x00,0x00,0x00,
    0x00,0x00,0x00,0x00,0x00,0x00,0x00,0x00,0x00,0x00,0x00,0x00,0x00,0x00,0x00,0x00,0x00,0x00,0x00,0x00,0x00,0x00,0x00,0x00,0x00,0x00,0x00,0x00,0x00,0x00,0x00,0x00,
    0x00,0x00,0x00,0x00,0x00,0x00,0x00,0x00,0x00,0x00,0x00,0x00,0x00,0x00,0x00,0x00,0x00,0x00,0x00,0x00,0x00,0x00,0x00,0x00,0x00,0x00,0x00,0x00,0x00,0x00,0x00,0x00,
    0x00,0x00,0x00,0x00,0x00,0x00,0x00,0x00,0x00,0x00,0x00,0x00,0x00,0x00,0x00,0x00,0x00,0x00,0x00,0x00,0x00,0x00,0x00,0x00,0x00,0x00,0x00,0x00,0x00,0x00,0x00,0x00,
    0x00,0x00,0x00,0x00,0x00,0x00,0x00,0x00,0x00,0x00,0x00,0x00,0x00,0x00,0x00,0x00,0x00,0x00,0x00,0x00,0x00,0x00,0x00,0x00,0x00,0x00,0x00,0x00,0x00,0x00,0x00,0x00,
    0x00,0x00,0x00,0x00,0x00,0x00,0x00,0x00,0x00,0xff,0xff,0x01,0x00,0xff,0xff,0x01,0x00,0xff,0xff,0x01,0x00,0xff,0xff,0x01,0x00,0xff,0xff,0x01,0x00,0xff,0xff,0x01,
    0x00,0xff,0xff,0x01,0x00,0xff,0xff,0x01,0x00,0xff,0xff,0x01,0x00,0xff,0xff,0x01,0x00,0xff,0xff,0x01,0x00,0xff,0xff,0x01,0x00,0x00,0x00,0x00,0x00,0x00,0x00,0x00,
    0x00,0x00,0x00,0x00,0x00,0x00,0x00,0x00,0x00,0x00,0x00,0x00,0x00,0x00,0x00,0x00,0x00,0x00,0x00,0x00,0x00,0x00,0x00,0x00,0x00,0x00,0x00,0x00,0x00,0x00,0x00,0x00,
    0x00,0x00,0x00,0x00,0x00,0x00,0x00,0x00,0x00,0x00,0x00,0x00,0x00,0x00,0x00,0x00,0x00,0x00,0x00,0x00,0x00,0x00,0x00,0x00,0x00,0x00,0x00,0x00,0x00,0x00,0x00,0x00,
    0x00,0x00,0x00,0x00,0x00,0x00,0x00,0x00,0x00,0x00,0x00,0x00,0x00,0x00,0x00,0x00,0x00,0x00,0x00,0x00,0x00,0x00,0x00,0x00,0x00,0x00,0x00,0x00,0x00,0x00,0x00,0x00,
    0x00,0x00,0x00,0x00,0x00,0x00,0x00,0x00,0x00,0x00,0x00,0x00,0x00,0x00,0x00,0x00,0x00,0x00,0x00,0x00,0x00,0x00,0x00,0x00,0x00,0x00,0x00,0x00,0x00,0x00,0x00,0x00,
    0x00,0x00,0x00,0x00,0x00,0x00,0x00,0x00,0x00,0x00,0x00,0x00,0x00,0x00,0x00,0x00,0x00,0x00,0x00,0x00,0x00,0x00,0x00,0x00,0x00,0x00,0x00,0x00,0x00,0x00,0x00,0x00,
    0x00,0x00,0x00,0x00,0x00,0x00,0x00,0x00,0x00,0x00,0x00,0x00,0x00,0x00,0x00,0x00,0x00,0x00,0x00,0x00,0x00,0x00,0x00,0x00,0x00,0x00,0x00,0x00,0x00,0x00,0x00,0x00,
    0x00,0x00,0x00,0x00,0x00,0x00,0x00,0x00,0x00,0x00,0x00,0x00,0x00,0x00,0x00,0x00,0x00,0x00,0x00,0x00,0x00,0x00,0x00,0x00,0x00,0x00,0x00,0x00,0x00,0x00,0x00,0x00,
    0x00,0x00,0x00,0x00,0x00,0x00,0x00,0x00,0x00,0x00,0x00,0x00,0x00,0x00,0x00,0x00,0x00,0x00,0x00,0x00,0x00,0x00,0x00,0x00,0x00,0x00,0x00,0x00,0x00,0x00,0x00,0x00,
    0x00,0x00,0x00,0x00,0x00,0x00,0x00,0x00,0x00,0x00,0x00,0x00,0x00,0x00,0x00,0x00,0x00,0x00,0x00,0x00,0x00,0x00,0x00,0x00,0x00,0x00,0x00,0x00,0x00,0x00,0x00,0x00,
    0x00,0x00,0x00,0x00,0x00,0x00,0x00,0x00,0x00,0x00,0x00,0x00,0x00,0x00,0x00,0x00,0x00,0x00,0x00,0x00,0x00,0x00,0x00,0x00,0x00,0x00,0x00,0x00,0x00,0x00,0x00,0x00,
    0x00,0x00,0x00,0x00,0x00,0x00,0x00,0x00,0x00,0x00,0x00,0x00,0x00,0x00,0x00,0x00,0x00,0x00,0x00,0x00,0x00,0x00,0x00,0x00,0x00,0x00,0x00,0x00,0x00,0x00,0x00,0x00,
    0x00,0x00,0x00,0x00,0x00,0x00,0x00,0x00,0x00,0x00,0x00,0x00,0x00,0x00,0x00,0x00,0x00,0x00,0x00,0x00,0x00,0x00,0x00,0x00,0x00,0x00,0x00,0x00,0x00,0x00,0x00,0x00,
    0x00,0x00,0x00,0x00,0x00,0x00,0x00,0x00,0x00,0x00,0x00,0x00,0x00,0x00,0x00,0x00,0x00,0x00,0x00,0x00,0x00,0x00,0x00,0x00,0x00,0x00,0x00,0x00,0x00,0x00,0x00,0x00,
    0x00,0x00,0x00,0x00,0x00,0x00,0x00,0x00,0x00,0x00,0x00,0x00,0x00,0x00,0x00,0x00,0x00,0x00,0x00,0x00,0x00,0x00,0x00,0x00,0x00,0x00,0x00,0x00,0x00,0x00,0x00,0x00,
    0x00,0x00,0x00,0x00,0x00,0x00,0x00,0x00,0x00,0x00,0x00,0x00,0x00,0x00,0x00,0x00,0x00,0x00,0x00,0x00,0x00,0x00,0x00,0x00,0x00,0x00,0x00,0x00,0x00,0x00,0x00,0x00,
    0x00,0x00,0x00,0x00,0x00,0x00,0x00,0x00,0x00,0x00,0x00,0x00,0x00,0x00,0x00,0x00,0x00,0x00,0x00,0x00,0x00,0x00,0x00,0x00,0x00,0x00,0x00,0x00,0x00,0x00,0x00,0x00,
    0x00,0x00,0x00,0x00,0x00,0x00,0x00,0x00,0x00,0x00,0x00,0x00,0x00,0x00,0x00,0x00,0x00,0x00,0x00,0x00,0x00,0x00,0x00,0x00,0x00,0x00,0x00,0x00,0x00,0x00,0x00,0x00,
    0x00,0x00,0x00,0x00,0x00,0x00,0x00,0x00,0x00,0x00,0x00,0x00,0x00,0xff,0xff,0x02,0x00,0xbf,0xbf,0x04,0x00,0xbf,0xff,0x04,0x00,0xaa,0xff,0x03,0x00,0xff,0xff,0x02,
    0x00,0xff,0xff,0x02,0x00,0x7f,0xff,0x02,0x00,0x00,0x00,0x00,0x00,0x00,0x00,0x00,0x00,0x00,0x00,0x00,0x00,0x00,0x00,0x00,0x00,0x00,0x00,0x00,0x00,0x00,0x00,0x00,
    0x00,0x00,0x00,0x00,0x00,0x00,0x00,0x00,0x00,0x00,0x00,0x00,0x00,0x00,0x00,0x00,0x00,0x00,0x00,0x00,0x00,0x00,0x00,0x00,0x00,0x7f,0xff,0x02,0x00,0xff,0xff,0x02,
    0x00,0xff,0xff,0x02,0x00,0xaa,0xff,0x03,0x00,0xbf,0xff,0x04,0x00,0xbf,0xff,0x04,0x00,0x7f,0xff,0x02,0x00,0x00,0x00,0x00,0x00,0x00,0x00,0x00,0x00,0x00,0x00,0x00,
    0x00,0x00,0x00,0x00,0x00,0x00,0x00,0x00,0x00,0x00,0x00,0x00,0x00,0x00,0x00,0x00,0x00,0x00,0x00,0x00,0x00,0x00,0x00,0x00,0x00,0x00,0x00,0x00,0x00,0x00,0x00,0x00,
    0x00,0x00,0x00,0x00,0x00,0x00,0x00,0x00,0x00,0x00,0x00,0x00,0x00,0x00,0x00,0x00,0x00,0x00,0x00,0x00,0x00,0x00,0x00,0x00,0x00,0x00,0x00,0x00,0x00,0x00,0x00,0x00,
    0x00,0x00,0x00,0x00,0x00,0x00,0x00,0x00,0x00,0x00,0x00,0x00,0x00,0x00,0x00,0x00,0x00,0x00,0x00,0x00,0x00,0x00,0x00,0x00,0x00,0x00,0x00,0x00,0x00,0x00,0x00,0x00,
    0x00,0x00,0x00,0x00,0x00,0x00,0x00,0x00,0x00,0x00,0x00,0x00,0x00,0x00,0x00,0x00,0x00,0x00,0x00,0x00,0x00,0x00,0x00,0x00,0x00,0x00,0x00,0x00,0x00,0x00,0x00,0x00,
    0x00,0x00,0x00,0x00,0x00,0x00,0x00,0x00,0x00,0x00,0x00,0x00,0x00,0x00,0x00,0x00,0x00,0x00,0x00,0x00,0x00,0x00,0x00,0x00,0x00,0x00,0x00,0x00,0x00,0x00,0x00,0x00,
    0x00,0x00,0x00,0x00,0x00,0x00,0x00,0x00,0x00,0x00,0x00,0x00,0x00,0x00,0x00,0x00,0x00,0x00,0x00,0x00,0x00,0x00,0x00,0x00,0x00,0x00,0x00,0x00,0x00,0x00,0x00,0x00,
    0x00,0x00,0x00,0x00,0x00,0x00,0x00,0x00,0x00,0x00,0x00,0x00,0x00,0x00,0x00,0x00,0x00,0x00,0x00,0x00,0x00,0x00,0x00,0x00,0x00,0x00,0x00,0x00,0x00,0x00,0x00,0x00,
    0x00,0x00,0x00,0x00,0x00,0x00,0x00,0x00,0x00,0x00,0x00,0x00,0x00,0x00,0x00,0x00,0x00,0x00,0x00,0x00,0x00,0x00,0x00,0x00,0x00,0x00,0x00,0x00,0x00,0x00,0x00,0x00,
    0x00,0x00,0x00,0x00,0x00,0x00,0x00,0x00,0x00,0x00,0x00,0x00,0x00,0x00,0x00,0x00,0x00,0x00,0x00,0x00,0x00,0x00,0x00,0x00,0x00,0x00,0x00,0x00,0x00,0x00,0x00,0x00,
    0x00,0x00,0x00,0x00,0x00,0x00,0x00,0x00,0x00,0x00,0x00,0x00,0x00,0x00,0x00,0x00,0x00,0x00,0x00,0x00,0x00,0x00,0x00,0x00,0x00,0x00,0x00,0x00,0x00,0x00,0x00,0x00,
    0x00,0x00,0x00,0x00,0x00,0x00,0x00,0x00,0x00,0x00,0x00,0x00,0x00,0x00,0x00,0x00,0x00,0x00,0x00,0x00,0x00,0x00,0x00,0x00,0x00,0x00,0x00,0x00,0x00,0x00,0x00,0x00,
    0x00,0x00,0x00,0x00,0x00,0x00,0x00,0x00,0x00,0x00,0x00,0x00,0x00,0x00,0x00,0x00,0x00,0x00,0x00,0x00,0x00,0x00,0x00,0x00,0x00,0x00,0x00,0x00,0x00,0x00,0x00,0x00,
    0x00,0x00,0x00,0x00,0x00,0x00,0x00,0x00,0x00,0x00,0x00,0x00,0x00,0x00,0x00,0x00,0x00,0x00,0x00,0x00,0x00,0x00,0x00,0x00,0x00,0x00,0x00,0x00,0x00,0x00,0x00,0x00,
    0x00,0x00,0x00,0x00,0x00,0x00,0x00,0x00,0x00,0x00,0x00,0x00,0x00,0x00,0x00,0x00,0x00,0x00,0x00,0x00,0x00,0x00,0x00,0x00,0x00,0x00,0x00,0x00,0x00,0x00,0x00,0x00,
    0x00,0x00,0x00,0x00,0x00,0x00,0x00,0x00,0x00,0x00,0x00,0x00,0x00,0x00,0x00,0x00,0x00,0x00,0x00,0x00,0x00,0x00,0x00,0x00,0x00,0x00,0x00,0x00,0x00,0x00,0x00,0x00,
    0x00,0x00,0x00,0x00,0x00,0x00,0x00,0x00,0x00,0x00,0x00,0x00,0x00,0x00,0x00,0x00,0x00,0x00,0x00,0x00,0x00,0xff,0xff,0x01,0x00,0xff,0xff,0x01,0x00,0xaa,0xff,0x03,
    0x00,0xbf,0xbf,0x04,0x00,0xff,0xff,0x02,0x00,0x00,0xff,0x01,0x00,0x00,0x00,0x00,0x00,0x00,0x00,0x00,0x00,0x00,0x00,0x00,0x00,0x00,0x00,0x00,0x00,0x00,0x00,0x00,
    0x00,0x00,0x00,0x00,0x00,0x00,0x00,0x00,0x00,0xbb,0xdd,0x0f,0x00,0xc3,0xf0,0x11,0x00,0xbf,0xef,0x10,0x00,0xb4,0xe1,0x11,0x00,0xb4,0xf0,0x11,0x00,0xb4,0xf0,0x11,
    0x00,0xb4,0xf0,0x11,0x00,0xb4,0xf0,0x11,0x00,0xb4,0xf0,0x11,0x00,0xbf,0xff,0x10,0x00,0xb4,0xf0,0x11,0x00,0xbb,0xee,0x0f,0x00,0x00,0x00,0x00,0x00,0x00,0x00,0x00,
    0x00,0x00,0x00,0x00,0x00,0x00,0x00,0x00,0x00,0x00,0x00,0x00,0x00,0x00,0x00,0x00,0x00,0x00,0x00,0x00,0x00,0x00,0xff,0x01,0x00,0x7f,0xff,0x02,0x00,0xbf,0xff,0x04,
    0x00,0xaa,0xff,0x03,0x00,0xff,0xff,0x01,0x00,0xff,0xff,0x01,0x00,0x00,0x00,0x00,0x00,0x00,0x00,0x00,0x00,0x00,0x00,0x00,0x00,0x00,0x00,0x00,0x00,0x00,0x00,0x00,
    0x00,0x00,0x00,0x00,0x00,0x00,0x00,0x00,0x00,0x00,0x00,0x00,0x00,0x00,0x00,0x00,0x00,0x00,0x00,0x00,0x00,0x00,0x00,0x00,0x00,0x00,0x00,0x00,0x00,0x00,0x00,0x00,
    0x00,0x00,0x00,0x00,0x00,0x00,0x00,0x00,0x00,0x00,0x00,0x00,0x00,0x00,0x00,0x00,0x00,0x00,0x00,0x00,0x00,0x00,0x00,0x00,0x00,0x00,0x00,0x00,0x00,0x00,0x00,0x00,
    0x00,0x00,0x00,0x00,0x00,0x00,0x00,0x00,0x00,0x00,0x00,0x00,0x00,0x00,0x00,0x00,0x00,0x00,0x00,0x00,0x00,0x00,0x00,0x00,0x00,0x00,0x00,0x00,0x00,0x00,0x00,0x00,
    0x00,0x00,0x00,0x00,0x00,0x00,0x00,0x00,0x00,0x00,0x00,0x00,0x00,0x00,0x00,0x00,0x00,0x00,0x00,0x00,0x00,0x00,0x00,0x00,0x00,0x00,0x00,0x00,0x00,0x00,0x00,0x00,
    0x00,0x00,0x00,0x00,0x00,0x00,0x00,0x00,0x00,0x00,0x00,0x00,0x00,0x00,0x00,0x00,0x00,0x00,0x00,0x00,0x00,0x00,0x00,0x00,0x00,0x00,0x00,0x00,0x00,0x00,0x00,0x00,
    0x00,0x00,0x00,0x00,0x00,0x00,0x00,0x00,0x00,0x00,0x00,0x00,0x00,0x00,0x00,0x00,0x00,0x00,0x00,0x00,0x00,0x00,0x00,0x00,0x00,0x00,0x00,0x00,0x00,0x00,0x00,0x00,
    0x00,0x00,0x00,0x00,0x00,0x00,0x00,0x00,0x00,0x00,0x00,0x00,0x00,0x00,0x00,0x00,0x00,0x00,0x00,0x00,0x00,0x00,0x00,0x00,0x00,0x00,0x00,0x00,0x00,0x00,0x00,0x00,
    0x00,0x00,0x00,0x00,0x00,0x00,0x00,0x00,0x00,0x00,0x00,0x00,0x00,0x00,0x00,0x00,0x00,0x00,0x00,0x00,0x00,0x00,0x00,0x00,0x00,0x00,0x00,0x00,0x00,0x00,0x00,0x00,
    0x00,0x00,0x00,0x00,0x00,0x00,0x00,0x00,0x00,0x00,0x00,0x00,0x00,0x00,0x00,0x00,0x00,0x00,0x00,0x00,0x00,0x00,0x00,0x00,0x00,0x00,0x00,0x00,0x00,0x00,0x00,0x00,
    0x00,0x00,0x00,0x00,0x00,0x00,0x00,0x00,0x00,0x00,0x00,0x00,0x00,0x00,0x00,0x00,0x00,0x00,0x00,0x00,0x00,0x00,0x00,0x00,0x00,0x00,0x00,0x00,0x00,0x00,0x00,0x00,
    0x00,0x00,0x00,0x00,0x00,0x00,0x00,0x00,0x00,0x00,0x00,0x00,0x00,0x00,0x00,0x00,0x00,0x00,0x00,0x00,0x00,0x00,0x00,0x00,0x00,0x00,0x00,0x00,0x00,0x00,0x00,0x00,
    0x00,0x00,0x00,0x00,0x00,0x00,0x00,0x00,0x00,0x00,0x00,0x00,0x00,0x00,0x00,0x00,0x00,0x00,0x00,0x00,0x00,0x00,0x00,0x00,0x00,0x00,0x00,0x00,0x00,0x00,0x00,0x00,
    0x00,0x00,0x00,0x00,0x00,0x00,0x00,0x00,0x00,0x00,0x00,0x00,0x00,0x00,0x00,0x00,0x00,0x00,0x00,0x00,0x00,0x00,0x00,0x00,0x00,0x00,0x00,0x00,0x00,0x00,0x00,0x00,
    0x00,0x00,0x00,0x00,0x00,0x00,0x00,0x00,0x00,0x00,0x00,0x00,0x00,0x00,0x00,0x00,0x00,0x00,0x00,0x00,0x00,0x00,0x00,0x00,0x00,0x00,0x00,0x00,0x00,0x00,0x00,0x00,
    0x00,0x00,0x00,0x00,0x00,0x00,0x00,0x00,0x00,0xff,0xff,0x02,0x00,0xbf,0xbf,0x04,0x00,0xaa,0xaa,0x03,0x00,0x00,0x00,0x00,0x00,0x00,0x00,0x00,0x00,0x00,0x00,0x00,
    0x00,0x00,0x00,0x00,0x00,0x00,0x00,0x00,0x00,0x00,0x00,0x00,0x0c,0xc7,0xec,0x29,0x0a,0xc5,0xec,0x61,0x08,0xc4,0xee,0x7f,0x07,0xbe,0xe7,0xad,0x06,0xc2,0xec,0xbe,
    0x05,0xbf,0xea,0xbd,0x03,0xbe,0xec,0xc1,0x03,0xbe,0xee,0xeb,0x02,0xbf,0xf1,0xee,0x01,0xbf,0xf2,0xee,0x00,0xbe,0xf3,0xee,0x00,0xbe,0xf4,0xee,0x00,0xbd,0xf4,0xee,
    0x00,0xbc,0xf4,0xee,0x00,0xbb,0xf4,0xee,0x01,0xbb,0xf4,0xee,0x01,0xba,0xf4,0xee,0x01,0xba,0xf4,0xee,0x01,0xb8,0xf3,0xeb,0x01,0xb6,0xf3,0xc1,0x02,0xb6,0xf2,0xbd,
    0x01,0xb7,0xf6,0xbe,0x01,0xb3,0xf3,0xad,0x02,0xba,0xf8,0x7f,0x02,0xba,0xf9,0x61,0x00,0xba,0xf8,0x29,0x00,0x00,0x00,0x00,0x00,0x00,0x00,0x00,0x00,0x00,0x00,0x00,
    0x00,0x00,0x00,0x00,0x00,0x00,0x00,0x00,0x00,0x00,0x00,0x00,0x00,0xaa,0xff,0x03,0x00,0x7f,0xff,0x04,0x00,0x7f,0xff,0x02,0x00,0x00,0x00,0x00,0x00,0x00,0x00,0x00,
    0x00,0x00,0x00,0x00,0x00,0x00,0x00,0x00,0x00,0x00,0x00,0x00,0x00,0x00,0x00,0x00,0x00,0x00,0x00,0x00,0x00,0x00,0x00,0x00,0x00,0x00,0x00,0x00,0x00,0x00,0x00,0x00,
    0x00,0x00,0x00,0x00,0x00,0x00,0x00,0x00,0x00,0x00,0x00,0x00,0x00,0x00,0x00,0x00,0x00,0x00,0x00,0x00,0x00,0x00,0x00,0x00,0x00,0x00,0x00,0x00,0x00,0x00,0x00,0x00,
    0x00,0x00,0x00,0x00,0x00,0x00,0x00,0x00,0x00,0x00,0x00,0x00,0x00,0x00,0x00,0x00,0x00,0x00,0x00,0x00,0x00,0x00,0x00,0x00,0x00,0x00,0x00,0x00,0x00,0x00,0x00,0x00,
    0x00,0x00,0x00,0x00,0x00,0x00,0x00,0x00,0x00,0x00,0x00,0x00,0x00,0x00,0x00,0x00,0x00,0x00,0x00,0x00,0x00,0x00,0x00,0x00,0x00,0x00,0x00,0x00,0x00,0x00,0x00,0x00,
    0x00,0x00,0x00,0x00,0x00,0x00,0x00,0x00,0x00,0x00,0x00,0x00,0x00,0x00,0x00,0x00,0x00,0x00,0x00,0x00,0x00,0x00,0x00,0x00,0x00,0x00,0x00,0x00,0x00,0x00,0x00,0x00,
    0x00,0x00,0x00,0x00,0x00,0x00,0x00,0x00,0x00,0x00,0x00,0x00,0x00,0x00,0x00,0x00,0x00,0x00,0x00,0x00,0x00,0x00,0x00,0x00,0x00,0x00,0x00,0x00,0x00,0x00,0x00,0x00,
    0x00,0x00,0x00,0x00,0x00,0x00,0x00,0x00,0x00,0x00,0x00,0x00,0x00,0x00,0x00,0x00,0x00,0x00,0x00,0x00,0x00,0x00,0x00,0x00,0x00,0x00,0x00,0x00,0x00,0x00,0x00,0x00,
    0x00,0x00,0x00,0x00,0x00,0x00,0x00,0x00,0x00,0x00,0x00,0x00,0x00,0x00,0x00,0x00,0x00,0x00,0x00,0x00,0x00,0x00,0x00,0x00,0x00,0x00,0x00,0x00,0x00,0x00,0x00,0x00,
    0x00,0x00,0x00,0x00,0x00,0x00,0x00,0x00,0x00,0x00,0x00,0x00,0x00,0x00,0x00,0x00,0x00,0x00,0x00,0x00,0x00,0x00,0x00,0x00,0x00,0x00,0x00,0x00,0x00,0x00,0x00,0x00,
    0x00,0x00,0x00,0x00,0x00,0x00,0x00,0x00,0x00,0x00,0x00,0x00,0x00,0x00,0x00,0x00,0x00,0x00,0x00,0x00,0x00,0x00,0x00,0x00,0x00,0x00,0x00,0x00,0x00,0x00,0x00,0x00,
    0x00,0x00,0x00,0x00,0x00,0x00,0x00,0x00,0x00,0x00,0x00,0x00,0x00,0x00,0x00,0x00,0x00,0x00,0x00,0x00,0x00,0x00,0x00,0x00,0x00,0x00,0x00,0x00,0x00,0x00,0x00,0x00,
    0x00,0x00,0x00,0x00,0x00,0x00,0x00,0x00,0x00,0x00,0x00,0x00,0x00,0x00,0x00,0x00,0x00,0x00,0x00,0x00,0x00,0x00,0x00,0x00,0x00,0x00,0x00,0x00,0x00,0x00,0x00,0x00,
    0x00,0x00,0x00,0x00,0x00,0x00,0x00,0x00,0x00,0x00,0x00,0x00,0x00,0x00,0x00,0x00,0x00,0x00,0x00,0x00,0x00,0x00,0x00,0x00,0x00,0x00,0x00,0x00,0x00,0x00,0x00,0x00,
    0x00,0x00,0x00,0x00,0x00,0x00,0x00,0x00,0x00,0x00,0x00,0x00,0x00,0x00,0x00,0x00,0x00,0x00,0x00,0x00,0x00,0x00,0x00,0x00,0x00,0x00,0x00,0x00,0x00,0xff,0xff,0x01,
    0x00,0xff,0xff,0x03,0x00,0x00,0x00,0x01,0x00,0x00,0x00,0x00,0x00,0x00,0x00,0x00,0x00,0x00,0x00,0x00,0x19,0xcc,0xe5,0x0a,0x0c,0xcc,0xf2,0x14,0x0d,0xbd,0xde,0x4e,
    0x0c,0xc4,0xe4,0x90,0x0c,0xc2,0xe4,0xbd,0x0a,0xbe,0xe3,0xca,0x09,0xc0,0xe6,0xfd,0x09,0xcc,0xf6,0xff,0x08,0xcd,0xf9,0xff,0x07,0xca,0xf8,0xff,0x05,0xc9,0xf9,0xff,
    0x04,0xc9,0xfb,0xff,0x02,0xc9,0xfc,0xff,0x02,0xc3,0xf6,0xff,0x00,0xc2,0xf7,0xff,0x00,0xc2,0xf8,0xff,0x00,0xc1,0xf8,0xff,0x00,0xc0,0xf8,0xff,0x00,0xbf,0xf8,0xff,
    0x01,0xbe,0xf8,0xff,0x01,0xbd,0xf8,0xff,0x01,0xbc,0xf8,0xff,0x01,0xbb,0xf7,0xff,0x02,0xba,0xf7,0xff,0x02,0xba,0xf8,0xff,0x02,0xbf,0xff,0xff,0x02,0xbe,0xff,0xff,
    0x02,0xbd,0xff,0xff,0x03,0xbd,0xff,0xff,0x03,0xc0,0xff,0xff,0x03,0xbd,0xff,0xff,0x03,0xb2,0xf3,0xfd,0x02,0xaf,0xf1,0xca,0x02,0xb2,0xf5,0xbd,0x03,0xb2,0xf7,0x90,
    0x03,0xad,0xf1,0x4e,0x00,0xbf,0xff,0x14,0x00,0xb2,0xff,0x0a,0x00,0x00,0x00,0x00,0x00,0x00,0x00,0x00,0x00,0x00,0x00,0x00,0x00,0x00,0xff,0x01,0x00,0xaa,0xff,0x03,
    0x00,0xff,0xff,0x01,0x00,0x00,0x00,0x00,0x00,0x00,0x00,0x00,0x00,0x00,0x00,0x00,0x00,0x00,0x00,0x00,0x00,0x00,0x00,0x00,0x00,0x00,0x00,0x00,0x00,0x00,0x00,0x00,
    0x00,0x00,0x00,0x00,0x00,0x00,0x00,0x00,0x00,0x00,0x00,0x00,0x00,0x00,0x00,0x00,0x00,0x00,0x00,0x00,0x00,0x00,0x00,0x00,0x00,0x00,0x00,0x00,0x00,0x00,0x00,0x00,
    0x00,0x00,0x00,0x00,0x00,0x00,0x00,0x00,0x00,0x00,0x00,0x00,0x00,0x00,0x00,0x00,0x00,0x00,0x00,0x00,0x00,0x00,0x00,0x00,0x00,0x00,0x00,0x00,0x00,0x00,0x00,0x00,
    0x00,0x00,0x00,0x00,0x00,0x00,0x00,0x00,0x00,0x00,0x00,0x00,0x00,0x00,0x00,0x00,0x00,0x00,0x00,0x00,0x00,0x00,0x00,0x00,0x00,0x00,0x00,0x00,0x00,0x00,0x00,0x00,
    0x00,0x00,0x00,0x00,0x00,0x00,0x00,0x00,0x00,0x00,0x00,0x00,0x00,0x00,0x00,0x00,0x00,0x00,0x00,0x00,0x00,0x00,0x00,0x00,0x00,0x00,0x00,0x00,0x00,0x00,0x00,0x00,
    0x00,0x00,0x00,0x00,0x00,0x00,0x00,0x00,0x00,0x00,0x00,0x00,0x00,0x00,0x00,0x00,0x00,0x00,0x00,0x00,0x00,0x00,0x00,0x00,0x00,0x00,0x00,0x00,0x00,0x00,0x00,0x00,
    0x00,0x00,0x00,0x00,0x00,0x00,0x00,0x00,0x00,0x00,0x00,0x00,0x00,0x00,0x00,0x00,0x00,0x00,0x00,0x00,0x00,0x00,0x00,0x00,0x00,0x00,0x00,0x00,0x00,0x00,0x00,0x00,
    0x00,0x00,0x00,0x00,0x00,0x00,0x00,0x00,0x00,0x00,0x00,0x00,0x00,0x00,0x00,0x00,0x00,0x00,0x00,0x00,0x00,0x00,0x00,0x00,0x00,0x00,0x00,0x00,0x00,0x00,0x00,0x00,
    0x00,0x00,0x00,0x00,0x00,0x00,0x00,0x00,0x00,0x00,0x00,0x00,0x00,0x00,0x00,0x00,0x00,0x00,0x00,0x00,0x00,0x00,0x00,0x00,0x00,0x00,0x00,0x00,0x00,0x00,0x00,0x00,
    0x00,0x00,0x00,0x00,0x00,0x00,0x00,0x00,0x00,0x00,0x00,0x00,0x00,0x00,0x00,0x00,0x00,0x00,0x00,0x00,0x00,0x00,0x00,0x00,0x00,0x00,0x00,0x00,0x00,0x00,0x00,0x00,
    0x00,0x00,0x00,0x00,0x00,0x00,0x00,0x00,0x00,0x00,0x00,0x00,0x00,0x00,0x00,0x00,0x00,0x00,0x00,0x00,0x00,0x00,0x00,0x00,0x00,0x00,0x00,0x00,0x00,0x00,0x00,0x00,
    0x00,0x00,0x00,0x00,0x00,0x00,0x00,0x00,0x00,0x00,0x00,0x00,0x00,0x00,0x00,0x00,0x00,0x00,0x00,0x00,0x00,0x00,0x00,0x00,0x00,0x00,0x00,0x00,0x00,0x00,0x00,0x00,
    0x00,0x00,0x00,0x00,0x00,0x00,0x00,0x00,0x00,0x00,0x00,0x00,0x00,0x00,0x00,0x00,0x00,0x00,0x00,0x00,0x00,0x00,0x00,0x00,0x00,0x00,0x00,0x00,0x00,0x00,0x00,0x00,
    0x00,0x00,0x00,0x00,0x00,0x00,0x00,0x00,0x00,0x00,0x00,0x00,0x00,0x00,0x00,0x00,0x00,0xff,0xff,0x01,0x00,0xbf,0xbf,0x04,0x00,0xff,0xff,0x02,0x00,0x00,0x00,0x00,
    0x00,0x00,0x00,0x00,0x00,0x00,0x00,0x00,0x12,0xc2,0xd4,0x2a,0x12,0xc5,0xdc,0x61,0x11,0xc4,0xdd,0xad,0x0f,0xc1,0xdd,0xe1,0x0d,0xc0,0xdf,0xf0,0x0d,0xc7,0xe8,0xff,
    0x0d,0xcd,0xf1,0xff,0x0b,0xc9,0xef,0xff,0x09,0xc8,0xf0,0xff,0x08,0xbf,0xe8,0xff,0x07,0xbe,0xe7,0xfc,0x06,0xbe,0xe9,0xfb,0x04,0xbe,0xec,0xfc,0x03,0xbf,0xed,0xfc,
    0x02,0xbf,0xef,0xfc,0x02,0xbf,0xf0,0xfc,0x00,0xbe,0xf2,0xfe,0x00,0xbd,0xf2,0xfe,0x00,0xbd,0xf3,0xfe,0x00,0xbc,0xf3,0xfe,0x00,0xbb,0xf3,0xfe,0x01,0xba,0xf3,0xfe,
    0x01,0xb9,0xf3,0xfe,0x01,0xb8,0xf2,0xfe,0x01,0xb7,0xf2,0xfe,0x02,0xb6,0xf2,0xfe,0x02,0xb5,0xf2,0xfe,0x02,0xb4,0xf2,0xfe,0x02,0xb4,0xf2,0xfc,0x02,0xb3,0xf2,0xfc,
    0x03,0xb2,0xf1,0xfc,0x03,0xb1,0xf1,0xfc,0x03,0xaf,0xf1,0xfb,0x03,0xaf,0xf1,0xfc,0x04,0xaf,0xf3,0xff,0x04,0xb6,0xfd,0xff,0x04,0xb6,0xfe,0xff,0x04,0xb9,0xff,0xff,
    0x04,0xb3,0xfb,0xff,0x04,0xad,0xf3,0xf0,0x04,0xad,0xf4,0xe1,0x04,0xaf,0xf6,0xad,0x05,0xb0,0xf7,0x61,0x06,0xb0,0xf2,0x2a,0x00,0x00,0x00,0x00,0x00,0x00,0x00,0x00,
    0x00,0x00,0x00,0x00,0x00,0xff,0xff,0x02,0x00,0xbf,0xff,0x04,0x00,0xff,0xff,0x01,0x00,0x00,0x00,0x00,0x00,0x00,0x00,0x00,0x00,0x00,0x00,0x00,0x00,0x00,0x00,0x00,
    0x00,0x00,0x00,0x00,0x00,0x00,0x00,0x00,0x00,0x00,0x00,0x00,0x00,0x00,0x00,0x00,0x00,0x00,0x00,0x00,0x00,0x00,0x00,0x00,0x00,0x00,0x00,0x00,0x00,0x00,0x00,0x00,
    0x00,0x00,0x00,0x00,0x00,0x00,0x00,0x00,0x00,0x00,0x00,0x00,0x00,0x00,0x00,0x00,0x00,0x00,0x00,0x00,0x00,0x00,0x00,0x00,0x00,0x00,0x00,0x00,0x00,0x00,0x00,0x00,
    0x00,0x00,0x00,0x00,0x00,0x00,0x00,0x00,0x00,0x00,0x00,0x00,0x00,0x00,0x00,0x00,0x00,0x00,0x00,0x00,0x00,0x00,0x00,0x00,0x00,0x00,0x00,0x00,0x00,0x00,0x00,0x00,
    0x00,0x00,0x00,0x00,0x00,0x00,0x00,0x00,0x00,0x00,0x00,0x00,0x00,0x00,0x00,0x00,0x00,0x00,0x00,0x00,0x00,0x00,0x00,0x00,0x00,0x00,0x00,0x00,0x00,0x00,0x00,0x00,
    0x00,0x00,0x00,0x00,0x00,0x00,0x00,0x00,0x00,0x00,0x00,0x00,0x00,0x00,0x00,0x00,0x00,0x00,0x00,0x00,0x00,0x00,0x00,0x00,0x00,0x00,0x00,0x00,0x00,0x00,0x00,0x00,
    0x00,0x00,0x00,0x00,0x00,0x00,0x00,0x00,0x00,0x00,0x00,0x00,0x00,0x00,0x00,0x00,0x00,0x00,0x00,0x00,0x00,0x00,0x00,0x00,0x00,0x00,0x00,0x00,0x00,0x00,0x00,0x00,
    0x00,0x00,0x00,0x00,0x00,0x00,0x00,0x00,0x00,0x00,0x00,0x00,0x00,0x00,0x00,0x00,0x00,0x00,0x00,0x00,0x00,0x00,0x00,0x00,0x00,0x00,0x00,0x00,0x00,0x00,0x00,0x00,
    0x00,0x00,0x00,0x00,0x00,0x00,0x00,0x00,0x00,0x00,0x00,0x00,0x00,0x00,0x00,0x00,0x00,0x00,0x00,0x00,0x00,0x00,0x00,0x00,0x00,0x00,0x00,0x00,0x00,0x00,0x00,0x00,
    0x00,0x00,0x00,0x00,0x00,0x00,0x00,0x00,0x00,0x00,0x00,0x00,0x00,0x00,0x00,0x00,0x00,0x00,0x00,0x00,0x00,0x00,0x00,0x00,0x00,0x00,0x00,0x00,0x00,0x00,0x00,0x00,
    0x00,0x00,0x00,0x00,0x00,0x00,0x00,0x00,0x00,0x00,0x00,0x00,0x00,0x00,0x00,0x00,0x00,0x00,0x00,0x00,0x00,0x00,0x00,0x00,0x00,0x00,0x00,0x00,0x00,0x00,0x00,0x00,
    0x00,0x00,0x00,0x00,0x00,0x00,0x00,0x00,0x00,0x00,0x00,0x00,0x00,0x00,0x00,0x00,0x00,0x00,0x00,0x00,0x00,0x00,0x00,0x00,0x00,0x00,0x00,0x00,0x00,0x00,0x00,0x00,
    0x00,0x00,0x00,0x00,0x00,0x00,0x00,0x00,0x00,0x00,0x00,0x00,0x00,0x00,0x00,0x00,0x00,0x00,0x00,0x00,0x00,0x00,0x00,0x00,0x00,0x00,0x00,0x00,0x00,0x00,0x00,0x00,
    0x00,0x00,0x00,0x00,0x00,0x00,0x00,0x00,0x00,0xff,0xff,0x02,0x00,0xff,0xff,0x03,0x00,0x00,0x00,0x00,0x00,0x00,0x00,0x00,0x00,0x00,0x00,0x00,0x12,0xbf,0xd1,0x1c,
    0x13,0xc3,0xd5,0x80,0x14,0xc4,0xda,0xca,0x12,0xc1,0xd7,0xfb,0x12,0xcc,0xe6,0xff,0x10,0xca,0xe8,0xff,0x0d,0xc4,0xe3,0xff,0x0d,0xc2,0xe2,0xff,0x0c,0xbe,0xe0,0xfd,
    0x0a,0xbe,0xe3,0xfb,0x09,0xbf,0xe5,0xfc,0x08,0xbf,0xe7,0xfc,0x07,0xbf,0xe7,0xfe,0x06,0xbf,0xea,0xff,0x05,0xbf,0xec,0xff,0x04,0xbf,0xed,0xff,0x02,0xbf,0xf0,0xff,
    0x02,0xbf,0xf0,0xff,0x00,0xbf,0xf3,0xff,0x00,0xbf,0xf3,0xff,0x00,0xbe,0xf4,0xff,0x00,0xbd,0xf4,0xff,0x00,0xbc,0xf4,0xff,0x01,0xbb,0xf4,0xff,0x01,0xba,0xf4,0xff,
    0x01,0xb9,0xf4,0xff,0x01,0xb8,0xf3,0xff,0x02,0xb7,0xf3,0xff,0x02,0xb6,0xf3,0xff,0x02,0xb5,0xf3,0xff,0x02,0xb4,0xf3,0xff,0x03,0xb3,0xf3,0xff,0x03,0xb2,0xf2,0xff,
    0x03,0xb2,0xf2,0xff,0x03,0xb0,0xf2,0xff,0x03,0xb0,0xf2,0xff,0x04,0xae,0xf2,0xff,0x04,0xad,0xf1,0xfe,0x04,0xad,0xf1,0xfc,0x04,0xac,0xf0,0xfc,0x04,0xaa,0xf0,0xfb,
    0x05,0xaa,0xf0,0xfd,0x05,0xac,0xf4,0xff,0x05,0xad,0xf6,0xff,0x05,0xb3,0xfe,0xff,0x05,0xb3,0xff,0xff,0x05,0xa9,0xf2,0xfb,0x05,0xac,0xf7,0xca,0x05,0xab,0xf5,0x80,
    0x09,0xad,0xf5,0x1c,0x00,0x00,0x00,0x00,0x00,0x00,0x00,0x00,0x00,0x00,0x00,0x00,0x00,0xaa,0xff,0x03,0x00,0x7f,0xff,0x02,0x00,0x00,0x00,0x00,0x00,0x00,0x00,0x00,
    0x00,0x00,0x00,0x00,0x00,0x00,0x00,0x00,0x00,0x00,0x00,0x00,0x00,0x00,0x00,0x00,0x00,0x00,0x00,0x00,0x00,0x00,0x00,0x00,0x00,0x00,0x00,0x00,0x00,0x00,0x00,0x00,
    0x00,0x00,0x00,0x00,0x00,0x00,0x00,0x00,0x00,0x00,0x00,0x00,0x00,0x00,0x00,0x00,0x00,0x00,0x00,0x00,0x00,0x00,0x00,0x00,0x00,0x00,0x00,0x00,0x00,0x00,0x00,0x00,
    0x00,0x00,0x00,0x00,0x00,0x00,0x00,0x00,0x00,0x00,0x00,0x00,0x00,0x00,0x00,0x00,0x00,0x00,0x00,0x00,0x00,0x00,0x00,0x00,0x00,0x00,0x00,0x00,0x00,0x00,0x00,0x00,
    0x00,0x00,0x00,0x00,0x00,0x00,0x00,0x00,0x00,0x00,0x00,0x00,0x00,0x00,0x00,0x00,0x00,0x00,0x00,0x00,0x00,0x00,0x00,0x00,0x00,0x00,0x00,0x00,0x00,0x00,0x00,0x00,
    0x00,0x00,0x00,0x00,0x00,0x00,0x00,0x00,0x00,0x00,0x00,0x00,0x00,0x00,0x00,0x00,0x00,0x00,0x00,0x00,0x00,0x00,0x00,0x00,0x00,0x00,0x00,0x00,0x00,0x00,0x00,0x00,
    0x00,0x00,0x00,0x00,0x00,0x00,0x00,0x00,0x00,0x00,0x00,0x00,0x00,0x00,0x00,0x00,0x00,0x00,0x00,0x00,0x00,0x00,0x00,0x00,0x00,0x00,0x00,0x00,0x00,0x00,0x00,0x00,
    0x00,0x00,0x00,0x00,0x00,0x00,0x00,0x00,0x00,0x00,0x00,0x00,0x00,0x00,0x00,0x00,0x00,0x00,0x00,0x00,0x00,0x00,0x00,0x00,0x00,0x00,0x00,0x00,0x00,0x00,0x00,0x00,
    0x00,0x00,0x00,0x00,0x00,0x00,0x00,0x00,0x00,0x00,0x00,0x00,0x00,0x00,0x00,0x00,0x00,0x00,0x00,0x00,0x00,0x00,0x00,0x00,0x00,0x00,0x00,0x00,0x00,0x00,0x00,0x00,
    0x00,0x00,0x00,0x00,0x00,0x00,0x00,0x00,0x00,0x00,0x00,0x00,0x00,0x00,0x00,0x00,0x00,0x00,0x00,0x00,0x00,0x00,0x00,0x00,0x00,0x00,0x00,0x00,0x00,0x00,0x00,0x00,
    0x00,0x00,0x00,0x00,0x00,0x00,0x00,0x00,0x00,0x00,0x00,0x00,0x00,0x00,0x00,0x00,0x00,0x00,0x00,0x00,0x00,0x00,0x00,0x00,0x00,0x00,0x00,0x00,0x00,0x00,0x00,0x00,
    0x00,0x00,0x00,0x00,0x00,0x00,0x00,0x00,0x00,0x00,0x00,0x00,0x00,0x00,0x00,0x00,0x00,0x00,0x00,0x00,0x00,0x00,0x00,0x00,0x00,0x00,0x00,0x00,0x00,0x00,0x00,0x00,
    0x00,0x00,0x00,0x00,0x00,0x00,0x00,0x00,0x00,0x00,0x00,0x00,0x00,0x00,0x00,0x00,0x00,0x00,0x00,0x00,0x00,0x00,0x00,0x00,0x00,0x00,0x00,0x00,0x00,0x00,0x00,0x01,
    0x00,0xaa,0xaa,0x03,0x00,0xff,0xff,0x01,0x00,0x00,0x00,0x00,0x00,0x00,0x00,0x00,0x16,0xc7,0xc7,0x17,0x19,0xc6,0xd1,0x70,0x17,0xc2,0xd2,0xb0,0x15,0xc1,0xd3,0xf2,
    0x15,0xcc,0xe1,0xff,0x13,0xc7,0xdf,0xff,0x10,0xbf,0xd8,0xff,0x0f,0xbe,0xda,0xfc,0x0d,0xbe,0xdd,0xfc,0x0d,0xbf,0xde,0xfd,0x0c,0xbe,0xe0,0xfe,0x0b,0xbf,0xe3,0xff,
    0x0a,0xbf,0xe4,0xff,0x08,0xbf,0xe7,0xff,0x08,0xbf,0xe7,0xff,0x06,0xbf,0xe9,0xff,0x05,0xbf,0xeb,0xff,0x04,0xbf,0xed,0xff,0x03,0xbf,0xef,0xff,0x02,0xbf,0xf0,0xff,
    0x01,0xbf,0xf1,0xff,0x00,0xbf,0xf3,0xff,0x00,0xbe,0xf4,0xff,0x00,0xbe,0xf4,0xff,0x00,0xbd,0xf4,0xff,0x00,0xbc,0xf4,0xff,0x01,0xba,0xf4,0xff,0x01,0xba,0xf4,0xff,
    0x01,0xb8,0xf3,0xff,0x01,0xb8,0xf3,0xff,0x02,0xb6,0xf3,0xff,0x02,0xb5,0xf3,0xff,0x02,0xb4,0xf3,0xff,0x02,0xb3,0xf3,0xff,0x03,0xb2,0xf2,0xff,0x03,0xb2,0xf2,0xff,
    0x03,0xb0,0xf2,0xff,0x03,0xb0,0xf2,0xff,0x04,0xae,0xf2,0xff,0x04,0xae,0xf2,0xff,0x04,0xac,0xf1,0xff,0x04,0xac,0xf1,0xff,0x05,0xab,0xf1,0xff,0x05,0xaa,0xf1,0xff,
    0x05,0xa9,0xf1,0xff,0x05,0xa7,0xef,0xfe,0x05,0xa8,0xef,0xfd,0x05,0xa6,0xef,0xfc,0x06,0xa5,0xef,0xfc,0x06,0xa6,0xf0,0xff,0x07,0xac,0xfa,0xff,0x07,0xb0,0xff,0xff,
    0x06,0xa6,0xf3,0xf2,0x07,0xa6,0xf4,0xb0,0x06,0xa8,0xf8,0x70,0x0b,0xa6,0xf3,0x17,0x00,0x00,0x00,0x00,0x00,0x00,0x00,0x00,0x00,0xff,0xff,0x01,0x00,0xaa,0xff,0x03,
    0x00,0x00,0xff,0x01,0x00,0x00,0x00,0x00,0x00,0x00,0x00,0x00,0x00,0x00,0x00,0x00,0x00,0x00,0x00,0x00,0x00,0x00,0x00,0x00,0x00,0x00,0x00,0x00,0x00,0x00,0x00,0x00,
    0x00,0x00,0x00,0x00,0x00,0x00,0x00,0x00,0x00,0x00,0x00,0x00,0x00,0x00,0x00,0x00,0x00,0x00,0x00,0x00,0x00,0x00,0x00,0x00,0x00,0x00,0x00,0x00,0x00,0x00,0x00,0x00,
    0x00,0x00,0x00,0x00,0x00,0x00,0x00,0x00,0x00,0x00,0x00,0x00,0x00,0x00,0x00,0x00,0x00,0x00,0x00,0x00,0x00,0x00,0x00,0x00,0x00,0x00,0x00,0x00,0x00,0x00,0x00,0x00,
    0x00,0x00,0x00,0x00,0x00,0x00,0x00,0x00,0x00,0x00,0x00,0x00,0x00,0x00,0x00,0x00,0x00,0x00,0x00,0x00,0x00,0x00,0x00,0x00,0x00,0x00,0x00,0x00,0x00,0x00,0x00,0x00,
    0x00,0x00,0x00,0x00,0x00,0x00,0x00,0x00,0x00,0x00,0x00,0x00,0x00,0x00,0x00,0x00,0x00,0x00,0x00,0x00,0x00,0x00,0x00,0x00,0x00,0x00,0x00,0x00,0x00,0x00,0x00,0x00,
    0x00,0x00,0x00,0x00,0x00,0x00,0x00,0x00,0x00,0x00,0x00,0x00,0x00,0x00,0x00,0x00,0x00,0x00,0x00,0x00,0x00,0x00,0x00,0x00,0x00,0x00,0x00,0x00,0x00,0x00,0x00,0x00,
    0x00,0x00,0x00,0x00,0x00,0x00,0x00,0x00,0x00,0x00,0x00,0x00,0x00,0x00,0x00,0x00,0x00,0x00,0x00,0x00,0x00,0x00,0x00,0x00,0x00,0x00,0x00,0x00,0x00,0x00,0x00,0x00,
    0x00,0x00,0x00,0x00,0x00,0x00,0x00,0x00,0x00,0x00,0x00,0x00,0x00,0x00,0x00,0x00,0x00,0x00,0x00,0x00,0x00,0x00,0x00,0x00,0x00,0x00,0x00,0x00,0x00,0x00,0x00,0x00,
    0x00,0x00,0x00,0x00,0x00,0x00,0x00,0x00,0x00,0x00,0x00,0x00,0x00,0x00,0x00,0x00,0x00,0x00,0x00,0x00,0x00,0x00,0x00,0x00,0x00,0x00,0x00,0x00,0x00,0x00,0x00,0x00,
    0x00,0x00,0x00,0x00,0x00,0x00,0x00,0x00,0x00,0x00,0x00,0x00,0x00,0x00,0x00,0x00,0x00,0x00,0x00,0x00,0x00,0x00,0x00,0x00,0x00,0x00,0x00,0x00,0x00,0x00,0x00,0x00,
    0x00,0x00,0x00,0x00,0x00,0x00,0x00,0x00,0x00,0x00,0x00,0x00,0x00,0x00,0x00,0x00,0x00,0x00,0x00,0x00,0x00,0x00,0x00,0x00,0x00,0x00,0x00,0x00,0x00,0x00,0x00,0x00,
    0x00,0x00,0x00,0x00,0x00,0x00,0x00,0x00,0x00,0x00,0x00,0x00,0x00,0x00,0x00,0x00,0x00,0x00,0x00,0x00,0x00,0x00,0x00,0x01,0x00,0xff,0xff,0x03,0x00,0x00,0x00,0x00,
    0x00,0x00,0x00,0x00,0x00,0x00,0x00,0x00,0x1b,0xc7,0xcd,0x2e,0x1a,0xc3,0xce,0x9a,0x19,0xc3,0xd0,0xe8,0x19,0xce,0xde,0xff,0x16,0xca,0xdd,0xff,0x14,0xc1,0xd6,0xff,
    0x12,0xbe,0xd4,0xfc,0x11,0xbe,0xd6,0xfd,0x0f,0xbf,0xda,0xfe,0x0e,0xbf,0xdd,0xff,0x0d,0xbf,0xde,0xff,0x0d,0xbf,0xdf,0xff,0x0c,0xbf,0xe1,0xff,0x0a,0xbf,0xe4,0xff,
    0x09,0xbf,0xe5,0xff,0x08,0xbf,0xe7,0xff,0x07,0xbf,0xe8,0xff,0x06,0xbf,0xea,0xff,0x05,0xbf,0xec,0xff,0x04,0xbf,0xed,0xff,0x03,0xbf,0xef,0xff,0x02,0xbf,0xf0,0xff,
    0x01,0xbf,0xf2,0xff,0x00,0xbf,0xf3,0xff,0x00,0xbe,0xf4,0xff,0x00,0xbe,0xf4,0xff,0x00,0xbc,0xf4,0xff,0x00,0xbb,0xf4,0xff,0x01,0xba,0xf4,0xff,0x01,0xb9,0xf4,0xff,
    0x01,0xb8,0xf3,0xff,0x02,0xb7,0xf3,0xff,0x02,0xb6,0xf3,0xff,0x02,0xb5,0xf3,0xff,0x02,0xb4,0xf3,0xff,0x03,0xb3,0xf2,0xff,0x03,0xb2,0xf2,0xff,0x03,0xb1,0xf2,0xff,
    0x03,0xb0,0xf2,0xff,0x04,0xaf,0xf2,0xff,0x04,0xae,0xf2,0xff,0x04,0xad,0xf1,0xff,0x04,0xac,0xf1,0xff,0x05,0xab,0xf1,0xff,0x05,0xaa,0xf1,0xff,0x05,0xa9,0xf1,0xff,
    0x05,0xa8,0xf0,0xff,0x05,0xa8,0xf0,0xff,0x06,0xa6,0xf0,0xff,0x06,0xa6,0xf0,0xff,0x07,0xa5,0xf0,0xff,0x07,0xa4,0xf0,0xfe,0x07,0xa3,0xef,0xfd,0x07,0xa1,0xee,0xfc,
    0x07,0xa4,0xf2,0xff,0x07,0xab,0xfc,0xff,0x08,0xae,0xff,0xff,0x07,0xa5,0xf5,0xe8,0x08,0xa5,0xf5,0x9a,0x05,0xa6,0xf3,0x2e,0x00,0x00,0x00,0x00,0x00,0x00,0x00,0x00,
    0x00,0x00,0x00,0x00,0x00,0xaa,0xff,0x03,0x00,0x00,0xff,0x01,0x00,0x00,0x00,0x00,0x00,0x00,0x00,0x00,0x00,0x00,0x00,0x00,0x00,0x00,0x00,0x00,0x00,0x00,0x00,0x00,
    0x00,0x00,0x00,0x00,0x00,0x00,0x00,0x00,0x00,0x00,0x00,0x00,0x00,0x00,0x00,0x00,0x00,0x00,0x00,0x00,0x00,0x00,0x00,0x00,0x00,0x00,0x00,0x00,0x00,0x00,0x00,0x00,
    0x00,0x00,0x00,0x00,0x00,0x00,0x00,0x00,0x00,0x00,0x00,0x00,0x00,0x00,0x00,0x00,0x00,0x00,0x00,0x00,0x00,0x00,0x00,0x00,0x00,0x00,0x00,0x00,0x00,0x00,0x00,0x00,
    0x00,0x00,0x00,0x00,0x00,0x00,0x00,0x00,0x00,0x00,0x00,0x00,0x00,0x00,0x00,0x00,0x00,0x00,0x00,0x00,0x00,0x00,0x00,0x00,0x00,0x00,0x00,0x00,0x00,0x00,0x00,0x00,
    0x00,0x00,0x00,0x00,0x00,0x00,0x00,0x00,0x00,0x00,0x00,0x00,0x00,0x00,0x00,0x00,0x00,0x00,0x00,0x00,0x00,0x00,0x00,0x00,0x00,0x00,0x00,0x00,0x00,0x00,0x00,0x00,
    0x00,0x00,0x00,0x00,0x00,0x00,0x00,0x00,0x00,0x00,0x00,0x00,0x00,0x00,0x00,0x00,0x00,0x00,0x00,0x00,0x00,0x00,0x00,0x00,0x00,0x00,0x00,0x00,0x00,0x00,0x00,0x00,
    0x00,0x00,0x00,0x00,0x00,0x00,0x00,0x00,0x00,0x00,0x00,0x00,0x00,0x00,0x00,0x00,0x00,0x00,0x00,0x00,0x00,0x00,0x00,0x00,0x00,0x00,0x00,0x00,0x00,0x00,0x00,0x00,
    0x00,0x00,0x00,0x00,0x00,0x00,0x00,0x00,0x00,0x00,0x00,0x00,0x00,0x00,0x00,0x00,0x00,0x00,0x00,0x00,0x00,0x00,0x00,0x00,0x00,0x00,0x00,0x00,0x00,0x00,0x00,0x00,
    0x00,0x00,0x00,0x00,0x00,0x00,0x00,0x00,0x00,0x00,0x00,0x00,0x00,0x00,0x00,0x00,0x00,0x00,0x00,0x00,0x00,0x00,0x00,0x00,0x00,0x00,0x00,0x00,0x00,0x00,0x00,0x00,
    0x00,0x00,0x00,0x00,0x00,0x00,0x00,0x00,0x00,0x00,0x00,0x00,0x00,0x00,0x00,0x00,0x00,0x00,0x00,0x00,0x00,0x00,0x00,0x00,0x00,0x00,0x00,0x00,0x00,0x00,0x00,0x00,
    0x00,0x00,0x00,0x00,0x00,0x00,0x00,0x00,0x00,0x00,0x00,0x00,0x00,0x00,0x00,0x00,0x00,0x00,0x00,0x00,0x00,0x00,0x00,0x00,0x00,0x00,0x00,0x00,0x00,0x00,0x00,0x00,
    0x00,0x00,0x00,0x00,0x00,0x00,0x00,0x00,0x00,0x00,0x00,0x00,0x00,0xff,0xff,0x01,0x00,0xff,0xff,0x03,0x00,0x00,0x00,0x00,0x00,0x00,0x00,0x00,0x2a,0xaa,0xaa,0x06,
    0x1d,0xc4,0xc8,0x4f,0x1c,0xc2,0xc9,0xba,0x1a,0xc3,0xcd,0xfc,0x1a,0xcc,0xd9,0xff,0x17,0xc2,0xd2,0xff,0x15,0xbe,0xd0,0xfb,0x14,0xbf,0xd2,0xfc,0x13,0xbe,0xd4,0xfe,
    0x11,0xbf,0xd7,0xff,0x10,0xbf,0xd8,0xff,0x0f,0xbf,0xdb,0xff,0x0e,0xbf,0xdd,0xff,0x0d,0xbf,0xde,0xff,0x0c,0xbf,0xe0,0xff,0x0b,0xbf,0xe2,0xff,0x0a,0xbf,0xe4,0xff,
    0x09,0xbf,0xe6,0xff,0x08,0xbf,0xe7,0xff,0x07,0xbf,0xe8,0xff,0x06,0xbf,0xea,0xff,0x05,0xbf,0xec,0xff,0x04,0xbf,0xed,0xff,0x02,0xbf,0xf0,0xff,0x02,0xbf,0xf0,0xff,
    0x00,0xbf,0xf3,0xff,0x00,0xbf,0xf3,0xff,0x00,0xbe,0xf4,0xff,0x00,0xbd,0xf4,0xff,0x00,0xbc,0xf4,0xff,0x01,0xbb,0xf4,0xff,0x01,0xba,0xf4,0xff,0x01,0xb9,0xf3,0xff,
    0x01,0xb8,0xf3,0xff,0x02,0xb7,0xf3,0xff,0x02,0xb6,0xf3,0xff,0x02,0xb4,0xf3,0xff,0x02,0xb4,0xf3,0xff,0x03,0xb2,0xf2,0xff,0x03,0xb2,0xf2,0xff,0x03,0xb0,0xf2,0xff,
    0x03,0xb0,0xf2,0xff,0x04,0xae,0xf2,0xff,0x04,0xad,0xf2,0xff,0x04,0xac,0xf1,0xff,0x04,0xab,0xf1,0xff,0x05,0xaa,0xf1,0xff,0x05,0xaa,0xf1,0xff,0x05,0xa8,0xf0,0xff,
    0x05,0xa8,0xf0,0xff,0x06,0xa6,0xf0,0xff,0x06,0xa6,0xf0,0xff,0x07,0xa5,0xf0,0xff,0x07,0xa4,0xf0,0xff,0x07,0xa3,0xf0,0xff,0x07,0xa2,0xef,0xff,0x07,0xa2,0xef,0xff,
    0x07,0xa0,0xee,0xfe,0x08,0x9f,0xee,0xfc,0x08,0x9e,0xee,0xfb,0x08,0xa1,0xf3,0xff,0x09,0xa9,0xff,0xff,0x08,0xa1,0xf4,0xfc,0x08,0xa0,0xf2,0xba,0x06,0xa1,0xf5,0x4f,
    0x00,0xaa,0xff,0x06,0x00,0x00,0x00,0x00,0x00,0x00,0x00,0x00,0x00,0xaa,0xff,0x03,0x00,0xff,0xff,0x01,0x00,0x00,0x00,0x00,0x00,0x00,0x00,0x00,0x00,0x00,0x00,0x00,
    0x00,0x00,0x00,0x00,0x00,0x00,0x00,0x00,0x00,0x00,0x00,0x00,0x00,0x00,0x00,0x00,0x00,0x00,0x00,0x00,0x00,0x00,0x00,0x00,0x00,0x00,0x00,0x00,0x00,0x00,0x00,0x00,
    0x00,0x00,0x00,0x00,0x00,0x00,0x00,0x00,0x00,0x00,0x00,0x00,0x00,0x00,0x00,0x00,0x00,0x00,0x00,0x00,0x00,0x00,0x00,0x00,0x00,0x00,0x00,0x00,0x00,0x00,0x00,0x00,
    0x00,0x00,0x00,0x00,0x00,0x00,0x00,0x00,0x00,0x00,0x00,0x00,0x00,0x00,0x00,0x00,0x00,0x00,0x00,0x00,0x00,0x00,0x00,0x00,0x00,0x00,0x00,0x00,0x00,0x00,0x00,0x00,
    0x00,0x00,0x00,0x00,0x00,0x00,0x00,0x00,0x00,0x00,0x00,0x00,0x00,0x00,0x00,0x00,0x00,0x00,0x00,0x00,0x00,0x00,0x00,0x00,0x00,0x00,0x00,0x00,0x00,0x00,0x00,0x00,
    0x00,0x00,0x00,0x00,0x00,0x00,0x00,0x00,0x00,0x00,0x00,0x00,0x00,0x00,0x00,0x00,0x00,0x00,0x00,0x00,0x00,0x00,0x00,0x00,0x00,0x00,0x00,0x00,0x00,0x00,0x00,0x00,
    0x00,0x00,0x00,0x00,0x00,0x00,0x00,0x00,0x00,0x00,0x00,0x00,0x00,0x00,0x00,0x00,0x00,0x00,0x00,0x00,0x00,0x00,0x00,0x00,0x00,0x00,0x00,0x00,0x00,0x00,0x00,0x00,
    0x00,0x00,0x00,0x00,0x00,0x00,0x00,0x00,0x00,0x00,0x00,0x00,0x00,0x00,0x00,0x00,0x00,0x00,0x00,0x00,0x00,0x00,0x00,0x00,0x00,0x00,0x00,0x00,0x00,0x00,0x00,0x00,
    0x00,0x00,0x00,0x00,0x00,0x00,0x00,0x00,0x00,0x00,0x00,0x00,0x00,0x00,0x00,0x00,0x00,0x00,0x00,0x00,0x00,0x00,0x00,0x00,0x00,0x00,0x00,0x00,0x00,0x00,0x00,0x00,
    0x00,0x00,0x00,0x00,0x00,0x00,0x00,0x00,0x00,0x00,0x00,0x00,0x00,0x00,0x00,0x00,0x00,0x00,0x00,0x00,0x00,0x00,0x00,0x00,0x00,0x00,0x00,0x00,0x00,0x00,0x00,0x00,
    0x00,0x00,0x00,0x00,0x00,0x00,0x00,0x00,0x00,0x00,0x00,0x00,0x00,0x00,0x00,0x00,0x00,0x00,0x00,0x00,0x00,0x00,0x00,0x00,0x00,0x00,0x00,0x00,0x00,0x00,0x00,0x00,
    0x00,0x00,0x00,0x00,0x00,0x00,0x00,0x00,0x00,0xaa,0xaa,0x03,0x00,0x00,0x00,0x00,0x00,0x00,0x00,0x00,0x24,0xb6,0xb6,0x07,0x1f,0xc3,0xc3,0x62,0x1e,0xc3,0xc8,0xd3,
    0x1d,0xca,0xd2,0xff,0x1c,0xc8,0xd3,0xff,0x19,0xbf,0xcb,0xff,0x17,0xbe,0xcc,0xfc,0x16,0xbe,0xcf,0xfe,0x15,0xbf,0xd1,0xff,0x13,0xbf,0xd4,0xff,0x12,0xbf,0xd5,0xff,
    0x11,0xbf,0xd7,0xff,0x10,0xbf,0xda,0xff,0x0f,0xbf,0xdb,0xff,0x0d,0xbf,0xde,0xff,0x0d,0xbf,0xde,0xff,0x0c,0xbf,0xe1,0xff,0x0b,0xbf,0xe2,0xff,0x0a,0xbf,0xe4,0xff,
    0x09,0xbf,0xe6,0xff,0x08,0xbf,0xe7,0xff,0x07,0xbf,0xe8,0xff,0x06,0xbf,0xea,0xff,0x05,0xbf,0xec,0xff,0x04,0xbf,0xed,0xff,0x02,0xbf,0xf0,0xff,0x02,0xbf,0xf0,0xff,
    0x00,0xbf,0xf3,0xff,0x00,0xbf,0xf3,0xff,0x00,0xbe,0xf4,0xff,0x00,0xbd,0xf4,0xff,0x00,0xbc,0xf4,0xff,0x01,0xbb,0xf4,0xff,0x01,0xba,0xf4,0xff,0x01,0xb9,0xf3,0xff,
    0x01,0xb8,0xf3,0xff,0x02,0xb7,0xf3,0xff,0x02,0xb6,0xf3,0xff,0x02,0xb4,0xf3,0xff,0x02,0xb3,0xf3,0xff,0x03,0xb2,0xf2,0xff,0x03,0xb1,0xf2,0xff,0x03,0xb0,0xf2,0xff,
    0x03,0xaf,0xf2,0xff,0x04,0xae,0xf2,0xff,0x04,0xad,0xf2,0xff,0x04,0xac,0xf1,0xff,0x05,0xab,0xf1,0xff,0x05,0xaa,0xf1,0xff,0x05,0xa9,0xf0,0xff,0x05,0xa8,0xf0,0xff,
    0x06,0xa7,0xf0,0xff,0x06,0xa6,0xf0,0xff,0x06,0xa5,0xf0,0xff,0x07,0xa4,0xf0,0xff,0x07,0xa3,0xf0,0xff,0x07,0xa2,0xef,0xff,0x07,0xa2,0xef,0xff,0x08,0xa0,0xef,0xff,
    0x08,0x9f,0xef,0xff,0x08,0x9f,0xef,0xff,0x08,0x9e,0xef,0xff,0x08,0x9c,0xee,0xfe,0x08,0x9b,0xed,0xfc,0x09,0x9c,0xee,0xff,0x09,0xa3,0xfa,0xff,0x09,0xa5,0xfc,0xff,
    0x09,0x9f,0xf4,0xd3,0x07,0x9e,0xf1,0x62,0x00,0x91,0xda,0x07,0x00,0x00,0x00,0x00,0x00,0x00,0x00,0x00,0x00,0xaa,0xff,0x03,0x00,0x00,0x00,0x00,0x00,0x00,0x00,0x00,
    0x00,0x00,0x00,0x00,0x00,0x00,0x00,0x00,0x00,0x00,0x00,0x00,0x00,0x00,0x00,0x00,0x00,0x00,0x00,0x00,0x00,0x00,0x00,0x00,0x00,0x00,0x00,0x00,0x00,0x00,0x00,0x00,
    0x00,0x00,0x00,0x00,0x00,0x00,0x00,0x00,0x00,0x00,0x00,0x00,0x00,0x00,0x00,0x00,0x00,0x00,0x00,0x00,0x00,0x00,0x00,0x00,0x00,0x00,0x00,0x00,0x00,0x00,0x00,0x00,
    0x00,0x00,0x00,0x00,0x00,0x00,0x00,0x00,0x00,0x00,0x00,0x00,0x00,0x00,0x00,0x00,0x00,0x00,0x00,0x00,0x00,0x00,0x00,0x00,0x00,0x00,0x00,0x00,0x00,0x00,0x00,0x00,
    0x00,0x00,0x00,0x00,0x00,0x00,0x00,0x00,0x00,0x00,0x00,0x00,0x00,0x00,0x00,0x00,0x00,0x00,0x00,0x00,0x00,0x00,0x00,0x00,0x00,0x00,0x00,0x00,0x00,0x00,0x00,0x00,
    0x00,0x00,0x00,0x00,0x00,0x00,0x00,0x00,0x00,0x00,0x00,0x00,0x00,0x00,0x00,0x00,0x00,0x00,0x00,0x00,0x00,0x00,0x00,0x00,0x00,0x00,0x00,0x00,0x00,0x00,0x00,0x00,
    0x00,0x00,0x00,0x00,0x00,0x00,0x00,0x00,0x00,0x00,0x00,0x00,0x00,0x00,0x00,0x00,0x00,0x00,0x00,0x00,0x00,0x00,0x00,0x00,0x00,0x00,0x00,0x00,0x00,0x00,0x00,0x00,
    0x00,0x00,0x00,0x00,0x00,0x00,0x00,0x00,0x00,0x00,0x00,0x00,0x00,0x00,0x00,0x00,0x00,0x00,0x00,0x00,0x00,0x00,0x00,0x00,0x00,0x00,0x00,0x00,0x00,0x00,0x00,0x00,
    0x00,0x00,0x00,0x00,0x00,0x00,0x00,0x00,0x00,0x00,0x00,0x00,0x00,0x00,0x00,0x00,0x00,0x00,0x00,0x00,0x00,0x00,0x00,0x00,0x00,0x00,0x00,0x00,0x00,0x00,0x00,0x00,
    0x00,0x00,0x00,0x00,0x00,0x00,0x00,0x00,0x00,0x00,0x00,0x00,0x00,0x00,0x00,0x00,0x00,0x00,0x00,0x00,0x00,0x00,0x00,0x00,0x00,0x00,0x00,0x00,0x00,0x00,0x00,0x00,
    0x00,0x00,0x00,0x00,0x00,0x00,0x00,0x00,0x00,0x00,0x00,0x00,0x00,0x00,0x00,0x00,0x00,0x00,0x00,0x00,0x00,0x00,0x00,0x00,0x00,0x00,0x00,0x00,0x00,0x00,0x00,0x00,
    0x00,0x7f,0x7f,0x02,0x00,0xff,0xff,0x02,0x00,0x00,0x00,0x00,0x22,0xb9,0xb9,0x16,0x21,0xc5,0xc1,0x80,0x20,0xc4,0xc6,0xd7,0x1f,0xcb,0xcf,0xff,0x1d,0xc6,0xcd,0xff,
    0x1b,0xbe,0xc7,0xfc,0x19,0xbf,0xca,0xfc,0x18,0xbf,0xcc,0xfe,0x17,0xbf,0xce,0xff,0x16,0xbf,0xd0,0xff,0x14,0xbf,0xd2,0xff,0x13,0xbf,0xd4,0xff,0x12,0xbf,0xd6,0xff,
    0x11,0xbf,0xd7,0xff,0x10,0xbf,0xda,0xff,0x0f,0xbf,0xdb,0xff,0x0d,0xbf,0xde,0xff,0x0d,0xbf,0xde,0xff,0x0c,0xbf,0xe1,0xff,0x0b,0xbf,0xe2,0xff,0x0a,0xbf,0xe4,0xff,
    0x09,0xbf,0xe6,0xff,0x08,0xbf,0xe7,0xff,0x07,0xbf,0xe8,0xff,0x06,0xbf,0xea,0xff,0x05,0xbf,0xec,0xff,0x04,0xbf,0xed,0xff,0x03,0xbf,0xef,0xff,0x02,0xbf,0xf0,0xff,
    0x00,0xbf,0xf3,0xff,0x00,0xbf,0xf3,0xff,0x00,0xbe,0xf4,0xff,0x00,0xbe,0xf4,0xff,0x00,0xbc,0xf4,0xff,0x00,0xbb,0xf4,0xff,0x01,0xba,0xf4,0xff,0x01,0xb9,0xf3,0xff,
    0x01,0xb8,0xf3,0xff,0x02,0xb7,0xf3,0xff,0x02,0xb6,0xf3,0xff,0x02,0xb4,0xf3,0xff,0x02,0xb3,0xf3,0xff,0x03,0xb2,0xf2,0xff,0x03,0xb1,0xf2,0xff,0x03,0xb0,0xf2,0xff,
    0x04,0xaf,0xf2,0xff,0x04,0xae,0xf2,0xff,0x04,0xad,0xf1,0xff,0x04,0xac,0xf1,0xff,0x05,0xaa,0xf1,0xff,0x05,0xaa,0xf1,0xff,0x05,0xa8,0xf0,0xff,0x05,0xa8,0xf0,0xff,
    0x06,0xa6,0xf0,0xff,0x06,0xa6,0xf0,0xff,0x07,0xa4,0xf0,0xff,0x07,0xa4,0xf0,0xff,0x07,0xa2,0xef,0xff,0x07,0xa2,0xef,0xff,0x08,0xa0,0xef,0xff,0x08,0x9f,0xef,0xff,
    0x08,0x9e,0xef,0xff,0x08,0x9d,0xef,0xff,0x08,0x9d,0xef,0xff,0x09,0x9c,0xee,0xff,0x09,0x9b,0xee,0xff,0x09,0x9a,0xee,0xfe,0x09,0x99,0xed,0xfc,0x09,0x98,0xed,0xfc,
    0x09,0x9f,0xf7,0xff,0x0a,0xa3,0xfc,0xff,0x09,0x9d,0xf4,0xd7,0x09,0x9d,0xf5,0x80,0x0b,0x96,0xe7,0x16,0x00,0x00,0x00,0x00,0x00,0x7f,0xff,0x02,0x00,0x7f,0xff,0x02,
    0x00,0x00,0x00,0x00,0x00,0x00,0x00,0x00,0x00,0x00,0x00,0x00,0x00,0x00,0x00,0x00,0x00,0x00,0x00,0x00,0x00,0x00,0x00,0x00,0x00,0x00,0x00,0x00,0x00,0x00,0x00,0x00,
    0x00,0x00,0x00,0x00,0x00,0x00,0x00,0x00,0x00,0x00,0x00,0x00,0x00,0x00,0x00,0x00,0x00,0x00,0x00,0x00,0x00,0x00,0x00,0x00,0x00,0x00,0x00,0x00,0x00,0x00,0x00,0x00,
    0x00,0x00,0x00,0x00,0x00,0x00,0x00,0x00,0x00,0x00,0x00,0x00,0x00,0x00,0x00,0x00,0x00,0x00,0x00,0x00,0x00,0x00,0x00,0x00,0x00,0x00,0x00,0x00,0x00,0x00,0x00,0x00,
    0x00,0x00,0x00,0x00,0x00,0x00,0x00,0x00,0x00,0x00,0x00,0x00,0x00,0x00,0x00,0x00,0x00,0x00,0x00,0x00,0x00,0x00,0x00,0x00,0x00,0x00,0x00,0x00,0x00,0x00,0x00,0x00,
    0x00,0x00,0x00,0x00,0x00,0x00,0x00,0x00,0x00,0x00,0x00,0x00,0x00,0x00,0x00,0x00,0x00,0x00,0x00,0x00,0x00,0x00,0x00,0x00,0x00,0x00,0x00,0x00,0x00,0x00,0x00,0x00,
    0x00,0x00,0x00,0x00,0x00,0x00,0x00,0x00,0x00,0x00,0x00,0x00,0x00,0x00,0x00,0x00,0x00,0x00,0x00,0x00,0x00,0x00,0x00,0x00,0x00,0x00,0x00,0x00,0x00,0x00,0x00,0x00,
    0x00,0x00,0x00,0x00,0x00,0x00,0x00,0x00,0x00,0x00,0x00,0x00,0x00,0x00,0x00,0x00,0x00,0x00,0x00,0x00,0x00,0x00,0x00,0x00,0x00,0x00,0x00,0x00,0x00,0x00,0x00,0x00,
    0x00,0x00,0x00,0x00,0x00,0x00,0x00,0x00,0x00,0x00,0x00,0x00,0x00,0x00,0x00,0x00,0x00,0x00,0x00,0x00,0x00,0x00,0x00,0x00,0x00,0x00,0x00,0x00,0x00,0x00,0x00,0x00,
    0x00,0x00,0x00,0x00,0x00,0x00,0x00,0x00,0x00,0x00,0x00,0x00,0x00,0x00,0x00,0x00,0x00,0x00,0x00,0x00,0x00,0x00,0x00,0x00,0x00,0x00,0x00,0x00,0x00,0x00,0x00,0x00,
    0x00,0x00,0x00,0x00,0x00,0x00,0x00,0x00,0x00,0x00,0x00,0x00,0x00,0x00,0x00,0x00,0x00,0x00,0x00,0x00,0x00,0x00,0x00,0x00,0x00,0x7f,0x7f,0x02,0x00,0xff,0xaa,0x03,
    0x00,0x00,0x00,0x00,0x00,0x00,0x00,0x00,0x22,0xc3,0xc0,0x49,0x22,0xc2,0xc0,0xe5,0x22,0xce,0xcf,0xff,0x1e,0xc5,0xc9,0xff,0x1c,0xbe,0xc4,0xfc,0x1b,0xbe,0xc6,0xfd,
    0x1a,0xbf,0xc9,0xff,0x19,0xbf,0xcb,0xff,0x18,0xbf,0xcd,0xff,0x17,0xbf,0xce,0xff,0x15,0xbf,0xd1,0xff,0x14,0xbf,0xd2,0xff,0x13,0xbf,0xd4,0xff,0x12,0xbf,0xd6,0xff,
    0x11,0xbf,0xd7,0xff,0x10,0xbf,0xda,0xff,0x0f,0xbf,0xdb,0xff,0x0d,0xbf,0xde,0xff,0x0d,0xbf,0xde,0xff,0x0c,0xbf,0xe0,0xff,0x0c,0xbf,0xe1,0xff,0x0a,0xbf,0xe4,0xff,
    0x09,0xbf,0xe5,0xff,0x08,0xbf,0xe7,0xff,0x07,0xbf,0xe8,0xff,0x06,0xbf,0xea,0xff,0x05,0xbf,0xeb,0xff,0x04,0xbf,0xed,0xff,0x03,0xbf,0xef,0xff,0x02,0xbf,0xf0,0xff,
    0x01,0xbf,0xf1,0xff,0x00,0xbf,0xf3,0xff,0x00,0xbe,0xf4,0xff,0x00,0xbe,0xf4,0xff,0x00,0xbc,0xf4,0xff,0x00,0xbc,0xf4,0xff,0x01,0xba,0xf4,0xff,0x01,0xb9,0xf4,0xff,
    0x01,0xb8,0xf3,0xff,0x02,0xb7,0xf3,0xff,0x02,0xb6,0xf3,0xff,0x02,0xb5,0xf3,0xff,0x02,0xb4,0xf3,0xff,0x03,0xb2,0xf2,0xff,0x03,0xb1,0xf2,0xff,0x03,0xb0,0xf2,0xff,
    0x04,0xaf,0xf2,0xff,0x04,0xae,0xf2,0xff,0x04,0xad,0xf1,0xff,0x04,0xac,0xf1,0xff,0x05,0xaa,0xf1,0xff,0x05,0xa9,0xf1,0xff,0x05,0xa8,0xf0,0xff,0x05,0xa7,0xf0,0xff,
    0x06,0xa6,0xf0,0xff,0x06,0xa5,0xf0,0xff,0x07,0xa4,0xf0,0xff,0x07,0xa3,0xf0,0xff,0x07,0xa2,0xef,0xff,0x08,0xa1,0xef,0xff,0x08,0x9f,0xef,0xff,0x08,0x9f,0xef,0xff,
    0x08,0x9d,0xef,0xff,0x08,0x9d,0xef,0xff,0x09,0x9b,0xee,0xff,0x09,0x9b,0xee,0xff,0x09,0x9a,0xee,0xff,0x09,0x99,0xee,0xff,0x09,0x99,0xee,0xff,0x09,0x98,0xee,0xff,
    0x0a,0x97,0xed,0xfd,0x0a,0x96,0xed,0xfc,0x0a,0x9c,0xf5,0xff,0x0a,0xa3,0xff,0xff,0x0a,0x9a,0xf3,0xe5,0x0a,0x99,0xf4,0x49,0x00,0x00,0x00,0x00,0x00,0x00,0x00,0x00,
    0x00,0xaa,0xff,0x03,0x00,0x7f,0xff,0x02,0x00,0x00,0x00,0x00,0x00,0x00,0x00,0x00,0x00,0x00,0x00,0x00,0x00,0x00,0x00,0x00,0x00,0x00,0x00,0x00,0x00,0x00,0x00,0x00,
    0x00,0x00,0x00,0x00,0x00,0x00,0x00,0x00,0x00,0x00,0x00,0x00,0x00,0x00,0x00,0x00,0x00,0x00,0x00,0x00,0x00,0x00,0x00,0x00,0x00,0x00,0x00,0x00,0x00,0x00,0x00,0x00,
    0x00,0x00,0x00,0x00,0x00,0x00,0x00,0x00,0x00,0x00,0x00,0x00,0x00,0x00,0x00,0x00,0x00,0x00,0x00,0x00,0x00,0x00,0x00,0x00,0x00,0x00,0x00,0x00,0x00,0x00,0x00,0x00,
    0x00,0x00,0x00,0x00,0x00,0x00,0x00,0x00,0x00,0x00,0x00,0x00,0x00,0x00,0x00,0x00,0x00,0x00,0x00,0x00,0x00,0x00,0x00,0x00,0x00,0x00,0x00,0x00,0x00,0x00,0x00,0x00,
    0x00,0x00,0x00,0x00,0x00,0x00,0x00,0x00,0x00,0x00,0x00,0x00,0x00,0x00,0x00,0x00,0x00,0x00,0x00,0x00,0x00,0x00,0x00,0x00,0x00,0x00,0x00,0x00,0x00,0x00,0x00,0x00,
    0x00,0x00,0x00,0x00,0x00,0x00,0x00,0x00,0x00,0x00,0x00,0x00,0x00,0x00,0x00,0x00,0x00,0x00,0x00,0x00,0x00,0x00,0x00,0x00,0x00,0x00,0x00,0x00,0x00,0x00,0x00,0x00,
    0x00,0x00,0x00,0x00,0x00,0x00,0x00,0x00,0x00,0x00,0x00,0x00,0x00,0x00,0x00,0x00,0x00,0x00,0x00,0x00,0x00,0x00,0x00,0x00,0x00,0x00,0x00,0x00,0x00,0x00,0x00,0x00,
    0x00,0x00,0x00,0x00,0x00,0x00,0x00,0x00,0x00,0x00,0x00,0x00,0x00,0x00,0x00,0x00,0x00,0x00,0x00,0x00,0x00,0x00,0x00,0x00,0x00,0x00,0x00,0x00,0x00,0x00,0x00,0x00,
    0x00,0x00,0x00,0x00,0x00,0x00,0x00,0x00,0x00,0x00,0x00,0x00,0x00,0x00,0x00,0x00,0x00,0x00,0x00,0x00,0x00,0x00,0x00,0x00,0x00,0x00,0x00,0x00,0x00,0x00,0x00,0x00,
    0x00,0x00,0x00,0x00,0x00,0x00,0x00,0x00,0x00,0x00,0x00,0x00,0x00,0x00,0x00,0x00,0x00,0x00,0x00,0x00,0x3f,0xbf,0xbf,0x04,0x00,0x00,0x00,0x00,0x00,0x00,0x00,0x00,
    0x28,0xbf,0xb9,0x2c,0x24,0xc3,0xbe,0xa7,0x24,0xc9,0xc6,0xff,0x21,0xc3,0xc3,0xff,0x1d,0xbd,0xc1,0xfb,0x1d,0xbf,0xc3,0xfd,0x1c,0xbf,0xc5,0xff,0x1b,0xbf,0xc8,0xff,
    0x1a,0xbf,0xca,0xff,0x19,0xbf,0xcb,0xff,0x18,0xbf,0xcd,0xff,0x17,0xbf,0xce,0xff,0x15,0xbf,0xd1,0xff,0x14,0xbf,0xd2,0xff,0x13,0xbf,0xd4,0xff,0x12,0xbf,0xd6,0xff,
    0x11,0xbf,0xd7,0xff,0x10,0xbf,0xd9,0xff,0x0f,0xbf,0xdb,0xff,0x0e,0xbf,0xdd,0xff,0x0d,0xbf,0xde,0xff,0x0c,0xbf,0xe0,0xff,0x0c,0xbf,0xe1,0xff,0x0b,0xbf,0xe3,0xff,
    0x0a,0xbf,0xe4,0xff,0x09,0xbf,0xe6,0xff,0x08,0xbf,0xe7,0xff,0x07,0xbf,0xe9,0xff,0x06,0xbf,0xea,0xff,0x04,0xbf,0xec,0xff,0x03,0xbf,0xee,0xff,0x02,0xbf,0xf0,0xff,
    0x02,0xbf,0xf0,0xff,0x00,0xbf,0xf3,0xff,0x00,0xbf,0xf3,0xff,0x00,0xbe,0xf4,0xff,0x00,0xbd,0xf4,0xff,0x00,0xbc,0xf4,0xff,0x01,0xbb,0xf4,0xff,0x01,0xba,0xf4,0xff,
    0x01,0xb8,0xf3,0xff,0x01,0xb8,0xf3,0xff,0x02,0xb6,0xf3,0xff,0x02,0xb5,0xf3,0xff,0x02,0xb4,0xf3,0xff,0x03,0xb2,0xf2,0xff,0x03,0xb2,0xf2,0xff,0x03,0xb0,0xf2,0xff,
    0x03,0xaf,0xf2,0xff,0x04,0xae,0xf2,0xff,0x04,0xad,0xf2,0xff,0x04,0xac,0xf1,0xff,0x05,0xaa,0xf1,0xff,0x05,0xa9,0xf1,0xff,0x05,0xa8,0xf0,0xff,0x06,0xa7,0xf0,0xff,
    0x06,0xa6,0xf0,0xff,0x07,0xa5,0xf0,0xff,0x07,0xa4,0xf0,0xff,0x07,0xa3,0xef,0xff,0x07,0xa2,0xef,0xff,0x08,0x9f,0xef,0xff,0x08,0x9f,0xef,0xff,0x08,0x9e,0xef,0xff,
    0x08,0x9d,0xef,0xff,0x09,0x9c,0xee,0xff,0x09,0x9b,0xee,0xff,0x09,0x9a,0xee,0xff,0x09,0x99,0xee,0xff,0x09,0x99,0xee,0xff,0x0a,0x98,0xee,0xff,0x0a,0x97,0xee,0xff,
    0x0a,0x97,0xee,0xff,0x0a,0x96,0xee,0xff,0x0a,0x95,0xed,0xfd,0x0a,0x94,0xec,0xfb,0x0b,0x98,0xf2,0xff,0x0b,0x9c,0xf9,0xff,0x0a,0x98,0xf2,0xa7,0x0b,0x96,0xed,0x2c,
    0x00,0x00,0x00,0x00,0x00,0x00,0x00,0x00,0x00,0x7f,0xbf,0x04,0x00,0x00,0x00,0x00,0x00,0x00,0x00,0x00,0x00,0x00,0x00,0x00,0x00,0x00,0x00,0x00,0x00,0x00,0x00,0x00,
    0x00,0x00,0x00,0x00,0x00,0x00,0x00,0x00,0x00,0x00,0x00,0x00,0x00,0x00,0x00,0x00,0x00,0x00,0x00,0x00,0x00,0x00,0x00,0x00,0x00,0x00,0x00,0x00,0x00,0x00,0x00,0x00,
    0x00,0x00,0x00,0x00,0x00,0x00,0x00,0x00,0x00,0x00,0x00,0x00,0x00,0x00,0x00,0x00,0x00,0x00,0x00,0x00,0x00,0x00,0x00,0x00,0x00,0x00,0x00,0x00,0x00,0x00,0x00,0x00,
    0x00,0x00,0x00,0x00,0x00,0x00,0x00,0x00,0x00,0x00,0x00,0x00,0x00,0x00,0x00,0x00,0x00,0x00,0x00,0x00,0x00,0x00,0x00,0x00,0x00,0x00,0x00,0x00,0x00,0x00,0x00,0x00,
    0x00,0x00,0x00,0x00,0x00,0x00,0x00,0x00,0x00,0x00,0x00,0x00,0x00,0x00,0x00,0x00,0x00,0x00,0x00,0x00,0x00,0x00,0x00,0x00,0x00,0x00,0x00,0x00,0x00,0x00,0x00,0x00,
    0x00,0x00,0x00,0x00,0x00,0x00,0x00,0x00,0x00,0x00,0x00,0x00,0x00,0x00,0x00,0x00,0x00,0x00,0x00,0x00,0x00,0x00,0x00,0x00,0x00,0x00,0x00,0x00,0x00,0x00,0x00,0x00,
    0x00,0x00,0x00,0x00,0x00,0x00,0x00,0x00,0x00,0x00,0x00,0x00,0x00,0x00,0x00,0x00,0x00,0x00,0x00,0x00,0x00,0x00,0x00,0x00,0x00,0x00,0x00,0x00,0x00,0x00,0x00,0x00,
    0x00,0x00,0x00,0x00,0x00,0x00,0x00,0x00,0x00,0x00,0x00,0x00,0x00,0x00,0x00,0x00,0x00,0x00,0x00,0x00,0x00,0x00,0x00,0x00,0x00,0x00,0x00,0x00,0x00,0x00,0x00,0x00,
    0x00,0x00,0x00,0x00,0x00,0x00,0x00,0x00,0x00,0x00,0x00,0x00,0x00,0x00,0x00,0x00,0x00,0x00,0x00,0x00,0x00,0x00,0x00,0x00,0x00,0x00,0x00,0x00,0x00,0x00,0x00,0x00,
    0x00,0x00,0x00,0x00,0x00,0x00,0x00,0x00,0x00,0x00,0x00,0x00,0x00,0xff,0xff,0x01,0x00,0xff,0xff,0x02,0x00,0x00,0x00,0x00,0x28,0xbb,0xae,0x26,0x28,0xc4,0xbb,0x9e,
    0x24,0xc2,0xbc,0xf9,0x24,0xca,0xc7,0xff,0x21,0xbe,0xbd,0xfd,0x1f,0xbe,0xbf,0xfe,0x1e,0xbf,0xc2,0xff,0x1c,0xbf,0xc5,0xff,0x1c,0xbf,0xc6,0xff,0x1b,0xbf,0xc8,0xff,
    0x1a,0xbf,0xca,0xff,0x19,0xbf,0xcb,0xff,0x18,0xbf,0xcd,0xff,0x17,0xbf,0xce,0xff,0x16,0xbf,0xd0,0xff,0x15,0xbf,0xd1,0xff,0x13,0xbf,0xd4,0xff,0x13,0xbf,0xd4,0xff,
    0x11,0xbf,0xd7,0xff,0x10,0xbf,0xd8,0xff,0x0f,0xbf,0xdb,0xff,0x0f,0xbf,0xdc,0xff,0x0d,0xbf,0xde,0xff,0x0d,0xbf,0xdf,0xff,0x0c,0xbf,0xe1,0xff,0x0c,0xbf,0xe1,0xff,
    0x0a,0xbf,0xe4,0xff,0x0a,0xbf,0xe5,0xff,0x08,0xbf,0xe7,0xff,0x08,0xbf,0xe8,0xff,0x06,0xbf,0xea,0xff,0x06,0xbf,0xeb,0xff,0x04,0xbf,0xed,0xff,0x03,0xbf,0xef,0xff,
    0x02,0xbf,0xf0,0xff,0x01,0xbf,0xf1,0xff,0x00,0xbf,0xf3,0xff,0x00,0xbe,0xf3,0xff,0x00,0xbe,0xf4,0xff,0x00,0xbd,0xf4,0xff,0x00,0xbc,0xf4,0xff,0x01,0xba,0xf4,0xff,
    0x01,0xb9,0xf4,0xff,0x01,0xb8,0xf3,0xff,0x01,0xb7,0xf3,0xff,0x02,0xb6,0xf3,0xff,0x02,0xb4,0xf3,0xff,0x02,0xb3,0xf3,0xff,0x03,0xb2,0xf2,0xff,0x03,0xb1,0xf2,0xff,
    0x03,0xb0,0xf2,0xff,0x04,0xae,0xf2,0xff,0x04,0xad,0xf2,0xff,0x04,0xac,0xf1,0xff,0x05,0xab,0xf1,0xff,0x05,0xaa,0xf1,0xff,0x05,0xa8,0xf0,0xff,0x06,0xa7,0xf0,0xff,
    0x06,0xa6,0xf0,0xff,0x07,0xa5,0xf0,0xff,0x07,0xa4,0xf0,0xff,0x07,0xa2,0xef,0xff,0x07,0xa2,0xef,0xff,0x08,0x9f,0xef,0xff,0x08,0x9e,0xef,0xff,0x08,0x9d,0xef,0xff,
    0x09,0x9c,0xef,0xff,0x09,0x9b,0xee,0xff,0x09,0x9b,0xee,0xff,0x09,0x99,0xee,0xff,0x09,0x99,0xee,0xff,0x0a,0x97,0xee,0xff,0x0a,0x97,0xee,0xff,0x0a,0x96,0xee,0xff,
    0x0a,0x95,0xed,0xff,0x0a,0x95,0xed,0xff,0x0a,0x94,0xed,0xff,0x0b,0x94,0xed,0xff,0x0b,0x92,0xeb,0xfe,0x0b,0x92,0xec,0xfd,0x0c,0x9b,0xfb,0xff,0x0b,0x95,0xf1,0xf9,
    0x0b,0x97,0xf5,0x9e,0x0d,0x93,0xea,0x26,0x00,0x00,0x00,0x00,0x00,0xff,0xff,0x02,0x00,0xff,0xff,0x01,0x00,0x00,0x00,0x00,0x00,0x00,0x00,0x00,0x00,0x00,0x00,0x00,
    0x00,0x00,0x00,0x00,0x00,0x00,0x00,0x00,0x00,0x00,0x00,0x00,0x00,0x00,0x00,0x00,0x00,0x00,0x00,0x00,0x00,0x00,0x00,0x00,0x00,0x00,0x00,0x00,0x00,0x00,0x00,0x00,
    0x00,0x00,0x00,0x00,0x00,0x00,0x00,0x00,0x00,0x00,0x00,0x00,0x00,0x00,0x00,0x00,0x00,0x00,0x00,0x00,0x00,0x00,0x00,0x00,0x00,0x00,0x00,0x00,0x00,0x00,0x00,0x00,
    0x00,0x00,0x00,0x00,0x00,0x00,0x00,0x00,0x00,0x00,0x00,0x00,0x00,0x00,0x00,0x00,0x00,0x00,0x00,0x00,0x00,0x00,0x00,0x00,0x00,0x00,0x00,0x00,0x00,0x00,0x00,0x00,
    0x00,0x00,0x00,0x00,0x00,0x00,0x00,0x00,0x00,0x00,0x00,0x00,0x00,0x00,0x00,0x00,0x00,0x00,0x00,0x00,0x00,0x00,0x00,0x00,0x00,0x00,0x00,0x00,0x00,0x00,0x00,0x00,
    0x00,0x00,0x00,0x00,0x00,0x00,0x00,0x00,0x00,0x00,0x00,0x00,0x00,0x00,0x00,0x00,0x00,0x00,0x00,0x00,0x00,0x00,0x00,0x00,0x00,0x00,0x00,0x00,0x00,0x00,0x00,0x00,
    0x00,0x00,0x00,0x00,0x00,0x00,0x00,0x00,0x00,0x00,0x00,0x00,0x00,0x00,0x00,0x00,0x00,0x00,0x00,0x00,0x00,0x00,0x00,0x00,0x00,0x00,0x00,0x00,0x00,0x00,0x00,0x00,
    0x00,0x00,0x00,0x00,0x00,0x00,0x00,0x00,0x00,0x00,0x00,0x00,0x00,0x00,0x00,0x00,0x00,0x00,0x00,0x00,0x00,0x00,0x00,0x00,0x00,0x00,0x00,0x00,0x00,0x00,0x00,0x00,
    0x00,0x00,0x00,0x00,0x00,0x00,0x00,0x00,0x00,0x00,0x00,0x00,0x00,0x00,0x00,0x00,0x00,0x00,0x00,0x00,0x00,0x00,0x00,0x00,0x00,0x00,0x00,0x00,0x00,0x00,0x00,0x00,
    0x00,0x00,0x00,0x00,0x00,0x00,0x00,0x00,0x00,0xaa,0xaa,0x03,0x00,0x00,0x00,0x00,0x00,0x00,0x00,0x00,0x29,0xc0,0xb3,0x62,0x27,0xc3,0xb8,0xec,0x28,0xce,0xc5,0xff,
    0x23,0xbf,0xbb,0xff,0x21,0xbe,0xbb,0xfc,0x20,0xbf,0xbf,0xff,0x1f,0xbf,0xc1,0xff,0x1e,0xbf,0xc2,0xff,0x1c,0xbf,0xc5,0xff,0x1c,0xbf,0xc6,0xff,0x1b,0xbf,0xc8,0xff,
    0x1a,0xbf,0xca,0xff,0x19,0xbf,0xcb,0xff,0x18,0xbf,0xcd,0xff,0x17,0xbf,0xce,0xff,0x16,0xbf,0xd0,0xff,0x15,0xbf,0xd1,0xff,0x14,0xbf,0xd3,0xff,0x13,0xbf,0xd4,0xff,
    0x12,0xbf,0xd6,0xff,0x11,0xbf,0xd7,0xff,0x10,0xbf,0xda,0xff,0x0f,0xbf,0xdb,0xff,0x0e,0xbf,0xdd,0xff,0x0d,0xbf,0xde,0xff,0x0d,0xbf,0xdf,0xff,0x0c,0xbf,0xe1,0xff,
    0x0b,0xbf,0xe2,0xff,0x0a,0xbf,0xe4,0xff,0x09,0xbf,0xe5,0xff,0x08,0xbf,0xe7,0xff,0x07,0xbf,0xe8,0xff,0x06,0xbf,0xe9,0xfe,0x05,0xbe,0xea,0xfd,0x04,0xbe,0xec,0xfb,
    0x03,0xbe,0xee,0xfb,0x02,0xbe,0xef,0xfb,0x01,0xbe,0xf1,0xfb,0x00,0xbf,0xf3,0xfc,0x00,0xbd,0xf2,0xfd,0x00,0xbd,0xf3,0xfd,0x00,0xbc,0xf3,0xfd,0x00,0xbb,0xf3,0xfd,
    0x01,0xba,0xf3,0xfd,0x01,0xb8,0xf2,0xfd,0x01,0xb7,0xf2,0xfd,0x02,0xb6,0xf2,0xfd,0x02,0xb6,0xf3,0xfc,0x02,0xb3,0xf2,0xfb,0x03,0xb1,0xf1,0xfb,0x03,0xb1,0xf1,0xfb,
    0x03,0xb0,0xf1,0xfb,0x04,0xaf,0xf1,0xfd,0x04,0xae,0xf1,0xfe,0x04,0xac,0xf1,0xff,0x04,0xab,0xf1,0xff,0x05,0xaa,0xf1,0xff,0x05,0xa8,0xf0,0xff,0x05,0xa7,0xf0,0xff,
    0x06,0xa6,0xf0,0xff,0x07,0xa5,0xf0,0xff,0x07,0xa4,0xf0,0xff,0x07,0xa2,0xef,0xff,0x07,0xa1,0xef,0xff,0x08,0x9f,0xef,0xff,0x08,0x9e,0xef,0xff,0x08,0x9d,0xef,0xff,
    0x09,0x9c,0xee,0xff,0x09,0x9b,0xee,0xff,0x09,0x9a,0xee,0xff,0x09,0x99,0xee,0xff,0x0a,0x98,0xee,0xff,0x0a,0x97,0xee,0xff,0x0a,0x97,0xee,0xff,0x0a,0x95,0xed,0xff,
    0x0a,0x95,0xed,0xff,0x0b,0x94,0xed,0xff,0x0b,0x93,0xed,0xff,0x0b,0x92,0xed,0xff,0x0b,0x92,0xed,0xff,0x0b,0x91,0xed,0xff,0x0b,0x90,0xec,0xfc,0x0b,0x91,0xed,0xff,
    0x0c,0x9c,0xff,0xff,0x0a,0x94,0xf2,0xec,0x0a,0x94,0xef,0x62,0x00,0x00,0x00,0x00,0x00,0x00,0x00,0x00,0x00,0xaa,0xff,0x03,0x00,0x00,0x00,0x00,0x00,0x00,0x00,0x00,
    0x00,0x00,0x00,0x00,0x00,0x00,0x00,0x00,0x00,0x00,0x00,0x00,0x00,0x00,0x00,0x00,0x00,0x00,0x00,0x00,0x00,0x00,0x00,0x00,0x00,0x00,0x00,0x00,0x00,0x00,0x00,0x00,
    0x00,0x00,0x00,0x00,0x00,0x00,0x00,0x00,0x00,0x00,0x00,0x00,0x00,0x00,0x00,0x00,0x00,0x00,0x00,0x00,0x00,0x00,0x00,0x00,0x00,0x00,0x00,0x00,0x00,0x00,0x00,0x00,
    0x00,0x00,0x00,0x00,0x00,0x00,0x00,0x00,0x00,0x00,0x00,0x00,0x00,0x00,0x00,0x00,0x00,0x00,0x00,0x00,0x00,0x00,0x00,0x00,0x00,0x00,0x00,0x00,0x00,0x00,0x00,0x00,
    0x00,0x00,0x00,0x00,0x00,0x00,0x00,0x00,0x00,0x00,0x00,0x00,0x00,0x00,0x00,0x00,0x00,0x00,0x00,0x00,0x00,0x00,0x00,0x00,0x00,0x00,0x00,0x00,0x00,0x00,0x00,0x00,
    0x00,0x00,0x00,0x00,0x00,0x00,0x00,0x00,0x00,0x00,0x00,0x00,0x00,0x00,0x00,0x00,0x00,0x00,0x00,0x00,0x00,0x00,0x00,0x00,0x00,0x00,0x00,0x00,0x00,0x00,0x00,0x00,
    0x00,0x00,0x00,0x00,0x00,0x00,0x00,0x00,0x00,0x00,0x00,0x00,0x00,0x00,0x00,0x00,0x00,0x00,0x00,0x00,0x00,0x00,0x00,0x00,0x00,0x00,0x00,0x00,0x00,0x00,0x00,0x00,
    0x00,0x00,0x00,0x00,0x00,0x00,0x00,0x00,0x00,0x00,0x00,0x00,0x00,0x00,0x00,0x00,0x00,0x00,0x00,0x00,0x00,0x00,0x00,0x00,0x00,0x00,0x00,0x00,0x00,0x00,0x00,0x00,
    0x00,0x00,0x00,0x00,0x00,0x00,0x00,0x00,0x00,0x00,0x00,0x00,0x00,0x00,0x00,0x00,0x00,0x00,0x00,0x00,0x00,0x00,0x00,0x00,0x00,0x00,0x00,0x00,0x00,0x00,0x00,0x00,
    0x00,0x00,0x00,0x00,0x3f,0xbf,0xbf,0x04,0x00,0x00,0x00,0x00,0x2a,0xaa,0x9b,0x12,0x2a,0xc4,0xb5,0xa9,0x2b,0xce,0xc2,0xff,0x26,0xc1,0xb8,0xff,0x23,0xbd,0xb7,0xfb,
    0x23,0xbf,0xbb,0xff,0x21,0xbf,0xbd,0xff,0x20,0xbf,0xbf,0xff,0x1f,0xbf,0xc1,0xff,0x1e,0xbf,0xc2,0xff,0x1c,0xbf,0xc5,0xff,0x1c,0xbf,0xc5,0xff,0x1b,0xbf,0xc8,0xff,
    0x1a,0xbf,0xc9,0xff,0x19,0xbf,0xcb,0xff,0x18,0xbf,0xcc,0xff,0x17,0xbf,0xce,0xff,0x16,0xbf,0xcf,0xff,0x15,0xbf,0xd1,0xff,0x15,0xbf,0xd2,0xff,0x13,0xbf,0xd4,0xff,
    0x13,0xbf,0xd4,0xff,0x11,0xbf,0xd7,0xff,0x11,0xbf,0xd7,0xff,0x0f,0xbf,0xdb,0xff,0x0f,0xbf,0xdb,0xff,0x0e,0xbf,0xdd,0xff,0x0d,0xbf,0xde,0xff,0x0c,0xbf,0xdf,0xff,
    0x0c,0xbe,0xe0,0xfe,0x0b,0xbf,0xe2,0xfd,0x0a,0xbe,0xe2,0xfc,0x09,0xbf,0xe4,0xfc,0x08,0xbe,0xe5,0xfd,0x07,0xbf,0xe8,0xff,0x07,0xc6,0xf1,0xff,0x06,0xcc,0xfa,0xff,
    0x05,0xcd,0xfd,0xff,0x04,0xcd,0xff,0xff,0x03,0xcd,0xff,0xff,0x02,0xc8,0xfc,0xff,0x01,0xc8,0xfd,0xff,0x00,0xc7,0xfe,0xff,0x00,0xc7,0xff,0xff,0x00,0xc6,0xff,0xff,
    0x00,0xc5,0xff,0xff,0x01,0xc4,0xff,0xff,0x01,0xc2,0xff,0xff,0x01,0xc1,0xfe,0xff,0x02,0xc0,0xfe,0xff,0x02,0xc4,0xff,0xff,0x02,0xc2,0xff,0xff,0x03,0xc0,0xff,0xff,
    0x03,0xbe,0xff,0xff,0x03,0xb6,0xfa,0xff,0x04,0xaf,0xf2,0xff,0x04,0xad,0xf0,0xfd,0x04,0xac,0xf0,0xfc,0x05,0xaa,0xf0,0xfc,0x05,0xa9,0xf1,0xfd,0x05,0xa7,0xef,0xfe,
    0x06,0xa6,0xf0,0xff,0x06,0xa5,0xf0,0xff,0x07,0xa4,0xf0,0xff,0x07,0xa3,0xef,0xff,0x07,0xa1,0xef,0xff,0x08,0x9f,0xef,0xff,0x08,0x9e,0xef,0xff,0x08,0x9d,0xef,0xff,
    0x09,0x9b,0xee,0xff,0x09,0x9b,0xee,0xff,0x09,0x99,0xee,0xff,0x09,0x98,0xee,0xff,0x0a,0x97,0xee,0xff,0x0a,0x97,0xee,0xff,0x0a,0x95,0xed,0xff,0x0a,0x95,0xed,0xff,
    0x0b,0x93,0xed,0xff,0x0b,0x93,0xed,0xff,0x0b,0x92,0xed,0xff,0x0b,0x91,0xed,0xff,0x0b,0x91,0xed,0xff,0x0b,0x90,0xed,0xff,0x0c,0x90,0xec,0xff,0x0c,0x8f,0xec,0xff,
    0x0c,0x8e,0xeb,0xfb,0x0c,0x90,0xef,0xff,0x0d,0x9b,0xff,0xff,0x0c,0x93,0xf2,0xa9,0x0e,0x8d,0xd4,0x12,0x00,0x00,0x00,0x00,0x00,0x7f,0xff,0x04,0x00,0x00,0x00,0x00,
    0x00,0x00,0x00,0x00,0x00,0x00,0x00,0x00,0x00,0x00,0x00,0x00,0x00,0x00,0x00,0x00,0x00,0x00,0x00,0x00,0x00,0x00,0x00,0x00,0x00,0x00,0x00,0x00,0x00,0x00,0x00,0x00,
    0x00,0x00,0x00,0x00,0x00,0x00,0x00,0x00,0x00,0x00,0x00,0x00,0x00,0x00,0x00,0x00,0x00,0x00,0x00,0x00,0x00,0x00,0x00,0x00,0x00,0x00,0x00,0x00,0x00,0x00,0x00,0x00,
    0x00,0x00,0x00,0x00,0x00,0x00,0x00,0x00,0x00,0x00,0x00,0x00,0x00,0x00,0x00,0x00,0x00,0x00,0x00,0x00,0x00,0x00,0x00,0x00,0x00,0x00,0x00,0x00,0x00,0x00,0x00,0x00,
    0x00,0x00,0x00,0x00,0x00,0x00,0x00,0x00,0x00,0x00,0x00,0x00,0x00,0x00,0x00,0x00,0x00,0x00,0x00,0x00,0x00,0x00,0x00,0x00,0x00,0x00,0x00,0x00,0x00,0x00,0x00,0x00,
    0x00,0x00,0x00,0x00,0x00,0x00,0x00,0x00,0x00,0x00,0x00,0x00,0x00,0x00,0x00,0x00,0x00,0x00,0x00,0x00,0x00,0x00,0x00,0x00,0x00,0x00,0x00,0x00,0x00,0x00,0x00,0x00,
    0x00,0x00,0x00,0x00,0x00,0x00,0x00,0x00,0x00,0x00,0x00,0x00,0x00,0x00,0x00,0x00,0x00,0x00,0x00,0x00,0x00,0x00,0x00,0x00,0x00,0x00,0x00,0x00,0x00,0x00,0x00,0x00,
    0x00,0x00,0x00,0x00,0x00,0x00,0x00,0x00,0x00,0x00,0x00,0x00,0x00,0x00,0x00,0x00,0x00,0x00,0x00,0x00,0x00,0x00,0x00,0x00,0x00,0x00,0x00,0x00,0x00,0x00,0x00,0x00,
    0x00,0x00,0x00,0x00,0x00,0x00,0x00,0x00,0x00,0x00,0x00,0x00,0x00,0x00,0x00,0x00,0x00,0x00,0x00,0x00,0x00,0x00,0x00,0x00,0x00,0x00,0x00,0x00,0x00,0xff,0xff,0x01,
    0x00,0x7f,0x7f,0x02,0x00,0x00,0x00,0x00,0x29,0xbd,0xab,0x2b,0x29,0xc2,0xb3,0xca,0x2b,0xcf,0xc1,0xff,0x25,0xbe,0xb4,0xfa,0x25,0xbe,0xb6,0xfe,0x24,0xbf,0xb9,0xff,
    0x22,0xbf,0xbc,0xff,0x21,0xbf,0xbd,0xff,0x20,0xbf,0xbf,0xff,0x1f,0xbf,0xc1,0xff,0x1e,0xbf,0xc2,0xff,0x1d,0xbf,0xc4,0xff,0x1c,0xbf,0xc5,0xff,0x1b,0xbf,0xc8,0xff,
    0x1b,0xbf,0xc8,0xff,0x19,0xbf,0xca,0xff,0x19,0xbf,0xcb,0xff,0x18,0xbf,0xcd,0xff,0x17,0xbf,0xce,0xff,0x16,0xbf,0xcf,0xff,0x15,0xbf,0xd1,0xff,0x15,0xbf,0xd2,0xff,
    0x13,0xbf,0xd4,0xff,0x13,0xbf,0xd5,0xff,0x11,0xbf,0xd6,0xff,0x11,0xbf,0xd8,0xff,0x0f,0xbf,0xda,0xff,0x0f,0xbf,0xdb,0xfd,0x0e,0xbe,0xdc,0xfb,0x0d,0xbe,0xdd,0xfd,
    0x0d,0xc2,0xe2,0xff,0x0d,0xc4,0xe6,0xff,0x0d,0xcb,0xef,0xff,0x0c,0xca,0xef,0xff,0x0b,0xc9,0xee,0xff,0x0a,0xc1,0xe6,0xfc,0x09,0xc2,0xe8,0xd6,0x07,0xbf,0xe7,0x90,
    0x05,0xbf,0xe9,0x80,0x05,0xc1,0xed,0x80,0x04,0xc0,0xec,0x7b,0x03,0xbd,0xec,0x46,0x03,0xc0,0xef,0x41,0x00,0xbd,0xef,0x42,0x00,0xc0,0xf3,0x41,0x00,0xc0,0xf3,0x41,
    0x00,0xc0,0xf7,0x41,0x00,0xbc,0xf7,0x41,0x00,0xbd,0xf3,0x42,0x00,0xbc,0xf7,0x41,0x00,0xb6,0xf0,0x46,0x02,0xb8,0xf4,0x7b,0x01,0xb9,0xf5,0x80,0x01,0xb5,0xf3,0x80,
    0x03,0xb2,0xf2,0x90,0x03,0xb3,0xf5,0xd6,0x03,0xb3,0xf4,0xfc,0x04,0xb8,0xfe,0xff,0x04,0xb8,0xff,0xff,0x04,0xb6,0xff,0xff,0x05,0xae,0xf7,0xff,0x05,0xab,0xf4,0xff,
    0x05,0xa6,0xef,0xfd,0x06,0xa5,0xef,0xfb,0x07,0xa4,0xef,0xfd,0x07,0xa3,0xef,0xff,0x07,0xa2,0xef,0xff,0x08,0x9f,0xef,0xff,0x08,0x9e,0xef,0xff,0x08,0x9d,0xef,0xff,
    0x09,0x9b,0xee,0xff,0x09,0x9a,0xee,0xff,0x09,0x99,0xee,0xff,0x0a,0x98,0xee,0xff,0x0a,0x97,0xee,0xff,0x0a,0x96,0xee,0xff,0x0a,0x95,0xed,0xff,0x0b,0x94,0xed,0xff,
    0x0b,0x93,0xed,0xff,0x0b,0x92,0xed,0xff,0x0b,0x91,0xed,0xff,0x0b,0x91,0xed,0xff,0x0c,0x90,0xed,0xff,0x0c,0x8f,0xec,0xff,0x0c,0x8f,0xec,0xff,0x0c,0x8e,0xec,0xff,
    0x0c,0x8d,0xec,0xff,0x0c,0x8c,0xeb,0xfe,0x0c,0x8c,0xeb,0xfa,0x0d,0x9a,0xff,0xff,0x0c,0x8f,0xf1,0xca,0x0b,0x8e,0xed,0x2b,0x00,0x00,0x00,0x00,0x00,0x7f,0xff,0x02,
    0x00,0xff,0xff,0x01,0x00,0x00,0x00,0x00,0x00,0x00,0x00,0x00,0x00,0x00,0x00,0x00,0x00,0x00,0x00,0x00,0x00,0x00,0x00,0x00,0x00,0x00,0x00,0x00,0x00,0x00,0x00,0x00,
    0x00,0x00,0x00,0x00,0x00,0x00,0x00,0x00,0x00,0x00,0x00,0x00,0x00,0x00,0x00,0x00,0x00,0x00,0x00,0x00,0x00,0x00,0x00,0x00,0x00,0x00,0x00,0x00,0x00,0x00,0x00,0x00,
    0x00,0x00,0x00,0x00,0x00,0x00,0x00,0x00,0x00,0x00,0x00,0x00,0x00,0x00,0x00,0x00,0x00,0x00,0x00,0x00,0x00,0x00,0x00,0x00,0x00,0x00,0x00,0x00,0x00,0x00,0x00,0x00,
    0x00,0x00,0x00,0x00,0x00,0x00,0x00,0x00,0x00,0x00,0x00,0x00,0x00,0x00,0x00,0x00,0x00,0x00,0x00,0x00,0x00,0x00,0x00,0x00,0x00,0x00,0x00,0x00,0x00,0x00,0x00,0x00,
    0x00,0x00,0x00,0x00,0x00,0x00,0x00,0x00,0x00,0x00,0x00,0x00,0x00,0x00,0x00,0x00,0x00,0x00,0x00,0x00,0x00,0x00,0x00,0x00,0x00,0x00,0x00,0x00,0x00,0x00,0x00,0x00,
    0x00,0x00,0x00,0x00,0x00,0x00,0x00,0x00,0x00,0x00,0x00,0x00,0x00,0x00,0x00,0x00,0x00,0x00,0x00,0x00,0x00,0x00,0x00,0x00,0x00,0x00,0x00,0x00,0x00,0x00,0x00,0x00,
    0x00,0x00,0x00,0x00,0x00,0x00,0x00,0x00,0x00,0x00,0x00,0x00,0x00,0x00,0x00,0x00,0x00,0x00,0x00,0x00,0x00,0x00,0x00,0x00,0x00,0x00,0x00,0x00,0x00,0x00,0x00,0x00,
    0x00,0x00,0x00,0x00,0x00,0x00,0x00,0x00,0x00,0x00,0x00,0x00,0x00,0x00,0x00,0x00,0x00,0x00,0x00,0x00,0x00,0x00,0x00,0x00,0x55,0xaa,0xaa,0x03,0x00,0x00,0x01,0x00,
    0x00,0x00,0x00,0x00,0x2d,0xc1,0xad,0x70,0x2b,0xc4,0xb3,0xfa,0x2a,0xc6,0xb7,0xff,0x27,0xbd,0xb2,0xfb,0x26,0xbf,0xb6,0xff,0x25,0xbf,0xb7,0xff,0x24,0xbf,0xb9,0xff,
    0x22,0xbf,0xbc,0xff,0x21,0xbf,0xbd,0xff,0x20,0xbf,0xbf,0xff,0x1f,0xbf,0xc1,0xff,0x1e,0xbf,0xc2,0xff,0x1d,0xbf,0xc3,0xff,0x1c,0xbf,0xc5,0xff,0x1c,0xbf,0xc6,0xff,
    0x1b,0xbf,0xc8,0xff,0x1b,0xbf,0xc8,0xff,0x19,0xbf,0xcb,0xff,0x19,0xbf,0xcb,0xff,0x17,0xbf,0xce,0xff,0x17,0xbf,0xce,0xff,0x16,0xbf,0xcf,0xff,0x15,0xbf,0xd1,0xff,
    0x15,0xbf,0xd2,0xff,0x13,0xbf,0xd3,0xff,0x13,0xbe,0xd3,0xfe,0x11,0xbe,0xd5,0xfc,0x11,0xbe,0xd5,0xfe,0x11,0xc5,0xe0,0xff,0x11,0xcd,0xe9,0xff,0x10,0xc7,0xe4,0xff,
    0x0e,0xc0,0xde,0xf0,0x0e,0xc1,0xe0,0xe1,0x0d,0xc4,0xe3,0xae,0x0d,0xbf,0xdf,0x60,0x0b,0xcc,0xef,0x41,0x0c,0xc8,0xec,0x2a,0x00,0xaa,0xaa,0x03,0x00,0x00,0x00,0x00,
    0x00,0x00,0x00,0x00,0x00,0x00,0x00,0x00,0x00,0x00,0x00,0x00,0x00,0x00,0x00,0x00,0x00,0x00,0x00,0x00,0x00,0x00,0x00,0x00,0x00,0x00,0x00,0x00,0x00,0x00,0x00,0x00,
    0x00,0x00,0x00,0x00,0x00,0x00,0x00,0x00,0x00,0x00,0x00,0x00,0x00,0x00,0x00,0x00,0x00,0x00,0x00,0x00,0x00,0x00,0x00,0x00,0x00,0x00,0x00,0x00,0x00,0x00,0x00,0x00,
    0x00,0x00,0x00,0x00,0x00,0xaa,0xff,0x03,0x06,0xbc,0xf8,0x2a,0x03,0xbc,0xff,0x41,0x05,0xaf,0xf1,0x60,0x04,0xb2,0xf6,0xae,0x04,0xae,0xf4,0xe1,0x04,0xac,0xf3,0xf0,
    0x05,0xb0,0xfb,0xff,0x06,0xb3,0xff,0xff,0x07,0xab,0xf8,0xff,0x07,0xa2,0xee,0xfe,0x07,0xa1,0xed,0xfc,0x08,0x9f,0xee,0xfe,0x08,0x9e,0xef,0xff,0x08,0x9d,0xef,0xff,
    0x09,0x9b,0xee,0xff,0x09,0x9a,0xee,0xff,0x09,0x99,0xee,0xff,0x0a,0x98,0xee,0xff,0x0a,0x97,0xee,0xff,0x0a,0x96,0xed,0xff,0x0a,0x95,0xed,0xff,0x0b,0x93,0xed,0xff,
    0x0b,0x93,0xed,0xff,0x0b,0x91,0xed,0xff,0x0b,0x91,0xed,0xff,0x0c,0x90,0xec,0xff,0x0c,0x8f,0xec,0xff,0x0c,0x8f,0xec,0xff,0x0c,0x8d,0xec,0xff,0x0c,0x8d,0xec,0xff,
    0x0c,0x8d,0xec,0xff,0x0c,0x8c,0xec,0xff,0x0d,0x8c,0xec,0xff,0x0d,0x8b,0xeb,0xfb,0x0d,0x91,0xf5,0xff,0x0d,0x90,0xf3,0xfa,0x0d,0x8d,0xef,0x70,0x00,0x00,0x00,0x00,
    0x00,0x00,0x01,0x00,0x00,0xaa,0xff,0x03,0x00,0x00,0x00,0x00,0x00,0x00,0x00,0x00,0x00,0x00,0x00,0x00,0x00,0x00,0x00,0x00,0x00,0x00,0x00,0x00,0x00,0x00,0x00,0x00,
    0x00,0x00,0x00,0x00,0x00,0x00,0x00,0x00,0x00,0x00,0x00,0x00,0x00,0x00,0x00,0x00,0x00,0x00,0x00,0x00,0x00,0x00,0x00,0x00,0x00,0x00,0x00,0x00,0x00,0x00,0x00,0x00,
    0x00,0x00,0x00,0x00,0x00,0x00,0x00,0x00,0x00,0x00,0x00,0x00,0x00,0x00,0x00,0x00,0x00,0x00,0x00,0x00,0x00,0x00,0x00,0x00,0x00,0x00,0x00,0x00,0x00,0x00,0x00,0x00,
    0x00,0x00,0x00,0x00,0x00,0x00,0x00,0x00,0x00,0x00,0x00,0x00,0x00,0x00,0x00,0x00,0x00,0x00,0x00,0x00,0x00,0x00,0x00,0x00,0x00,0x00,0x00,0x00,0x00,0x00,0x00,0x00,
    0x00,0x00,0x00,0x00,0x00,0x00,0x00,0x00,0x00,0x00,0x00,0x00,0x00,0x00,0x00,0x00,0x00,0x00,0x00,0x00,0x00,0x00,0x00,0x00,0x00,0x00,0x00,0x00,0x00,0x00,0x00,0x00,
    0x00,0x00,0x00,0x00,0x00,0x00,0x00,0x00,0x00,0x00,0x00,0x00,0x00,0x00,0x00,0x00,0x00,0x00,0x00,0x00,0x00,0x00,0x00,0x00,0x00,0x00,0x00,0x00,0x00,0x00,0x00,0x00,
    0x00,0x00,0x00,0x00,0x00,0x00,0x00,0x00,0x00,0x00,0x00,0x00,0x00,0x00,0x00,0x00,0x00,0x00,0x00,0x00,0x00,0x00,0x00,0x00,0x00,0x00,0x00,0x00,0x00,0x00,0x00,0x00,
    0x00,0x00,0x00,0x00,0x00,0x00,0x00,0x00,0x00,0x00,0x00,0x00,0x00,0x00,0x00,0x00,0x00,0x00,0x00,0x00,0x00,0xff,0xff,0x02,0x00,0x00,0x00,0x00,0x33,0x99,0x99,0x05,
    0x2e,0xc1,0xac,0x9a,0x30,0xd0,0xbb,0xff,0x29,0xbf,0xaf,0xfe,0x28,0xbe,0xb1,0xfd,0x27,0xbf,0xb4,0xff,0x26,0xbf,0xb6,0xff,0x25,0xbf,0xb8,0xff,0x24,0xbf,0xb9,0xff,
    0x23,0xbf,0xbb,0xff,0x22,0xbf,0xbc,0xff,0x20,0xbf,0xbf,0xff,0x20,0xbf,0xc0,0xff,0x1e,0xbf,0xc2,0xff,0x1e,0xbf,0xc2,0xff,0x1c,0xbf,0xc5,0xff,0x1c,0xbf,0xc5,0xff,
    0x1b,0xbf,0xc7,0xff,0x1b,0xbf,0xc8,0xff,0x1a,0xbf,0xc9,0xff,0x19,0xbf,0xcb,0xff,0x19,0xbf,0xcb,0xff,0x18,0xbf,0xcd,0xff,0x17,0xbf,0xce,0xff,0x16,0xbf,0xcf,0xfe,
    0x15,0xbf,0xd0,0xfc,0x15,0xbe,0xd0,0xfd,0x15,0xc3,0xd7,0xff,0x15,0xcb,0xe0,0xff,0x14,0xc6,0xdb,0xff,0x13,0xc1,0xd7,0xd5,0x13,0xc2,0xd9,0x90,0x10,0xc0,0xd7,0x4e,
    0x0c,0xcc,0xf2,0x14,0x19,0xcc,0xe5,0x0a,0x00,0x00,0x00,0x00,0x00,0x00,0x00,0x00,0x00,0x00,0x00,0x00,0x00,0x00,0x00,0x00,0x00,0x00,0x00,0x00,0x00,0xbf,0xbf,0x04,
    0x00,0xbf,0xff,0x04,0x00,0xbf,0xff,0x04,0x00,0xbf,0xff,0x04,0x00,0xaa,0xff,0x03,0x00,0xaa,0xff,0x03,0x00,0xaa,0xff,0x03,0x00,0xaa,0xff,0x03,0x00,0xaa,0xff,0x03,
    0x00,0xaa,0xff,0x03,0x00,0xaa,0xff,0x03,0x00,0xaa,0xff,0x03,0x00,0xaa,0xff,0x03,0x00,0xaa,0xff,0x03,0x00,0xbf,0xff,0x04,0x00,0xbf,0xff,0x04,0x00,0xbf,0xff,0x04,
    0x00,0xbf,0xff,0x04,0x00,0x00,0x00,0x00,0x00,0x00,0x00,0x00,0x00,0x00,0x00,0x00,0x00,0x00,0x00,0x00,0x00,0x00,0x00,0x00,0x00,0xb2,0xff,0x0a,0x00,0xbf,0xff,0x14,
    0x03,0xad,0xf1,0x4e,0x05,0xad,0xf6,0x90,0x05,0xa8,0xf3,0xd5,0x07,0xab,0xf8,0xff,0x07,0xae,0xff,0xff,0x07,0xa5,0xf4,0xff,0x08,0x9e,0xed,0xfd,0x08,0x9d,0xee,0xfc,
    0x09,0x9c,0xee,0xfe,0x09,0x9b,0xee,0xff,0x09,0x99,0xee,0xff,0x0a,0x98,0xee,0xff,0x0a,0x97,0xee,0xff,0x0a,0x95,0xed,0xff,0x0a,0x94,0xed,0xff,0x0b,0x93,0xed,0xff,
    0x0b,0x92,0xed,0xff,0x0b,0x91,0xed,0xff,0x0c,0x90,0xed,0xff,0x0c,0x8f,0xec,0xff,0x0c,0x8f,0xec,0xff,0x0c,0x8d,0xec,0xff,0x0c,0x8d,0xec,0xff,0x0d,0x8c,0xec,0xff,
    0x0d,0x8b,0xec,0xff,0x0d,0x8b,0xec,0xff,0x0d,0x8a,0xec,0xff,0x0d,0x8a,0xec,0xff,0x0d,0x89,0xea,0xfd,0x0d,0x89,0xeb,0xfe,0x0e,0x96,0xff,0xff,0x0d,0x8c,0xee,0x9a,
    0x00,0x66,0xcc,0x05,0x00,0x00,0x00,0x00,0x00,0x7f,0xff,0x02,0x00,0x00,0x00,0x00,0x00,0x00,0x00,0x00,0x00,0x00,0x00,0x00,0x00,0x00,0x00,0x00,0x00,0x00,0x00,0x00,
    0x00,0x00,0x00,0x00,0x00,0x00,0x00,0x00,0x00,0x00,0x00,0x00,0x00,0x00,0x00,0x00,0x00,0x00,0x00,0x00,0x00,0x00,0x00,0x00,0x00,0x00,0x00,0x00,0x00,0x00,0x00,0x00,
    0x00,0x00,0x00,0x00,0x00,0x00,0x00,0x00,0x00,0x00,0x00,0x00,0x00,0x00,0x00,0x00,0x00,0x00,0x00,0x00,0x00,0x00,0x00,0x00,0x00,0x00,0x00,0x00,0x00,0x00,0x00,0x00,
    0x00,0x00,0x00,0x00,0x00,0x00,0x00,0x00,0x00,0x00,0x00,0x00,0x00,0x00,0x00,0x00,0x00,0x00,0x00,0x00,0x00,0x00,0x00,0x00,0x00,0x00,0x00,0x00,0x00,0x00,0x00,0x00,
    0x00,0x00,0x00,0x00,0x00,0x00,0x00,0x00,0x00,0x00,0x00,0x00,0x00,0x00,0x00,0x00,0x00,0x00,0x00,0x00,0x00,0x00,0x00,0x00,0x00,0x00,0x00,0x00,0x00,0x00,0x00,0x00,
    0x00,0x00,0x00,0x00,0x00,0x00,0x00,0x00,0x00,0x00,0x00,0x00,0x00,0x00,0x00,0x00,0x00,0x00,0x00,0x00,0x00,0x00,0x00,0x00,0x00,0x00,0x00,0x00,0x00,0x00,0x00,0x00,
    0x00,0x00,0x00,0x00,0x00,0x00,0x00,0x00,0x00,0x00,0x00,0x00,0x00,0x00,0x00,0x00,0x00,0x00,0x00,0x00,0x00,0x00,0x00,0x00,0x00,0x00,0x00,0x00,0x00,0x00,0x00,0x00,
    0x00,0x00,0x00,0x00,0x00,0x00,0x00,0x00,0x00,0x00,0x00,0x00,0x00,0x00,0x00,0x00,0x3f,0xbf,0xbf,0x04,0x00,0x00,0x00,0x00,0x2f,0xb9,0x9f,0x3b,0x30,0xc5,0xad,0xd4,
    0x2f,0xc9,0xb4,0xff,0x2a,0xbe,0xad,0xfc,0x29,0xbe,0xaf,0xfe,0x28,0xbf,0xb2,0xff,0x27,0xbf,0xb4,0xff,0x26,0xbf,0xb6,0xff,0x25,0xbf,0xb8,0xff,0x24,0xbf,0xb9,0xff,
    0x23,0xbf,0xbb,0xff,0x22,0xbf,0xbc,0xff,0x21,0xbf,0xbd,0xff,0x20,0xbf,0xbf,0xff,0x1f,0xbf,0xc0,0xff,0x1e,0xbf,0xc2,0xff,0x1e,0xbf,0xc3,0xff,0x1c,0xbf,0xc5,0xff,
    0x1c,0xbf,0xc5,0xff,0x1c,0xbf,0xc7,0xff,0x1b,0xbf,0xc8,0xff,0x1a,0xbf,0xc9,0xff,0x1a,0xbf,0xca,0xff,0x19,0xbe,0xca,0xfe,0x18,0xbe,0xcb,0xfc,0x17,0xbf,0xcd,0xff,
    0x18,0xc9,0xd8,0xff,0x18,0xc9,0xd9,0xff,0x16,0xc1,0xd0,0xe3,0x17,0xc5,0xd5,0xad,0x16,0xc3,0xd6,0x45,0x00,0xff,0xff,0x03,0x00,0x00,0x00,0x00,0x00,0x00,0x00,0x00,
    0x00,0x00,0x00,0x00,0x00,0x00,0x00,0x00,0x00,0xaa,0xff,0x03,0x00,0xbf,0xbf,0x04,0x00,0xaa,0xff,0x03,0x00,0xff,0xff,0x02,0x00,0x00,0xff,0x01,0x00,0x00,0x00,0x00,
    0x00,0x00,0x00,0x00,0x00,0x00,0x00,0x00,0x00,0x00,0x00,0x00,0x00,0x00,0x00,0x00,0x00,0x00,0x00,0x00,0x00,0x00,0x00,0x00,0x00,0x00,0x00,0x00,0x00,0x00,0x00,0x00,
    0x00,0x00,0x00,0x00,0x00,0x00,0x00,0x00,0x00,0x00,0x00,0x00,0x00,0x00,0x00,0x00,0x00,0x00,0x00,0x00,0x00,0x00,0x00,0x00,0x00,0x00,0x00,0x00,0x00,0x00,0x00,0x00,
    0x00,0x00,0x00,0x00,0x00,0x00,0xff,0x01,0x00,0xff,0xff,0x02,0x00,0xaa,0xff,0x03,0x00,0x7f,0xbf,0x04,0x00,0xaa,0xff,0x03,0x00,0x00,0x00,0x00,0x00,0x00,0x00,0x00,
    0x00,0x00,0x00,0x00,0x00,0x00,0x00,0x00,0x00,0xaa,0xff,0x03,0x03,0xad,0xf7,0x45,0x07,0xaa,0xf7,0xad,0x06,0xa5,0xf2,0xe3,0x08,0xa9,0xfc,0xff,0x08,0xa6,0xfb,0xff,
    0x08,0x9c,0xef,0xff,0x09,0x9a,0xec,0xfc,0x09,0x99,0xed,0xfe,0x09,0x98,0xee,0xff,0x0a,0x97,0xee,0xff,0x0a,0x95,0xed,0xff,0x0b,0x94,0xed,0xff,0x0b,0x93,0xed,0xff,
    0x0b,0x92,0xed,0xff,0x0b,0x91,0xed,0xff,0x0c,0x8f,0xec,0xff,0x0c,0x8f,0xec,0xff,0x0c,0x8d,0xec,0xff,0x0c,0x8d,0xec,0xff,0x0d,0x8c,0xec,0xff,0x0d,0x8b,0xec,0xff,
    0x0d,0x8b,0xec,0xff,0x0d,0x8a,0xeb,0xff,0x0d,0x89,0xeb,0xff,0x0d,0x89,0xeb,0xff,0x0d,0x88,0xeb,0xff,0x0d,0x87,0xea,0xfe,0x0d,0x87,0xea,0xfc,0x0e,0x8f,0xf7,0xff,
    0x0e,0x8c,0xf2,0xd4,0x0c,0x85,0xe5,0x3b,0x00,0x00,0x00,0x00,0x00,0x7f,0xff,0x04,0x00,0x00,0x00,0x00,0x00,0x00,0x00,0x00,0x00,0x00,0x00,0x00,0x00,0x00,0x00,0x00,
    0x00,0x00,0x00,0x00,0x00,0x00,0x00,0x00,0x00,0x00,0x00,0x00,0x00,0x00,0x00,0x00,0x00,0x00,0x00,0x00,0x00,0x00,0x00,0x00,0x00,0x00,0x00,0x00,0x00,0x00,0x00,0x00,
    0x00,0x00,0x00,0x00,0x00,0x00,0x00,0x00,0x00,0x00,0x00,0x00,0x00,0x00,0x00,0x00,0x00,0x00,0x00,0x00,0x00,0x00,0x00,0x00,0x00,0x00,0x00,0x00,0x00,0x00,0x00,0x00,
    0x00,0x00,0x00,0x00,0x00,0x00,0x00,0x00,0x00,0x00,0x00,0x00,0x00,0x00,0x00,0x00,0x00,0x00,0x00,0x00,0x00,0x00,0x00,0x00,0x00,0x00,0x00,0x00,0x00,0x00,0x00,0x00,
    0x00,0x00,0x00,0x00,0x00,0x00,0x00,0x00,0x00,0x00,0x00,0x00,0x00,0x00,0x00,0x00,0x00,0x00,0x00,0x00,0x00,0x00,0x00,0x00,0x00,0x00,0x00,0x00,0x00,0x00,0x00,0x00,
    0x00,0x00,0x00,0x00,0x00,0x00,0x00,0x00,0x00,0x00,0x00,0x00,0x00,0x00,0x00,0x00,0x00,0x00,0x00,0x00,0x00,0x00,0x00,0x00,0x00,0x00,0x00,0x00,0x00,0x00,0x00,0x00,
    0x00,0x00,0x00,0x00,0x00,0x00,0x00,0x00,0x00,0x00,0x00,0x00,0x00,0x00,0x00,0x00,0x00,0x00,0x00,0x00,0x00,0x00,0x00,0x00,0x00,0x00,0x00,0x00,0x00,0x00,0x00,0x00,
    0x00,0x00,0x00,0x00,0x00,0x00,0x00,0x00,0x00,0x00,0x00,0x00,0x2a,0xaa,0xaa,0x06,0x00,0x00,0x00,0x00,0x30,0xbc,0xa0,0x54,0x31,0xc9,0xad,0xfb,0x2f,0xc6,0xaf,0xff,
    0x2b,0xbe,0xab,0xfc,0x2a,0xbf,0xae,0xff,0x29,0xbf,0xb0,0xff,0x28,0xbf,0xb2,0xff,0x28,0xbf,0xb3,0xff,0x26,0xbf,0xb6,0xff,0x26,0xbf,0xb6,0xff,0x24,0xbf,0xb9,0xff,
    0x23,0xbf,0xba,0xff,0x22,0xbf,0xbc,0xff,0x22,0xbf,0xbc,0xff,0x20,0xbf,0xbf,0xff,0x20,0xbf,0xbf,0xff,0x1f,0xbf,0xc1,0xff,0x1e,0xbf,0xc2,0xff,0x1d,0xbf,0xc3,0xff,
    0x1c,0xbf,0xc5,0xff,0x1c,0xbf,0xc5,0xff,0x1c,0xbf,0xc6,0xff,0x1b,0xbe,0xc7,0xfe,0x1b,0xbe,0xc7,0xfc,0x1b,0xc2,0xcc,0xff,0x1c,0xcc,0xd6,0xff,0x1a,0xc3,0xcd,0xfc,
    0x1a,0xc2,0xcd,0xba,0x1a,0xc4,0xd1,0x4e,0x12,0xc8,0xc8,0x0e,0x00,0x00,0x00,0x00,0x00,0x00,0x00,0x00,0x00,0x00,0x00,0x00,0x00,0xbf,0xbf,0x04,0x00,0xaa,0xff,0x03,
    0x00,0xff,0xff,0x01,0x00,0xff,0xff,0x01,0x00,0x00,0x00,0x00,0x00,0x00,0x00,0x00,0x00,0x00,0x00,0x00,0x00,0x00,0x00,0x00,0x00,0x00,0x00,0x00,0x00,0x00,0x00,0x00,
    0x00,0x00,0x00,0x00,0x00,0x00,0x00,0x00,0x00,0x00,0x00,0x00,0x00,0x00,0x00,0x00,0x00,0x00,0x00,0x00,0x00,0x00,0x00,0x00,0x00,0x00,0x00,0x00,0x00,0x00,0x00,0x00,
    0x00,0x00,0x00,0x00,0x00,0x00,0x00,0x00,0x00,0x00,0x00,0x00,0x00,0x00,0x00,0x00,0x00,0x00,0x00,0x00,0x00,0x00,0x00,0x00,0x00,0x00,0x00,0x00,0x00,0x00,0x00,0x00,
    0x00,0x00,0x00,0x00,0x00,0x00,0x00,0x00,0x00,0x00,0x00,0x00,0x00,0x00,0x00,0x00,0x00,0x00,0x00,0x00,0x00,0x00,0x00,0x00,0x00,0xff,0xff,0x01,0x00,0xff,0xff,0x01,
    0x00,0xaa,0xff,0x03,0x00,0x7f,0xff,0x04,0x00,0x00,0x00,0x00,0x00,0x00,0x00,0x00,0x00,0x00,0x00,0x00,0x00,0xa3,0xec,0x0e,0x06,0xa6,0xf5,0x4e,0x08,0xa3,0xf4,0xba,
    0x08,0xa1,0xf4,0xfc,0x09,0xa6,0xfe,0xff,0x09,0x9d,0xf2,0xff,0x09,0x96,0xec,0xfc,0x0a,0x96,0xed,0xfe,0x0a,0x96,0xed,0xff,0x0a,0x94,0xed,0xff,0x0b,0x93,0xed,0xff,
    0x0b,0x91,0xed,0xff,0x0b,0x90,0xed,0xff,0x0c,0x8f,0xec,0xff,0x0c,0x8e,0xec,0xff,0x0c,0x8d,0xec,0xff,0x0d,0x8d,0xec,0xff,0x0d,0x8b,0xec,0xff,0x0d,0x8b,0xec,0xff,
    0x0d,0x89,0xeb,0xff,0x0d,0x89,0xeb,0xff,0x0e,0x88,0xeb,0xff,0x0e,0x87,0xeb,0xff,0x0e,0x87,0xeb,0xff,0x0e,0x87,0xeb,0xff,0x0e,0x87,0xeb,0xff,0x0e,0x85,0xe9,0xfc,
    0x0f,0x8c,0xf4,0xff,0x0e,0x8e,0xf6,0xfb,0x0c,0x85,0xe9,0x54,0x00,0x00,0x00,0x00,0x00,0x7f,0xff,0x06,0x00,0x00,0x00,0x00,0x00,0x00,0x00,0x00,0x00,0x00,0x00,0x00,
    0x00,0x00,0x00,0x00,0x00,0x00,0x00,0x00,0x00,0x00,0x00,0x00,0x00,0x00,0x00,0x00,0x00,0x00,0x00,0x00,0x00,0x00,0x00,0x00,0x00,0x00,0x00,0x00,0x00,0x00,0x00,0x00,
    0x00,0x00,0x00,0x00,0x00,0x00,0x00,0x00,0x00,0x00,0x00,0x00,0x00,0x00,0x00,0x00,0x00,0x00,0x00,0x00,0x00,0x00,0x00,0x00,0x00,0x00,0x00,0x00,0x00,0x00,0x00,0x00,
    0x00,0x00,0x00,0x00,0x00,0x00,0x00,0x00,0x00,0x00,0x00,0x00,0x00,0x00,0x00,0x00,0x00,0x00,0x00,0x00,0x00,0x00,0x00,0x00,0x00,0x00,0x00,0x00,0x00,0x00,0x00,0x00,
    0x00,0x00,0x00,0x00,0x00,0x00,0x00,0x00,0x00,0x00,0x00,0x00,0x00,0x00,0x00,0x00,0x00,0x00,0x00,0x00,0x00,0x00,0x00,0x00,0x00,0x00,0x00,0x00,0x00,0x00,0x00,0x00,
    0x00,0x00,0x00,0x00,0x00,0x00,0x00,0x00,0x00,0x00,0x00,0x00,0x00,0x00,0x00,0x00,0x00,0x00,0x00,0x00,0x00,0x00,0x00,0x00,0x00,0x00,0x00,0x00,0x00,0x00,0x00,0x00,
    0x00,0x00,0x00,0x00,0x00,0x00,0x00,0x00,0x00,0x00,0x00,0x00,0x00,0x00,0x00,0x00,0x00,0x00,0x00,0x00,0x00,0x00,0x00,0x00,0x00,0x00,0x00,0x00,0x00,0x00,0x00,0x00,
    0x00,0x00,0x00,0x00,0x00,0x00,0x00,0x01,0x55,0xaa,0xaa,0x03,0x00,0x00,0x00,0x00,0x31,0xbd,0xa1,0x62,0x32,0xc7,0xaa,0xf2,0x2f,0xc2,0xaa,0xfe,0x2c,0xbe,0xa8,0xfc,
    0x2c,0xbf,0xac,0xff,0x2a,0xbf,0xae,0xff,0x29,0xbf,0xb0,0xff,0x29,0xbf,0xb2,0xff,0x28,0xbf,0xb3,0xff,0x26,0xbf,0xb5,0xff,0x26,0xbf,0xb6,0xff,0x25,0xbf,0xb8,0xff,
    0x24,0xbf,0xb9,0xff,0x23,0xbf,0xba,0xff,0x22,0xbf,0xbc,0xff,0x22,0xbf,0xbc,0xff,0x20,0xbf,0xbf,0xff,0x20,0xbf,0xbf,0xff,0x1f,0xbf,0xc1,0xff,0x1e,0xbf,0xc2,0xff,
    0x1e,0xbf,0xc3,0xff,0x1d,0xbe,0xc3,0xfe,0x1c,0xbe,0xc3,0xfc,0x1d,0xc2,0xc8,0xff,0x1e,0xcd,0xd3,0xff,0x1c,0xc3,0xca,0xe8,0x1c,0xc3,0xcb,0x9a,0x1b,0xc7,0xcd,0x2e,
    0x00,0x00,0x00,0x00,0x00,0x00,0x00,0x00,0x00,0x00,0x00,0x00,0x00,0xaa,0xaa,0x03,0x00,0xaa,0xaa,0x03,0x00,0x00,0x00,0x01,0x00,0x00,0x00,0x00,0x00,0x00,0x00,0x00,
    0x00,0x00,0x00,0x00,0x00,0x00,0x00,0x00,0x00,0x00,0x00,0x00,0x00,0x00,0x00,0x00,0x00,0x00,0x00,0x00,0x00,0x00,0x00,0x00,0x00,0x00,0x00,0x00,0x00,0x00,0x00,0x00,
    0x00,0x00,0x00,0x00,0x00,0x00,0x00,0x00,0x00,0x00,0x00,0x00,0x00,0x00,0x00,0x00,0x00,0x00,0x00,0x00,0x00,0x00,0x00,0x00,0x00,0x00,0x00,0x00,0x00,0x00,0x00,0x00,
    0x00,0x00,0x00,0x00,0x00,0x00,0x00,0x00,0x00,0x00,0x00,0x00,0x00,0x00,0x00,0x00,0x00,0x00,0x00,0x00,0x00,0x00,0x00,0x00,0x00,0x00,0x00,0x00,0x00,0x00,0x00,0x00,
    0x00,0x00,0x00,0x00,0x00,0x00,0x00,0x00,0x00,0x00,0x00,0x00,0x00,0x00,0x00,0x00,0x00,0x00,0x00,0x00,0x00,0x00,0x00,0x00,0x00,0x00,0x00,0x00,0x00,0x00,0x00,0x00,
    0x00,0x00,0x00,0x00,0x00,0x00,0x00,0x00,0x00,0x00,0xff,0x01,0x00,0xaa,0xff,0x03,0x00,0xaa,0xff,0x03,0x00,0x00,0x00,0x00,0x00,0x00,0x00,0x00,0x00,0x00,0x00,0x00,
    0x0b,0xa6,0xf9,0x2e,0x08,0xa2,0xf5,0x9a,0x08,0x9f,0xf4,0xe8,0x0a,0xa5,0xff,0xff,0x0a,0x9a,0xf2,0xff,0x0a,0x95,0xec,0xfc,0x0a,0x93,0xec,0xfe,0x0b,0x93,0xed,0xff,
    0x0b,0x91,0xed,0xff,0x0b,0x90,0xed,0xff,0x0c,0x8f,0xec,0xff,0x0c,0x8e,0xec,0xff,0x0c,0x8d,0xec,0xff,0x0d,0x8b,0xec,0xff,0x0d,0x8b,0xec,0xff,0x0d,0x8a,0xeb,0xff,
    0x0d,0x89,0xeb,0xff,0x0e,0x88,0xeb,0xff,0x0e,0x87,0xeb,0xff,0x0e,0x87,0xeb,0xff,0x0e,0x86,0xeb,0xff,0x0e,0x85,0xea,0xff,0x0e,0x85,0xea,0xff,0x0e,0x85,0xea,0xff,
    0x0e,0x84,0xe8,0xfc,0x0f,0x87,0xee,0xfe,0x0e,0x8b,0xf4,0xf2,0x0d,0x87,0xea,0x62,0x00,0x00,0x00,0x00,0x00,0xaa,0xff,0x03,0x00,0x00,0xff,0x01,0x00,0x00,0x00,0x00,
    0x00,0x00,0x00,0x00,0x00,0x00,0x00,0x00,0x00,0x00,0x00,0x00,0x00,0x00,0x00,0x00,0x00,0x00,0x00,0x00,0x00,0x00,0x00,0x00,0x00,0x00,0x00,0x00,0x00,0x00,0x00,0x00,
    0x00,0x00,0x00,0x00,0x00,0x00,0x00,0x00,0x00,0x00,0x00,0x00,0x00,0x00,0x00,0x00,0x00,0x00,0x00,0x00,0x00,0x00,0x00,0x00,0x00,0x00,0x00,0x00,0x00,0x00,0x00,0x00,
    0x00,0x00,0x00,0x00,0x00,0x00,0x00,0x00,0x00,0x00,0x00,0x00,0x00,0x00,0x00,0x00,0x00,0x00,0x00,0x00,0x00,0x00,0x00,0x00,0x00,0x00,0x00,0x00,0x00,0x00,0x00,0x00,
    0x00,0x00,0x00,0x00,0x00,0x00,0x00,0x00,0x00,0x00,0x00,0x00,0x00,0x00,0x00,0x00,0x00,0x00,0x00,0x00,0x00,0x00,0x00,0x00,0x00,0x00,0x00,0x00,0x00,0x00,0x00,0x00,
    0x00,0x00,0x00,0x00,0x00,0x00,0x00,0x00,0x00,0x00,0x00,0x00,0x00,0x00,0x00,0x00,0x00,0x00,0x00,0x00,0x00,0x00,0x00,0x00,0x00,0x00,0x00,0x00,0x00,0x00,0x00,0x00,
    0x00,0x00,0x00,0x00,0x00,0x00,0x00,0x00,0x00,0x00,0x00,0x00,0x00,0x00,0x00,0x00,0x00,0x00,0x00,0x00,0x00,0x00,0x00,0x00,0x00,0x00,0x00,0x00,0x00,0x00,0x00,0x00,
    0x00,0xff,0xff,0x01,0x00,0xff,0xff,0x01,0x00,0x00,0x00,0x00,0x36,0xc0,0x9e,0x7f,0x34,0xc7,0xa8,0xff,0x31,0xc2,0xa8,0xff,0x2e,0xbd,0xa6,0xfe,0x2d,0xbf,0xaa,0xff,
    0x2c,0xbf,0xac,0xff,0x2b,0xbf,0xad,0xff,0x29,0xbf,0xb0,0xff,0x29,0xbf,0xb1,0xff,0x28,0xbf,0xb3,0xff,0x27,0xbf,0xb4,0xff,0x26,0xbf,0xb6,0xff,0x26,0xbf,0xb6,0xff,
    0x24,0xbf,0xb9,0xff,0x24,0xbf,0xb9,0xff,0x23,0xbf,0xba,0xff,0x22,0xbf,0xbc,0xff,0x22,0xbf,0xbc,0xff,0x21,0xbf,0xbe,0xff,0x20,0xbf,0xbf,0xff,0x20,0xbf,0xbf,0xff,
    0x1e,0xbe,0xc0,0xfb,0x1f,0xc2,0xc4,0xff,0x21,0xcc,0xce,0xff,0x1f,0xc3,0xc6,0xe8,0x1d,0xc3,0xc7,0x80,0x21,0xbc,0xc7,0x17,0x00,0x00,0x00,0x00,0x00,0x00,0x00,0x00,
    0x00,0xff,0xff,0x01,0x00,0xaa,0xff,0x03,0x00,0xff,0xff,0x01,0x00,0x00,0x00,0x00,0x00,0x00,0x00,0x00,0x00,0x00,0x00,0x00,0x00,0x00,0x00,0x00,0x00,0x00,0x00,0x00,
    0x00,0x00,0x00,0x00,0x00,0x00,0x00,0x00,0x00,0x00,0x00,0x00,0x00,0x00,0x00,0x00,0x00,0x00,0x00,0x00,0x00,0x00,0x00,0x00,0x00,0x00,0x00,0x00,0x00,0x00,0x00,0x00,
    0x00,0x00,0x00,0x00,0x00,0x00,0x00,0x00,0x00,0x00,0x00,0x00,0x00,0x00,0x00,0x00,0x00,0x00,0x00,0x00,0x00,0x00,0x00,0x00,0x00,0x00,0x00,0x00,0x00,0x00,0x00,0x00,
    0x00,0x00,0x00,0x00,0x00,0x00,0x00,0x00,0x00,0x00,0x00,0x00,0x00,0x00,0x00,0x00,0x00,0x00,0x00,0x00,0x00,0x00,0x00,0x00,0x00,0x00,0x00,0x00,0x00,0x00,0x00,0x00,
    0x00,0x00,0x00,0x00,0x00,0x00,0x00,0x00,0x00,0x00,0x00,0x00,0x00,0x00,0x00,0x00,0x00,0x00,0x00,0x00,0x00,0x00,0x00,0x00,0x00,0x00,0x00,0x00,0x00,0x00,0x00,0x00,
    0x00,0x00,0x00,0x00,0x00,0x00,0x00,0x00,0x00,0x00,0x00,0x00,0x00,0x00,0x00,0x00,0x00,0x00,0x00,0x00,0x00,0xff,0xff,0x01,0x00,0xaa,0xff,0x03,0x00,0xff,0xff,0x01,
    0x00,0x00,0x00,0x00,0x00,0x00,0x00,0x00,0x0b,0x9b,0xf3,0x17,0x09,0x9f,0xf5,0x80,0x09,0x9d,0xf5,0xe8,0x0b,0xa1,0xff,0xff,0x0a,0x97,0xf0,0xff,0x0b,0x92,0xec,0xfb,
    0x0b,0x92,0xed,0xff,0x0b,0x90,0xed,0xff,0x0c,0x8f,0xec,0xff,0x0c,0x8d,0xec,0xff,0x0c,0x8c,0xec,0xff,0x0d,0x8b,0xec,0xff,0x0d,0x8a,0xec,0xff,0x0d,0x89,0xeb,0xff,
    0x0e,0x89,0xeb,0xff,0x0e,0x87,0xeb,0xff,0x0e,0x87,0xeb,0xff,0x0e,0x86,0xeb,0xff,0x0e,0x85,0xea,0xff,0x0e,0x85,0xea,0xff,0x0f,0x84,0xea,0xff,0x0f,0x83,0xea,0xff,
    0x0f,0x84,0xea,0xff,0x0f,0x82,0xe8,0xfe,0x0f,0x85,0xee,0xff,0x0f,0x89,0xf4,0xff,0x0e,0x86,0xec,0x7f,0x00,0x00,0x00,0x00,0x00,0xff,0xff,0x01,0x00,0xff,0xff,0x01,
    0x00,0x00,0x00,0x00,0x00,0x00,0x00,0x00,0x00,0x00,0x00,0x00,0x00,0x00,0x00,0x00,0x00,0x00,0x00,0x00,0x00,0x00,0x00,0x00,0x00,0x00,0x00,0x00,0x00,0x00,0x00,0x00,
    0x00,0x00,0x00,0x00,0x00,0x00,0x00,0x00,0x00,0x00,0x00,0x00,0x00,0x00,0x00,0x00,0x00,0x00,0x00,0x00,0x00,0x00,0x00,0x00,0x00,0x00,0x00,0x00,0x00,0x00,0x00,0x00,
    0x00,0x00,0x00,0x00,0x00,0x00,0x00,0x00,0x00,0x00,0x00,0x00,0x00,0x00,0x00,0x00,0x00,0x00,0x00,0x00,0x00,0x00,0x00,0x00,0x00,0x00,0x00,0x00,0x00,0x00,0x00,0x00,
    0x00,0x00,0x00,0x00,0x00,0x00,0x00,0x00,0x00,0x00,0x00,0x00,0x00,0x00,0x00,0x00,0x00,0x00,0x00,0x00,0x00,0x00,0x00,0x00,0x00,0x00,0x00,0x00,0x00,0x00,0x00,0x00,
    0x00,0x00,0x00,0x00,0x00,0x00,0x00,0x00,0x00,0x00,0x00,0x00,0x00,0x00,0x00,0x00,0x00,0x00,0x00,0x00,0x00,0x00,0x00,0x00,0x00,0x00,0x00,0x00,0x00,0x00,0x00,0x00,
    0x00,0x00,0x00,0x00,0x00,0x00,0x00,0x00,0x00,0x00,0x00,0x00,0x00,0x00,0x00,0x00,0x00,0x00,0x00,0x00,0x00,0x00,0x00,0x00,0x00,0x00,0x00,0x00,0x00,0x00,0x00,0x01,
    0x55,0xaa,0xaa,0x03,0x00,0x00,0x00,0x00,0x35,0xc0,0x9d,0x7b,0x38,0xd1,0xae,0xff,0x31,0xbf,0xa2,0xfc,0x30,0xbe,0xa5,0xfe,0x2e,0xbf,0xa8,0xff,0x2d,0xbf,0xaa,0xff,
    0x2c,0xbf,0xac,0xff,0x2b,0xbf,0xad,0xff,0x2a,0xbf,0xaf,0xff,0x29,0xbf,0xb0,0xff,0x28,0xbf,0xb2,0xff,0x28,0xbf,0xb3,0xff,0x27,0xbf,0xb5,0xff,0x26,0xbf,0xb6,0xff,
    0x26,0xbf,0xb6,0xff,0x24,0xbf,0xb8,0xff,0x24,0xbf,0xb9,0xff,0x23,0xbf,0xba,0xff,0x23,0xbf,0xbb,0xff,0x22,0xbf,0xbc,0xff,0x21,0xbe,0xbc,0xfc,0x21,0xbe,0xbd,0xfd,
    0x24,0xce,0xcc,0xff,0x22,0xc2,0xc0,0xec,0x20,0xc4,0xc4,0x65,0x21,0xbc,0xbc,0x17,0x00,0x00,0x00,0x00,0x00,0x00,0x00,0x00,0x00,0xff,0xff,0x03,0x00,0xff,0xff,0x02,
    0x00,0x00,0x00,0x00,0x00,0x00,0x00,0x00,0x00,0x00,0x00,0x00,0x00,0x00,0x00,0x00,0x00,0x00,0x00,0x00,0x00,0x00,0x00,0x00,0x00,0x00,0x00,0x00,0x00,0x00,0x00,0x00,
    0x00,0x00,0x00,0x00,0x00,0x00,0x00,0x00,0x00,0x00,0x00,0x00,0x00,0x00,0x00,0x00,0x00,0x00,0x00,0x00,0x00,0x00,0x00,0x00,0x00,0x00,0x00,0x00,0x00,0x00,0x00,0x00,
    0x00,0x00,0x00,0x00,0x00,0x00,0x00,0x00,0x00,0x00,0x00,0x00,0x00,0x00,0x00,0x00,0x00,0x00,0x00,0x00,0x00,0x00,0x00,0x00,0x00,0x00,0x00,0x00,0x00,0x00,0x00,0x00,
    0x00,0x00,0x00,0x00,0x00,0x00,0x00,0x00,0x00,0x00,0x00,0x00,0x00,0x00,0x00,0x00,0x00,0x00,0x00,0x00,0x00,0x00,0x00,0x00,0x00,0x00,0x00,0x00,0x00,0x00,0x00,0x00,
    0x00,0x00,0x00,0x00,0x00,0x00,0x00,0x00,0x00,0x00,0x00,0x00,0x00,0x00,0x00,0x00,0x00,0x00,0x00,0x00,0x00,0x00,0x00,0x00,0x00,0x00,0x00,0x00,0x00,0x00,0x00,0x00,
    0x00,0x00,0x00,0x00,0x00,0x00,0x00,0x00,0x00,0x00,0x00,0x00,0x00,0x00,0x00,0x00,0x00,0x00,0x00,0x00,0x00,0x00,0x00,0x00,0x00,0x00,0x00,0x00,0x00,0x00,0x00,0x00,
    0x00,0x7f,0xff,0x02,0x00,0xaa,0xff,0x03,0x00,0x00,0x00,0x00,0x00,0x00,0x00,0x00,0x0b,0x9b,0xe8,0x17,0x0a,0x9c,0xf4,0x65,0x09,0x98,0xf2,0xec,0x0b,0xa0,0xff,0xff,
    0x0b,0x92,0xec,0xfd,0x0b,0x8f,0xec,0xfc,0x0c,0x8f,0xec,0xff,0x0c,0x8d,0xec,0xff,0x0c,0x8c,0xec,0xff,0x0d,0x8b,0xec,0xff,0x0d,0x8a,0xeb,0xff,0x0d,0x89,0xeb,0xff,
    0x0e,0x87,0xeb,0xff,0x0e,0x87,0xeb,0xff,0x0e,0x86,0xeb,0xff,0x0e,0x85,0xea,0xff,0x0e,0x85,0xea,0xff,0x0f,0x83,0xea,0xff,0x0f,0x83,0xea,0xff,0x0f,0x83,0xea,0xff,
    0x0f,0x81,0xea,0xff,0x0f,0x81,0xea,0xff,0x0f,0x80,0xe8,0xfe,0x0f,0x81,0xea,0xfc,0x10,0x8e,0xff,0xff,0x10,0x84,0xec,0x7b,0x00,0x00,0x00,0x00,0x00,0xaa,0xff,0x03,
    0x00,0x00,0xff,0x01,0x00,0x00,0x00,0x00,0x00,0x00,0x00,0x00,0x00,0x00,0x00,0x00,0x00,0x00,0x00,0x00,0x00,0x00,0x00,0x00,0x00,0x00,0x00,0x00,0x00,0x00,0x00,0x00,
    0x00,0x00,0x00,0x00,0x00,0x00,0x00,0x00,0x00,0x00,0x00,0x00,0x00,0x00,0x00,0x00,0x00,0x00,0x00,0x00,0x00,0x00,0x00,0x00,0x00,0x00,0x00,0x00,0x00,0x00,0x00,0x00,
    0x00,0x00,0x00,0x00,0x00,0x00,0x00,0x00,0x00,0x00,0x00,0x00,0x00,0x00,0x00,0x00,0x00,0x00,0x00,0x00,0x00,0x00,0x00,0x00,0x00,0x00,0x00,0x00,0x00,0x00,0x00,0x00,
    0x00,0x00,0x00,0x00,0x00,0x00,0x00,0x00,0x00,0x00,0x00,0x00,0x00,0x00,0x00,0x00,0x00,0x00,0x00,0x00,0x00,0x00,0x00,0x00,0x00,0x00,0x00,0x00,0x00,0x00,0x00,0x00,
    0x00,0x00,0x00,0x00,0x00,0x00,0x00,0x00,0x00,0x00,0x00,0x00,0x00,0x00,0x00,0x00,0x00,0x00,0x00,0x00,0x00,0x00,0x00,0x00,0x00,0x00,0x00,0x00,0x00,0x00,0x00,0x00,
    0x00,0x00,0x00,0x00,0x00,0x00,0x00,0x00,0x00,0x00,0x00,0x00,0x00,0x00,0x00,0x00,0x00,0x00,0x00,0x00,0x00,0x00,0x00,0x00,0x00,0x00,0x00,0x00,0x33,0xcc,0x99,0x05,
    0x00,0x00,0x00,0x00,0x36,0xc0,0x9a,0x82,0x3a,0xd0,0xab,0xff,0x32,0xbf,0xa0,0xf9,0x31,0xbe,0xa3,0xfe,0x30,0xbf,0xa6,0xff,0x2f,0xbf,0xa7,0xff,0x2d,0xbf,0xaa,0xff,
    0x2c,0xbf,0xab,0xff,0x2b,0xbf,0xad,0xff,0x2b,0xbf,0xae,0xff,0x29,0xbf,0xb0,0xff,0x29,0xbf,0xb0,0xff,0x28,0xbf,0xb3,0xff,0x28,0xbf,0xb3,0xff,0x27,0xbf,0xb5,0xff,
    0x26,0xbf,0xb6,0xff,0x26,0xbf,0xb6,0xff,0x25,0xbf,0xb8,0xff,0x24,0xbf,0xb9,0xff,0x24,0xbe,0xb8,0xfe,0x23,0xbe,0xb9,0xfd,0x26,0xca,0xc4,0xff,0x25,0xc5,0xbf,0xff,
    0x25,0xc4,0xc0,0x9e,0x21,0xbb,0xb5,0x26,0x00,0x00,0x00,0x00,0x00,0x00,0x00,0x00,0x00,0xff,0xff,0x03,0x00,0xff,0xff,0x01,0x00,0x00,0x00,0x00,0x00,0x00,0x00,0x00,
    0x00,0x00,0x00,0x00,0x00,0x00,0x00,0x00,0x00,0x00,0x00,0x00,0x00,0x00,0x00,0x00,0x00,0x00,0x00,0x00,0x00,0x00,0x00,0x00,0x00,0x00,0x00,0x00,0x00,0x00,0x00,0x00,
    0x00,0x00,0x00,0x00,0x00,0x00,0x00,0x00,0x00,0x00,0x00,0x00,0x00,0x00,0x00,0x00,0x00,0x00,0x00,0x00,0x00,0x00,0x00,0x00,0x00,0x00,0x00,0x00,0x00,0x00,0x00,0x00,
    0x00,0x00,0x00,0x00,0x00,0x00,0x00,0x00,0x00,0x00,0x00,0x00,0x00,0x00,0x00,0x00,0x00,0x00,0x00,0x00,0x00,0x00,0x00,0x00,0x00,0x00,0x00,0x00,0x00,0x00,0x00,0x00,
    0x00,0x00,0x00,0x00,0x00,0x00,0x00,0x00,0x00,0x00,0x00,0x00,0x00,0x00,0x00,0x00,0x00,0x00,0x00,0x00,0x00,0x00,0x00,0x00,0x00,0x00,0x00,0x00,0x00,0x00,0x00,0x00,
    0x00,0x00,0x00,0x00,0x00,0x00,0x00,0x00,0x00,0x00,0x00,0x00,0x00,0x00,0x00,0x00,0x00,0x00,0x00,0x00,0x00,0x00,0x00,0x00,0x00,0x00,0x00,0x00,0x00,0x00,0x00,0x00,
    0x00,0x00,0x00,0x00,0x00,0x00,0x00,0x00,0x00,0x00,0x00,0x00,0x00,0x00,0x00,0x00,0x00,0x00,0x00,0x00,0x00,0x00,0x00,0x00,0x00,0x00,0x00,0x00,0x00,0x00,0x00,0x00,
    0x00,0x00,0x00,0x00,0x00,0x00,0x00,0x00,0x00,0xff,0xff,0x01,0x00,0xaa,0xff,0x03,0x00,0x00,0x00,0x00,0x00,0x00,0x00,0x00,0x06,0x93,0xea,0x26,0x09,0x9a,0xf5,0x9e,
    0x0b,0x98,0xf4,0xff,0x0c,0x99,0xfa,0xff,0x0c,0x8f,0xeb,0xfd,0x0c,0x8d,0xeb,0xfe,0x0c,0x8c,0xec,0xff,0x0d,0x8b,0xec,0xff,0x0d,0x89,0xeb,0xff,0x0e,0x88,0xeb,0xff,
    0x0e,0x87,0xeb,0xff,0x0e,0x86,0xeb,0xff,0x0e,0x85,0xea,0xff,0x0e,0x85,0xea,0xff,0x0f,0x83,0xea,0xff,0x0f,0x83,0xea,0xff,0x0f,0x82,0xea,0xff,0x0f,0x80,0xea,0xff,
    0x0f,0x80,0xea,0xff,0x0f,0x80,0xea,0xff,0x0f,0x80,0xea,0xff,0x0f,0x7f,0xe9,0xfe,0x0f,0x80,0xe9,0xf9,0x10,0x8c,0xff,0xff,0x0f,0x81,0xe9,0x82,0x00,0x00,0x00,0x00,
    0x00,0x99,0xff,0x05,0x00,0x00,0x00,0x00,0x00,0x00,0x00,0x00,0x00,0x00,0x00,0x00,0x00,0x00,0x00,0x00,0x00,0x00,0x00,0x00,0x00,0x00,0x00,0x00,0x00,0x00,0x00,0x00,
    0x00,0x00,0x00,0x00,0x00,0x00,0x00,0x00,0x00,0x00,0x00,0x00,0x00,0x00,0x00,0x00,0x00,0x00,0x00,0x00,0x00,0x00,0x00,0x00,0x00,0x00,0x00,0x00,0x00,0x00,0x00,0x00,
    0x00,0x00,0x00,0x00,0x00,0x00,0x00,0x00,0x00,0x00,0x00,0x00,0x00,0x00,0x00,0x00,0x00,0x00,0x00,0x00,0x00,0x00,0x00,0x00,0x00,0x00,0x00,0x00,0x00,0x00,0x00,0x00,
    0x00,0x00,0x00,0x00,0x00,0x00,0x00,0x00,0x00,0x00,0x00,0x00,0x00,0x00,0x00,0x00,0x00,0x00,0x00,0x00,0x00,0x00,0x00,0x00,0x00,0x00,0x00,0x00,0x00,0x00,0x00,0x00,
    0x00,0x00,0x00,0x00,0x00,0x00,0x00,0x00,0x00,0x00,0x00,0x00,0x00,0x00,0x00,0x00,0x00,0x00,0x00,0x00,0x00,0x00,0x00,0x00,0x00,0x00,0x00,0x00,0x00,0x00,0x00,0x00,
    0x00,0x00,0x00,0x00,0x00,0x00,0x00,0x00,0x00,0x00,0x00,0x00,0x00,0x00,0x00,0x00,0x00,0x00,0x00,0x00,0x00,0x00,0x00,0x00,0x33,0xcc,0x99,0x05,0x00,0x00,0x00,0x00,
    0x36,0xbd,0x97,0x8d,0x3a,0xcb,0xa5,0xff,0x34,0xbf,0x9f,0xfa,0x32,0xbf,0xa1,0xff,0x31,0xbf,0xa3,0xff,0x30,0xbf,0xa6,0xff,0x2f,0xbf,0xa7,0xff,0x2d,0xbf,0xa9,0xff,
    0x2d,0xbf,0xaa,0xff,0x2b,0xbf,0xad,0xff,0x2b,0xbf,0xad,0xff,0x2a,0xbf,0xae,0xff,0x29,0xbf,0xb0,0xff,0x29,0xbf,0xb0,0xff,0x28,0xbf,0xb2,0xff,0x28,0xbf,0xb3,0xff,
    0x27,0xbf,0xb4,0xff,0x26,0xbf,0xb6,0xff,0x26,0xbf,0xb6,0xff,0x25,0xbe,0xb6,0xfc,0x26,0xc2,0xba,0xff,0x27,0xc7,0xbe,0xff,0x26,0xc5,0xbb,0xba,0x26,0xc2,0xba,0x43,
    0x00,0x00,0x00,0x00,0x00,0x00,0x00,0x00,0x00,0xbf,0xbf,0x04,0x00,0xff,0xff,0x01,0x00,0x00,0x00,0x00,0x00,0x00,0x00,0x00,0x00,0x00,0x00,0x00,0x00,0x00,0x00,0x00,
    0x00,0x00,0x00,0x00,0x00,0x00,0x00,0x00,0x00,0x00,0x00,0x00,0x00,0x00,0x00,0x00,0x00,0x00,0x00,0x00,0x00,0x00,0x00,0x00,0x00,0x00,0x00,0x00,0x00,0x00,0x00,0x00,
    0x00,0x00,0x00,0x00,0x00,0x00,0x00,0x00,0x00,0x00,0x00,0x00,0x00,0x00,0x00,0x00,0x00,0x00,0x00,0x00,0x00,0x00,0x00,0x00,0x00,0x00,0x00,0x00,0x00,0x00,0x00,0x00,
    0x00,0x00,0x00,0x00,0x00,0x00,0x00,0x00,0x00,0x00,0x00,0x00,0x00,0x00,0x00,0x00,0x00,0x00,0x00,0x00,0x00,0x00,0x00,0x00,0x00,0x00,0x00,0x00,0x00,0x00,0x00,0x00,
    0x00,0x00,0x00,0x00,0x00,0x00,0x00,0x00,0x00,0x00,0x00,0x00,0x00,0x00,0x00,0x00,0x00,0x00,0x00,0x00,0x00,0x00,0x00,0x00,0x00,0x00,0x00,0x00,0x00,0x00,0x00,0x00,
    0x00,0x00,0x00,0x00,0x00,0x00,0x00,0x00,0x00,0x00,0x00,0x00,0x00,0x00,0x00,0x00,0x00,0x00,0x00,0x00,0x00,0x00,0x00,0x00,0x00,0x00,0x00,0x00,0x00,0x00,0x00,0x00,
    0x00,0x00,0x00,0x00,0x00,0x00,0x00,0x00,0x00,0x00,0x00,0x00,0x00,0x00,0x00,0x00,0x00,0x00,0x00,0x00,0x00,0x00,0x00,0x00,0x00,0x00,0x00,0x00,0x00,0x00,0x00,0x00,
    0x00,0x00,0x00,0x00,0x00,0x00,0x00,0x00,0x00,0x00,0x00,0x00,0x00,0x00,0x00,0x00,0x00,0xff,0xff,0x01,0x00,0x7f,0xff,0x04,0x00,0x00,0x00,0x00,0x00,0x00,0x00,0x00,
    0x0b,0x94,0xef,0x43,0x0a,0x96,0xf4,0xba,0x0c,0x96,0xf6,0xff,0x0c,0x90,0xf0,0xff,0x0c,0x8b,0xea,0xfc,0x0d,0x8b,0xec,0xff,0x0d,0x89,0xeb,0xff,0x0e,0x88,0xeb,0xff,
    0x0e,0x87,0xeb,0xff,0x0e,0x85,0xea,0xff,0x0e,0x85,0xea,0xff,0x0f,0x83,0xea,0xff,0x0f,0x83,0xea,0xff,0x0f,0x81,0xea,0xff,0x0f,0x80,0xea,0xff,0x0f,0x80,0xea,0xff,
    0x10,0x7f,0xea,0xff,0x10,0x7e,0xe9,0xff,0x10,0x7e,0xe9,0xff,0x10,0x7e,0xe9,0xff,0x10,0x7e,0xe8,0xff,0x10,0x7e,0xea,0xfa,0x11,0x87,0xf8,0xff,0x0e,0x7e,0xe7,0x8d,
    0x00,0x00,0x00,0x00,0x00,0x66,0xcc,0x05,0x00,0x00,0x00,0x00,0x00,0x00,0x00,0x00,0x00,0x00,0x00,0x00,0x00,0x00,0x00,0x00,0x00,0x00,0x00,0x00,0x00,0x00,0x00,0x00,
    0x00,0x00,0x00,0x00,0x00,0x00,0x00,0x00,0x00,0x00,0x00,0x00,0x00,0x00,0x00,0x00,0x00,0x00,0x00,0x00,0x00,0x00,0x00,0x00,0x00,0x00,0x00,0x00,0x00,0x00,0x00,0x00,
    0x00,0x00,0x00,0x00,0x00,0x00,0x00,0x00,0x00,0x00,0x00,0x00,0x00,0x00,0x00,0x00,0x00,0x00,0x00,0x00,0x00,0x00,0x00,0x00,0x00,0x00,0x00,0x00,0x00,0x00,0x00,0x00,
    0x00,0x00,0x00,0x00,0x00,0x00,0x00,0x00,0x00,0x00,0x00,0x00,0x00,0x00,0x00,0x00,0x00,0x00,0x00,0x00,0x00,0x00,0x00,0x00,0x00,0x00,0x00,0x00,0x00,0x00,0x00,0x00,
    0x00,0x00,0x00,0x00,0x00,0x00,0x00,0x00,0x00,0x00,0x00,0x00,0x00,0x00,0x00,0x00,0x00,0x00,0x00,0x00,0x00,0x00,0x00,0x00,0x00,0x00,0x00,0x00,0x00,0x00,0x00,0x00,
    0x00,0x00,0x00,0x00,0x00,0x00,0x00,0x00,0x00,0x00,0x00,0x00,0x00,0x00,0x00,0x00,0x00,0x00,0x00,0x00,0x55,0xff,0xaa,0x03,0x00,0x00,0x00,0x00,0x37,0xbd,0x94,0x65,
    0x3a,0xc8,0xa1,0xff,0x35,0xc0,0x9d,0xfc,0x34,0xbe,0x9e,0xfe,0x32,0xbf,0xa1,0xff,0x31,0xbf,0xa3,0xff,0x30,0xbf,0xa5,0xff,0x2f,0xbf,0xa7,0xff,0x2e,0xbf,0xa8,0xff,
    0x2d,0xbf,0xaa,0xff,0x2d,0xbf,0xaa,0xff,0x2b,0xbf,0xad,0xff,0x2b,0xbf,0xad,0xff,0x2a,0xbf,0xae,0xff,0x29,0xbf,0xb0,0xff,0x29,0xbf,0xb0,0xff,0x29,0xbf,0xb1,0xff,
    0x28,0xbf,0xb2,0xff,0x28,0xbf,0xb3,0xff,0x27,0xbd,0xb2,0xfa,0x2a,0xc9,0xbd,0xff,0x28,0xc3,0xb6,0xee,0x29,0xc3,0xb5,0x49,0x00,0x00,0x00,0x00,0x00,0x00,0x00,0x00,
    0x00,0xff,0xff,0x03,0x00,0x7f,0x7f,0x02,0x00,0x00,0x00,0x00,0x00,0x00,0x00,0x00,0x00,0x00,0x00,0x00,0x00,0x00,0x00,0x00,0x00,0x00,0x00,0x00,0x00,0x00,0x00,0x00,
    0x00,0x00,0x00,0x00,0x00,0x00,0x00,0x00,0x00,0x00,0x00,0x00,0x00,0x00,0x00,0x00,0x00,0x00,0x00,0x00,0x00,0x00,0x00,0x00,0x00,0x00,0x00,0x00,0x00,0x00,0x00,0x00,
    0x00,0x00,0x00,0x00,0x00,0x00,0x00,0x00,0x00,0x00,0x00,0x00,0x00,0x00,0x00,0x00,0x00,0x00,0x00,0x00,0x00,0x00,0x00,0x00,0x00,0x00,0x00,0x00,0x00,0x00,0x00,0x00,
    0x00,0x00,0x00,0x00,0x00,0x00,0x00,0x00,0x00,0x00,0x00,0x00,0x00,0x00,0x00,0x00,0x00,0x00,0x00,0x00,0x00,0x00,0x00,0x00,0x00,0x00,0x00,0x00,0x00,0x00,0x00,0x00,
    0x00,0x00,0x00,0x00,0x00,0x00,0x00,0x00,0x00,0x00,0x00,0x00,0x00,0x00,0x00,0x00,0x00,0x00,0x00,0x00,0x00,0x00,0x00,0x00,0x00,0x00,0x00,0x00,0x00,0x00,0x00,0x00,
    0x00,0x00,0x00,0x00,0x00,0x00,0x00,0x00,0x00,0x00,0x00,0x00,0x00,0x00,0x00,0x00,0x00,0x00,0x00,0x00,0x00,0x00,0x00,0x00,0x00,0x00,0x00,0x00,0x00,0x00,0x00,0x00,
    0x00,0x00,0x00,0x00,0x00,0x00,0x00,0x00,0x00,0x00,0x00,0x00,0x00,0x00,0x00,0x00,0x00,0x00,0x00,0x00,0x00,0x00,0x00,0x00,0x00,0x00,0x00,0x00,0x00,0x00,0x00,0x00,
    0x00,0x00,0x00,0x00,0x00,0x00,0x00,0x00,0x00,0x00,0x00,0x00,0x00,0x00,0x00,0x00,0x00,0x00,0x00,0x00,0x00,0x00,0x00,0x00,0x00,0x7f,0xff,0x02,0x00,0xaa,0xff,0x03,
    0x00,0x00,0x00,0x00,0x00,0x00,0x00,0x00,0x0a,0x92,0xf1,0x49,0x0b,0x91,0xf1,0xee,0x0d,0x94,0xf9,0xff,0x0d,0x89,0xea,0xfa,0x0d,0x89,0xeb,0xff,0x0e,0x88,0xeb,0xff,
    0x0e,0x86,0xeb,0xff,0x0e,0x85,0xea,0xff,0x0f,0x84,0xea,0xff,0x0f,0x83,0xea,0xff,0x0f,0x82,0xea,0xff,0x0f,0x80,0xea,0xff,0x0f,0x80,0xea,0xff,0x10,0x7f,0xe9,0xff,
    0x10,0x7e,0xe9,0xff,0x10,0x7e,0xe9,0xff,0x10,0x7d,0xe9,0xff,0x10,0x7c,0xe9,0xff,0x10,0x7c,0xe9,0xff,0x10,0x7c,0xe8,0xfe,0x10,0x7d,0xea,0xfc,0x11,0x83,0xf5,0xff,
    0x0f,0x7b,0xe5,0x65,0x00,0x00,0x00,0x00,0x00,0xaa,0xff,0x03,0x00,0x00,0x00,0x00,0x00,0x00,0x00,0x00,0x00,0x00,0x00,0x00,0x00,0x00,0x00,0x00,0x00,0x00,0x00,0x00,
    0x00,0x00,0x00,0x00,0x00,0x00,0x00,0x00,0x00,0x00,0x00,0x00,0x00,0x00,0x00,0x00,0x00,0x00,0x00,0x00,0x00,0x00,0x00,0x00,0x00,0x00,0x00,0x00,0x00,0x00,0x00,0x00,
    0x00,0x00,0x00,0x00,0x00,0x00,0x00,0x00,0x00,0x00,0x00,0x00,0x00,0x00,0x00,0x00,0x00,0x00,0x00,0x00,0x00,0x00,0x00,0x00,0x00,0x00,0x00,0x00,0x00,0x00,0x00,0x00,
    0x00,0x00,0x00,0x00,0x00,0x00,0x00,0x00,0x00,0x00,0x00,0x00,0x00,0x00,0x00,0x00,0x00,0x00,0x00,0x00,0x00,0x00,0x00,0x00,0x00,0x00,0x00,0x00,0x00,0x00,0x00,0x00,
    0x00,0x00,0x00,0x00,0x00,0x00,0x00,0x00,0x00,0x00,0x00,0x00,0x00,0x00,0x00,0x00,0x00,0x00,0x00,0x00,0x00,0x00,0x00,0x00,0x00,0x00,0x00,0x00,0x00,0x00,0x00,0x00,
    0x00,0x00,0x00,0x00,0x00,0x00,0x00,0x00,0x00,0x00,0x00,0x00,0x00,0x00,0x00,0x00,0x55,0xff,0xaa,0x03,0x00,0x00,0x00,0x00,0x3a,0xbd,0x90,0x4a,0x3a,0xc3,0x9a,0xfe,
    0x37,0xc1,0x9d,0xfd,0x35,0xbe,0x9c,0xfe,0x34,0xbf,0x9e,0xff,0x33,0xbf,0xa0,0xff,0x31,0xbf,0xa3,0xff,0x31,0xbf,0xa3,0xff,0x2f,0xbf,0xa7,0xff,0x2f,0xbf,0xa7,0xff,
    0x2e,0xbf,0xa9,0xff,0x2d,0xbf,0xaa,0xff,0x2c,0xbf,0xab,0xff,0x2b,0xbf,0xad,0xff,0x2b,0xbf,0xad,0xff,0x2b,0xbf,0xae,0xff,0x2a,0xbf,0xaf,0xff,0x29,0xbf,0xaf,0xff,
    0x29,0xbe,0xaf,0xfe,0x29,0xbe,0xaf,0xfd,0x2d,0xcf,0xbe,0xff,0x2b,0xc6,0xb4,0xce,0x29,0xbb,0xab,0x31,0x00,0x00,0x00,0x00,0x55,0xaa,0xaa,0x03,0x00,0xaa,0xaa,0x03,
    0x00,0x00,0x00,0x00,0x00,0x00,0x00,0x00,0x00,0x00,0x00,0x00,0x00,0x00,0x00,0x00,0x00,0x00,0x00,0x00,0x00,0x00,0x00,0x00,0x00,0x00,0x00,0x00,0x00,0x00,0x00,0x00,
    0x00,0x00,0x00,0x00,0x00,0x00,0x00,0x00,0x00,0x00,0x00,0x00,0x00,0x00,0x00,0x00,0x00,0x00,0x00,0x00,0x00,0x00,0x00,0x00,0x00,0x00,0x00,0x00,0x00,0x00,0x00,0x00,
    0x00,0x00,0x00,0x00,0x00,0x00,0x00,0x00,0x00,0x00,0x00,0x00,0x00,0x00,0x00,0x00,0x00,0x00,0x00,0x00,0x00,0x00,0x00,0x00,0x00,0x00,0x00,0x00,0x00,0x00,0x00,0x00,
    0x00,0x00,0x00,0x00,0x00,0x00,0x00,0x00,0x00,0x00,0x00,0x00,0x00,0x00,0x00,0x00,0x00,0x00,0x00,0x00,0x00,0x00,0x00,0x00,0x00,0x00,0x00,0x00,0x00,0x00,0x00,0x00,
    0x00,0x00,0x00,0x00,0x00,0x00,0x00,0x00,0x00,0x00,0x00,0x00,0x00,0x00,0x00,0x00,0x00,0x00,0x00,0x00,0x00,0x00,0x00,0x00,0x00,0x00,0x00,0x00,0x00,0x00,0x00,0x00,
    0x00,0x00,0x00,0x00,0x00,0x00,0x00,0x00,0x00,0x00,0x00,0x00,0x00,0x00,0x00,0x00,0x00,0x00,0x00,0x00,0x00,0x00,0x00,0x00,0x00,0x00,0x00,0x00,0x00,0x00,0x00,0x00,
    0x00,0x00,0x00,0x00,0x00,0x00,0x00,0x00,0x00,0x00,0x00,0x00,0x00,0x00,0x00,0x00,0x00,0x00,0x00,0x00,0x00,0x00,0x00,0x00,0x00,0x00,0x00,0x00,0x00,0x00,0x00,0x00,
    0x00,0x00,0x00,0x00,0x00,0x00,0x00,0x00,0x00,0x00,0x00,0x00,0x00,0x00,0x00,0x00,0x00,0x00,0x00,0x00,0x00,0x00,0x00,0x00,0x00,0x00,0x00,0x00,0x00,0x00,0x00,0x00,
    0x00,0xaa,0xff,0x03,0x00,0xaa,0xff,0x03,0x00,0x00,0x00,0x00,0x0a,0x8c,0xea,0x31,0x0c,0x93,0xf5,0xce,0x0e,0x98,0xff,0xff,0x0d,0x89,0xea,0xfd,0x0e,0x87,0xe9,0xfe,
    0x0e,0x86,0xeb,0xff,0x0e,0x85,0xea,0xff,0x0f,0x84,0xea,0xff,0x0f,0x82,0xea,0xff,0x0f,0x80,0xea,0xff,0x0f,0x80,0xea,0xff,0x10,0x7e,0xe9,0xff,0x10,0x7e,0xe9,0xff,
    0x10,0x7d,0xe9,0xff,0x10,0x7c,0xe9,0xff,0x10,0x7c,0xe9,0xff,0x10,0x7c,0xe9,0xff,0x10,0x7b,0xe9,0xff,0x11,0x7b,0xe9,0xff,0x10,0x7a,0xe7,0xfe,0x10,0x7c,0xec,0xfd,
    0x10,0x7e,0xee,0xfe,0x11,0x7c,0xe6,0x4a,0x00,0x00,0x00,0x00,0x00,0xaa,0xff,0x03,0x00,0x00,0x00,0x00,0x00,0x00,0x00,0x00,0x00,0x00,0x00,0x00,0x00,0x00,0x00,0x00,
    0x00,0x00,0x00,0x00,0x00,0x00,0x00,0x00,0x00,0x00,0x00,0x00,0x00,0x00,0x00,0x00,0x00,0x00,0x00,0x00,0x00,0x00,0x00,0x00,0x00,0x00,0x00,0x00,0x00,0x00,0x00,0x00,
    0x00,0x00,0x00,0x00,0x00,0x00,0x00,0x00,0x00,0x00,0x00,0x00,0x00,0x00,0x00,0x00,0x00,0x00,0x00,0x00,0x00,0x00,0x00,0x00,0x00,0x00,0x00,0x00,0x00,0x00,0x00,0x00,
    0x00,0x00,0x00,0x00,0x00,0x00,0x00,0x00,0x00,0x00,0x00,0x00,0x00,0x00,0x00,0x00,0x00,0x00,0x00,0x00,0x00,0x00,0x00,0x00,0x00,0x00,0x00,0x00,0x00,0x00,0x00,0x00,
    0x00,0x00,0x00,0x00,0x00,0x00,0x00,0x00,0x00,0x00,0x00,0x00,0x00,0x00,0x00,0x00,0x00,0x00,0x00,0x00,0x00,0x00,0x00,0x00,0x00,0x00,0x00,0x00,0x00,0x00,0x00,0x00,
    0x00,0x00,0x00,0x00,0x00,0x00,0x00,0x00,0x00,0x00,0x00,0x00,0x3f,0xbf,0x7f,0x04,0x00,0x00,0x00,0x00,0x3c,0xbb,0x8e,0x44,0x3d,0xc9,0x9c,0xff,0x38,0xc0,0x99,0xfd,
    0x37,0xbe,0x99,0xfe,0x35,0xbf,0x9d,0xff,0x34,0xbf,0x9e,0xff,0x33,0xbf,0xa0,0xff,0x32,0xbf,0xa2,0xff,0x31,0xbf,0xa3,0xff,0x31,0xbf,0xa4,0xff,0x2f,0xbf,0xa7,0xff,
    0x2f,0xbf,0xa7,0xff,0x2e,0xbf,0xa9,0xff,0x2d,0xbf,0xaa,0xff,0x2d,0xbf,0xaa,0xff,0x2c,0xbf,0xac,0xff,0x2b,0xbf,0xad,0xff,0x2b,0xbf,0xad,0xff,0x2a,0xbe,0xac,0xfc,
    0x2c,0xc2,0xb0,0xff,0x2d,0xc6,0xb3,0xff,0x2c,0xc4,0xb3,0x83,0x27,0xb0,0x9c,0x0d,0x00,0x00,0x00,0x00,0x3f,0xbf,0xbf,0x04,0x00,0x00,0x00,0x00,0x00,0x00,0x00,0x00,
    0x00,0x00,0x00,0x00,0x00,0x00,0x00,0x00,0x00,0x00,0x00,0x00,0x00,0x00,0x00,0x00,0x00,0x00,0x00,0x00,0x00,0x00,0x00,0x00,0x00,0x00,0x00,0x00,0x00,0x00,0x00,0x00,
    0x00,0x00,0x00,0x00,0x00,0x00,0x00,0x00,0x00,0x00,0x00,0x00,0x00,0x00,0x00,0x00,0x00,0x00,0x00,0x00,0x00,0x00,0x00,0x00,0x00,0x00,0x00,0x00,0x00,0x00,0x00,0x00,
    0x00,0x00,0x00,0x00,0x00,0x00,0x00,0x00,0x00,0x00,0x00,0x00,0x00,0x00,0x00,0x00,0x00,0x00,0x00,0x00,0x00,0x00,0x00,0x00,0x00,0x00,0x00,0x00,0x00,0x00,0x00,0x00,
    0x00,0x00,0x00,0x00,0x00,0x00,0x00,0x00,0x00,0x00,0x00,0x00,0x00,0x00,0x00,0x00,0x00,0x00,0x00,0x00,0x00,0x00,0x00,0x00,0x00,0x00,0x00,0x00,0x00,0x00,0x00,0x00,
    0x00,0x00,0x00,0x00,0x00,0x00,0x00,0x00,0x00,0x00,0x00,0x00,0x00,0x00,0x00,0x00,0x00,0x00,0x00,0x00,0x00,0x00,0x00,0x00,0x00,0x00,0x00,0x00,0x00,0x00,0x00,0x00,
    0x00,0x00,0x00,0x00,0x00,0x00,0x00,0x00,0x00,0x00,0x00,0x00,0x00,0x00,0x00,0x00,0x00,0x00,0x00,0x00,0x00,0x00,0x00,0x00,0x00,0x00,0x00,0x00,0x00,0x00,0x00,0x00,
    0x00,0x00,0x00,0x00,0x00,0x00,0x00,0x00,0x00,0x00,0x00,0x00,0x00,0x00,0x00,0x00,0x00,0x00,0x00,0x00,0x00,0x00,0x00,0x00,0x00,0x00,0x00,0x00,0x00,0x00,0x00,0x00,
    0x00,0x00,0x00,0x00,0x00,0x00,0x00,0x00,0x00,0x00,0x00,0x00,0x00,0x00,0x00,0x00,0x00,0x00,0x00,0x00,0x00,0x00,0x00,0x00,0x00,0x00,0x00,0x00,0x00,0x00,0x00,0x00,
    0x00,0x00,0x00,0x00,0x00,0x00,0x00,0x00,0x00,0x7f,0xff,0x04,0x00,0x00,0x00,0x00,0x13,0x89,0xd7,0x0d,0x0b,0x91,0xf5,0x83,0x0d,0x8f,0xf4,0xff,0x0e,0x8a,0xef,0xff,
    0x0e,0x85,0xe9,0xfc,0x0e,0x85,0xea,0xff,0x0f,0x83,0xea,0xff,0x0f,0x81,0xea,0xff,0x0f,0x80,0xea,0xff,0x10,0x7f,0xea,0xff,0x10,0x7e,0xe9,0xff,0x10,0x7d,0xe9,0xff,
    0x10,0x7c,0xe9,0xff,0x10,0x7c,0xe9,0xff,0x11,0x7b,0xe9,0xff,0x11,0x7a,0xe9,0xff,0x11,0x7a,0xe9,0xff,0x11,0x7a,0xe9,0xff,0x11,0x7a,0xe9,0xff,0x11,0x79,0xe7,0xfe,
    0x11,0x7a,0xea,0xfd,0x11,0x82,0xf5,0xff,0x0f,0x78,0xe4,0x44,0x00,0x00,0x00,0x00,0x00,0x7f,0xff,0x04,0x00,0x00,0x00,0x00,0x00,0x00,0x00,0x00,0x00,0x00,0x00,0x00,
    0x00,0x00,0x00,0x00,0x00,0x00,0x00,0x00,0x00,0x00,0x00,0x00,0x00,0x00,0x00,0x00,0x00,0x00,0x00,0x00,0x00,0x00,0x00,0x00,0x00,0x00,0x00,0x00,0x00,0x00,0x00,0x00,
    0x00,0x00,0x00,0x00,0x00,0x00,0x00,0x00,0x00,0x00,0x00,0x00,0x00,0x00,0x00,0x00,0x00,0x00,0x00,0x00,0x00,0x00,0x00,0x00,0x00,0x00,0x00,0x00,0x00,0x00,0x00,0x00,
    0x00,0x00,0x00,0x00,0x00,0x00,0x00,0x00,0x00,0x00,0x00,0x00,0x00,0x00,0x00,0x00,0x00,0x00,0x00,0x00,0x00,0x00,0x00,0x00,0x00,0x00,0x00,0x00,0x00,0x00,0x00,0x00,
    0x00,0x00,0x00,0x00,0x00,0x00,0x00,0x00,0x00,0x00,0x00,0x00,0x00,0x00,0x00,0x00,0x00,0x00,0x00,0x00,0x00,0x00,0x00,0x00,0x00,0x00,0x00,0x00,0x00,0x00,0x00,0x00,
    0x00,0x00,0x00,0x00,0x00,0x00,0x00,0x00,0x55,0xaa,0xaa,0x03,0x00,0x00,0x00,0x00,0x3e,0xbb,0x8d,0x2d,0x3d,0xc6,0x97,0xec,0x3a,0xc3,0x98,0xfd,0x37,0xbe,0x97,0xfd,
    0x37,0xbf,0x9a,0xff,0x36,0xbf,0x9c,0xff,0x35,0xbf,0x9d,0xff,0x33,0xbf,0xa0,0xff,0x33,0xbf,0xa0,0xff,0x31,0xbf,0xa2,0xff,0x31,0xbf,0xa3,0xff,0x30,0xbf,0xa5,0xff,
    0x2f,0xbf,0xa7,0xff,0x2f,0xbf,0xa7,0xff,0x2e,0xbf,0xa8,0xff,0x2d,0xbf,0xa9,0xff,0x2d,0xbf,0xaa,0xff,0x2d,0xbf,0xaa,0xff,0x2c,0xbe,0xab,0xfc,0x2f,0xca,0xb4,0xff,
    0x2f,0xc7,0xb1,0xf2,0x2e,0xc0,0xa9,0x62,0x00,0x00,0x00,0x00,0x00,0x00,0x00,0x00,0x00,0xff,0xff,0x02,0x00,0x00,0x00,0x00,0x00,0x00,0x00,0x00,0x00,0x00,0x00,0x00,
    0x00,0x00,0x00,0x00,0x00,0x00,0x00,0x00,0x00,0x00,0x00,0x00,0x00,0x00,0x00,0x00,0x00,0x00,0x00,0x00,0x00,0x00,0x00,0x00,0x00,0x00,0x00,0x00,0x00,0x00,0x00,0x00,
    0x00,0x00,0x00,0x00,0x00,0x00,0x00,0x00,0x00,0x00,0x00,0x00,0x00,0x00,0x00,0x00,0x00,0x00,0x00,0x00,0x00,0x00,0x00,0x00,0x00,0x00,0x00,0x00,0x00,0x00,0x00,0x00,
    0x00,0x00,0x00,0x00,0x00,0x00,0x00,0x00,0x00,0x00,0x00,0x00,0x00,0x00,0x00,0x00,0x00,0x00,0x00,0x00,0x00,0x00,0x00,0x00,0x00,0x00,0x00,0x00,0x00,0x00,0x00,0x00,
    0x00,0x00,0x00,0x00,0x00,0x00,0x00,0x00,0x00,0x00,0x00,0x00,0x00,0x00,0x00,0x00,0x00,0x00,0x00,0x00,0x00,0x00,0x00,0x00,0x00,0x00,0x00,0x00,0x00,0x00,0x00,0x00,
    0x00,0x00,0x00,0x00,0x00,0x00,0x00,0x00,0x00,0x00,0x00,0x00,0x00,0x00,0x00,0x00,0x00,0x00,0x00,0x00,0x00,0x00,0x00,0x00,0x00,0x00,0x00,0x00,0x00,0x00,0x00,0x00,
    0x00,0x00,0x00,0x00,0x00,0x00,0x00,0x00,0x00,0x00,0x00,0x00,0x00,0x00,0x00,0x00,0x00,0x00,0x00,0x00,0x00,0x00,0x00,0x00,0x00,0x00,0x00,0x00,0x00,0x00,0x00,0x00,
    0x00,0x00,0x00,0x00,0x00,0x00,0x00,0x00,0x00,0x00,0x00,0x00,0x00,0x00,0x00,0x00,0x00,0x00,0x00,0x00,0x00,0x00,0x00,0x00,0x00,0x00,0x00,0x00,0x00,0x00,0x00,0x00,
    0x00,0x00,0x00,0x00,0x00,0x00,0x00,0x00,0x00,0x00,0x00,0x00,0x00,0x00,0x00,0x00,0x00,0x00,0x00,0x00,0x00,0x00,0x00,0x00,0x00,0x00,0x00,0x00,0x00,0x00,0x00,0x00,
    0x00,0x00,0x00,0x00,0x00,0x00,0x00,0x00,0x00,0x00,0x00,0x00,0x00,0x7f,0xff,0x02,0x00,0x00,0x00,0x00,0x00,0x00,0x00,0x00,0x0d,0x8c,0xec,0x62,0x0d,0x8f,0xf5,0xf2,
    0x0f,0x8f,0xf9,0xff,0x0e,0x84,0xe9,0xfc,0x0f,0x83,0xea,0xff,0x0f,0x81,0xea,0xff,0x0f,0x7f,0xea,0xff,0x10,0x7e,0xe9,0xff,0x10,0x7d,0xe9,0xff,0x10,0x7c,0xe9,0xff,
    0x10,0x7c,0xe9,0xff,0x11,0x7b,0xe9,0xff,0x11,0x7a,0xe9,0xff,0x11,0x7a,0xe9,0xff,0x11,0x79,0xe9,0xff,0x11,0x79,0xe8,0xff,0x11,0x78,0xe8,0xff,0x11,0x78,0xe8,0xff,
    0x11,0x77,0xe7,0xfd,0x11,0x7b,0xed,0xfd,0x11,0x7e,0xf2,0xec,0x11,0x77,0xe8,0x2d,0x00,0x00,0x00,0x00,0x00,0x55,0xff,0x03,0x00,0x00,0x00,0x00,0x00,0x00,0x00,0x00,
    0x00,0x00,0x00,0x00,0x00,0x00,0x00,0x00,0x00,0x00,0x00,0x00,0x00,0x00,0x00,0x00,0x00,0x00,0x00,0x00,0x00,0x00,0x00,0x00,0x00,0x00,0x00,0x00,0x00,0x00,0x00,0x00,
    0x00,0x00,0x00,0x00,0x00,0x00,0x00,0x00,0x00,0x00,0x00,0x00,0x00,0x00,0x00,0x00,0x00,0x00,0x00,0x00,0x00,0x00,0x00,0x00,0x00,0x00,0x00,0x00,0x00,0x00,0x00,0x00,
    0x00,0x00,0x00,0x00,0x00,0x00,0x00,0x00,0x00,0x00,0x00,0x00,0x00,0x00,0x00,0x00,0x00,0x00,0x00,0x00,0x00,0x00,0x00,0x00,0x00,0x00,0x00,0x00,0x00,0x00,0x00,0x00,
    0x00,0x00,0x00,0x00,0x00,0x00,0x00,0x00,0x00,0x00,0x00,0x00,0x00,0x00,0x00,0x00,0x00,0x00,0x00,0x00,0x00,0x00,0x00,0x00,0x00,0x00,0x00,0x00,0x00,0x00,0x00,0x00,
    0x00,0x00,0x00,0x00,0x00,0xff,0xff,0x01,0x00,0xff,0xff,0x01,0x43,0xbb,0x86,0x13,0x3d,0xc3,0x92,0xd2,0x3e,0xc9,0x9a,0xff,0x38,0xbe,0x94,0xfc,0x38,0xbf,0x98,0xff,
    0x37,0xbf,0x9a,0xff,0x36,0xbf,0x9c,0xff,0x35,0xbf,0x9d,0xff,0x35,0xbf,0x9e,0xff,0x33,0xbf,0xa0,0xff,0x33,0xbf,0xa0,0xff,0x31,0xbf,0xa3,0xff,0x31,0xbf,0xa3,0xff,
    0x30,0xbf,0xa4,0xff,0x2f,0xbf,0xa6,0xff,0x2f,0xbf,0xa7,0xff,0x2f,0xbf,0xa7,0xff,0x2f,0xbf,0xa8,0xff,0x2e,0xbe,0xa7,0xfc,0x31,0xc8,0xaf,0xff,0x30,0xc6,0xae,0xbd,
    0x2d,0xbc,0xa3,0x32,0x00,0x00,0x00,0x00,0x33,0xcc,0xcc,0x05,0x00,0xff,0xff,0x01,0x00,0x00,0x00,0x00,0x00,0x00,0x00,0x00,0x00,0x00,0x00,0x00,0x00,0x00,0x00,0x00,
    0x00,0x00,0x00,0x00,0x00,0x00,0x00,0x00,0x00,0x00,0x00,0x00,0x00,0x00,0x00,0x00,0x00,0x00,0x00,0x00,0x00,0x00,0x00,0x00,0x00,0x00,0x00,0x00,0x00,0x00,0x00,0x00,
    0x00,0x00,0x00,0x00,0x00,0x00,0x00,0x00,0x00,0x00,0x00,0x00,0x00,0x00,0x00,0x00,0x00,0x00,0x00,0x00,0x00,0x00,0x00,0x00,0x00,0x00,0x00,0x00,0x00,0x00,0x00,0x00,
    0x00,0x00,0x00,0x00,0x00,0x00,0x00,0x00,0x00,0x00,0x00,0x00,0x00,0x00,0x00,0x00,0x00,0x00,0x00,0x00,0x00,0x00,0x00,0x00,0x00,0x00,0x00,0x00,0x00,0x00,0x00,0x00,
    0x00,0x00,0x00,0x00,0x00,0x00,0x00,0x00,0x00,0x00,0x00,0x00,0x00,0x00,0x00,0x00,0x00,0x00,0x00,0x00,0x00,0x00,0x00,0x00,0x00,0x00,0x00,0x00,0x00,0x00,0x00,0x00,
    0x00,0x00,0x00,0x00,0x00,0x00,0x00,0x00,0x00,0x00,0x00,0x00,0x00,0x00,0x00,0x00,0x00,0x00,0x00,0x00,0x00,0x00,0x00,0x00,0x00,0x00,0x00,0x00,0x00,0x00,0x00,0x00,
    0x00,0x00,0x00,0x00,0x00,0x00,0x00,0x00,0x00,0x00,0x00,0x00,0x00,0x00,0x00,0x00,0x00,0x00,0x00,0x00,0x00,0x00,0x00,0x00,0x00,0x00,0x00,0x00,0x00,0x00,0x00,0x00,
    0x00,0x00,0x00,0x00,0x00,0x00,0x00,0x00,0x00,0x00,0x00,0x00,0x00,0x00,0x00,0x00,0x00,0x00,0x00,0x00,0x00,0x00,0x00,0x00,0x00,0x00,0x00,0x00,0x00,0x00,0x00,0x00,
    0x00,0x00,0x00,0x00,0x00,0x00,0x00,0x00,0x00,0x00,0x00,0x00,0x00,0x00,0x00,0x00,0x00,0x00,0x00,0x00,0x00,0x00,0x00,0x00,0x00,0x00,0x00,0x00,0x00,0x00,0x00,0x00,
    0x00,0x00,0x00,0x00,0x00,0x00,0x00,0x00,0x00,0x00,0x00,0x00,0x00,0x00,0x00,0x00,0x00,0xff,0xff,0x01,0x00,0x99,0xff,0x05,0x00,0x00,0x00,0x00,0x0a,0x89,0xe5,0x32,
    0x0e,0x8d,0xf4,0xbd,0x0f,0x8c,0xf5,0xff,0x0f,0x82,0xe8,0xfc,0x0f,0x81,0xea,0xff,0x0f,0x7f,0xea,0xff,0x10,0x7e,0xe9,0xff,0x10,0x7c,0xe9,0xff,0x10,0x7c,0xe9,0xff,
    0x11,0x7b,0xe9,0xff,0x11,0x7a,0xe9,0xff,0x11,0x7a,0xe9,0xff,0x11,0x79,0xe8,0xff,0x11,0x78,0xe8,0xff,0x11,0x78,0xe8,0xff,0x11,0x77,0xe8,0xff,0x12,0x77,0xe8,0xff,
    0x11,0x77,0xe8,0xff,0x11,0x76,0xe6,0xfc,0x12,0x7e,0xf4,0xff,0x12,0x7a,0xec,0xd2,0x0d,0x78,0xe4,0x13,0x00,0xff,0xff,0x01,0x00,0xff,0xff,0x01,0x00,0x00,0x00,0x00,
    0x00,0x00,0x00,0x00,0x00,0x00,0x00,0x00,0x00,0x00,0x00,0x00,0x00,0x00,0x00,0x00,0x00,0x00,0x00,0x00,0x00,0x00,0x00,0x00,0x00,0x00,0x00,0x00,0x00,0x00,0x00,0x00,
    0x00,0x00,0x00,0x00,0x00,0x00,0x00,0x00,0x00,0x00,0x00,0x00,0x00,0x00,0x00,0x00,0x00,0x00,0x00,0x00,0x00,0x00,0x00,0x00,0x00,0x00,0x00,0x00,0x00,0x00,0x00,0x00,
    0x00,0x00,0x00,0x00,0x00,0x00,0x00,0x00,0x00,0x00,0x00,0x00,0x00,0x00,0x00,0x00,0x00,0x00,0x00,0x00,0x00,0x00,0x00,0x00,0x00,0x00,0x00,0x00,0x00,0x00,0x00,0x00,
    0x00,0x00,0x00,0x00,0x00,0x00,0x00,0x00,0x00,0x00,0x00,0x00,0x00,0x00,0x00,0x00,0x00,0x00,0x00,0x00,0x00,0x00,0x00,0x00,0x00,0x00,0x00,0x00,0x00,0x00,0x00,0x00,
    0x00,0x00,0x00,0x00,0x3f,0xbf,0x7f,0x04,0x7f,0x7f,0x7f,0x02,0x3e,0xbe,0x8c,0xbb,0x41,0xcd,0x9b,0xff,0x39,0xbd,0x92,0xfb,0x39,0xbf,0x96,0xff,0x38,0xbf,0x97,0xff,
    0x37,0xbf,0x9a,0xff,0x37,0xbf,0x9a,0xff,0x35,0xbf,0x9d,0xff,0x35,0xbf,0x9d,0xff,0x34,0xbf,0x9e,0xff,0x33,0xbf,0xa0,0xff,0x33,0xbf,0xa0,0xff,0x32,0xbf,0xa2,0xff,
    0x31,0xbf,0xa3,0xff,0x31,0xbf,0xa3,0xff,0x30,0xbf,0xa4,0xff,0x30,0xbf,0xa5,0xff,0x2f,0xbe,0xa5,0xfb,0x34,0xcd,0xb0,0xff,0x30,0xc0,0xa3,0xc1,0x00,0x00,0x00,0x01,
    0x00,0x00,0x00,0x00,0x55,0xff,0xaa,0x03,0x00,0x00,0x00,0x00,0x00,0x00,0x00,0x00,0x00,0x00,0x00,0x00,0x00,0x00,0x00,0x00,0x00,0x00,0x00,0x00,0x00,0x00,0x00,0x00,
    0x00,0x00,0x00,0x00,0x00,0x00,0x00,0x00,0x00,0x00,0x00,0x00,0x00,0x00,0x00,0x00,0x00,0x00,0x00,0x00,0x00,0x00,0x00,0x00,0x00,0x00,0x00,0x00,0x00,0x00,0x00,0x00,
    0x00,0x00,0x00,0x00,0x00,0x00,0x00,0x00,0x00,0x00,0x00,0x00,0x00,0x00,0x00,0x00,0x00,0x00,0x00,0x00,0x00,0x00,0x00,0x00,0x00,0x00,0x00,0x00,0x00,0x00,0x00,0x00,
    0x00,0x00,0x00,0x00,0x00,0x00,0x00,0x00,0x00,0x00,0x00,0x00,0x00,0x00,0x00,0x00,0x00,0x00,0x00,0x00,0x00,0x00,0x00,0x00,0x00,0x00,0x00,0x00,0x00,0x00,0x00,0x00,
    0x00,0x00,0x00,0x00,0x00,0x00,0x00,0x00,0x00,0x00,0x00,0x00,0x00,0x00,0x00,0x00,0x00,0x00,0x00,0x00,0x00,0x00,0x00,0x00,0x00,0x00,0x00,0x00,0x00,0x00,0x00,0x00,
    0x00,0x00,0x00,0x00,0x00,0x00,0x00,0x00,0x00,0x00,0x00,0x00,0x00,0x00,0x00,0x00,0x00,0x00,0x00,0x00,0x00,0x00,0x00,0x00,0x00,0x00,0x00,0x00,0x00,0x00,0x00,0x00,
    0x00,0x00,0x00,0x00,0x00,0x00,0x00,0x00,0x00,0x00,0x00,0x00,0x00,0x00,0x00,0x00,0x00,0x00,0x00,0x00,0x00,0x00,0x00,0x00,0x00,0x00,0x00,0x00,0x00,0x00,0x00,0x00,
    0x00,0x00,0x00,0x00,0x00,0x00,0x00,0x00,0x00,0x00,0x00,0x00,0x00,0x00,0x00,0x00,0x00,0x00,0x00,0x00,0x00,0x00,0x00,0x00,0x00,0x00,0x00,0x00,0x00,0x00,0x00,0x00,
    0x00,0x00,0x00,0x00,0x00,0x00,0x00,0x00,0x00,0x00,0x00,0x00,0x00,0x00,0x00,0x00,0x00,0x00,0x00,0x00,0x00,0x00,0x00,0x00,0x00,0x00,0x00,0x00,0x00,0x00,0x00,0x00,
    0x00,0x00,0x00,0x00,0x00,0x00,0x00,0x00,0x00,0x00,0x00,0x00,0x00,0x00,0x00,0x00,0x00,0x00,0x00,0x00,0x00,0x00,0x00,0x00,0x00,0xaa,0xff,0x03,0x00,0x00,0x00,0x00,
    0x00,0x00,0x00,0x01,0x0e,0x88,0xec,0xc1,0x10,0x8d,0xfb,0xff,0x0f,0x81,0xe9,0xfb,0x0f,0x7f,0xea,0xff,0x10,0x7e,0xe9,0xff,0x10,0x7c,0xe9,0xff,0x10,0x7b,0xe9,0xff,
    0x11,0x7a,0xe9,0xff,0x11,0x7a,0xe9,0xff,0x11,0x78,0xe8,0xff,0x11,0x78,0xe8,0xff,0x12,0x77,0xe8,0xff,0x12,0x76,0xe8,0xff,0x12,0x76,0xe8,0xff,0x12,0x76,0xe8,0xff,
    0x12,0x76,0xe8,0xff,0x12,0x76,0xe8,0xff,0x12,0x74,0xe6,0xfb,0x13,0x7f,0xf9,0xff,0x11,0x78,0xe7,0xbb,0x00,0x7f,0xff,0x02,0x00,0x7f,0xff,0x04,0x00,0x00,0x00,0x00,
    0x00,0x00,0x00,0x00,0x00,0x00,0x00,0x00,0x00,0x00,0x00,0x00,0x00,0x00,0x00,0x00,0x00,0x00,0x00,0x00,0x00,0x00,0x00,0x00,0x00,0x00,0x00,0x00,0x00,0x00,0x00,0x00,
    0x00,0x00,0x00,0x00,0x00,0x00,0x00,0x00,0x00,0x00,0x00,0x00,0x00,0x00,0x00,0x00,0x00,0x00,0x00,0x00,0x00,0x00,0x00,0x00,0x00,0x00,0x00,0x00,0x00,0x00,0x00,0x00,
    0x00,0x00,0x00,0x00,0x00,0x00,0x00,0x00,0x00,0x00,0x00,0x00,0x00,0x00,0x00,0x00,0x00,0x00,0x00,0x00,0x00,0x00,0x00,0x00,0x00,0x00,0x00,0x00,0x00,0x00,0x00,0x00,
    0x00,0x00,0x00,0x00,0x00,0x00,0x00,0x00,0x00,0x00,0x00,0x00,0x00,0x00,0x00,0x00,0x00,0x00,0x00,0x00,0x00,0x00,0x00,0x00,0x00,0x00,0x00,0x00,0x00,0x00,0x00,0x00,
    0x3f,0xbf,0x7f,0x04,0x00,0x00,0x00,0x00,0x3e,0xbc,0x89,0x7a,0x43,0xce,0x99,0xff,0x3c,0xbe,0x8f,0xfa,0x3b,0xbf,0x93,0xff,0x39,0xbf,0x95,0xff,0x38,0xbf,0x97,0xff,
    0x38,0xbf,0x98,0xff,0x37,0xbf,0x9a,0xff,0x37,0xbf,0x9b,0xff,0x35,0xbf,0x9d,0xff,0x35,0xbf,0x9d,0xff,0x34,0xbf,0x9e,0xff,0x33,0xbf,0xa0,0xff,0x33,0xbf,0xa0,0xff,
    0x33,0xbf,0xa1,0xff,0x32,0xbf,0xa1,0xff,0x32,0xbf,0xa1,0xff,0x31,0xbe,0xa1,0xfa,0x37,0xce,0xad,0xff,0x33,0xc1,0xa2,0x9a,0x33,0x99,0x66,0x05,0x7f,0xff,0xff,0x02,
    0x55,0xaa,0xaa,0x03,0x00,0x00,0x00,0x00,0x00,0x00,0x00,0x00,0x00,0x00,0x00,0x00,0x00,0x00,0x00,0x00,0x00,0x00,0x00,0x00,0x00,0x00,0x00,0x00,0x00,0x00,0x00,0x00,
    0x00,0x00,0x00,0x00,0x00,0x00,0x00,0x00,0x00,0x00,0x00,0x00,0x00,0x00,0x00,0x00,0x00,0x00,0x00,0x00,0x00,0x00,0x00,0x00,0x00,0x00,0x00,0x00,0x00,0x00,0x00,0x00,
    0x00,0x00,0x00,0x00,0x00,0x00,0x00,0x00,0x00,0x00,0x00,0x00,0x00,0x00,0x00,0x00,0x00,0x00,0x00,0x00,0x00,0x00,0x00,0x00,0x00,0x00,0x00,0x00,0x00,0x00,0x00,0x00,
    0x00,0x00,0x00,0x00,0x00,0x00,0x00,0x00,0x00,0x00,0x00,0x00,0x00,0x00,0x00,0x00,0x00,0x00,0x00,0x00,0x00,0x00,0x00,0x00,0x00,0x00,0x00,0x00,0x00,0x00,0x00,0x00,
    0x00,0x00,0x00,0x00,0x00,0x00,0x00,0x00,0x00,0x00,0x00,0x00,0x00,0x00,0x00,0x00,0x00,0x00,0x00,0x00,0x00,0x00,0x00,0x00,0x00,0x00,0x00,0x00,0x00,0x00,0x00,0x00,
    0x00,0x00,0x00,0x00,0x00,0x00,0x00,0x00,0x00,0x00,0x00,0x00,0x00,0x00,0x00,0x00,0x00,0x00,0x00,0x00,0x00,0x00,0x00,0x00,0x00,0x00,0x00,0x00,0x00,0x00,0x00,0x00,
    0x00,0x00,0x00,0x00,0x00,0x00,0x00,0x00,0x00,0x00,0x00,0x00,0x00,0x00,0x00,0x00,0x00,0x00,0x00,0x00,0x00,0x00,0x00,0x00,0x00,0x00,0x00,0x00,0x00,0x00,0x00,0x00,
    0x00,0x00,0x00,0x00,0x00,0x00,0x00,0x00,0x00,0x00,0x00,0x00,0x00,0x00,0x00,0x00,0x00,0x00,0x00,0x00,0x00,0x00,0x00,0x00,0x00,0x00,0x00,0x00,0x00,0x00,0x00,0x00,
    0x00,0x00,0x00,0x00,0x00,0x00,0x00,0x00,0x00,0x00,0x00,0x00,0x00,0x00,0x00,0x00,0x00,0x00,0x00,0x00,0x00,0x00,0x00,0x00,0x00,0x00,0x00,0x00,0x00,0x00,0x00,0x00,
    0x00,0x00,0x00,0x00,0x00,0x00,0x00,0x00,0x00,0x00,0x00,0x00,0x00,0x00,0x00,0x00,0x00,0x00,0x00,0x00,0x00,0x00,0x00,0x00,0x00,0x00,0x00,0x00,0x00,0xaa,0xff,0x03,
    0x00,0x7f,0xff,0x02,0x00,0x66,0xcc,0x05,0x0e,0x87,0xec,0x9a,0x10,0x8c,0xfc,0xff,0x0f,0x7e,0xe9,0xfa,0x10,0x7d,0xe9,0xff,0x10,0x7c,0xe9,0xff,0x11,0x7b,0xe9,0xff,
    0x11,0x7a,0xe9,0xff,0x11,0x79,0xe8,0xff,0x11,0x78,0xe8,0xff,0x12,0x77,0xe8,0xff,0x12,0x76,0xe8,0xff,0x12,0x76,0xe8,0xff,0x12,0x75,0xe8,0xff,0x13,0x75,0xe8,0xff,
    0x13,0x74,0xe8,0xff,0x13,0x74,0xe8,0xff,0x13,0x75,0xe8,0xff,0x12,0x74,0xe7,0xfa,0x14,0x7f,0xfb,0xff,0x10,0x75,0xe3,0x7a,0x00,0x00,0x00,0x00,0x00,0x7f,0xff,0x04,
    0x00,0x00,0x00,0x00,0x00,0x00,0x00,0x00,0x00,0x00,0x00,0x00,0x00,0x00,0x00,0x00,0x00,0x00,0x00,0x00,0x00,0x00,0x00,0x00,0x00,0x00,0x00,0x00,0x00,0x00,0x00,0x00,
    0x00,0x00,0x00,0x00,0x00,0x00,0x00,0x00,0x00,0x00,0x00,0x00,0x00,0x00,0x00,0x00,0x00,0x00,0x00,0x00,0x00,0x00,0x00,0x00,0x00,0x00,0x00,0x00,0x00,0x00,0x00,0x00,
    0x00,0x00,0x00,0x00,0x00,0x00,0x00,0x00,0x00,0x00,0x00,0x00,0x00,0x00,0x00,0x00,0x00,0x00,0x00,0x00,0x00,0x00,0x00,0x00,0x00,0x00,0x00,0x00,0x00,0x00,0x00,0x00,
    0x00,0x00,0x00,0x00,0x00,0x00,0x00,0x00,0x00,0x00,0x00,0x00,0x00,0x00,0x00,0x00,0x00,0x00,0x00,0x00,0x00,0x00,0x00,0x00,0x00,0x00,0x00,0x00,0x7f,0xff,0x7f,0x02,
    0x00,0xff,0x00,0x01,0x41,0xbd,0x87,0x2f,0x41,0xc5,0x90,0xf1,0x3e,0xc2,0x91,0xfc,0x3c,0xbe,0x90,0xfe,0x3b,0xbf,0x93,0xff,0x3a,0xbf,0x94,0xff,0x39,0xbf,0x96,0xff,
    0x38,0xbf,0x97,0xff,0x38,0xbf,0x99,0xff,0x37,0xbf,0x9a,0xff,0x36,0xbf,0x9b,0xff,0x35,0xbf,0x9d,0xff,0x35,0xbf,0x9d,0xff,0x35,0xbf,0x9d,0xff,0x34,0xbf,0x9e,0xff,
    0x34,0xbf,0x9f,0xff,0x34,0xbf,0x9f,0xff,0x33,0xbe,0x9f,0xfb,0x39,0xd0,0xad,0xff,0x35,0xc1,0x9e,0x7c,0x00,0x00,0x00,0x00,0x00,0xff,0xff,0x01,0x00,0xff,0xff,0x01,
    0x00,0x00,0x00,0x00,0x00,0x00,0x00,0x00,0x00,0x00,0x00,0x00,0x00,0x00,0x00,0x00,0x00,0x00,0x00,0x00,0x00,0x00,0x00,0x00,0x00,0x00,0x00,0x00,0x00,0x00,0x00,0x00,
    0x00,0x00,0x00,0x00,0x00,0x00,0x00,0x00,0x00,0x00,0x00,0x00,0x00,0x00,0x00,0x00,0x00,0x00,0x00,0x00,0x00,0x00,0x00,0x00,0x00,0x00,0x00,0x00,0x00,0x00,0x00,0x00,
    0x00,0x00,0x00,0x00,0x00,0x00,0x00,0x00,0x00,0x00,0x00,0x00,0x00,0x00,0x00,0x00,0x00,0x00,0x00,0x00,0x00,0x00,0x00,0x00,0x00,0x00,0x00,0x00,0x00,0x00,0x00,0x00,
    0x00,0x00,0x00,0x00,0x00,0x00,0x00,0x00,0x00,0x00,0x00,0x00,0x00,0x00,0x00,0x00,0x00,0x00,0x00,0x00,0x00,0x00,0x00,0x00,0x00,0x00,0x00,0x00,0x00,0x00,0x00,0x00,
    0x00,0x00,0x00,0x00,0x00,0x00,0x00,0x00,0x00,0x00,0x00,0x00,0x00,0x00,0x00,0x00,0x00,0x00,0x00,0x00,0x00,0x00,0x00,0x00,0x00,0x00,0x00,0x00,0x00,0x00,0x00,0x00,
    0x00,0x00,0x00,0x00,0x00,0x00,0x00,0x00,0x00,0x00,0x00,0x00,0x00,0x00,0x00,0x00,0x00,0x00,0x00,0x00,0x00,0x00,0x00,0x00,0x00,0x00,0x00,0x00,0x00,0x00,0x00,0x00,
    0x00,0x00,0x00,0x00,0x00,0x00,0x00,0x00,0x00,0x00,0x00,0x00,0x00,0x00,0x00,0x00,0x00,0x00,0x00,0x00,0x00,0x00,0x00,0x00,0x00,0x00,0x00,0x00,0x00,0x00,0x00,0x00,
    0x00,0x00,0x00,0x00,0x00,0x00,0x00,0x00,0x00,0x00,0x00,0x00,0x00,0x00,0x00,0x00,0x00,0x00,0x00,0x00,0x00,0x00,0x00,0x00,0x00,0x00,0x00,0x00,0x00,0x00,0x00,0x00,
    0x00,0x00,0x00,0x00,0x00,0x00,0x00,0x00,0x00,0x00,0x00,0x00,0x00,0x00,0x00,0x00,0x00,0x00,0x00,0x00,0x00,0x00,0x00,0x00,0x00,0x00,0x00,0x00,0x00,0x00,0x00,0x00,
    0x00,0x00,0x00,0x00,0x00,0x00,0x00,0x00,0x00,0x00,0x00,0x00,0x00,0x00,0x00,0x00,0x00,0x00,0x00,0x00,0x00,0x00,0x00,0x00,0x00,0x00,0x00,0x00,0x00,0x00,0x00,0x00,
    0x00,0xff,0xff,0x01,0x00,0xff,0xff,0x01,0x00,0x00,0x00,0x00,0x0e,0x83,0xec,0x7c,0x11,0x8c,0xff,0xff,0x10,0x7d,0xe9,0xfb,0x10,0x7c,0xe9,0xff,0x11,0x7a,0xe9,0xff,
    0x11,0x79,0xe9,0xff,0x11,0x78,0xe8,0xff,0x12,0x78,0xe8,0xff,0x12,0x76,0xe8,0xff,0x12,0x76,0xe8,0xff,0x13,0x75,0xe8,0xff,0x13,0x74,0xe8,0xff,0x13,0x74,0xe8,0xff,
    0x13,0x74,0xe8,0xff,0x13,0x73,0xe7,0xff,0x13,0x73,0xe7,0xff,0x13,0x73,0xe6,0xfe,0x13,0x75,0xec,0xfc,0x13,0x78,0xf0,0xf1,0x10,0x77,0xe3,0x2f,0x00,0x00,0xff,0x01,
    0x00,0x7f,0xff,0x02,0x00,0x00,0x00,0x00,0x00,0x00,0x00,0x00,0x00,0x00,0x00,0x00,0x00,0x00,0x00,0x00,0x00,0x00,0x00,0x00,0x00,0x00,0x00,0x00,0x00,0x00,0x00,0x00,
    0x00,0x00,0x00,0x00,0x00,0x00,0x00,0x00,0x00,0x00,0x00,0x00,0x00,0x00,0x00,0x00,0x00,0x00,0x00,0x00,0x00,0x00,0x00,0x00,0x00,0x00,0x00,0x00,0x00,0x00,0x00,0x00,
    0x00,0x00,0x00,0x00,0x00,0x00,0x00,0x00,0x00,0x00,0x00,0x00,0x00,0x00,0x00,0x00,0x00,0x00,0x00,0x00,0x00,0x00,0x00,0x00,0x00,0x00,0x00,0x00,0x00,0x00,0x00,0x00,
    0x00,0x00,0x00,0x00,0x00,0x00,0x00,0x00,0x00,0x00,0x00,0x00,0x00,0x00,0x00,0x00,0x00,0x00,0x00,0x00,0x00,0x00,0x00,0x00,0x00,0x00,0x00,0x01,0x3f,0xbf,0x7f,0x04,
    0x00,0x00,0x00,0x00,0x41,0xc0,0x8a,0xc3,0x43,0xca,0x94,0xff,0x3d,0xbe,0x8d,0xfc,0x3d,0xbf,0x91,0xff,0x3b,0xbf,0x92,0xff,0x3a,0xbf,0x94,0xff,0x3a,0xbf,0x94,0xff,
    0x38,0xbf,0x97,0xff,0x38,0xbf,0x97,0xff,0x38,0xbf,0x99,0xff,0x37,0xbf,0x9a,0xff,0x37,0xbf,0x9a,0xff,0x36,0xbf,0x9c,0xff,0x35,0xbf,0x9c,0xff,0x35,0xbf,0x9d,0xff,
    0x35,0xbf,0x9d,0xff,0x35,0xbf,0x9d,0xfc,0x39,0xc9,0xa4,0xff,0x37,0xc1,0x9c,0x81,0x00,0x00,0x00,0x00,0x7f,0xff,0xff,0x02,0x00,0xff,0xff,0x01,0x00,0x00,0x00,0x00,
    0x00,0x00,0x00,0x00,0x00,0x00,0x00,0x00,0x00,0x00,0x00,0x00,0x00,0x00,0x00,0x00,0x00,0x00,0x00,0x00,0x00,0x00,0x00,0x00,0x00,0x00,0x00,0x00,0x00,0x00,0x00,0x00,
    0x00,0x00,0x00,0x00,0x00,0x00,0x00,0x00,0x00,0x00,0x00,0x00,0x00,0x00,0x00,0x00,0x00,0x00,0x00,0x00,0x00,0x00,0x00,0x00,0x00,0x00,0x00,0x00,0x00,0x00,0x00,0x00,
    0x00,0x00,0x00,0x00,0x00,0x00,0x00,0x00,0x00,0x00,0x00,0x00,0x00,0x00,0x00,0x00,0x00,0x00,0x00,0x00,0x00,0x00,0x00,0x00,0x00,0x00,0x00,0x00,0x00,0x00,0x00,0x00,
    0x00,0x00,0x00,0x00,0x00,0x00,0x00,0x00,0x00,0x00,0x00,0x00,0x00,0x00,0x00,0x00,0x00,0x00,0x00,0x00,0x00,0x00,0x00,0x00,0x00,0x00,0x00,0x00,0x00,0x00,0x00,0x00,
    0x00,0x00,0x00,0x00,0x00,0x00,0x00,0x00,0x00,0x00,0x00,0x00,0x00,0x00,0x00,0x00,0x00,0x00,0x00,0x00,0x00,0x00,0x00,0x00,0x00,0x00,0x00,0x00,0x00,0x00,0x00,0x00,
    0x00,0x00,0x00,0x00,0x00,0x00,0x00,0x00,0x00,0x00,0x00,0x00,0x00,0x00,0x00,0x00,0x00,0x00,0x00,0x00,0x00,0x00,0x00,0x00,0x00,0x00,0x00,0x00,0x00,0x00,0x00,0x00,
    0x00,0x00,0x00,0x00,0x00,0x00,0x00,0x00,0x00,0x00,0x00,0x00,0x00,0x00,0x00,0x00,0x00,0x00,0x00,0x00,0x00,0x00,0x00,0x00,0x00,0x00,0x00,0x00,0x00,0x00,0x00,0x00,
    0x00,0x00,0x00,0x00,0x00,0x00,0x00,0x00,0x00,0x00,0x00,0x00,0x00,0x00,0x00,0x00,0x00,0x00,0x00,0x00,0x00,0x00,0x00,0x00,0x00,0x00,0x00,0x00,0x00,0x00,0x00,0x00,
    0x00,0x00,0x00,0x00,0x00,0x00,0x00,0x00,0x00,0x00,0x00,0x00,0x00,0x00,0x00,0x00,0x00,0x00,0x00,0x00,0x00,0x00,0x00,0x00,0x00,0x00,0x00,0x00,0x00,0x00,0x00,0x00,
    0x00,0x00,0x00,0x00,0x00,0x00,0x00,0x00,0x00,0x00,0x00,0x00,0x00,0x00,0x00,0x00,0x00,0x00,0x00,0x00,0x00,0x00,0x00,0x00,0x00,0x00,0x00,0x00,0x00,0x00,0x00,0x00,
    0x00,0x00,0x00,0x00,0x00,0xff,0xff,0x01,0x00,0x7f,0xff,0x02,0x00,0x00,0x00,0x00,0x0f,0x82,0xed,0x81,0x11,0x84,0xf6,0xff,0x10,0x7c,0xe9,0xfc,0x11,0x7a,0xe9,0xff,
    0x11,0x79,0xe9,0xff,0x11,0x78,0xe8,0xff,0x12,0x76,0xe8,0xff,0x12,0x76,0xe8,0xff,0x13,0x74,0xe8,0xff,0x13,0x74,0xe8,0xff,0x13,0x74,0xe8,0xff,0x13,0x73,0xe7,0xff,
    0x13,0x72,0xe7,0xff,0x13,0x72,0xe7,0xff,0x13,0x72,0xe7,0xff,0x13,0x72,0xe7,0xff,0x13,0x71,0xe5,0xfc,0x14,0x79,0xf5,0xff,0x13,0x73,0xe8,0xc3,0x00,0x00,0x00,0x00,
    0x00,0x7f,0xff,0x04,0x00,0x00,0xff,0x01,0x00,0x00,0x00,0x00,0x00,0x00,0x00,0x00,0x00,0x00,0x00,0x00,0x00,0x00,0x00,0x00,0x00,0x00,0x00,0x00,0x00,0x00,0x00,0x00,
    0x00,0x00,0x00,0x00,0x00,0x00,0x00,0x00,0x00,0x00,0x00,0x00,0x00,0x00,0x00,0x00,0x00,0x00,0x00,0x00,0x00,0x00,0x00,0x00,0x00,0x00,0x00,0x00,0x00,0x00,0x00,0x00,
    0x00,0x00,0x00,0x00,0x00,0x00,0x00,0x00,0x00,0x00,0x00,0x00,0x00,0x00,0x00,0x00,0x00,0x00,0x00,0x00,0x00,0x00,0x00,0x00,0x00,0x00,0x00,0x00,0x00,0x00,0x00,0x00,
    0x00,0x00,0x00,0x00,0x00,0x00,0x00,0x00,0x00,0x00,0x00,0x00,0x00,0x00,0x00,0x00,0x00,0x00,0x00,0x00,0x00,0x00,0x00,0x00,0x55,0xaa,0xaa,0x03,0x00,0x00,0x00,0x00,
    0x43,0xbd,0x84,0x98,0x45,0xca,0x91,0xff,0x3e,0xbe,0x8b,0xfc,0x3e,0xbf,0x8e,0xff,0x3d,0xbf,0x90,0xff,0x3c,0xbf,0x91,0xff,0x3b,0xbf,0x93,0xff,0x3a,0xbf,0x94,0xff,
    0x3a,0xbf,0x95,0xff,0x38,0xbf,0x97,0xff,0x38,0xbf,0x97,0xff,0x38,0xbf,0x98,0xff,0x37,0xbf,0x9a,0xff,0x37,0xbf,0x9a,0xff,0x37,0xbf,0x9a,0xff,0x37,0xbf,0x9a,0xff,
    0x36,0xbd,0x99,0xfb,0x3b,0xcb,0xa3,0xff,0x37,0xbf,0x96,0x98,0x00,0x00,0x00,0x00,0x55,0xaa,0xaa,0x03,0x00,0xff,0xff,0x01,0x00,0x00,0x00,0x00,0x00,0x00,0x00,0x00,
    0x00,0x00,0x00,0x00,0x00,0x00,0x00,0x00,0x00,0x00,0x00,0x00,0x00,0x00,0x00,0x00,0x00,0x00,0x00,0x00,0x00,0x00,0x00,0x00,0x00,0x00,0x00,0x00,0x00,0x00,0x00,0x00,
    0x00,0x00,0x00,0x00,0x00,0x00,0x00,0x00,0x00,0x00,0x00,0x00,0x00,0x00,0x00,0x00,0x00,0x00,0x00,0x00,0x00,0x00,0x00,0x00,0x00,0x00,0x00,0x00,0x00,0x00,0x00,0x00,
    0x00,0x00,0x00,0x00,0x00,0x00,0x00,0x00,0x00,0x00,0x00,0x00,0x00,0x00,0x00,0x00,0x00,0x00,0x00,0x00,0x00,0x00,0x00,0x00,0x00,0x00,0x00,0x00,0x00,0x00,0x00,0x00,
    0x00,0x00,0x00,0x00,0x00,0x00,0x00,0x00,0x00,0x00,0x00,0x00,0x00,0x00,0x00,0x00,0x00,0x00,0x00,0x00,0x00,0x00,0x00,0x00,0x00,0x00,0x00,0x00,0x00,0x00,0x00,0x00,
    0x00,0x00,0x00,0x00,0x00,0x00,0x00,0x00,0x00,0x00,0x00,0x00,0x00,0x00,0x00,0x00,0x00,0x00,0x00,0x00,0x00,0x00,0x00,0x00,0x00,0x00,0x00,0x00,0x00,0x00,0x00,0x00,
    0x00,0x00,0x00,0x00,0x00,0x00,0x00,0x00,0x00,0x00,0x00,0x00,0x00,0x00,0x00,0x00,0x00,0x00,0x00,0x00,0x00,0x00,0x00,0x00,0x00,0x00,0x00,0x00,0x00,0x00,0x00,0x00,
    0x00,0x00,0x00,0x00,0x00,0x00,0x00,0x00,0x00,0x00,0x00,0x00,0x00,0x00,0x00,0x00,0x00,0x00,0x00,0x00,0x00,0x00,0x00,0x00,0x00,0x00,0x00,0x00,0x00,0x00,0x00,0x00,
    0x00,0x00,0x00,0x00,0x00,0x00,0x00,0x00,0x00,0x00,0x00,0x00,0x00,0x00,0x00,0x00,0x00,0x00,0x00,0x00,0x00,0x00,0x00,0x00,0x00,0x00,0x00,0x00,0x00,0x00,0x00,0x00,
    0x00,0x00,0x00,0x00,0x00,0x00,0x00,0x00,0x00,0x00,0x00,0x00,0x00,0x00,0x00,0x00,0x00,0x00,0x00,0x00,0x00,0x00,0x00,0x00,0x00,0x00,0x00,0x00,0x00,0x00,0x00,0x00,
    0x00,0x00,0x00,0x00,0x00,0x00,0x00,0x00,0x00,0x00,0x00,0x00,0x00,0x00,0x00,0x00,0x00,0x00,0x00,0x00,0x00,0x00,0x00,0x00,0x00,0x00,0x00,0x00,0x00,0x00,0x00,0x00,
    0x00,0x00,0x00,0x00,0x00,0x00,0x00,0x00,0x00,0xff,0xff,0x01,0x00,0xaa,0xff,0x03,0x00,0x00,0x00,0x00,0x10,0x7d,0xe9,0x98,0x11,0x84,0xf8,0xff,0x11,0x79,0xe7,0xfb,
    0x11,0x79,0xe8,0xff,0x11,0x77,0xe8,0xff,0x12,0x76,0xe8,0xff,0x13,0x75,0xe8,0xff,0x13,0x74,0xe8,0xff,0x13,0x73,0xe8,0xff,0x13,0x72,0xe7,0xff,0x13,0x72,0xe7,0xff,
    0x13,0x71,0xe7,0xff,0x14,0x71,0xe7,0xff,0x14,0x70,0xe7,0xff,0x14,0x70,0xe7,0xff,0x14,0x71,0xe7,0xff,0x14,0x6f,0xe5,0xfc,0x14,0x78,0xf4,0xff,0x12,0x72,0xe5,0x98,
    0x00,0x00,0x00,0x00,0x00,0x55,0xff,0x03,0x00,0x00,0x00,0x00,0x00,0x00,0x00,0x00,0x00,0x00,0x00,0x00,0x00,0x00,0x00,0x00,0x00,0x00,0x00,0x00,0x00,0x00,0x00,0x00,
    0x00,0x00,0x00,0x00,0x00,0x00,0x00,0x00,0x00,0x00,0x00,0x00,0x00,0x00,0x00,0x00,0x00,0x00,0x00,0x00,0x00,0x00,0x00,0x00,0x00,0x00,0x00,0x00,0x00,0x00,0x00,0x00,
    0x00,0x00,0x00,0x00,0x00,0x00,0x00,0x00,0x00,0x00,0x00,0x00,0x00,0x00,0x00,0x00,0x00,0x00,0x00,0x00,0x00,0x00,0x00,0x00,0x00,0x00,0x00,0x00,0x00,0x00,0x00,0x00,
    0x00,0x00,0x00,0x00,0x00,0x00,0x00,0x00,0x00,0x00,0x00,0x00,0x00,0x00,0x00,0x00,0x00,0x00,0x00,0x00,0x55,0xaa,0xaa,0x03,0x00,0x00,0x00,0x00,0x43,0xbb,0x7f,0x62,
    0x48,0xcd,0x8f,0xff,0x40,0xbf,0x89,0xfc,0x40,0xbf,0x8b,0xff,0x3e,0xbf,0x8e,0xff,0x3d,0xbf,0x8f,0xff,0x3c,0xbf,0x91,0xff,0x3c,0xbf,0x91,0xff,0x3a,0xbf,0x94,0xff,
    0x3a,0xbf,0x94,0xff,0x3a,0xbf,0x94,0xff,0x39,0xbf,0x96,0xff,0x38,0xbf,0x97,0xff,0x38,0xbf,0x97,0xff,0x38,0xbf,0x98,0xff,0x38,0xbf,0x98,0xff,0x37,0xbe,0x96,0xfa,
    0x3d,0xce,0xa3,0xff,0x39,0xc1,0x96,0xba,0x00,0x00,0x00,0x00,0x3f,0xff,0xbf,0x04,0x00,0xff,0xff,0x01,0x00,0x00,0x00,0x00,0x00,0x00,0x00,0x00,0x00,0x00,0x00,0x00,
    0x00,0x00,0x00,0x00,0x00,0x00,0x00,0x00,0x00,0x00,0x00,0x00,0x00,0x00,0x00,0x00,0x00,0x00,0x00,0x00,0x00,0x00,0x00,0x00,0x00,0x00,0x00,0x00,0x00,0x00,0x00,0x00,
    0x00,0x00,0x00,0x00,0x00,0x00,0x00,0x00,0x00,0x00,0x00,0x00,0x00,0x00,0x00,0x00,0x00,0x00,0x00,0x00,0x00,0x00,0x00,0x00,0x00,0x00,0x00,0x00,0x00,0x00,0x00,0x00,
    0x00,0x00,0x00,0x00,0x00,0x00,0x00,0x00,0x00,0x00,0x00,0x00,0x00,0x00,0x00,0x00,0x00,0x00,0x00,0x00,0x00,0x00,0x00,0x00,0x00,0x00,0x00,0x00,0x00,0x00,0x00,0x00,
    0x00,0x00,0x00,0x00,0x00,0x00,0x00,0x00,0x00,0x00,0x00,0x00,0x00,0x00,0x00,0x00,0x00,0x00,0x00,0x00,0x00,0x00,0x00,0x00,0x00,0x00,0x00,0x00,0x00,0x00,0x00,0x00,
    0x00,0x00,0x00,0x00,0x00,0x00,0x00,0x00,0x00,0x00,0x00,0x00,0x00,0x00,0x00,0x00,0x00,0x00,0x00,0x00,0x00,0x00,0x00,0x00,0x00,0x00,0x00,0x00,0x00,0x00,0x00,0x00,
    0x00,0x00,0x00,0x00,0x00,0x00,0x00,0x00,0x00,0x00,0x00,0x00,0x00,0x00,0x00,0x00,0x00,0x00,0x00,0x00,0x00,0x00,0x00,0x00,0x00,0x00,0x00,0x00,0x00,0x00,0x00,0x00,
    0x00,0x00,0x00,0x00,0x00,0x00,0x00,0x00,0x00,0x00,0x00,0x00,0x00,0x00,0x00,0x00,0x00,0x00,0x00,0x00,0x00,0x00,0x00,0x00,0x00,0x00,0x00,0x00,0x00,0x00,0x00,0x00,
    0x00,0x00,0x00,0x00,0x00,0x00,0x00,0x00,0x00,0x00,0x00,0x00,0x00,0x00,0x00,0x00,0x00,0x00,0x00,0x00,0x00,0x00,0x00,0x00,0x00,0x00,0x00,0x00,0x00,0x00,0x00,0x00,
    0x00,0x00,0x00,0x00,0x00,0x00,0x00,0x00,0x00,0x00,0x00,0x00,0x00,0x00,0x00,0x00,0x00,0x00,0x00,0x00,0x00,0x00,0x00,0x00,0x00,0x00,0x00,0x00,0x00,0x00,0x00,0x00,
    0x00,0x00,0x00,0x00,0x00,0x00,0x00,0x00,0x00,0x00,0x00,0x00,0x00,0x00,0x00,0x00,0x00,0x00,0x00,0x00,0x00,0x00,0x00,0x00,0x00,0x00,0x00,0x00,0x00,0x00,0x00,0x00,
    0x00,0x00,0x00,0x00,0x00,0x00,0x00,0x00,0x00,0x00,0x00,0x00,0x00,0xff,0xff,0x01,0x00,0x7f,0xff,0x04,0x00,0x00,0x00,0x00,0x10,0x7e,0xea,0xba,0x12,0x84,0xfc,0xff,
    0x11,0x78,0xe7,0xfa,0x12,0x77,0xe8,0xff,0x12,0x75,0xe8,0xff,0x13,0x74,0xe8,0xff,0x13,0x74,0xe8,0xff,0x13,0x72,0xe7,0xff,0x13,0x72,0xe7,0xff,0x14,0x71,0xe7,0xff,
    0x14,0x70,0xe7,0xff,0x14,0x70,0xe7,0xff,0x14,0x6f,0xe7,0xff,0x14,0x6f,0xe7,0xff,0x14,0x6f,0xe7,0xff,0x14,0x6f,0xe7,0xff,0x14,0x6f,0xe7,0xfc,0x15,0x79,0xf7,0xff,
    0x12,0x6f,0xe4,0x62,0x00,0x00,0x00,0x00,0x00,0x55,0xff,0x03,0x00,0x00,0x00,0x00,0x00,0x00,0x00,0x00,0x00,0x00,0x00,0x00,0x00,0x00,0x00,0x00,0x00,0x00,0x00,0x00,
    0x00,0x00,0x00,0x00,0x00,0x00,0x00,0x00,0x00,0x00,0x00,0x00,0x00,0x00,0x00,0x00,0x00,0x00,0x00,0x00,0x00,0x00,0x00,0x00,0x00,0x00,0x00,0x00,0x00,0x00,0x00,0x00,
    0x00,0x00,0x00,0x00,0x00,0x00,0x00,0x00,0x00,0x00,0x00,0x00,0x00,0x00,0x00,0x00,0x00,0x00,0x00,0x00,0x00,0x00,0x00,0x00,0x00,0x00,0x00,0x00,0x00,0x00,0x00,0x00,
    0x00,0x00,0x00,0x00,0x00,0x00,0x00,0x00,0x00,0x00,0x00,0x00,0x00,0x00,0x00,0x00,0x00,0x7f,0x7f,0x02,0x00,0xff,0x00,0x01,0x3f,0xbf,0x7f,0x18,0x46,0xc2,0x84,0xf0,
    0x44,0xc3,0x8a,0xfd,0x41,0xbf,0x89,0xfd,0x40,0xbf,0x8b,0xff,0x3f,0xbf,0x8d,0xff,0x3e,0xbf,0x8e,0xff,0x3d,0xbf,0x8f,0xff,0x3c,0xbf,0x91,0xff,0x3c,0xbf,0x91,0xff,
    0x3b,0xbf,0x93,0xff,0x3a,0xbf,0x94,0xff,0x3a,0xbf,0x94,0xff,0x3a,0xbf,0x95,0xff,0x39,0xbf,0x95,0xff,0x39,0xbf,0x96,0xff,0x38,0xbd,0x94,0xfb,0x3e,0xce,0xa0,0xff,
    0x3b,0xc3,0x97,0xaf,0x33,0xbb,0x88,0x0f,0x55,0xaa,0xaa,0x03,0x00,0xff,0xff,0x01,0x00,0x00,0x00,0x00,0x00,0x00,0x00,0x00,0x00,0x00,0x00,0x00,0x00,0x00,0x00,0x00,
    0x00,0x00,0x00,0x00,0x00,0x00,0x00,0x00,0x00,0x00,0x00,0x00,0x00,0x00,0x00,0x00,0x00,0x00,0x00,0x00,0x00,0x00,0x00,0x00,0x00,0x00,0x00,0x00,0x00,0x00,0x00,0x00,
    0x00,0x00,0x00,0x00,0x00,0x00,0x00,0x00,0x00,0x00,0x00,0x00,0x00,0x00,0x00,0x00,0x00,0x00,0x00,0x00,0x00,0x00,0x00,0x00,0x00,0x00,0x00,0x00,0x00,0x00,0x00,0x00,
    0x00,0x00,0x00,0x00,0x00,0x00,0x00,0x00,0x00,0x00,0x00,0x00,0x00,0x00,0x00,0x00,0x00,0x00,0x00,0x00,0x00,0x00,0x00,0x00,0x00,0x00,0x00,0x00,0x00,0x00,0x00,0x00,
    0x00,0x00,0x00,0x00,0x00,0x00,0x00,0x00,0x00,0x00,0x00,0x00,0x00,0x00,0x00,0x00,0x00,0x00,0x00,0x00,0x00,0x00,0x00,0x00,0x00,0x00,0x00,0x00,0x00,0x00,0x00,0x00,
    0x00,0x00,0x00,0x00,0x00,0x00,0x00,0x00,0x00,0x00,0x00,0x00,0x00,0x00,0x00,0x00,0x00,0x00,0x00,0x00,0x00,0x00,0x00,0x00,0x00,0x00,0x00,0x00,0x00,0x00,0x00,0x00,
    0x00,0x00,0x00,0x00,0x00,0x00,0x00,0x00,0x00,0x00,0x00,0x00,0x00,0x00,0x00,0x00,0x00,0x00,0x00,0x00,0x00,0x00,0x00,0x00,0x00,0x00,0x00,0x00,0x00,0x00,0x00,0x00,
    0x00,0x00,0x00,0x00,0x00,0x00,0x00,0x00,0x00,0x00,0x00,0x00,0x00,0x00,0x00,0x00,0x00,0x00,0x00,0x00,0x00,0x00,0x00,0x00,0x00,0x00,0x00,0x00,0x00,0x00,0x00,0x00,
    0x00,0x00,0x00,0x00,0x00,0x00,0x00,0x00,0x00,0x00,0x00,0x00,0x00,0x00,0x00,0x00,0x00,0x00,0x00,0x00,0x00,0x00,0x00,0x00,0x00,0x00,0x00,0x00,0x00,0x00,0x00,0x00,
    0x00,0x00,0x00,0x00,0x00,0x00,0x00,0x00,0x00,0x00,0x00,0x00,0x00,0x00,0x00,0x00,0x00,0x00,0x00,0x00,0x00,0x00,0x00,0x00,0x00,0x00,0x00,0x00,0x00,0x00,0x00,0x00,
    0x00,0x00,0x00,0x00,0x00,0x00,0x00,0x00,0x00,0x00,0x00,0x00,0x00,0x00,0x00,0x00,0x00,0x00,0x00,0x00,0x00,0x00,0x00,0x00,0x00,0x00,0x00,0x00,0x00,0x00,0x00,0x00,
    0x00,0x00,0x00,0x00,0x00,0x00,0x00,0x00,0x00,0x00,0x00,0x00,0x00,0x00,0x00,0x00,0x00,0xff,0xff,0x01,0x00,0xaa,0xff,0x03,0x11,0x77,0xdd,0x0f,0x10,0x7e,0xee,0xaf,
    0x12,0x82,0xfa,0xff,0x11,0x75,0xe6,0xfb,0x13,0x75,0xe8,0xff,0x13,0x74,0xe8,0xff,0x13,0x73,0xe7,0xff,0x13,0x72,0xe7,0xff,0x14,0x71,0xe7,0xff,0x14,0x70,0xe7,0xff,
    0x14,0x6f,0xe7,0xff,0x14,0x6e,0xe7,0xff,0x14,0x6e,0xe7,0xff,0x14,0x6e,0xe7,0xff,0x14,0x6e,0xe7,0xff,0x14,0x6e,0xe7,0xff,0x14,0x6d,0xe6,0xfd,0x14,0x70,0xec,0xfd,
    0x14,0x71,0xea,0xf0,0x15,0x6a,0xe9,0x18,0x00,0x00,0xff,0x01,0x00,0x00,0xff,0x02,0x00,0x00,0x00,0x00,0x00,0x00,0x00,0x00,0x00,0x00,0x00,0x00,0x00,0x00,0x00,0x00,
    0x00,0x00,0x00,0x00,0x00,0x00,0x00,0x00,0x00,0x00,0x00,0x00,0x00,0x00,0x00,0x00,0x00,0x00,0x00,0x00,0x00,0x00,0x00,0x00,0x00,0x00,0x00,0x00,0x00,0x00,0x00,0x00,
    0x00,0x00,0x00,0x00,0x00,0x00,0x00,0x00,0x00,0x00,0x00,0x00,0x00,0x00,0x00,0x00,0x00,0x00,0x00,0x00,0x00,0x00,0x00,0x00,0x00,0x00,0x00,0x00,0x00,0x00,0x00,0x00,
    0x00,0x00,0x00,0x00,0x00,0x00,0x00,0x00,0x00,0x00,0x00,0x00,0x00,0x00,0x00,0x00,0x7f,0xff,0x7f,0x02,0x00,0x00,0x00,0x00,0x44,0xbe,0x80,0xb9,0x48,0xc9,0x8b,0xff,
    0x42,0xbe,0x85,0xfc,0x42,0xbf,0x89,0xff,0x40,0xbf,0x8b,0xff,0x40,0xbf,0x8c,0xff,0x3e,0xbf,0x8e,0xff,0x3e,0xbf,0x8e,0xff,0x3d,0xbf,0x8f,0xff,0x3c,0xbf,0x91,0xff,
    0x3c,0xbf,0x91,0xff,0x3b,0xbf,0x92,0xff,0x3b,0xbf,0x93,0xff,0x3a,0xbf,0x94,0xff,0x3a,0xbf,0x94,0xff,0x39,0xbe,0x92,0xfc,0x3e,0xc8,0x9a,0xff,0x3d,0xc3,0x94,0xcb,
    0x3c,0xb4,0x87,0x11,0x00,0x00,0x00,0x00,0x00,0x7f,0x7f,0x02,0x00,0x00,0x00,0x00,0x00,0x00,0x00,0x00,0x00,0x00,0x00,0x00,0x00,0x00,0x00,0x00,0x00,0x00,0x00,0x00,
    0x00,0x00,0x00,0x00,0x00,0x00,0x00,0x00,0x00,0x00,0x00,0x00,0x00,0x00,0x00,0x00,0x00,0x00,0x00,0x00,0x00,0x00,0x00,0x00,0x00,0x00,0x00,0x00,0x00,0x00,0x00,0x00,
    0x00,0x00,0x00,0x00,0x00,0x00,0x00,0x00,0x00,0x00,0x00,0x00,0x00,0x00,0x00,0x00,0x00,0x00,0x00,0x00,0x00,0x00,0x00,0x00,0x00,0x00,0x00,0x00,0x00,0x00,0x00,0x00,
    0x00,0x00,0x00,0x00,0x00,0x00,0x00,0x00,0x00,0x00,0x00,0x00,0x00,0x00,0x00,0x00,0x00,0x00,0x00,0x00,0x00,0x00,0x00,0x00,0x00,0x00,0x00,0x00,0x00,0x00,0x00,0x00,
    0x00,0x00,0x00,0x00,0x00,0x00,0x00,0x00,0x00,0x00,0x00,0x00,0x00,0x00,0x00,0x00,0x00,0x00,0x00,0x00,0x00,0x00,0x00,0x00,0x00,0x00,0x00,0x00,0x00,0x00,0x00,0x00,
    0x00,0x00,0x00,0x00,0x00,0x00,0x00,0x00,0x00,0x00,0x00,0x00,0x00,0x00,0x00,0x00,0x00,0x00,0x00,0x00,0x00,0x00,0x00,0x00,0x00,0x00,0x00,0x00,0x00,0x00,0x00,0x00,
    0x00,0x00,0x00,0x00,0x00,0x00,0x00,0x00,0x00,0x00,0x00,0x00,0x00,0x00,0x00,0x00,0x00,0x00,0x00,0x00,0x00,0x00,0x00,0x00,0x00,0x00,0x00,0x00,0x00,0x00,0x00,0x00,
    0x00,0x00,0x00,0x00,0x00,0x00,0x00,0x00,0x00,0x00,0x00,0x00,0x00,0x00,0x00,0x00,0x00,0x00,0x00,0x00,0x00,0x00,0x00,0x00,0x00,0x00,0x00,0x00,0x00,0x00,0x00,0x00,
    0x00,0x00,0x00,0x00,0x00,0x00,0x00,0x00,0x00,0x00,0x00,0x00,0x00,0x00,0x00,0x00,0x00,0x00,0x00,0x00,0x00,0x00,0x00,0x00,0x00,0x00,0x00,0x00,0x00,0x00,0x00,0x00,
    0x00,0x00,0x00,0x00,0x00,0x00,0x00,0x00,0x00,0x00,0x00,0x00,0x00,0x00,0x00,0x00,0x00,0x00,0x00,0x00,0x00,0x00,0x00,0x00,0x00,0x00,0x00,0x00,0x00,0x00,0x00,0x00,
    0x00,0x00,0x00,0x00,0x00,0x00,0x00,0x00,0x00,0x00,0x00,0x00,0x00,0x00,0x00,0x00,0x00,0x00,0x00,0x00,0x00,0x00,0x00,0x00,0x00,0x00,0x00,0x00,0x00,0x00,0x00,0x00,
    0x00,0x00,0x00,0x00,0x00,0x00,0x00,0x00,0x00,0x00,0x00,0x00,0x00,0x00,0x00,0x00,0x00,0x00,0x00,0x00,0x00,0x7f,0xff,0x02,0x00,0x00,0x00,0x00,0x0f,0x78,0xd2,0x11,
    0x11,0x7c,0xed,0xcb,0x13,0x7c,0xf3,0xff,0x13,0x73,0xe6,0xfc,0x13,0x73,0xe8,0xff,0x13,0x72,0xe7,0xff,0x14,0x71,0xe7,0xff,0x14,0x70,0xe7,0xff,0x14,0x6f,0xe7,0xff,
    0x14,0x6e,0xe7,0xff,0x14,0x6e,0xe7,0xff,0x14,0x6e,0xe7,0xff,0x15,0x6d,0xe7,0xff,0x15,0x6d,0xe6,0xff,0x15,0x6d,0xe6,0xff,0x15,0x6d,0xe7,0xff,0x14,0x6c,0xe5,0xfc,
    0x15,0x74,0xf4,0xff,0x13,0x6e,0xe4,0xb9,0x00,0x00,0x00,0x00,0x00,0x7f,0xff,0x02,0x00,0x00,0x00,0x00,0x00,0x00,0x00,0x00,0x00,0x00,0x00,0x00,0x00,0x00,0x00,0x00,
    0x00,0x00,0x00,0x00,0x00,0x00,0x00,0x00,0x00,0x00,0x00,0x00,0x00,0x00,0x00,0x00,0x00,0x00,0x00,0x00,0x00,0x00,0x00,0x00,0x00,0x00,0x00,0x00,0x00,0x00,0x00,0x00,
    0x00,0x00,0x00,0x00,0x00,0x00,0x00,0x00,0x00,0x00,0x00,0x00,0x00,0x00,0x00,0x00,0x00,0x00,0x00,0x00,0x00,0x00,0x00,0x00,0x00,0x00,0x00,0x00,0x00,0x00,0x00,0x00,
    0x00,0x00,0x00,0x00,0x00,0x00,0x00,0x00,0x00,0x00,0x00,0x00,0x55,0xaa,0xaa,0x03,0x00,0xff,0x00,0x01,0x47,0xbf,0x7f,0x40,0x49,0xc9,0x88,0xff,0x44,0xbf,0x83,0xfc,
    0x43,0xbf,0x86,0xff,0x42,0xbf,0x88,0xff,0x40,0xbf,0x8a,0xff,0x40,0xbf,0x8b,0xff,0x40,0xbf,0x8c,0xff,0x3e,0xbf,0x8e,0xff,0x3e,0xbf,0x8e,0xff,0x3d,0xbf,0x8f,0xff,
    0x3d,0xbf,0x90,0xff,0x3c,0xbf,0x91,0xff,0x3c,0xbf,0x91,0xff,0x3c,0xbf,0x91,0xff,0x3b,0xbe,0x90,0xfe,0x3d,0xc2,0x93,0xfe,0x3f,0xc4,0x93,0xed,0x3d,0xb9,0x8b,0x21,
    0x00,0x00,0x00,0x00,0x55,0xaa,0xaa,0x03,0x00,0x00,0x00,0x00,0x00,0x00,0x00,0x00,0x00,0x00,0x00,0x00,0x00,0x00,0x00,0x00,0x00,0x00,0x00,0x00,0x00,0x00,0x00,0x00,
    0x00,0x00,0x00,0x00,0x00,0x00,0x00,0x00,0x00,0x00,0x00,0x00,0x00,0x00,0x00,0x00,0x00,0x00,0x00,0x00,0x00,0x00,0x00,0x00,0x00,0x00,0x00,0x00,0x00,0x00,0x00,0x00,
    0x00,0x00,0x00,0x00,0x00,0x00,0x00,0x00,0x00,0x00,0x00,0x00,0x00,0x00,0x00,0x00,0x00,0x00,0x00,0x00,0x00,0x00,0x00,0x00,0x00,0x00,0x00,0x00,0x00,0x00,0x00,0x00,
    0x00,0x00,0x00,0x00,0x00,0x00,0x00,0x00,0x00,0x00,0x00,0x00,0x00,0x00,0x00,0x00,0x00,0x00,0x00,0x00,0x00,0x00,0x00,0x00,0x00,0x00,0x00,0x00,0x00,0x00,0x00,0x00,
    0x00,0x00,0x00,0x00,0x00,0x00,0x00,0x00,0x00,0x00,0x00,0x00,0x00,0x00,0x00,0x00,0x00,0x00,0x00,0x00,0x00,0x00,0x00,0x00,0x00,0x00,0x00,0x00,0x00,0x00,0x00,0x00,
    0x00,0x00,0x00,0x00,0x00,0x00,0x00,0x00,0x00,0x00,0x00,0x00,0x00,0x00,0x00,0x00,0x00,0x00,0x00,0x00,0x00,0x00,0x00,0x00,0x00,0x00,0x00,0x00,0x00,0x00,0x00,0x00,
    0x00,0x00,0x00,0x00,0x00,0x00,0x00,0x00,0x00,0x00,0x00,0x00,0x00,0x00,0x00,0x00,0x00,0x00,0x00,0x00,0x00,0x00,0x00,0x00,0x00,0x00,0x00,0x00,0x00,0x00,0x00,0x00,
    0x00,0x00,0x00,0x00,0x00,0x00,0x00,0x00,0x00,0x00,0x00,0x00,0x00,0x00,0x00,0x00,0x00,0x00,0x00,0x00,0x00,0x00,0x00,0x00,0x00,0x00,0x00,0x00,0x00,0x00,0x00,0x00,
    0x00,0x00,0x00,0x00,0x00,0x00,0x00,0x00,0x00,0x00,0x00,0x00,0x00,0x00,0x00,0x00,0x00,0x00,0x00,0x00,0x00,0x00,0x00,0x00,0x00,0x00,0x00,0x00,0x00,0x00,0x00,0x00,
    0x00,0x00,0x00,0x00,0x00,0x00,0x00,0x00,0x00,0x00,0x00,0x00,0x00,0x00,0x00,0x00,0x00,0x00,0x00,0x00,0x00,0x00,0x00,0x00,0x00,0x00,0x00,0x00,0x00,0x00,0x00,0x00,
    0x00,0x00,0x00,0x00,0x00,0x00,0x00,0x00,0x00,0x00,0x00,0x00,0x00,0x00,0x00,0x00,0x00,0x00,0x00,0x00,0x00,0x00,0x00,0x00,0x00,0x00,0x00,0x00,0x00,0x00,0x00,0x00,
    0x00,0x00,0x00,0x00,0x00,0x00,0x00,0x00,0x00,0x00,0x00,0x00,0x00,0x00,0x00,0x00,0x00,0x00,0x00,0x00,0x00,0x00,0x00,0x00,0x00,0x55,0xff,0x03,0x00,0x00,0x00,0x00,
    0x0f,0x73,0xe7,0x21,0x12,0x7b,0xef,0xed,0x13,0x76,0xec,0xfe,0x13,0x72,0xe6,0xfe,0x13,0x72,0xe7,0xff,0x14,0x70,0xe7,0xff,0x14,0x6f,0xe7,0xff,0x14,0x6e,0xe7,0xff,
    0x14,0x6e,0xe7,0xff,0x15,0x6d,0xe7,0xff,0x15,0x6c,0xe6,0xff,0x15,0x6c,0xe6,0xff,0x15,0x6c,0xe6,0xff,0x15,0x6b,0xe6,0xff,0x15,0x6b,0xe6,0xff,0x15,0x6b,0xe6,0xff,
    0x15,0x6c,0xe6,0xfc,0x15,0x73,0xf2,0xff,0x13,0x6f,0xe7,0x40,0x00,0x00,0xff,0x01,0x00,0x55,0xff,0x03,0x00,0x00,0x00,0x00,0x00,0x00,0x00,0x00,0x00,0x00,0x00,0x00,
    0x00,0x00,0x00,0x00,0x00,0x00,0x00,0x00,0x00,0x00,0x00,0x00,0x00,0x00,0x00,0x00,0x00,0x00,0x00,0x00,0x00,0x00,0x00,0x00,0x00,0x00,0x00,0x00,0x00,0x00,0x00,0x00,
    0x00,0x00,0x00,0x00,0x00,0x00,0x00,0x00,0x00,0x00,0x00,0x00,0x00,0x00,0x00,0x00,0x00,0x00,0x00,0x00,0x00,0x00,0x00,0x00,0x00,0x00,0x00,0x00,0x00,0x00,0x00,0x00,
    0x00,0x00,0x00,0x00,0x00,0x00,0x00,0x00,0x00,0x00,0x00,0x00,0x55,0xaa,0x55,0x03,0x00,0x00,0x00,0x00,0x46,0xbd,0x7d,0xbf,0x49,0xc9,0x88,0xff,0x44,0xbf,0x82,0xfc,
    0x44,0xbf,0x85,0xff,0x42,0xbf,0x88,0xff,0x42,0xbf,0x88,0xff,0x40,0xbf,0x8b,0xff,0x40,0xbf,0x8b,0xff,0x3f,0xbf,0x8c,0xff,0x3e,0xbf,0x8e,0xff,0x3e,0xbf,0x8e,0xff,
    0x3e,0xbf,0x8e,0xff,0x3e,0xbf,0x8f,0xff,0x3d,0xbf,0x8f,0xff,0x3d,0xbf,0x8e,0xfe,0x3e,0xc0,0x90,0xfd,0x40,0xc5,0x91,0xfc,0x3a,0xb7,0x86,0x39,0x00,0x00,0x00,0x00,
    0x55,0xff,0xaa,0x03,0x00,0x00,0x00,0x00,0x00,0x00,0x00,0x00,0x00,0x00,0x00,0x00,0x00,0x00,0x00,0x00,0x00,0x00,0x00,0x00,0x00,0x00,0x00,0x00,0x00,0x00,0x00,0x00,
    0x00,0x00,0x00,0x00,0x00,0x00,0x00,0x00,0x00,0x00,0x00,0x00,0x00,0x00,0x00,0x00,0x00,0x00,0x00,0x00,0x00,0x00,0x00,0x00,0x00,0x00,0x00,0x00,0x00,0x00,0x00,0x00,
    0x00,0x00,0x00,0x00,0x00,0x00,0x00,0x00,0x00,0x00,0x00,0x00,0x00,0x00,0x00,0x00,0x00,0x00,0x00,0x00,0x00,0x00,0x00,0x00,0x00,0x00,0x00,0x00,0x00,0x00,0x00,0x00,
    0x00,0x00,0x00,0x00,0x00,0x00,0x00,0x00,0x00,0x00,0x00,0x00,0x00,0x00,0x00,0x00,0x00,0x00,0x00,0x00,0x00,0x00,0x00,0x00,0x00,0x00,0x00,0x00,0x00,0x00,0x00,0x00,
    0x00,0x00,0x00,0x00,0x00,0x00,0x00,0x00,0x00,0x00,0x00,0x00,0x00,0x00,0x00,0x00,0x00,0x00,0x00,0x00,0x00,0x00,0x00,0x00,0x00,0x00,0x00,0x00,0x00,0x00,0x00,0x00,
    0x00,0x00,0x00,0x00,0x00,0x00,0x00,0x00,0x00,0x00,0x00,0x00,0x00,0x00,0x00,0x00,0x00,0x00,0x00,0x00,0x00,0x00,0x00,0x00,0x00,0x00,0x00,0x00,0x00,0x00,0x00,0x00,
    0x00,0x00,0x00,0x00,0x00,0x00,0x00,0x00,0x00,0x00,0x00,0x00,0x00,0x00,0x00,0x00,0x00,0x00,0x00,0x00,0x00,0x00,0x00,0x00,0x00,0x00,0x00,0x00,0x00,0x00,0x00,0x00,
    0x00,0x00,0x00,0x00,0x00,0x00,0x00,0x00,0x00,0x00,0x00,0x00,0x00,0x00,0x00,0x00,0x00,0x00,0x00,0x00,0x00,0x00,0x00,0x00,0x00,0x00,0x00,0x00,0x00,0x00,0x00,0x00,
    0x00,0x00,0x00,0x00,0x00,0x00,0x00,0x00,0x00,0x00,0x00,0x00,0x00,0x00,0x00,0x00,0x00,0x00,0x00,0x00,0x00,0x00,0x00,0x00,0x00,0x00,0x00,0x00,0x00,0x00,0x00,0x00,
    0x00,0x00,0x00,0x00,0x00,0x00,0x00,0x00,0x00,0x00,0x00,0x00,0x00,0x00,0x00,0x00,0x00,0x00,0x00,0x00,0x00,0x00,0x00,0x00,0x00,0x00,0x00,0x00,0x00,0x00,0x00,0x00,
    0x00,0x00,0x00,0x00,0x00,0x00,0x00,0x00,0x00,0x00,0x00,0x00,0x00,0x00,0x00,0x00,0x00,0x00,0x00,0x00,0x00,0x00,0x00,0x00,0x00,0x00,0x00,0x00,0x00,0x00,0x00,0x00,
    0x00,0x00,0x00,0x00,0x00,0x00,0x00,0x00,0x00,0x00,0x00,0x00,0x00,0x00,0x00,0x00,0x00,0x00,0x00,0x00,0x00,0x00,0x00,0x00,0x00,0x00,0x00,0x00,0x00,0xaa,0xff,0x03,
    0x00,0x00,0x00,0x00,0x11,0x74,0xdf,0x39,0x13,0x78,0xef,0xfc,0x13,0x73,0xe9,0xfd,0x13,0x71,0xe6,0xfe,0x14,0x70,0xe7,0xff,0x14,0x6e,0xe7,0xff,0x14,0x6e,0xe7,0xff,
    0x15,0x6d,0xe6,0xff,0x15,0x6c,0xe6,0xff,0x15,0x6b,0xe6,0xff,0x15,0x6b,0xe6,0xff,0x15,0x6a,0xe6,0xff,0x15,0x6a,0xe6,0xff,0x15,0x6a,0xe6,0xff,0x15,0x6a,0xe6,0xff,
    0x15,0x6a,0xe5,0xfc,0x16,0x71,0xf2,0xff,0x14,0x6a,0xe4,0xbf,0x00,0x00,0x00,0x00,0x00,0x55,0xff,0x03,0x00,0x00,0x00,0x00,0x00,0x00,0x00,0x00,0x00,0x00,0x00,0x00,
    0x00,0x00,0x00,0x00,0x00,0x00,0x00,0x00,0x00,0x00,0x00,0x00,0x00,0x00,0x00,0x00,0x00,0x00,0x00,0x00,0x00,0x00,0x00,0x00,0x00,0x00,0x00,0x00,0x00,0x00,0x00,0x00,
    0x00,0x00,0x00,0x00,0x00,0x00,0x00,0x00,0x00,0x00,0x00,0x00,0x00,0x00,0x00,0x00,0x00,0x00,0x00,0x00,0x00,0x00,0x00,0x00,0x00,0x00,0x00,0x00,0x00,0x00,0x00,0x00,
    0x00,0x00,0x00,0x00,0x00,0x00,0x00,0x00,0x55,0xaa,0xaa,0x03,0x00,0x00,0x00,0x00,0x4b,0xbd,0x7b,0x55,0x4b,0xc9,0x84,0xff,0x45,0xbf,0x81,0xfc,0x45,0xbf,0x82,0xff,
    0x44,0xbf,0x85,0xff,0x43,0xbf,0x86,0xff,0x42,0xbf,0x88,0xff,0x42,0xbf,0x88,0xff,0x41,0xbf,0x8a,0xff,0x40,0xbf,0x8b,0xff,0x40,0xbf,0x8b,0xff,0x3f,0xbf,0x8c,0xff,
    0x3f,0xbf,0x8d,0xff,0x3f,0xbf,0x8d,0xff,0x3f,0xbf,0x8d,0xff,0x3e,0xbe,0x8b,0xfc,0x44,0xcb,0x94,0xff,0x40,0xbd,0x87,0x8f,0x00,0x00,0x00,0x00,0x3f,0xbf,0x7f,0x04,
    0x00,0x00,0x00,0x00,0x00,0x00,0x00,0x00,0x00,0x00,0x00,0x00,0x00,0x00,0x00,0x00,0x00,0x00,0x00,0x00,0x00,0x00,0x00,0x00,0x00,0x00,0x00,0x00,0x00,0x00,0x00,0x00,
    0x00,0x00,0x00,0x00,0x00,0x00,0x00,0x00,0x00,0x00,0x00,0x00,0x00,0x00,0x00,0x00,0x00,0x00,0x00,0x00,0x00,0x00,0x00,0x00,0x00,0x00,0x00,0x00,0x00,0x00,0x00,0x00,
    0x00,0x00,0x00,0x00,0x00,0x00,0x00,0x00,0x00,0x00,0x00,0x00,0x00,0x00,0x00,0x00,0x00,0x00,0x00,0x00,0x00,0x00,0x00,0x00,0x00,0x00,0x00,0x00,0x00,0x00,0x00,0x00,
    0x00,0x00,0x00,0x00,0x00,0x00,0x00,0x00,0x00,0x00,0x00,0x00,0x00,0x00,0x00,0x00,0x00,0x00,0x00,0x00,0x00,0x00,0x00,0x00,0x00,0x00,0x00,0x00,0x00,0x00,0x00,0x00,
    0x00,0x00,0x00,0x00,0x00,0x00,0x00,0x00,0x00,0x00,0x00,0x00,0x00,0x00,0x00,0x00,0x00,0x00,0x00,0x00,0x00,0x00,0x00,0x00,0x00,0x00,0x00,0x00,0x00,0x00,0x00,0x00,
    0x00,0x00,0x00,0x00,0x00,0x00,0x00,0x00,0x00,0x00,0x00,0x00,0x00,0x00,0x00,0x00,0x00,0x00,0x00,0x00,0x00,0x00,0x00,0x00,0x00,0x00,0x00,0x00,0x00,0x00,0x00,0x00,
    0x00,0x00,0x00,0x00,0x00,0x00,0x00,0x00,0x00,0x00,0x00,0x00,0x00,0x00,0x00,0x00,0x00,0x00,0x00,0x00,0x00,0x00,0x00,0x00,0x00,0x00,0x00,0x00,0x00,0x00,0x00,0x00,
    0x00,0x00,0x00,0x00,0x00,0x00,0x00,0x00,0x00,0x00,0x00,0x00,0x00,0x00,0x00,0x00,0x00,0x00,0x00,0x00,0x00,0x00,0x00,0x00,0x00,0x00,0x00,0x00,0x00,0x00,0x00,0x00,
    0x00,0x00,0x00,0x00,0x00,0x00,0x00,0x00,0x00,0x00,0x00,0x00,0x00,0x00,0x00,0x00,0x00,0x00,0x00,0x00,0x00,0x00,0x00,0x00,0x00,0x00,0x00,0x00,0x00,0x00,0x00,0x00,
    0x00,0x00,0x00,0x00,0x00,0x00,0x00,0x00,0x00,0x00,0x00,0x00,0x00,0x00,0x00,0x00,0x00,0x00,0x00,0x00,0x00,0x00,0x00,0x00,0x00,0x00,0x00,0x00,0x00,0x00,0x00,0x00,
    0x00,0x00,0x00,0x00,0x00,0x00,0x00,0x00,0x00,0x00,0x00,0x00,0x00,0x00,0x00,0x00,0x00,0x00,0x00,0x00,0x00,0x00,0x00,0x00,0x00,0x00,0x00,0x00,0x00,0x00,0x00,0x00,
    0x00,0x00,0x00,0x00,0x00,0x00,0x00,0x00,0x00,0x00,0x00,0x00,0x00,0x00,0x00,0x00,0x00,0x00,0x00,0x00,0x00,0x00,0x00,0x00,0x00,0x00,0x00,0x00,0x00,0x00,0x00,0x00,
    0x00,0x7f,0xff,0x04,0x00,0x00,0x00,0x00,0x11,0x73,0xe6,0x8f,0x14,0x7a,0xf6,0xff,0x13,0x70,0xe5,0xfc,0x14,0x6f,0xe7,0xff,0x14,0x6e,0xe7,0xff,0x15,0x6d,0xe7,0xff,
    0x15,0x6c,0xe6,0xff,0x15,0x6b,0xe6,0xff,0x15,0x6a,0xe6,0xff,0x15,0x6a,0xe6,0xff,0x15,0x6a,0xe6,0xff,0x15,0x69,0xe6,0xff,0x16,0x69,0xe6,0xff,0x16,0x69,0xe6,0xff,
    0x15,0x69,0xe6,0xff,0x15,0x69,0xe5,0xfc,0x16,0x70,0xf1,0xff,0x15,0x6c,0xe4,0x55,0x00,0x00,0x00,0x00,0x00,0x55,0xff,0x03,0x00,0x00,0x00,0x00,0x00,0x00,0x00,0x00,
    0x00,0x00,0x00,0x00,0x00,0x00,0x00,0x00,0x00,0x00,0x00,0x00,0x00,0x00,0x00,0x00,0x00,0x00,0x00,0x00,0x00,0x00,0x00,0x00,0x00,0x00,0x00,0x00,0x00,0x00,0x00,0x00,
    0x00,0x00,0x00,0x00,0x00,0x00,0x00,0x00,0x00,0x00,0x00,0x00,0x00,0x00,0x00,0x00,0x00,0x00,0x00,0x00,0x00,0x00,0x00,0x00,0x00,0x00,0x00,0x00,0x00,0x00,0x00,0x00,
    0x00,0x00,0x00,0x00,0x00,0x00,0x00,0x01,0x7f,0xff,0x7f,0x02,0x48,0xb6,0x6d,0x07,0x49,0xbf,0x7a,0xda,0x4b,0xc6,0x83,0xff,0x45,0xbe,0x80,0xfd,0x45,0xbf,0x82,0xff,
    0x44,0xbf,0x84,0xff,0x44,0xbf,0x85,0xff,0x43,0xbf,0x86,0xff,0x42,0xbf,0x88,0xff,0x42,0xbf,0x88,0xff,0x41,0xbf,0x89,0xff,0x40,0xbf,0x8b,0xff,0x40,0xbf,0x8b,0xff,
    0x40,0xbf,0x8b,0xff,0x40,0xbf,0x8b,0xff,0x3f,0xbe,0x8a,0xfc,0x43,0xc6,0x8f,0xff,0x42,0xbf,0x87,0xda,0x3f,0xbf,0x7f,0x04,0x55,0xaa,0xaa,0x03,0x00,0xff,0xff,0x01,
    0x00,0x00,0x00,0x00,0x00,0x00,0x00,0x00,0x00,0x00,0x00,0x00,0x00,0x00,0x00,0x00,0x00,0x00,0x00,0x00,0x00,0x00,0x00,0x00,0x00,0x00,0x00,0x00,0x00,0x00,0x00,0x00,
    0x00,0x00,0x00,0x00,0x00,0x00,0x00,0x00,0x00,0x00,0x00,0x00,0x00,0x00,0x00,0x00,0x00,0x00,0x00,0x00,0x00,0x00,0x00,0x00,0x00,0x00,0x00,0x00,0x00,0x00,0x00,0x00,
    0x00,0x00,0x00,0x00,0x00,0x00,0x00,0x00,0x00,0x00,0x00,0x00,0x00,0x00,0x00,0x00,0x00,0x00,0x00,0x00,0x00,0x00,0x00,0x00,0x00,0x00,0x00,0x00,0x00,0x00,0x00,0x00,
    0x00,0x00,0x00,0x00,0x00,0x00,0x00,0x00,0x00,0x00,0x00,0x00,0x00,0x00,0x00,0x00,0x00,0x00,0x00,0x00,0x00,0x00,0x00,0x00,0x00,0x00,0x00,0x00,0x00,0x00,0x00,0x00,
    0x00,0x00,0x00,0x00,0x00,0x00,0x00,0x00,0x00,0x00,0x00,0x00,0x00,0x00,0x00,0x00,0x00,0x00,0x00,0x00,0x00,0x00,0x00,0x00,0x00,0x00,0x00,0x00,0x00,0x00,0x00,0x00,
    0x00,0x00,0x00,0x00,0x00,0x00,0x00,0x00,0x00,0x00,0x00,0x00,0x00,0x00,0x00,0x00,0x00,0x00,0x00,0x00,0x00,0x00,0x00,0x00,0x00,0x00,0x00,0x00,0x00,0x00,0x00,0x00,
    0x00,0x00,0x00,0x00,0x00,0x00,0x00,0x00,0x00,0x00,0x00,0x00,0x00,0x00,0x00,0x00,0x00,0x00,0x00,0x00,0x00,0x00,0x00,0x00,0x00,0x00,0x00,0x00,0x00,0x00,0x00,0x00,
    0x00,0x00,0x00,0x00,0x00,0x00,0x00,0x00,0x00,0x00,0x00,0x00,0x00,0x00,0x00,0x00,0x00,0x00,0x00,0x00,0x00,0x00,0x00,0x00,0x00,0x00,0x00,0x00,0x00,0x00,0x00,0x00,
    0x00,0x00,0x00,0x00,0x00,0x00,0x00,0x00,0x00,0x00,0x00,0x00,0x00,0x00,0x00,0x00,0x00,0x00,0x00,0x00,0x00,0x00,0x00,0x00,0x00,0x00,0x00,0x00,0x00,0x00,0x00,0x00,
    0x00,0x00,0x00,0x00,0x00,0x00,0x00,0x00,0x00,0x00,0x00,0x00,0x00,0x00,0x00,0x00,0x00,0x00,0x00,0x00,0x00,0x00,0x00,0x00,0x00,0x00,0x00,0x00,0x00,0x00,0x00,0x00,
    0x00,0x00,0x00,0x00,0x00,0x00,0x00,0x00,0x00,0x00,0x00,0x00,0x00,0x00,0x00,0x00,0x00,0x00,0x00,0x00,0x00,0x00,0x00,0x00,0x00,0x00,0x00,0x00,0x00,0x00,0x00,0x00,
    0x00,0x00,0x00,0x00,0x00,0x00,0x00,0x00,0x00,0x00,0x00,0x00,0x00,0x00,0x00,0x00,0x00,0x00,0x00,0x00,0x00,0x00,0x00,0x00,0x00,0x00,0x00,0x00,0x00,0x00,0x00,0x00,
    0x00,0xff,0xff,0x01,0x00,0x55,0xff,0x03,0x00,0x7f,0xbf,0x04,0x12,0x73,0xe8,0xda,0x15,0x75,0xf0,0xff,0x14,0x6e,0xe6,0xfc,0x14,0x6e,0xe7,0xff,0x15,0x6c,0xe6,0xff,
    0x15,0x6b,0xe6,0xff,0x15,0x6a,0xe6,0xff,0x15,0x6a,0xe6,0xff,0x16,0x69,0xe6,0xff,0x16,0x68,0xe6,0xff,0x16,0x68,0xe6,0xff,0x16,0x68,0xe6,0xff,0x16,0x68,0xe6,0xff,
    0x16,0x68,0xe6,0xff,0x16,0x67,0xe5,0xfd,0x16,0x6d,0xef,0xff,0x15,0x6a,0xe6,0xda,0x00,0x6d,0xda,0x07,0x00,0x7f,0xff,0x02,0x00,0x00,0xff,0x01,0x00,0x00,0x00,0x00,
    0x00,0x00,0x00,0x00,0x00,0x00,0x00,0x00,0x00,0x00,0x00,0x00,0x00,0x00,0x00,0x00,0x00,0x00,0x00,0x00,0x00,0x00,0x00,0x00,0x00,0x00,0x00,0x00,0x00,0x00,0x00,0x00,
    0x00,0x00,0x00,0x00,0x00,0x00,0x00,0x00,0x00,0x00,0x00,0x00,0x00,0x00,0x00,0x00,0x00,0x00,0x00,0x00,0x00,0x00,0x00,0x00,0x00,0x00,0x00,0x00,0x00,0x00,0x00,0x00,
    0x00,0x00,0x00,0x00,0x55,0xff,0xaa,0x03,0x00,0x00,0x00,0x00,0x4b,0xbd,0x77,0x5e,0x4f,0xcc,0x83,0xff,0x47,0xbe,0x7d,0xfc,0x47,0xbf,0x80,0xff,0x45,0xbf,0x82,0xff,
    0x45,0xbf,0x82,0xff,0x44,0xbf,0x85,0xff,0x44,0xbf,0x85,0xff,0x43,0xbf,0x86,0xff,0x42,0xbf,0x88,0xff,0x42,0xbf,0x88,0xff,0x42,0xbf,0x88,0xff,0x42,0xbf,0x89,0xff,
    0x41,0xbf,0x89,0xff,0x41,0xbe,0x88,0xfe,0x42,0xc1,0x89,0xfe,0x45,0xc5,0x8a,0xfe,0x44,0xbf,0x84,0x38,0x00,0x00,0x00,0x00,0x7f,0xff,0x7f,0x02,0x00,0x00,0x00,0x00,
    0x00,0x00,0x00,0x00,0x00,0x00,0x00,0x00,0x00,0x00,0x00,0x00,0x00,0x00,0x00,0x00,0x00,0x00,0x00,0x00,0x00,0x00,0x00,0x00,0x00,0x00,0x00,0x00,0x00,0x00,0x00,0x00,
    0x00,0x00,0x00,0x00,0x00,0x00,0x00,0x00,0x00,0x00,0x00,0x00,0x00,0x00,0x00,0x00,0x00,0x00,0x00,0x00,0x00,0x00,0x00,0x00,0x00,0x00,0x00,0x00,0x00,0x00,0x00,0x00,
    0x00,0x00,0x00,0x00,0x00,0x00,0x00,0x00,0x00,0x00,0x00,0x00,0x00,0x00,0x00,0x00,0x00,0x00,0x00,0x00,0x00,0x00,0x00,0x00,0x00,0x00,0x00,0x00,0x00,0x00,0x00,0x00,
    0x00,0x00,0x00,0x00,0x00,0x00,0x00,0x00,0x00,0x00,0x00,0x00,0x00,0x00,0x00,0x00,0x00,0x00,0x00,0x00,0x00,0x00,0x00,0x00,0x00,0x00,0x00,0x00,0x00,0x00,0x00,0x00,
    0x00,0x00,0x00,0x00,0x00,0x00,0x00,0x00,0x00,0x00,0x00,0x00,0x00,0x00,0x00,0x00,0x00,0x00,0x00,0x00,0x00,0x00,0x00,0x00,0x00,0x00,0x00,0x00,0x00,0x00,0x00,0x00,
    0x00,0x00,0x00,0x00,0x00,0x00,0x00,0x00,0x00,0x00,0x00,0x00,0x00,0x00,0x00,0x00,0x00,0x00,0x00,0x00,0x00,0x00,0x00,0x00,0x00,0x00,0x00,0x00,0x00,0x00,0x00,0x00,
    0x00,0x00,0x00,0x00,0x00,0x00,0x00,0x00,0x00,0x00,0x00,0x00,0x00,0x00,0x00,0x00,0x00,0x00,0x00,0x00,0x00,0x00,0x00,0x00,0x00,0x00,0x00,0x00,0x00,0x00,0x00,0x00,
    0x00,0x00,0x00,0x00,0x00,0x00,0x00,0x00,0x00,0x00,0x00,0x00,0x00,0x00,0x00,0x00,0x00,0x00,0x00,0x00,0x00,0x00,0x00,0x00,0x00,0x00,0x00,0x00,0x00,0x00,0x00,0x00,
    0x00,0x00,0x00,0x00,0x00,0x00,0x00,0x00,0x00,0x00,0x00,0x00,0x00,0x00,0x00,0x00,0x00,0x00,0x00,0x00,0x00,0x00,0x00,0x00,0x00,0x00,0x00,0x00,0x00,0x00,0x00,0x00,
    0x00,0x00,0x00,0x00,0x00,0x00,0x00,0x00,0x00,0x00,0x00,0x00,0x00,0x00,0x00,0x00,0x00,0x00,0x00,0x00,0x00,0x00,0x00,0x00,0x00,0x00,0x00,0x00,0x00,0x00,0x00,0x00,
    0x00,0x00,0x00,0x00,0x00,0x00,0x00,0x00,0x00,0x00,0x00,0x00,0x00,0x00,0x00,0x00,0x00,0x00,0x00,0x00,0x00,0x00,0x00,0x00,0x00,0x00,0x00,0x00,0x00,0x00,0x00,0x00,
    0x00,0x00,0x00,0x00,0x00,0x00,0x00,0x00,0x00,0x00,0x00,0x00,0x00,0x00,0x00,0x00,0x00,0x00,0x00,0x00,0x00,0x00,0x00,0x00,0x00,0x00,0x00,0x00,0x00,0x00,0x00,0x00,
    0x00,0x00,0x00,0x00,0x00,0x7f,0xff,0x02,0x00,0x00,0x00,0x00,0x12,0x76,0xe3,0x38,0x14,0x75,0xed,0xfe,0x14,0x6f,0xe9,0xfe,0x14,0x6d,0xe5,0xfe,0x15,0x6c,0xe6,0xff,
    0x15,0x6a,0xe6,0xff,0x15,0x6a,0xe6,0xff,0x16,0x69,0xe6,0xff,0x16,0x68,0xe6,0xff,0x16,0x68,0xe6,0xff,0x16,0x67,0xe6,0xff,0x16,0x67,0xe6,0xff,0x16,0x67,0xe5,0xff,
    0x16,0x67,0xe5,0xff,0x16,0x67,0xe6,0xff,0x16,0x67,0xe4,0xfc,0x17,0x70,0xf5,0xff,0x15,0x67,0xe3,0x5e,0x00,0x00,0x00,0x00,0x00,0x55,0xff,0x03,0x00,0x00,0x00,0x00,
    0x00,0x00,0x00,0x00,0x00,0x00,0x00,0x00,0x00,0x00,0x00,0x00,0x00,0x00,0x00,0x00,0x00,0x00,0x00,0x00,0x00,0x00,0x00,0x00,0x00,0x00,0x00,0x00,0x00,0x00,0x00,0x00,
    0x00,0x00,0x00,0x00,0x00,0x00,0x00,0x00,0x00,0x00,0x00,0x00,0x00,0x00,0x00,0x00,0x00,0x00,0x00,0x00,0x00,0x00,0x00,0x00,0x00,0x00,0x00,0x00,0x00,0x00,0x00,0x00,
    0x00,0xff,0x00,0x01,0x7f,0x7f,0x7f,0x02,0x55,0xbb,0x77,0x0f,0x4c,0xc1,0x78,0xdc,0x4c,0xc4,0x7e,0xfe,0x48,0xbf,0x7c,0xfd,0x47,0xbf,0x7f,0xff,0x46,0xbf,0x80,0xff,
    0x45,0xbf,0x82,0xff,0x45,0xbf,0x82,0xff,0x44,0xbf,0x84,0xff,0x44,0xbf,0x85,0xff,0x44,0xbf,0x85,0xff,0x43,0xbf,0x86,0xff,0x43,0xbf,0x87,0xff,0x43,0xbf,0x87,0xff,
    0x43,0xbf,0x87,0xff,0x43,0xc0,0x87,0xfc,0x46,0xc6,0x8b,0xfd,0x44,0xbd,0x80,0x65,0x00,0x00,0x00,0x00,0x55,0xaa,0xaa,0x03,0x00,0x00,0x00,0x00,0x00,0x00,0x00,0x00,
    0x00,0x00,0x00,0x00,0x00,0x00,0x00,0x00,0x00,0x00,0x00,0x00,0x00,0x00,0x00,0x00,0x00,0x00,0x00,0x00,0x00,0x00,0x00,0x00,0x00,0x00,0x00,0x00,0x00,0x00,0x00,0x00,
    0x00,0x00,0x00,0x00,0x00,0x00,0x00,0x00,0x00,0x00,0x00,0x00,0x00,0x00,0x00,0x00,0x00,0x00,0x00,0x00,0x00,0x00,0x00,0x00,0x00,0x00,0x00,0x00,0x00,0x00,0x00,0x00,
    0x00,0x00,0x00,0x00,0x00,0x00,0x00,0x00,0x00,0x00,0x00,0x00,0x00,0x00,0x00,0x00,0x00,0x00,0x00,0x00,0x00,0x00,0x00,0x00,0x00,0x00,0x00,0x00,0x00,0x00,0x00,0x00,
    0x00,0x00,0x00,0x00,0x00,0x00,0x00,0x00,0x00,0x00,0x00,0x00,0x00,0x00,0x00,0x00,0x00,0x00,0x00,0x00,0x00,0x00,0x00,0x00,0x00,0x00,0x00,0x00,0x00,0x00,0x00,0x00,
    0x00,0x00,0x00,0x00,0x00,0x00,0x00,0x00,0x00,0x00,0x00,0x00,0x00,0x00,0x00,0x00,0x00,0x00,0x00,0x00,0x00,0x00,0x00,0x00,0x00,0x00,0x00,0x00,0x00,0x00,0x00,0x00,
    0x00,0x00,0x00,0x00,0x00,0x00,0x00,0x00,0x00,0x00,0x00,0x00,0x00,0x00,0x00,0x00,0x00,0x00,0x00,0x00,0x00,0x00,0x00,0x00,0x00,0x00,0x00,0x00,0x00,0x00,0x00,0x00,
    0x00,0x00,0x00,0x00,0x00,0x00,0x00,0x00,0x00,0x00,0x00,0x00,0x00,0x00,0x00,0x00,0x00,0x00,0x00,0x00,0x00,0x00,0x00,0x00,0x00,0x00,0x00,0x00,0x00,0x00,0x00,0x00,
    0x00,0x00,0x00,0x00,0x00,0x00,0x00,0x00,0x00,0x00,0x00,0x00,0x00,0x00,0x00,0x00,0x00,0x00,0x00,0x00,0x00,0x00,0x00,0x00,0x00,0x00,0x00,0x00,0x00,0x00,0x00,0x00,
    0x00,0x00,0x00,0x00,0x00,0x00,0x00,0x00,0x00,0x00,0x00,0x00,0x00,0x00,0x00,0x00,0x00,0x00,0x00,0x00,0x00,0x00,0x00,0x00,0x00,0x00,0x00,0x00,0x00,0x00,0x00,0x00,
    0x00,0x00,0x00,0x00,0x00,0x00,0x00,0x00,0x00,0x00,0x00,0x00,0x00,0x00,0x00,0x00,0x00,0x00,0x00,0x00,0x00,0x00,0x00,0x00,0x00,0x00,0x00,0x00,0x00,0x00,0x00,0x00,
    0x00,0x00,0x00,0x00,0x00,0x00,0x00,0x00,0x00,0x00,0x00,0x00,0x00,0x00,0x00,0x00,0x00,0x00,0x00,0x00,0x00,0x00,0x00,0x00,0x00,0x00,0x00,0x00,0x00,0x00,0x00,0x00,
    0x00,0x00,0x00,0x00,0x00,0x00,0x00,0x00,0x00,0x00,0x00,0x00,0x00,0x00,0x00,0x00,0x00,0x00,0x00,0x00,0x00,0x00,0x00,0x00,0x00,0x00,0x00,0x00,0x00,0x00,0x00,0x00,
    0x00,0x00,0x00,0x00,0x00,0x00,0x00,0x00,0x00,0x55,0xff,0x03,0x00,0x00,0x00,0x00,0x11,0x6f,0xe3,0x65,0x15,0x72,0xef,0xfd,0x15,0x6d,0xe6,0xfc,0x15,0x6a,0xe6,0xff,
    0x15,0x6a,0xe6,0xff,0x16,0x69,0xe6,0xff,0x16,0x68,0xe6,0xff,0x16,0x68,0xe6,0xff,0x16,0x66,0xe5,0xff,0x16,0x66,0xe5,0xff,0x16,0x66,0xe5,0xff,0x16,0x66,0xe5,0xff,
    0x16,0x65,0xe5,0xff,0x16,0x65,0xe5,0xff,0x16,0x65,0xe4,0xfd,0x17,0x6a,0xec,0xfe,0x16,0x68,0xe7,0xdc,0x11,0x66,0xee,0x0f,0x00,0x7f,0xff,0x02,0x00,0x00,0xff,0x01,
    0x00,0x00,0x00,0x00,0x00,0x00,0x00,0x00,0x00,0x00,0x00,0x00,0x00,0x00,0x00,0x00,0x00,0x00,0x00,0x00,0x00,0x00,0x00,0x00,0x00,0x00,0x00,0x00,0x00,0x00,0x00,0x00,
    0x00,0x00,0x00,0x00,0x00,0x00,0x00,0x00,0x00,0x00,0x00,0x00,0x00,0x00,0x00,0x00,0x00,0x00,0x00,0x00,0x00,0x00,0x00,0x00,0x00,0x00,0x00,0x00,0x00,0x00,0x00,0x00,
    0x55,0xff,0xaa,0x03,0x00,0x00,0x00,0x00,0x4d,0xbd,0x72,0x81,0x53,0xcf,0x81,0xff,0x4a,0xbd,0x79,0xfb,0x49,0xbf,0x7c,0xff,0x47,0xbf,0x7f,0xff,0x47,0xbf,0x7f,0xff,
    0x46,0xbf,0x81,0xff,0x45,0xbf,0x82,0xff,0x45,0xbf,0x82,0xff,0x45,0xbf,0x83,0xff,0x44,0xbf,0x85,0xff,0x44,0xbf,0x85,0xff,0x44,0xbf,0x85,0xff,0x44,0xbf,0x85,0xff,
    0x43,0xbe,0x83,0xfc,0x49,0xcb,0x8c,0xff,0x45,0xbe,0x81,0xa1,0x00,0x00,0x00,0x00,0x33,0xcc,0x66,0x05,0x00,0x00,0x00,0x00,0x00,0x00,0x00,0x00,0x00,0x00,0x00,0x00,
    0x00,0x00,0x00,0x00,0x00,0x00,0x00,0x00,0x00,0x00,0x00,0x00,0x00,0x00,0x00,0x00,0x00,0x00,0x00,0x00,0x00,0x00,0x00,0x00,0x00,0x00,0x00,0x00,0x00,0x00,0x00,0x00,
    0x00,0x00,0x00,0x00,0x00,0x00,0x00,0x00,0x00,0x00,0x00,0x00,0x00,0x00,0x00,0x00,0x00,0x00,0x00,0x00,0x00,0x00,0x00,0x00,0x00,0x00,0x00,0x00,0x00,0x00,0x00,0x00,
    0x00,0x00,0x00,0x00,0x00,0x00,0x00,0x00,0x00,0x00,0x00,0x00,0x00,0x00,0x00,0x00,0x00,0x00,0x00,0x00,0x00,0x00,0x00,0x00,0x00,0x00,0x00,0x00,0x00,0x00,0x00,0x00,
    0x00,0x00,0x00,0x00,0x00,0x00,0x00,0x00,0x00,0x00,0x00,0x00,0x00,0x00,0x00,0x00,0x00,0x00,0x00,0x00,0x00,0x00,0x00,0x00,0x00,0x00,0x00,0x00,0x00,0x00,0x00,0x00,
    0x00,0x00,0x00,0x00,0x00,0x00,0x00,0x00,0x00,0x00,0x00,0x00,0x00,0x00,0x00,0x00,0x00,0x00,0x00,0x00,0x00,0x00,0x00,0x00,0x00,0x00,0x00,0x00,0x00,0x00,0x00,0x00,
    0x00,0x00,0x00,0x00,0x00,0x00,0x00,0x00,0x00,0x00,0x00,0x00,0x00,0x00,0x00,0x00,0x00,0x00,0x00,0x00,0x00,0x00,0x00,0x00,0x00,0x00,0x00,0x00,0x00,0x00,0x00,0x00,
    0x00,0x00,0x00,0x00,0x00,0x00,0x00,0x00,0x00,0x00,0x00,0x00,0x00,0x00,0x00,0x00,0x00,0x00,0x00,0x00,0x00,0x00,0x00,0x00,0x00,0x00,0x00,0x00,0x00,0x00,0x00,0x00,
    0x00,0x00,0x00,0x00,0x00,0x00,0x00,0x00,0x00,0x00,0x00,0x00,0x00,0x00,0x00,0x00,0x00,0x00,0x00,0x00,0x00,0x00,0x00,0x00,0x00,0x00,0x00,0x00,0x00,0x00,0x00,0x00,
    0x00,0x00,0x00,0x00,0x00,0x00,0x00,0x00,0x00,0x00,0x00,0x00,0x00,0x00,0x00,0x00,0x00,0x00,0x00,0x00,0x00,0x00,0x00,0x00,0x00,0x00,0x00,0x00,0x00,0x00,0x00,0x00,
    0x00,0x00,0x00,0x00,0x00,0x00,0x00,0x00,0x00,0x00,0x00,0x00,0x00,0x00,0x00,0x00,0x00,0x00,0x00,0x00,0x00,0x00,0x00,0x00,0x00,0x00,0x00,0x00,0x00,0x00,0x00,0x00,
    0x00,0x00,0x00,0x00,0x00,0x00,0x00,0x00,0x00,0x00,0x00,0x00,0x00,0x00,0x00,0x00,0x00,0x00,0x00,0x00,0x00,0x00,0x00,0x00,0x00,0x00,0x00,0x00,0x00,0x00,0x00,0x00,
    0x00,0x00,0x00,0x00,0x00,0x00,0x00,0x00,0x00,0x00,0x00,0x00,0x00,0x00,0x00,0x00,0x00,0x00,0x00,0x00,0x00,0x00,0x00,0x00,0x00,0x00,0x00,0x00,0x00,0x00,0x00,0x00,
    0x00,0x00,0x00,0x00,0x00,0x00,0x00,0x00,0x00,0x00,0x00,0x00,0x00,0x66,0xcc,0x05,0x00,0x00,0x00,0x00,0x14,0x6d,0xe5,0xa1,0x16,0x74,0xf6,0xff,0x15,0x69,0xe4,0xfc,
    0x15,0x69,0xe6,0xff,0x16,0x68,0xe6,0xff,0x16,0x68,0xe6,0xff,0x16,0x66,0xe5,0xff,0x16,0x66,0xe5,0xff,0x17,0x65,0xe5,0xff,0x17,0x64,0xe5,0xff,0x17,0x64,0xe5,0xff,
    0x17,0x64,0xe5,0xff,0x17,0x64,0xe5,0xff,0x17,0x64,0xe5,0xff,0x16,0x64,0xe3,0xfb,0x18,0x6f,0xf8,0xff,0x15,0x66,0xe5,0x81,0x00,0x00,0x00,0x00,0x00,0xaa,0xff,0x03,
    0x00,0x00,0x00,0x00,0x00,0x00,0x00,0x00,0x00,0x00,0x00,0x00,0x00,0x00,0x00,0x00,0x00,0x00,0x00,0x00,0x00,0x00,0x00,0x00,0x00,0x00,0x00,0x00,0x00,0x00,0x00,0x00,
    0x00,0x00,0x00,0x00,0x00,0x00,0x00,0x00,0x00,0x00,0x00,0x00,0x00,0x00,0x00,0x00,0x00,0x00,0x00,0x00,0x00,0x00,0x00,0x00,0x00,0x00,0x00,0x00,0x00,0xff,0xff,0x01,
    0x00,0xff,0x00,0x01,0x45,0xb9,0x73,0x0b,0x4f,0xbf,0x73,0xe8,0x4e,0xc3,0x7a,0xfe,0x4a,0xbe,0x79,0xfe,0x49,0xbf,0x7b,0xff,0x48,0xbf,0x7d,0xff,0x47,0xbf,0x7f,0xff,
    0x47,0xbf,0x7f,0xff,0x46,0xbf,0x80,0xff,0x45,0xbf,0x82,0xff,0x45,0xbf,0x82,0xff,0x45,0xbf,0x82,0xff,0x45,0xbf,0x83,0xff,0x45,0xbf,0x83,0xff,0x45,0xbf,0x83,0xfe,
    0x45,0xc0,0x84,0xfd,0x48,0xc4,0x83,0xfb,0x47,0xbd,0x7c,0x27,0x7f,0xff,0x7f,0x02,0x7f,0xff,0x7f,0x02,0x00,0x00,0x00,0x00,0x00,0x00,0x00,0x00,0x00,0x00,0x00,0x00,
    0x00,0x00,0x00,0x00,0x00,0x00,0x00,0x00,0x00,0x00,0x00,0x00,0x00,0x00,0x00,0x00,0x00,0x00,0x00,0x00,0x00,0x00,0x00,0x00,0x00,0x00,0x00,0x00,0x00,0x00,0x00,0x00,
    0x00,0x00,0x00,0x00,0x00,0x00,0x00,0x00,0x00,0x00,0x00,0x00,0x00,0x00,0x00,0x00,0x00,0x00,0x00,0x00,0x00,0x00,0x00,0x00,0x00,0x00,0x00,0x00,0x00,0x00,0x00,0x00,
    0x00,0x00,0x00,0x00,0x00,0x00,0x00,0x00,0x00,0x00,0x00,0x00,0x00,0x00,0x00,0x00,0x00,0x00,0x00,0x00,0x00,0x00,0x00,0x00,0x00,0x00,0x00,0x00,0x00,0x00,0x00,0x00,
    0x00,0x00,0x00,0x00,0x00,0x00,0x00,0x00,0x00,0x00,0x00,0x00,0x00,0x00,0x00,0x00,0x00,0x00,0x00,0x00,0x00,0x00,0x00,0x00,0x00,0x00,0x00,0x00,0x00,0x00,0x00,0x00,
    0x00,0x00,0x00,0x00,0x00,0x00,0x00,0x00,0x00,0x00,0x00,0x00,0x00,0x00,0x00,0x00,0x00,0x00,0x00,0x00,0x00,0x00,0x00,0x00,0x00,0x00,0x00,0x00,0x00,0x00,0x00,0x00,
    0x00,0x00,0x00,0x00,0x00,0x00,0x00,0x00,0x00,0x00,0x00,0x00,0x00,0x00,0x00,0x00,0x00,0x00,0x00,0x00,0x00,0x00,0x00,0x00,0x00,0x00,0x00,0x00,0x00,0x00,0x00,0x00,
    0x00,0x00,0x00,0x00,0x00,0x00,0x00,0x00,0x00,0x00,0x00,0x00,0x00,0x00,0x00,0x00,0x00,0x00,0x00,0x00,0x00,0x00,0x00,0x00,0x00,0x00,0x00,0x00,0x00,0x00,0x00,0x00,
    0x00,0x00,0x00,0x00,0x00,0x00,0x00,0x00,0x00,0x00,0x00,0x00,0x00,0x00,0x00,0x00,0x00,0x00,0x00,0x00,0x00,0x00,0x00,0x00,0x00,0x00,0x00,0x00,0x00,0x00,0x00,0x00,
    0x00,0x00,0x00,0x00,0x00,0x00,0x00,0x00,0x00,0x00,0x00,0x00,0x00,0x00,0x00,0x00,0x00,0x00,0x00,0x00,0x00,0x00,0x00,0x00,0x00,0x00,0x00,0x00,0x00,0x00,0x00,0x00,
    0x00,0x00,0x00,0x00,0x00,0x00,0x00,0x00,0x00,0x00,0x00,0x00,0x00,0x00,0x00,0x00,0x00,0x00,0x00,0x00,0x00,0x00,0x00,0x00,0x00,0x00,0x00,0x00,0x00,0x00,0x00,0x00,
    0x00,0x00,0x00,0x00,0x00,0x00,0x00,0x00,0x00,0x00,0x00,0x00,0x00,0x00,0x00,0x00,0x00,0x00,0x00,0x00,0x00,0x00,0x00,0x00,0x00,0x00,0x00,0x00,0x00,0x00,0x00,0x00,
    0x00,0x00,0x00,0x00,0x00,0x00,0x00,0x00,0x00,0x00,0x00,0x00,0x00,0x00,0x00,0x00,0x00,0x00,0x00,0x00,0x00,0x00,0x00,0x00,0x00,0x00,0x00,0x00,0x00,0x00,0x00,0x00,
    0x00,0x00,0x00,0x00,0x00,0x00,0x00,0x00,0x00,0x00,0x00,0x00,0x00,0x7f,0xff,0x02,0x00,0x7f,0xff,0x02,0x13,0x6f,0xe4,0x27,0x15,0x6f,0xec,0xfb,0x15,0x6a,0xe8,0xfd,
    0x16,0x68,0xe5,0xfe,0x16,0x68,0xe6,0xff,0x16,0x66,0xe5,0xff,0x16,0x66,0xe5,0xff,0x17,0x65,0xe5,0xff,0x17,0x64,0xe5,0xff,0x17,0x64,0xe5,0xff,0x17,0x63,0xe5,0xff,
    0x17,0x62,0xe5,0xff,0x17,0x63,0xe5,0xff,0x17,0x63,0xe4,0xff,0x17,0x63,0xe3,0xfe,0x17,0x66,0xea,0xfe,0x15,0x66,0xe5,0xe8,0x17,0x73,0xe7,0x0b,0x00,0x00,0xff,0x01,
    0x00,0x00,0xff,0x01,0x00,0x00,0x00,0x00,0x00,0x00,0x00,0x00,0x00,0x00,0x00,0x00,0x00,0x00,0x00,0x00,0x00,0x00,0x00,0x00,0x00,0x00,0x00,0x00,0x00,0x00,0x00,0x00,
    0x00,0x00,0x00,0x00,0x00,0x00,0x00,0x00,0x00,0x00,0x00,0x00,0x00,0x00,0x00,0x00,0x00,0x00,0x00,0x00,0x00,0x00,0x00,0x00,0x00,0x00,0x00,0x00,0x55,0xff,0xaa,0x03,
    0x00,0x00,0x00,0x00,0x4e,0xc0,0x6f,0x5e,0x53,0xca,0x7a,0xff,0x4c,0xbe,0x76,0xfc,0x4b,0xbf,0x79,0xff,0x4a,0xbf,0x7a,0xff,0x49,0xbf,0x7c,0xff,0x48,0xbf,0x7d,0xff,
    0x47,0xbf,0x7f,0xff,0x47,0xbf,0x7f,0xff,0x47,0xbf,0x80,0xff,0x46,0xbf,0x81,0xff,0x46,0xbf,0x81,0xff,0x46,0xbf,0x81,0xff,0x46,0xbf,0x81,0xff,0x45,0xbe,0x80,0xfc,
    0x4c,0xcc,0x87,0xff,0x48,0xbd,0x7c,0x94,0x00,0x00,0x00,0x00,0x55,0xaa,0x55,0x03,0x00,0x00,0x00,0x00,0x00,0x00,0x00,0x00,0x00,0x00,0x00,0x00,0x00,0x00,0x00,0x00,
    0x00,0x00,0x00,0x00,0x00,0x00,0x00,0x00,0x00,0x00,0x00,0x00,0x00,0x00,0x00,0x00,0x00,0x00,0x00,0x00,0x00,0x00,0x00,0x00,0x00,0x00,0x00,0x00,0x00,0x00,0x00,0x00,
    0x00,0x00,0x00,0x00,0x00,0x00,0x00,0x00,0x00,0x00,0x00,0x00,0x00,0x00,0x00,0x00,0x00,0x00,0x00,0x00,0x00,0x00,0x00,0x00,0x00,0x00,0x00,0x00,0x00,0x00,0x00,0x00,
    0x00,0x00,0x00,0x00,0x00,0x00,0x00,0x00,0x00,0x00,0x00,0x00,0x00,0x00,0x00,0x00,0x00,0x00,0x00,0x00,0x00,0x00,0x00,0x00,0x00,0x00,0x00,0x00,0x00,0x00,0x00,0x00,
    0x00,0x00,0x00,0x00,0x00,0x00,0x00,0x00,0x00,0x00,0x00,0x00,0x00,0x00,0x00,0x00,0x00,0x00,0x00,0x00,0x00,0x00,0x00,0x00,0x00,0x00,0x00,0x00,0x00,0x00,0x00,0x00,
    0x00,0x00,0x00,0x00,0x00,0x00,0x00,0x00,0x00,0x00,0x00,0x00,0x00,0x00,0x00,0x00,0x00,0x00,0x00,0x00,0x00,0x00,0x00,0x00,0x00,0x00,0x00,0x00,0x00,0x00,0x00,0x00,
    0x00,0x00,0x00,0x00,0x00,0x00,0x00,0x00,0x00,0x00,0x00,0x00,0x00,0x00,0x00,0x00,0x00,0x00,0x00,0x00,0x00,0x00,0x00,0x00,0x00,0x00,0x00,0x00,0x00,0x00,0x00,0x00,
    0x00,0x00,0x00,0x00,0x00,0x00,0x00,0x00,0x00,0x00,0x00,0x00,0x00,0x00,0x00,0x00,0x00,0x00,0x00,0x00,0x00,0x00,0x00,0x00,0x00,0x00,0x00,0x00,0x00,0x00,0x00,0x00,
    0x00,0x00,0x00,0x00,0x00,0x00,0x00,0x00,0x00,0x00,0x00,0x00,0x00,0x00,0x00,0x00,0x00,0x00,0x00,0x00,0x00,0x00,0x00,0x00,0x00,0x00,0x00,0x00,0x00,0x00,0x00,0x00,
    0x00,0x00,0x00,0x00,0x00,0x00,0x00,0x00,0x00,0x00,0x00,0x00,0x00,0x00,0x00,0x00,0x00,0x00,0x00,0x00,0x00,0x00,0x00,0x00,0x00,0x00,0x00,0x00,0x00,0x00,0x00,0x00,
    0x00,0x00,0x00,0x00,0x00,0x00,0x00,0x00,0x00,0x00,0x00,0x00,0x00,0x00,0x00,0x00,0x00,0x00,0x00,0x00,0x00,0x00,0x00,0x00,0x00,0x00,0x00,0x00,0x00,0x00,0x00,0x00,
    0x00,0x00,0x00,0x00,0x00,0x00,0x00,0x00,0x00,0x00,0x00,0x00,0x00,0x00,0x00,0x00,0x00,0x00,0x00,0x00,0x00,0x00,0x00,0x00,0x00,0x00,0x00,0x00,0x00,0x00,0x00,0x00,
    0x00,0x00,0x00,0x00,0x00,0x00,0x00,0x00,0x00,0x00,0x00,0x00,0x00,0x00,0x00,0x00,0x00,0x00,0x00,0x00,0x00,0x00,0x00,0x00,0x00,0x00,0x00,0x00,0x00,0x00,0x00,0x00,
    0x00,0x00,0x00,0x00,0x00,0x00,0x00,0x00,0x00,0x00,0x00,0x00,0x00,0x00,0x00,0x00,0x00,0x55,0xff,0x03,0x00,0x00,0x00,0x00,0x12,0x6c,0xe3,0x94,0x16,0x71,0xf5,0xff,
    0x16,0x67,0xe4,0xfc,0x16,0x67,0xe6,0xff,0x16,0x66,0xe5,0xff,0x17,0x64,0xe5,0xff,0x17,0x64,0xe5,0xff,0x17,0x63,0xe5,0xff,0x17,0x62,0xe4,0xff,0x17,0x61,0xe4,0xff,
    0x17,0x61,0xe4,0xff,0x17,0x61,0xe4,0xff,0x17,0x61,0xe4,0xff,0x17,0x61,0xe4,0xff,0x17,0x61,0xe3,0xfc,0x18,0x6a,0xf2,0xff,0x15,0x64,0xe6,0x5e,0x00,0x00,0x00,0x00,
    0x00,0x55,0xff,0x03,0x00,0x00,0x00,0x00,0x00,0x00,0x00,0x00,0x00,0x00,0x00,0x00,0x00,0x00,0x00,0x00,0x00,0x00,0x00,0x00,0x00,0x00,0x00,0x00,0x00,0x00,0x00,0x00,
    0x00,0x00,0x00,0x00,0x00,0x00,0x00,0x00,0x00,0x00,0x00,0x00,0x00,0x00,0x00,0x00,0x00,0x00,0x00,0x00,0x00,0x00,0x00,0x00,0x00,0x00,0x00,0x01,0xff,0xff,0xff,0x01,
    0x5f,0xbf,0x5f,0x08,0x51,0xbf,0x70,0xd8,0x52,0xc6,0x77,0xff,0x4c,0xbe,0x75,0xfd,0x4b,0xbf,0x78,0xff,0x4b,0xbf,0x79,0xff,0x4a,0xbf,0x7b,0xff,0x49,0xbf,0x7c,0xff,
    0x49,0xbf,0x7c,0xff,0x48,0xbf,0x7e,0xff,0x47,0xbf,0x7f,0xff,0x47,0xbf,0x7f,0xff,0x47,0xbf,0x7f,0xff,0x47,0xbf,0x7f,0xff,0x47,0xbe,0x7e,0xfe,0x49,0xc3,0x80,0xfd,
    0x4a,0xc1,0x7d,0xec,0x4b,0xc3,0x78,0x11,0x00,0xff,0xff,0x01,0x00,0xff,0xff,0x01,0x00,0x00,0x00,0x00,0x00,0x00,0x00,0x00,0x00,0x00,0x00,0x00,0x00,0x00,0x00,0x00,
    0x00,0x00,0x00,0x00,0x00,0x00,0x00,0x00,0x00,0x00,0x00,0x00,0x00,0x00,0x00,0x00,0x00,0x00,0x00,0x00,0x00,0x00,0x00,0x00,0x00,0x00,0x00,0x00,0x00,0x00,0x00,0x00,
    0x00,0x00,0x00,0x00,0x00,0x00,0x00,0x00,0x00,0x00,0x00,0x00,0x00,0x00,0x00,0x00,0x00,0x00,0x00,0x00,0x00,0x00,0x00,0x00,0x00,0x00,0x00,0x00,0x00,0x00,0x00,0x00,
    0x00,0x00,0x00,0x00,0x00,0x00,0x00,0x00,0x00,0x00,0x00,0x00,0x00,0x00,0x00,0x00,0x00,0x00,0x00,0x00,0x00,0x00,0x00,0x00,0x00,0x00,0x00,0x00,0x00,0x00,0x00,0x00,
    0x00,0x00,0x00,0x00,0x00,0x00,0x00,0x00,0x00,0x00,0x00,0x00,0x00,0x00,0x00,0x00,0x00,0x00,0x00,0x00,0x00,0x00,0x00,0x00,0x00,0x00,0x00,0x00,0x00,0x00,0x00,0x00,
    0x00,0x00,0x00,0x00,0x00,0x00,0x00,0x00,0x00,0x00,0x00,0x00,0x00,0x00,0x00,0x00,0x00,0x00,0x00,0x00,0x00,0x00,0x00,0x00,0x00,0x00,0x00,0x00,0x00,0x00,0x00,0x00,
    0x00,0x00,0x00,0x00,0x00,0x00,0x00,0x00,0x00,0x00,0x00,0x00,0x00,0x00,0x00,0x00,0x00,0x00,0x00,0x00,0x00,0x00,0x00,0x00,0x00,0x00,0x00,0x00,0x00,0x00,0x00,0x00,
    0x00,0x00,0x00,0x00,0x00,0x00,0x00,0x00,0x00,0x00,0x00,0x00,0x00,0x00,0x00,0x00,0x00,0x00,0x00,0x00,0x00,0x00,0x00,0x00,0x00,0x00,0x00,0x00,0x00,0x00,0x00,0x00,
    0x00,0x00,0x00,0x00,0x00,0x00,0x00,0x00,0x00,0x00,0x00,0x00,0x00,0x00,0x00,0x00,0x00,0x00,0x00,0x00,0x00,0x00,0x00,0x00,0x00,0x00,0x00,0x00,0x00,0x00,0x00,0x00,
    0x00,0x00,0x00,0x00,0x00,0x00,0x00,0x00,0x00,0x00,0x00,0x00,0x00,0x00,0x00,0x00,0x00,0x00,0x00,0x00,0x00,0x00,0x00,0x00,0x00,0x00,0x00,0x00,0x00,0x00,0x00,0x00,
    0x00,0x00,0x00,0x00,0x00,0x00,0x00,0x00,0x00,0x00,0x00,0x00,0x00,0x00,0x00,0x00,0x00,0x00,0x00,0x00,0x00,0x00,0x00,0x00,0x00,0x00,0x00,0x00,0x00,0x00,0x00,0x00,
    0x00,0x00,0x00,0x00,0x00,0x00,0x00,0x00,0x00,0x00,0x00,0x00,0x00,0x00,0x00,0x00,0x00,0x00,0x00,0x00,0x00,0x00,0x00,0x00,0x00,0x00,0x00,0x00,0x00,0x00,0x00,0x00,
    0x00,0x00,0x00,0x00,0x00,0x00,0x00,0x00,0x00,0x00,0x00,0x00,0x00,0x00,0x00,0x00,0x00,0x00,0x00,0x00,0x00,0x00,0x00,0x00,0x00,0x00,0x00,0x00,0x00,0x00,0x00,0x00,
    0x00,0x00,0x00,0x00,0x00,0x00,0x00,0x00,0x00,0x00,0x00,0x00,0x00,0x00,0x00,0x00,0x00,0x00,0xff,0x01,0x00,0xff,0xff,0x01,0x0f,0x69,0xe1,0x11,0x15,0x6a,0xe8,0xec,
    0x16,0x6a,0xeb,0xfd,0x16,0x66,0xe4,0xfe,0x17,0x65,0xe5,0xff,0x17,0x64,0xe5,0xff,0x17,0x63,0xe5,0xff,0x17,0x61,0xe4,0xff,0x17,0x61,0xe4,0xff,0x18,0x60,0xe4,0xff,
    0x18,0x60,0xe4,0xff,0x18,0x60,0xe4,0xff,0x18,0x60,0xe4,0xff,0x18,0x60,0xe4,0xff,0x17,0x5f,0xe3,0xfd,0x18,0x65,0xed,0xff,0x17,0x63,0xe5,0xd8,0x1f,0x5f,0xdf,0x08,
    0x00,0xff,0xff,0x01,0x00,0x00,0xff,0x01,0x00,0x00,0x00,0x00,0x00,0x00,0x00,0x00,0x00,0x00,0x00,0x00,0x00,0x00,0x00,0x00,0x00,0x00,0x00,0x00,0x00,0x00,0x00,0x00,
    0x00,0x00,0x00,0x00,0x00,0x00,0x00,0x00,0x00,0x00,0x00,0x00,0x00,0x00,0x00,0x00,0x00,0x00,0x00,0x00,0x00,0x00,0x00,0x00,0x3f,0xbf,0x7f,0x04,0x00,0x00,0x00,0x00,
    0x53,0xbf,0x6c,0x59,0x56,0xcc,0x77,0xff,0x4e,0xbe,0x72,0xfc,0x4e,0xbf,0x75,0xff,0x4d,0xbf,0x77,0xff,0x4b,0xbf,0x79,0xff,0x4b,0xbf,0x79,0xff,0x4a,0xbf,0x7a,0xff,
    0x49,0xbf,0x7c,0xff,0x49,0xbf,0x7c,0xff,0x49,0xbf,0x7c,0xff,0x48,0xbf,0x7d,0xff,0x48,0xbf,0x7d,0xff,0x49,0xbf,0x7d,0xff,0x49,0xbe,0x7b,0xfb,0x50,0xce,0x84,0xff,
    0x4b,0xbd,0x77,0x80,0x00,0x00,0x00,0x00,0x3f,0xbf,0x7f,0x04,0x00,0x00,0x00,0x00,0x00,0x00,0x00,0x00,0x00,0x00,0x00,0x00,0x00,0x00,0x00,0x00,0x00,0x00,0x00,0x00,
    0x00,0x00,0x00,0x00,0x00,0x00,0x00,0x00,0x00,0x00,0x00,0x00,0x00,0x00,0x00,0x00,0x00,0x00,0x00,0x00,0x00,0x00,0x00,0x00,0x00,0x00,0x00,0x00,0x00,0x00,0x00,0x00,
    0x00,0x00,0x00,0x00,0x00,0x00,0x00,0x00,0x00,0x00,0x00,0x00,0x00,0x00,0x00,0x00,0x00,0x00,0x00,0x00,0x00,0x00,0x00,0x00,0x00,0x00,0x00,0x00,0x00,0x00,0x00,0x00,
    0x00,0x00,0x00,0x00,0x00,0x00,0x00,0x00,0x00,0x00,0x00,0x00,0x00,0x00,0x00,0x00,0x00,0x00,0x00,0x00,0x00,0x00,0x00,0x00,0x00,0x00,0x00,0x00,0x00,0x00,0x00,0x00,
    0x00,0x00,0x00,0x00,0x00,0x00,0x00,0x00,0x00,0x00,0x00,0x00,0x00,0x00,0x00,0x00,0x00,0x00,0x00,0x00,0x00,0x00,0x00,0x00,0x00,0x00,0x00,0x00,0x00,0x00,0x00,0x00,
    0x00,0x00,0x00,0x00,0x00,0x00,0x00,0x00,0x00,0x00,0x00,0x00,0x00,0x00,0x00,0x00,0x00,0x00,0x00,0x00,0x00,0x00,0x00,0x00,0x00,0x00,0x00,0x00,0x00,0x00,0x00,0x00,
    0x00,0x00,0x00,0x00,0x00,0x00,0x00,0x00,0x00,0x00,0x00,0x00,0x00,0x00,0x00,0x00,0x00,0x00,0x00,0x00,0x00,0x00,0x00,0x00,0x00,0x00,0x00,0x00,0x00,0x00,0x00,0x00,
    0x00,0x00,0x00,0x00,0x00,0x00,0x00,0x00,0x00,0x00,0x00,0x00,0x00,0x00,0x00,0x00,0x00,0x00,0x00,0x00,0x00,0x00,0x00,0x00,0x00,0x00,0x00,0x00,0x00,0x00,0x00,0x00,
    0x00,0x00,0x00,0x00,0x00,0x00,0x00,0x00,0x00,0x00,0x00,0x00,0x00,0x00,0x00,0x00,0x00,0x00,0x00,0x00,0x00,0x00,0x00,0x00,0x00,0x00,0x00,0x00,0x00,0x00,0x00,0x00,
    0x00,0x00,0x00,0x00,0x00,0x00,0x00,0x00,0x00,0x00,0x00,0x00,0x00,0x00,0x00,0x00,0x00,0x00,0x00,0x00,0x00,0x00,0x00,0x00,0x00,0x00,0x00,0x00,0x00,0x00,0x00,0x00,
    0x00,0x00,0x00,0x00,0x00,0x00,0x00,0x00,0x00,0x00,0x00,0x00,0x00,0x00,0x00,0x00,0x00,0x00,0x00,0x00,0x00,0x00,0x00,0x00,0x00,0x00,0x00,0x00,0x00,0x00,0x00,0x00,
    0x00,0x00,0x00,0x00,0x00,0x00,0x00,0x00,0x00,0x00,0x00,0x00,0x00,0x00,0x00,0x00,0x00,0x00,0x00,0x00,0x00,0x00,0x00,0x00,0x00,0x00,0x00,0x00,0x00,0x00,0x00,0x00,
    0x00,0x00,0x00,0x00,0x00,0x00,0x00,0x00,0x00,0x00,0x00,0x00,0x00,0x00,0x00,0x00,0x00,0x00,0x00,0x00,0x00,0x00,0x00,0x00,0x00,0x00,0x00,0x00,0x00,0x00,0x00,0x00,
    0x00,0x00,0x00,0x00,0x00,0x00,0x00,0x00,0x00,0x00,0x00,0x00,0x00,0x00,0x00,0x00,0x00,0x00,0x00,0x00,0x00,0x7f,0xff,0x04,0x00,0x00,0x00,0x00,0x15,0x69,0xe3,0x80,
    0x17,0x70,0xf8,0xff,0x16,0x64,0xe4,0xfb,0x17,0x64,0xe5,0xff,0x17,0x63,0xe5,0xff,0x17,0x61,0xe4,0xff,0x17,0x61,0xe4,0xff,0x18,0x5f,0xe4,0xff,0x18,0x5f,0xe4,0xff,
    0x18,0x5f,0xe4,0xff,0x18,0x5f,0xe4,0xff,0x18,0x5f,0xe4,0xff,0x18,0x5f,0xe4,0xff,0x18,0x5f,0xe4,0xff,0x18,0x5f,0xe2,0xfc,0x19,0x68,0xf4,0xff,0x16,0x64,0xe5,0x59,
    0x00,0x00,0x00,0x00,0x00,0x7f,0xff,0x04,0x00,0x00,0x00,0x00,0x00,0x00,0x00,0x00,0x00,0x00,0x00,0x00,0x00,0x00,0x00,0x00,0x00,0x00,0x00,0x00,0x00,0x00,0x00,0x00,
    0x00,0x00,0x00,0x00,0x00,0x00,0x00,0x00,0x00,0x00,0x00,0x00,0x00,0x00,0x00,0x00,0x00,0x00,0x00,0x00,0x00,0x00,0x00,0x00,0x7f,0xff,0x7f,0x02,0x55,0xaa,0x55,0x03,
    0x52,0xbe,0x6a,0xbf,0x55,0xc8,0x75,0xfe,0x4e,0xbf,0x72,0xfc,0x4e,0xbf,0x74,0xff,0x4d,0xbf,0x76,0xff,0x4d,0xbf,0x77,0xff,0x4b,0xbf,0x79,0xff,0x4b,0xbf,0x79,0xff,
    0x4b,0xbf,0x79,0xff,0x4a,0xbf,0x7a,0xff,0x4a,0xbf,0x7b,0xff,0x4a,0xbf,0x7b,0xff,0x4a,0xbf,0x7b,0xff,0x4a,0xbf,0x7a,0xfd,0x4c,0xc3,0x7c,0xfe,0x4d,0xc2,0x79,0xe7,
    0x50,0xbb,0x78,0x13,0x00,0x7f,0x7f,0x02,0x00,0xff,0xff,0x01,0x00,0x00,0x00,0x00,0x00,0x00,0x00,0x00,0x00,0x00,0x00,0x00,0x00,0x00,0x00,0x00,0x00,0x00,0x00,0x00,
    0x00,0x00,0x00,0x00,0x00,0x00,0x00,0x00,0x00,0x00,0x00,0x00,0x00,0x00,0x00,0x00,0x00,0x00,0x00,0x00,0x00,0x00,0x00,0x00,0x00,0x00,0x00,0x00,0x00,0x00,0x00,0x00,
    0x00,0x00,0x00,0x00,0x00,0x00,0x00,0x00,0x00,0x00,0x00,0x00,0x00,0x00,0x00,0x00,0x00,0x00,0x00,0x00,0x00,0x00,0x00,0x00,0x00,0x00,0x00,0x00,0x00,0x00,0x00,0x00,
    0x00,0x00,0x00,0x00,0x00,0x00,0x00,0x00,0x00,0x00,0x00,0x00,0x00,0x00,0x00,0x00,0x00,0x00,0x00,0x00,0x00,0x00,0x00,0x00,0x00,0x00,0x00,0x00,0x00,0x00,0x00,0x00,
    0x00,0x00,0x00,0x00,0x00,0x00,0x00,0x00,0x00,0x00,0x00,0x00,0x00,0x00,0x00,0x00,0x00,0x00,0x00,0x00,0x00,0x00,0x00,0x00,0x00,0x00,0x00,0x00,0x00,0x00,0x00,0x00,
    0x00,0x00,0x00,0x00,0x00,0x00,0x00,0x00,0x00,0x00,0x00,0x00,0x00,0x00,0x00,0x00,0x00,0x00,0x00,0x00,0x00,0x00,0x00,0x00,0x00,0x00,0x00,0x00,0x00,0x00,0x00,0x00,
    0x00,0x00,0x00,0x00,0x00,0x00,0x00,0x00,0x00,0x00,0x00,0x00,0x00,0x00,0x00,0x00,0x00,0x00,0x00,0x00,0x00,0x00,0x00,0x00,0x00,0x00,0x00,0x00,0x00,0x00,0x00,0x00,
    0x00,0x00,0x00,0x00,0x00,0x00,0x00,0x00,0x00,0x00,0x00,0x00,0x00,0x00,0x00,0x00,0x00,0x00,0x00,0x00,0x00,0x00,0x00,0x00,0x00,0x00,0x00,0x00,0x00,0x00,0x00,0x00,
    0x00,0x00,0x00,0x00,0x00,0x00,0x00,0x00,0x00,0x00,0x00,0x00,0x00,0x00,0x00,0x00,0x00,0x00,0x00,0x00,0x00,0x00,0x00,0x00,0x00,0x00,0x00,0x00,0x00,0x00,0x00,0x00,
    0x00,0x00,0x00,0x00,0x00,0x00,0x00,0x00,0x00,0x00,0x00,0x00,0x00,0x00,0x00,0x00,0x00,0x00,0x00,0x00,0x00,0x00,0x00,0x00,0x00,0x00,0x00,0x00,0x00,0x00,0x00,0x00,
    0x00,0x00,0x00,0x00,0x00,0x00,0x00,0x00,0x00,0x00,0x00,0x00,0x00,0x00,0x00,0x00,0x00,0x00,0x00,0x00,0x00,0x00,0x00,0x00,0x00,0x00,0x00,0x00,0x00,0x00,0x00,0x00,
    0x00,0x00,0x00,0x00,0x00,0x00,0x00,0x00,0x00,0x00,0x00,0x00,0x00,0x00,0x00,0x00,0x00,0x00,0x00,0x00,0x00,0x00,0x00,0x00,0x00,0x00,0x00,0x00,0x00,0x00,0x00,0x00,
    0x00,0x00,0x00,0x00,0x00,0x00,0x00,0x00,0x00,0x00,0x00,0x00,0x00,0x00,0x00,0x00,0x00,0x00,0x00,0x00,0x00,0x00,0x00,0x00,0x00,0x00,0x00,0x00,0x00,0x00,0x00,0x00,
    0x00,0x00,0x00,0x00,0x00,0x00,0x00,0x00,0x00,0x00,0x00,0x00,0x00,0x00,0x00,0x00,0x00,0x00,0x00,0x00,0x00,0x00,0xff,0x01,0x00,0x7f,0x7f,0x02,0x0d,0x6b,0xf1,0x13,
    0x16,0x68,0xe8,0xe7,0x17,0x68,0xea,0xfe,0x17,0x63,0xe5,0xfd,0x17,0x61,0xe4,0xff,0x18,0x60,0xe4,0xff,0x18,0x5f,0xe4,0xff,0x18,0x5f,0xe4,0xff,0x18,0x5e,0xe4,0xff,
    0x18,0x5e,0xe4,0xff,0x18,0x5d,0xe4,0xff,0x18,0x5d,0xe4,0xff,0x18,0x5d,0xe4,0xff,0x18,0x5e,0xe4,0xff,0x18,0x5e,0xe3,0xfc,0x19,0x64,0xef,0xfe,0x16,0x60,0xe2,0xbf,
    0x00,0x55,0xff,0x03,0x00,0x7f,0xff,0x02,0x00,0x00,0x00,0x00,0x00,0x00,0x00,0x00,0x00,0x00,0x00,0x00,0x00,0x00,0x00,0x00,0x00,0x00,0x00,0x00,0x00,0x00,0x00,0x00,
    0x00,0x00,0x00,0x00,0x00,0x00,0x00,0x00,0x00,0x00,0x00,0x00,0x00,0x00,0x00,0x00,0x00,0x00,0x00,0x00,0x7f,0xff,0x7f,0x02,0x00,0x00,0x00,0x00,0x56,0xc1,0x6b,0x32,
    0x56,0xc6,0x6f,0xff,0x51,0xbe,0x6e,0xfe,0x4f,0xbf,0x72,0xff,0x4f,0xbf,0x73,0xff,0x4e,0xbf,0x74,0xff,0x4d,0xbf,0x76,0xff,0x4d,0xbf,0x77,0xff,0x4c,0xbf,0x78,0xff,
    0x4b,0xbf,0x79,0xff,0x4b,0xbf,0x79,0xff,0x4b,0xbf,0x79,0xff,0x4b,0xbf,0x79,0xff,0x4b,0xbf,0x79,0xff,0x4a,0xbe,0x78,0xfc,0x51,0xca,0x7e,0xff,0x4d,0xbe,0x73,0x5f,
    0x00,0x00,0x00,0x00,0x55,0xff,0xaa,0x03,0x00,0x00,0x00,0x00,0x00,0x00,0x00,0x00,0x00,0x00,0x00,0x00,0x00,0x00,0x00,0x00,0x00,0x00,0x00,0x00,0x00,0x00,0x00,0x00,
    0x00,0x00,0x00,0x00,0x00,0x00,0x00,0x00,0x00,0x00,0x00,0x00,0x00,0x00,0x00,0x00,0x00,0x00,0x00,0x00,0x00,0x00,0x00,0x00,0x00,0x00,0x00,0x00,0x00,0x00,0x00,0x00,
    0x00,0x00,0x00,0x00,0x00,0x00,0x00,0x00,0x00,0x00,0x00,0x00,0x00,0x00,0x00,0x00,0x00,0x00,0x00,0x00,0x00,0x00,0x00,0x00,0x00,0x00,0x00,0x00,0x00,0x00,0x00,0x00,
    0x00,0x00,0x00,0x00,0x00,0x00,0x00,0x00,0x00,0x00,0x00,0x00,0x00,0x00,0x00,0x00,0x00,0x00,0x00,0x00,0x00,0x00,0x00,0x00,0x00,0x00,0x00,0x00,0x00,0x00,0x00,0x00,
    0x00,0x00,0x00,0x00,0x00,0x00,0x00,0x00,0x00,0x00,0x00,0x00,0x00,0x00,0x00,0x00,0x00,0x00,0x00,0x00,0x00,0x00,0x00,0x00,0x00,0x00,0x00,0x00,0x00,0x00,0x00,0x00,
    0x00,0x00,0x00,0x00,0x00,0x00,0x00,0x00,0x00,0x00,0x00,0x00,0x00,0x00,0x00,0x00,0x00,0x00,0x00,0x00,0x00,0x00,0x00,0x00,0x00,0x00,0x00,0x00,0x00,0x00,0x00,0x00,
    0x00,0x00,0x00,0x00,0x00,0x00,0x00,0x00,0x00,0x00,0x00,0x00,0x00,0x00,0x00,0x00,0x00,0x00,0x00,0x00,0x00,0x00,0x00,0x00,0x00,0x00,0x00,0x00,0x00,0x00,0x00,0x00,
    0x00,0x00,0x00,0x00,0x00,0x00,0x00,0x00,0x00,0x00,0x00,0x00,0x00,0x00,0x00,0x00,0x00,0x00,0x00,0x00,0x00,0x00,0x00,0x00,0x00,0x00,0x00,0x00,0x00,0x00,0x00,0x00,
    0x00,0x00,0x00,0x00,0x00,0x00,0x00,0x00,0x00,0x00,0x00,0x00,0x00,0x00,0x00,0x00,0x00,0x00,0x00,0x00,0x00,0x00,0x00,0x00,0x00,0x00,0x00,0x00,0x00,0x00,0x00,0x00,
    0x00,0x00,0x00,0x00,0x00,0x00,0x00,0x00,0x00,0x00,0x00,0x00,0x00,0x00,0x00,0x00,0x00,0x00,0x00,0x00,0x00,0x00,0x00,0x00,0x00,0x00,0x00,0x00,0x00,0x00,0x00,0x00,
    0x00,0x00,0x00,0x00,0x00,0x00,0x00,0x00,0x00,0x00,0x00,0x00,0x00,0x00,0x00,0x00,0x00,0x00,0x00,0x00,0x00,0x00,0x00,0x00,0x00,0x00,0x00,0x00,0x00,0x00,0x00,0x00,
    0x00,0x00,0x00,0x00,0x00,0x00,0x00,0x00,0x00,0x00,0x00,0x00,0x00,0x00,0x00,0x00,0x00,0x00,0x00,0x00,0x00,0x00,0x00,0x00,0x00,0x00,0x00,0x00,0x00,0x00,0x00,0x00,
    0x00,0x00,0x00,0x00,0x00,0x00,0x00,0x00,0x00,0x00,0x00,0x00,0x00,0x00,0x00,0x00,0x00,0x00,0x00,0x00,0x00,0x00,0x00,0x00,0x00,0x00,0x00,0x00,0x00,0x00,0x00,0x00,
    0x00,0x00,0x00,0x00,0x00,0x00,0x00,0x00,0x00,0x00,0x00,0x00,0x00,0x00,0x00,0x00,0x00,0x00,0x00,0x00,0x00,0x00,0x00,0x00,0x00,0x55,0xff,0x03,0x00,0x00,0x00,0x00,
    0x15,0x66,0xe4,0x5f,0x18,0x6c,0xf2,0xff,0x17,0x62,0xe3,0xfc,0x17,0x60,0xe4,0xff,0x18,0x5f,0xe4,0xff,0x18,0x5f,0xe4,0xff,0x18,0x5e,0xe4,0xff,0x18,0x5d,0xe4,0xff,
    0x18,0x5d,0xe4,0xff,0x18,0x5d,0xe4,0xff,0x18,0x5c,0xe4,0xff,0x18,0x5c,0xe4,0xff,0x18,0x5d,0xe4,0xff,0x18,0x5d,0xe4,0xff,0x18,0x5d,0xe3,0xfe,0x19,0x62,0xeb,0xff,
    0x14,0x60,0xe5,0x32,0x00,0x00,0x00,0x00,0x00,0x7f,0xff,0x02,0x00,0x00,0x00,0x00,0x00,0x00,0x00,0x00,0x00,0x00,0x00,0x00,0x00,0x00,0x00,0x00,0x00,0x00,0x00,0x00,
    0x00,0x00,0x00,0x00,0x00,0x00,0x00,0x00,0x00,0x00,0x00,0x00,0x00,0x00,0x00,0x00,0x00,0x00,0x00,0x00,0x3f,0xbf,0x7f,0x04,0x00,0x00,0x00,0x00,0x53,0xbf,0x67,0x74,
    0x59,0xcc,0x72,0xff,0x51,0xbe,0x6d,0xfb,0x51,0xbf,0x6f,0xff,0x4f,0xbf,0x73,0xff,0x4f,0xbf,0x73,0xff,0x4e,0xbf,0x74,0xff,0x4d,0xbf,0x76,0xff,0x4d,0xbf,0x76,0xff,
    0x4d,0xbf,0x77,0xff,0x4c,0xbf,0x77,0xff,0x4c,0xbf,0x78,0xff,0x4c,0xbf,0x78,0xff,0x4c,0xbe,0x77,0xfe,0x4f,0xc3,0x79,0xfe,0x4f,0xc0,0x73,0xe8,0x45,0xb9,0x5c,0x0b,
    0x00,0xff,0xff,0x01,0x00,0xff,0x00,0x01,0x00,0x00,0x00,0x00,0x00,0x00,0x00,0x00,0x00,0x00,0x00,0x00,0x00,0x00,0x00,0x00,0x00,0x00,0x00,0x00,0x00,0x00,0x00,0x00,
    0x00,0x00,0x00,0x00,0x00,0x00,0x00,0x00,0x00,0x00,0x00,0x00,0x00,0x00,0x00,0x00,0x00,0x00,0x00,0x00,0x00,0x00,0x00,0x00,0x00,0x00,0x00,0x00,0x00,0x00,0x00,0x00,
    0x00,0x00,0x00,0x00,0x00,0x00,0x00,0x00,0x00,0x00,0x00,0x00,0x00,0x00,0x00,0x00,0x00,0x00,0x00,0x00,0x00,0x00,0x00,0x00,0x00,0x00,0x00,0x00,0x00,0x00,0x00,0x00,
    0x00,0x00,0x00,0x00,0x00,0x00,0x00,0x00,0x00,0x00,0x00,0x00,0x00,0x00,0x00,0x00,0x00,0x00,0x00,0x00,0x00,0x00,0x00,0x00,0x00,0x00,0x00,0x00,0x00,0x00,0x00,0x00,
    0x00,0x00,0x00,0x00,0x00,0x00,0x00,0x00,0x00,0x00,0x00,0x00,0x00,0x00,0x00,0x00,0x00,0x00,0x00,0x00,0x00,0x00,0x00,0x00,0x00,0x00,0x00,0x00,0x00,0x00,0x00,0x00,
    0x00,0x00,0x00,0x00,0x00,0x00,0x00,0x00,0x00,0x00,0x00,0x00,0x00,0x00,0x00,0x00,0x00,0x00,0x00,0x00,0x00,0x00,0x00,0x00,0x00,0x00,0x00,0x00,0x00,0x00,0x00,0x00,
    0x00,0x00,0x00,0x00,0x00,0x00,0x00,0x00,0x00,0x00,0x00,0x00,0x00,0x00,0x00,0x00,0x00,0x00,0x00,0x00,0x00,0x00,0x00,0x00,0x00,0x00,0x00,0x00,0x00,0x00,0x00,0x00,
    0x00,0x00,0x00,0x00,0x00,0x00,0x00,0x00,0x00,0x00,0x00,0x00,0x00,0x00,0x00,0x00,0x00,0x00,0x00,0x00,0x00,0x00,0x00,0x00,0x00,0x00,0x00,0x00,0x00,0x00,0x00,0x00,
    0x00,0x00,0x00,0x00,0x00,0x00,0x00,0x00,0x00,0x00,0x00,0x00,0x00,0x00,0x00,0x00,0x00,0x00,0x00,0x00,0x00,0x00,0x00,0x00,0x00,0x00,0x00,0x00,0x00,0x00,0x00,0x00,
    0x00,0x00,0x00,0x00,0x00,0x00,0x00,0x00,0x00,0x00,0x00,0x00,0x00,0x00,0x00,0x00,0x00,0x00,0x00,0x00,0x00,0x00,0x00,0x00,0x00,0x00,0x00,0x00,0x00,0x00,0x00,0x00,
    0x00,0x00,0x00,0x00,0x00,0x00,0x00,0x00,0x00,0x00,0x00,0x00,0x00,0x00,0x00,0x00,0x00,0x00,0x00,0x00,0x00,0x00,0x00,0x00,0x00,0x00,0x00,0x00,0x00,0x00,0x00,0x00,
    0x00,0x00,0x00,0x00,0x00,0x00,0x00,0x00,0x00,0x00,0x00,0x00,0x00,0x00,0x00,0x00,0x00,0x00,0x00,0x00,0x00,0x00,0x00,0x00,0x00,0x00,0x00,0x00,0x00,0x00,0x00,0x00,
    0x00,0x00,0x00,0x00,0x00,0x00,0x00,0x00,0x00,0x00,0x00,0x00,0x00,0x00,0x00,0x00,0x00,0x00,0x00,0x00,0x00,0x00,0x00,0x00,0x00,0x00,0x00,0x00,0x00,0x00,0x00,0x00,
    0x00,0x00,0x00,0x00,0x00,0x00,0x00,0x00,0x00,0x00,0x00,0x00,0x00,0x00,0x00,0x00,0x00,0x00,0x00,0x00,0x00,0x00,0x00,0x00,0x00,0x00,0xff,0x01,0x00,0xff,0xff,0x01,
    0x17,0x73,0xe7,0x0b,0x17,0x65,0xe5,0xe8,0x17,0x64,0xe9,0xfe,0x17,0x5f,0xe3,0xfe,0x18,0x5f,0xe4,0xff,0x18,0x5e,0xe4,0xff,0x18,0x5d,0xe4,0xff,0x18,0x5d,0xe4,0xff,
    0x19,0x5c,0xe3,0xff,0x19,0x5b,0xe3,0xff,0x19,0x5b,0xe3,0xff,0x19,0x5b,0xe3,0xff,0x19,0x5b,0xe3,0xff,0x19,0x5b,0xe3,0xff,0x18,0x5c,0xe3,0xfb,0x1a,0x63,0xf4,0xff,
    0x18,0x5e,0xe2,0x74,0x00,0x00,0x00,0x00,0x00,0x7f,0xff,0x04,0x00,0x00,0x00,0x00,0x00,0x00,0x00,0x00,0x00,0x00,0x00,0x00,0x00,0x00,0x00,0x00,0x00,0x00,0x00,0x00,
    0x00,0x00,0x00,0x00,0x00,0x00,0x00,0x00,0x00,0x00,0x00,0x00,0x00,0x00,0x00,0x00,0x00,0x00,0x00,0x00,0x7f,0xff,0x7f,0x02,0x00,0x00,0x00,0x00,0x54,0xbd,0x67,0xc8,
    0x58,0xc8,0x70,0xff,0x51,0xbf,0x6d,0xfc,0x51,0xbf,0x6f,0xff,0x51,0xbf,0x70,0xff,0x4f,0xbf,0x73,0xff,0x4f,0xbf,0x73,0xff,0x4f,0xbf,0x74,0xff,0x4e,0xbf,0x75,0xff,
    0x4d,0xbf,0x75,0xff,0x4d,0xbf,0x76,0xff,0x4d,0xbf,0x76,0xff,0x4e,0xbf,0x75,0xff,0x4c,0xbe,0x74,0xfc,0x55,0xcd,0x7b,0xff,0x4f,0xbf,0x6f,0x80,0x00,0x00,0x00,0x00,
    0x55,0xff,0xaa,0x03,0x00,0x00,0x00,0x00,0x00,0x00,0x00,0x00,0x00,0x00,0x00,0x00,0x00,0x00,0x00,0x00,0x00,0x00,0x00,0x00,0x00,0x00,0x00,0x00,0x00,0x00,0x00,0x00,
    0x00,0x00,0x00,0x00,0x00,0x00,0x00,0x00,0x00,0x00,0x00,0x00,0x00,0x00,0x00,0x00,0x00,0x00,0x00,0x00,0x00,0x00,0x00,0x00,0x00,0x00,0x00,0x00,0x00,0x00,0x00,0x00,
    0x00,0x00,0x00,0x00,0x00,0x00,0x00,0x00,0x00,0x00,0x00,0x00,0x00,0x00,0x00,0x00,0x00,0x00,0x00,0x00,0x00,0x00,0x00,0x00,0x00,0x00,0x00,0x00,0x00,0x00,0x00,0x00,
    0x00,0x00,0x00,0x00,0x00,0x00,0x00,0x00,0x00,0x00,0x00,0x00,0x00,0x00,0x00,0x00,0x00,0x00,0x00,0x00,0x00,0x00,0x00,0x00,0x00,0x00,0x00,0x00,0x00,0x00,0x00,0x00,
    0x00,0x00,0x00,0x00,0x00,0x00,0x00,0x00,0x00,0x00,0x00,0x00,0x00,0x00,0x00,0x00,0x00,0x00,0x00,0x00,0x00,0x00,0x00,0x00,0x00,0x00,0x00,0x00,0x00,0x00,0x00,0x00,
    0x00,0x00,0x00,0x00,0x00,0x00,0x00,0x00,0x00,0x00,0x00,0x00,0x00,0x00,0x00,0x00,0x00,0x00,0x00,0x00,0x00,0x00,0x00,0x00,0x00,0x00,0x00,0x00,0x00,0x00,0x00,0x00,
    0x00,0x00,0x00,0x00,0x00,0x00,0x00,0x00,0x00,0x00,0x00,0x00,0x00,0x00,0x00,0x00,0x00,0x00,0x00,0x00,0x00,0x00,0x00,0x00,0x00,0x00,0x00,0x00,0x00,0x00,0x00,0x00,
    0x00,0x00,0x00,0x00,0x00,0x00,0x00,0x00,0x00,0x00,0x00,0x00,0x00,0x00,0x00,0x00,0x00,0x00,0x00,0x00,0x00,0x00,0x00,0x00,0x00,0x00,0x00,0x00,0x00,0x00,0x00,0x00,
    0x00,0x00,0x00,0x00,0x00,0x00,0x00,0x00,0x00,0x00,0x00,0x00,0x00,0x00,0x00,0x00,0x00,0x00,0x00,0x00,0x00,0x00,0x00,0x00,0x00,0x00,0x00,0x00,0x00,0x00,0x00,0x00,
    0x00,0x00,0x00,0x00,0x00,0x00,0x00,0x00,0x00,0x00,0x00,0x00,0x00,0x00,0x00,0x00,0x00,0x00,0x00,0x00,0x00,0x00,0x00,0x00,0x00,0x00,0x00,0x00,0x00,0x00,0x00,0x00,
    0x00,0x00,0x00,0x00,0x00,0x00,0x00,0x00,0x00,0x00,0x00,0x00,0x00,0x00,0x00,0x00,0x00,0x00,0x00,0x00,0x00,0x00,0x00,0x00,0x00,0x00,0x00,0x00,0x00,0x00,0x00,0x00,
    0x00,0x00,0x00,0x00,0x00,0x00,0x00,0x00,0x00,0x00,0x00,0x00,0x00,0x00,0x00,0x00,0x00,0x00,0x00,0x00,0x00,0x00,0x00,0x00,0x00,0x00,0x00,0x00,0x00,0x00,0x00,0x00,
    0x00,0x00,0x00,0x00,0x00,0x00,0x00,0x00,0x00,0x00,0x00,0x00,0x00,0x00,0x00,0x00,0x00,0x00,0x00,0x00,0x00,0x00,0x00,0x00,0x00,0x00,0x00,0x00,0x00,0x00,0x00,0x00,
    0x00,0x00,0x00,0x00,0x00,0x00,0x00,0x00,0x00,0x00,0x00,0x00,0x00,0x00,0x00,0x00,0x00,0x00,0x00,0x00,0x00,0x00,0x00,0x00,0x00,0x00,0x00,0x00,0x00,0xaa,0xff,0x03,
    0x00,0x00,0x00,0x00,0x15,0x65,0xe5,0x80,0x19,0x69,0xf6,0xff,0x18,0x5e,0xe2,0xfc,0x18,0x5e,0xe4,0xff,0x18,0x5d,0xe4,0xff,0x19,0x5c,0xe4,0xff,0x19,0x5b,0xe3,0xff,
    0x19,0x5b,0xe3,0xff,0x19,0x5b,0xe3,0xff,0x19,0x5a,0xe3,0xff,0x19,0x5a,0xe3,0xff,0x19,0x5a,0xe3,0xff,0x19,0x5a,0xe3,0xff,0x19,0x5b,0xe2,0xfc,0x1a,0x60,0xee,0xff,
    0x18,0x5b,0xe2,0xc8,0x00,0x00,0x00,0x00,0x00,0x7f,0xff,0x02,0x00,0x00,0x00,0x00,0x00,0x00,0x00,0x00,0x00,0x00,0x00,0x00,0x00,0x00,0x00,0x00,0x00,0x00,0x00,0x00,
    0x00,0x00,0x00,0x00,0x00,0x00,0x00,0x00,0x00,0x00,0x00,0x00,0x00,0x00,0x00,0x00,0x55,0xaa,0x55,0x03,0x00,0x00,0x00,0x00,0x57,0xbe,0x62,0x43,0x58,0xc7,0x6b,0xfd,
    0x53,0xbf,0x69,0xfd,0x53,0xbf,0x6c,0xff,0x51,0xbf,0x6e,0xff,0x51,0xbf,0x6f,0xff,0x51,0xbf,0x70,0xff,0x4f,0xbf,0x72,0xff,0x4f,0xbf,0x73,0xff,0x4f,0xbf,0x73,0xff,
    0x4f,0xbf,0x73,0xff,0x4f,0xbf,0x73,0xff,0x4f,0xbf,0x74,0xff,0x4f,0xbe,0x73,0xfe,0x51,0xc2,0x74,0xfe,0x52,0xc1,0x70,0xe9,0x50,0xbb,0x6b,0x13,0x00,0xff,0x00,0x01,
    0x00,0xff,0x00,0x01,0x00,0x00,0x00,0x00,0x00,0x00,0x00,0x00,0x00,0x00,0x00,0x00,0x00,0x00,0x00,0x00,0x00,0x00,0x00,0x00,0x00,0x00,0x00,0x00,0x00,0x00,0x00,0x00,
    0x00,0x00,0x00,0x00,0x00,0x00,0x00,0x00,0x00,0x00,0x00,0x00,0x00,0x00,0x00,0x00,0x00,0x00,0x00,0x00,0x00,0x00,0x00,0x00,0x00,0x00,0x00,0x00,0x00,0x00,0x00,0x00,
    0x00,0x00,0x00,0x00,0x00,0x00,0x00,0x00,0x00,0x00,0x00,0x00,0x00,0x00,0x00,0x00,0x00,0x00,0x00,0x00,0x00,0x00,0x00,0x00,0x00,0x00,0x00,0x00,0x00,0x00,0x00,0x00,
    0x00,0x00,0x00,0x00,0x00,0x00,0x00,0x00,0x00,0x00,0x00,0x00,0x00,0x00,0x00,0x00,0x00,0x00,0x00,0x00,0x00,0x00,0x00,0x00,0x00,0x00,0x00,0x00,0x00,0x00,0x00,0x00,
    0x00,0x00,0x00,0x00,0x00,0x00,0x00,0x00,0x00,0x00,0x00,0x00,0x00,0x00,0x00,0x00,0x00,0x00,0x00,0x00,0x00,0x00,0x00,0x00,0x00,0x00,0x00,0x00,0x00,0x00,0x00,0x00,
    0x00,0x00,0x00,0x00,0x00,0x00,0x00,0x00,0x00,0x00,0x00,0x00,0x00,0x00,0x00,0x00,0x00,0x00,0x00,0x00,0x00,0x00,0x00,0x00,0x00,0x00,0x00,0x00,0x00,0x00,0x00,0x00,
    0x00,0x00,0x00,0x00,0x00,0x00,0x00,0x00,0x00,0x00,0x00,0x00,0x00,0x00,0x00,0x00,0x00,0x00,0x00,0x00,0x00,0x00,0x00,0x00,0x00,0x00,0x00,0x00,0x00,0x00,0x00,0x00,
    0x00,0x00,0x00,0x00,0x00,0x00,0x00,0x00,0x00,0x00,0x00,0x00,0x00,0x00,0x00,0x00,0x00,0x00,0x00,0x00,0x00,0x00,0x00,0x00,0x00,0x00,0x00,0x00,0x00,0x00,0x00,0x00,
    0x00,0x00,0x00,0x00,0x00,0x00,0x00,0x00,0x00,0x00,0x00,0x00,0x00,0x00,0x00,0x00,0x00,0x00,0x00,0x00,0x00,0x00,0x00,0x00,0x00,0x00,0x00,0x00,0x00,0x00,0x00,0x00,
    0x00,0x00,0x00,0x00,0x00,0x00,0x00,0x00,0x00,0x00,0x00,0x00,0x00,0x00,0x00,0x00,0x00,0x00,0x00,0x00,0x00,0x00,0x00,0x00,0x00,0x00,0x00,0x00,0x00,0x00,0x00,0x00,
    0x00,0x00,0x00,0x00,0x00,0x00,0x00,0x00,0x00,0x00,0x00,0x00,0x00,0x00,0x00,0x00,0x00,0x00,0x00,0x00,0x00,0x00,0x00,0x00,0x00,0x00,0x00,0x00,0x00,0x00,0x00,0x00,
    0x00,0x00,0x00,0x00,0x00,0x00,0x00,0x00,0x00,0x00,0x00,0x00,0x00,0x00,0x00,0x00,0x00,0x00,0x00,0x00,0x00,0x00,0x00,0x00,0x00,0x00,0x00,0x00,0x00,0x00,0x00,0x00,
    0x00,0x00,0x00,0x00,0x00,0x00,0x00,0x00,0x00,0x00,0x00,0x00,0x00,0x00,0x00,0x00,0x00,0x00,0x00,0x00,0x00,0x00,0x00,0x00,0x00,0x00,0x00,0x00,0x00,0x00,0x00,0x00,
    0x00,0x00,0x00,0x00,0x00,0x00,0x00,0x00,0x00,0x00,0x00,0x00,0x00,0x00,0x00,0x00,0x00,0x00,0x00,0x00,0x00,0x00,0x00,0x00,0x00,0x00,0x00,0x00,0x00,0x00,0xff,0x01,
    0x00,0x00,0xff,0x01,0x1a,0x6b,0xe4,0x13,0x18,0x62,0xe6,0xe9,0x18,0x60,0xe8,0xfe,0x18,0x5d,0xe3,0xfe,0x18,0x5c,0xe4,0xff,0x19,0x5b,0xe3,0xff,0x19,0x5b,0xe3,0xff,
    0x19,0x5a,0xe3,0xff,0x19,0x59,0xe3,0xff,0x19,0x59,0xe3,0xff,0x19,0x59,0xe3,0xff,0x19,0x59,0xe3,0xff,0x19,0x59,0xe3,0xff,0x19,0x59,0xe3,0xff,0x19,0x5a,0xe2,0xfd,
    0x1a,0x5f,0xec,0xfd,0x16,0x5b,0xe4,0x43,0x00,0x00,0x00,0x00,0x00,0x55,0xff,0x03,0x00,0x00,0x00,0x00,0x00,0x00,0x00,0x00,0x00,0x00,0x00,0x00,0x00,0x00,0x00,0x00,
    0x00,0x00,0x00,0x00,0x00,0x00,0x00,0x00,0x00,0x00,0x00,0x00,0x00,0x00,0x00,0x00,0x3f,0xbf,0x7f,0x04,0x00,0x00,0x00,0x00,0x57,0xbe,0x63,0x92,0x5c,0xcd,0x6e,0xff,
    0x53,0xbe,0x68,0xfb,0x53,0xbf,0x6b,0xff,0x53,0xbf,0x6c,0xff,0x52,0xbf,0x6e,0xff,0x51,0xbf,0x6f,0xff,0x51,0xbf,0x6f,0xff,0x50,0xbf,0x71,0xff,0x50,0xbf,0x71,0xff,
    0x50,0xbf,0x72,0xff,0x50,0xbf,0x72,0xff,0x50,0xbf,0x71,0xff,0x50,0xbe,0x6f,0xfb,0x57,0xcd,0x77,0xff,0x52,0xbe,0x6c,0x8b,0x00,0x00,0x00,0x00,0x3f,0xbf,0x7f,0x04,
    0x00,0x00,0x00,0x00,0x00,0x00,0x00,0x00,0x00,0x00,0x00,0x00,0x00,0x00,0x00,0x00,0x00,0x00,0x00,0x00,0x00,0x00,0x00,0x00,0x00,0x00,0x00,0x00,0x00,0x00,0x00,0x00,
    0x00,0x00,0x00,0x00,0x00,0x00,0x00,0x00,0x00,0x00,0x00,0x00,0x00,0x00,0x00,0x00,0x00,0x00,0x00,0x00,0x00,0x00,0x00,0x00,0x00,0x00,0x00,0x00,0x00,0x00,0x00,0x00,
    0x00,0x00,0x00,0x00,0x00,0x00,0x00,0x00,0x00,0x00,0x00,0x00,0x00,0x00,0x00,0x00,0x00,0x00,0x00,0x00,0x00,0x00,0x00,0x00,0x00,0x00,0x00,0x00,0x00,0x00,0x00,0x00,
    0x00,0x00,0x00,0x00,0x00,0x00,0x00,0x00,0x00,0x00,0x00,0x00,0x00,0x00,0x00,0x00,0x00,0x00,0x00,0x00,0x00,0x00,0x00,0x00,0x00,0x00,0x00,0x00,0x00,0x00,0x00,0x00,
    0x00,0x00,0x00,0x00,0x00,0x00,0x00,0x00,0x00,0x00,0x00,0x00,0x00,0x00,0x00,0x00,0x00,0x00,0x00,0x00,0x00,0x00,0x00,0x00,0x00,0x00,0x00,0x00,0x00,0x00,0x00,0x00,
    0x00,0x00,0x00,0x00,0x00,0x00,0x00,0x00,0x00,0x00,0x00,0x00,0x00,0x00,0x00,0x00,0x00,0x00,0x00,0x00,0x00,0x00,0x00,0x00,0x00,0x00,0x00,0x00,0x00,0x00,0x00,0x00,
    0x00,0x00,0x00,0x00,0x00,0x00,0x00,0x00,0x00,0x00,0x00,0x00,0x00,0x00,0x00,0x00,0x00,0x00,0x00,0x00,0x00,0x00,0x00,0x00,0x00,0x00,0x00,0x00,0x00,0x00,0x00,0x00,
    0x00,0x00,0x00,0x00,0x00,0x00,0x00,0x00,0x00,0x00,0x00,0x00,0x00,0x00,0x00,0x00,0x00,0x00,0x00,0x00,0x00,0x00,0x00,0x00,0x00,0x00,0x00,0x00,0x00,0x00,0x00,0x00,
    0x00,0x00,0x00,0x00,0x00,0x00,0x00,0x00,0x00,0x00,0x00,0x00,0x00,0x00,0x00,0x00,0x00,0x00,0x00,0x00,0x00,0x00,0x00,0x00,0x00,0x00,0x00,0x00,0x00,0x00,0x00,0x00,
    0x00,0x00,0x00,0x00,0x00,0x00,0x00,0x00,0x00,0x00,0x00,0x00,0x00,0x00,0x00,0x00,0x00,0x00,0x00,0x00,0x00,0x00,0x00,0x00,0x00,0x00,0x00,0x00,0x00,0x00,0x00,0x00,
    0x00,0x00,0x00,0x00,0x00,0x00,0x00,0x00,0x00,0x00,0x00,0x00,0x00,0x00,0x00,0x00,0x00,0x00,0x00,0x00,0x00,0x00,0x00,0x00,0x00,0x00,0x00,0x00,0x00,0x00,0x00,0x00,
    0x00,0x00,0x00,0x00,0x00,0x00,0x00,0x00,0x00,0x00,0x00,0x00,0x00,0x00,0x00,0x00,0x00,0x00,0x00,0x00,0x00,0x00,0x00,0x00,0x00,0x00,0x00,0x00,0x00,0x00,0x00,0x00,
    0x00,0x00,0x00,0x00,0x00,0x00,0x00,0x00,0x00,0x00,0x00,0x00,0x00,0x00,0x00,0x00,0x00,0x00,0x00,0x00,0x00,0x00,0x00,0x00,0x00,0x00,0x00,0x00,0x00,0x00,0x00,0x00,
    0x00,0x00,0x00,0x00,0x00,0x00,0x00,0x00,0x00,0x00,0x00,0x00,0x00,0x00,0x00,0x00,0x00,0x00,0x00,0x00,0x00,0x00,0x00,0x00,0x00,0x00,0x00,0x00,0x00,0x00,0x00,0x00,
    0x00,0x7f,0xff,0x04,0x00,0x00,0x00,0x00,0x17,0x5f,0xe3,0x8b,0x1a,0x66,0xf5,0xff,0x18,0x5c,0xe3,0xfb,0x19,0x5b,0xe3,0xff,0x19,0x5a,0xe3,0xff,0x19,0x59,0xe3,0xff,
    0x19,0x59,0xe3,0xff,0x19,0x59,0xe3,0xff,0x19,0x58,0xe3,0xff,0x1a,0x58,0xe3,0xff,0x1a,0x58,0xe3,0xff,0x19,0x58,0xe3,0xff,0x19,0x59,0xe3,0xff,0x19,0x58,0xe2,0xfb,
    0x1b,0x61,0xf4,0xff,0x18,0x5a,0xe3,0x92,0x00,0x00,0x00,0x00,0x00,0x7f,0xff,0x04,0x00,0x00,0x00,0x00,0x00,0x00,0x00,0x00,0x00,0x00,0x00,0x00,0x00,0x00,0x00,0x00,
    0x00,0x00,0x00,0x00,0x00,0x00,0x00,0x00,0x00,0x00,0x00,0x00,0x00,0x00,0x00,0x00,0x00,0xff,0x00,0x01,0x55,0xaa,0x55,0x06,0x58,0xbe,0x62,0xd6,0x59,0xc5,0x69,0xff,
    0x54,0xbf,0x68,0xfd,0x54,0xbf,0x69,0xff,0x53,0xbf,0x6c,0xff,0x53,0xbf,0x6c,0xff,0x52,0xbf,0x6d,0xff,0x51,0xbf,0x6f,0xff,0x51,0xbf,0x6f,0xff,0x51,0xbf,0x6f,0xff,
    0x51,0xbf,0x6f,0xff,0x51,0xbf,0x6f,0xff,0x51,0xbf,0x6e,0xff,0x51,0xbf,0x6d,0xfd,0x56,0xc6,0x6f,0xfc,0x58,0xbe,0x66,0x37,0x00,0x00,0x00,0x01,0x55,0xaa,0x55,0x03,
    0x00,0x00,0x00,0x00,0x00,0x00,0x00,0x00,0x00,0x00,0x00,0x00,0x00,0x00,0x00,0x00,0x00,0x00,0x00,0x00,0x00,0x00,0x00,0x00,0x00,0x00,0x00,0x00,0x00,0x00,0x00,0x00,
    0x00,0x00,0x00,0x00,0x00,0x00,0x00,0x00,0x00,0x00,0x00,0x00,0x00,0x00,0x00,0x00,0x00,0x00,0x00,0x00,0x00,0x00,0x00,0x00,0x00,0x00,0x00,0x00,0x00,0x00,0x00,0x00,
    0x00,0x00,0x00,0x00,0x00,0x00,0x00,0x00,0x00,0x00,0x00,0x00,0x00,0x00,0x00,0x00,0x00,0x00,0x00,0x00,0x00,0x00,0x00,0x00,0x00,0x00,0x00,0x00,0x00,0x00,0x00,0x00,
    0x00,0x00,0x00,0x00,0x00,0x00,0x00,0x00,0x00,0x00,0x00,0x00,0x00,0x00,0x00,0x00,0x00,0x00,0x00,0x00,0x00,0x00,0x00,0x00,0x00,0x00,0x00,0x00,0x00,0x00,0x00,0x00,
    0x00,0x00,0x00,0x00,0x00,0x00,0x00,0x00,0x00,0x00,0x00,0x00,0x00,0x00,0x00,0x00,0x00,0x00,0x00,0x00,0x00,0x00,0x00,0x00,0x00,0x00,0x00,0x00,0x00,0x00,0x00,0x00,
    0x00,0x00,0x00,0x00,0x00,0x00,0x00,0x00,0x00,0x00,0x00,0x00,0x00,0x00,0x00,0x00,0x00,0x00,0x00,0x00,0x00,0x00,0x00,0x00,0x00,0x00,0x00,0x00,0x00,0x00,0x00,0x00,
    0x00,0x00,0x00,0x00,0x00,0x00,0x00,0x00,0x00,0x00,0x00,0x00,0x00,0x00,0x00,0x00,0x00,0x00,0x00,0x00,0x00,0x00,0x00,0x00,0x00,0x00,0x00,0x00,0x00,0x00,0x00,0x00,
    0x00,0x00,0x00,0x00,0x00,0x00,0x00,0x00,0x00,0x00,0x00,0x00,0x00,0x00,0x00,0x00,0x00,0x00,0x00,0x00,0x00,0x00,0x00,0x00,0x00,0x00,0x00,0x00,0x00,0x00,0x00,0x00,
    0x00,0x00,0x00,0x00,0x00,0x00,0x00,0x00,0x00,0x00,0x00,0x00,0x00,0x00,0x00,0x00,0x00,0x00,0x00,0x00,0x00,0x00,0x00,0x00,0x00,0x00,0x00,0x00,0x00,0x00,0x00,0x00,
    0x00,0x00,0x00,0x00,0x00,0x00,0x00,0x00,0x00,0x00,0x00,0x00,0x00,0x00,0x00,0x00,0x00,0x00,0x00,0x00,0x00,0x00,0x00,0x00,0x00,0x00,0x00,0x00,0x00,0x00,0x00,0x00,
    0x00,0x00,0x00,0x00,0x00,0x00,0x00,0x00,0x00,0x00,0x00,0x00,0x00,0x00,0x00,0x00,0x00,0x00,0x00,0x00,0x00,0x00,0x00,0x00,0x00,0x00,0x00,0x00,0x00,0x00,0x00,0x00,
    0x00,0x00,0x00,0x00,0x00,0x00,0x00,0x00,0x00,0x00,0x00,0x00,0x00,0x00,0x00,0x00,0x00,0x00,0x00,0x00,0x00,0x00,0x00,0x00,0x00,0x00,0x00,0x00,0x00,0x00,0x00,0x00,
    0x00,0x00,0x00,0x00,0x00,0x00,0x00,0x00,0x00,0x00,0x00,0x00,0x00,0x00,0x00,0x00,0x00,0x00,0x00,0x00,0x00,0x00,0x00,0x00,0x00,0x00,0x00,0x00,0x00,0x00,0x00,0x00,
    0x00,0x00,0x00,0x00,0x00,0x00,0x00,0x00,0x00,0x00,0x00,0x00,0x00,0x00,0x00,0x00,0x00,0x00,0x00,0x00,0x00,0x00,0x00,0x00,0x00,0x00,0x00,0x00,0x00,0x00,0x00,0x00,
    0x00,0x55,0xff,0x03,0x00,0x00,0xff,0x01,0x17,0x5c,0xe3,0x37,0x18,0x61,0xeb,0xfc,0x18,0x5b,0xe3,0xfd,0x19,0x5b,0xe3,0xff,0x19,0x59,0xe3,0xff,0x19,0x59,0xe3,0xff,
    0x1a,0x58,0xe3,0xff,0x1a,0x57,0xe3,0xff,0x1a,0x57,0xe3,0xff,0x1a,0x57,0xe3,0xff,0x1a,0x57,0xe3,0xff,0x1a,0x57,0xe3,0xff,0x1a,0x57,0xe3,0xff,0x1a,0x57,0xe2,0xfd,
    0x1a,0x5c,0xeb,0xff,0x19,0x5a,0xe2,0xd6,0x2a,0x55,0xd4,0x06,0x00,0x00,0xff,0x01,0x00,0x00,0x00,0x00,0x00,0x00,0x00,0x00,0x00,0x00,0x00,0x00,0x00,0x00,0x00,0x00,
    0x00,0x00,0x00,0x00,0x00,0x00,0x00,0x00,0x00,0x00,0x00,0x00,0x00,0xff,0x00,0x02,0x00,0x00,0x00,0x00,0x59,0xbf,0x5f,0x28,0x5b,0xc4,0x64,0xf9,0x57,0xbf,0x65,0xfe,
    0x55,0xbf,0x67,0xff,0x54,0xbf,0x69,0xff,0x54,0xbf,0x69,0xff,0x53,0xbf,0x6b,0xff,0x53,0xbf,0x6c,0xff,0x53,0xbf,0x6c,0xff,0x52,0xbf,0x6d,0xff,0x52,0xbf,0x6e,0xff,
    0x52,0xbf,0x6e,0xff,0x52,0xbf,0x6d,0xff,0x52,0xbf,0x6c,0xfd,0x56,0xc4,0x6d,0xff,0x55,0xbe,0x67,0xe6,0x66,0xb2,0x66,0x0a,0x00,0x01,0x00,0x00,0x00,0xff,0x00,0x01,
    0x00,0x00,0x00,0x00,0x00,0x00,0x00,0x00,0x00,0x00,0x00,0x00,0x00,0x00,0x00,0x00,0x00,0x00,0x00,0x00,0x00,0x00,0x00,0x00,0x00,0x00,0x00,0x00,0x00,0x00,0x00,0x00,
    0x00,0x00,0x00,0x00,0x00,0x00,0x00,0x00,0x00,0x00,0x00,0x00,0x00,0x00,0x00,0x00,0x00,0x00,0x00,0x00,0x00,0x00,0x00,0x00,0x00,0x00,0x00,0x00,0x00,0x00,0x00,0x00,
    0x00,0x00,0x00,0x00,0x00,0x00,0x00,0x00,0x00,0x00,0x00,0x00,0x00,0x00,0x00,0x00,0x00,0x00,0x00,0x00,0x00,0x00,0x00,0x00,0x00,0x00,0x00,0x00,0x00,0x00,0x00,0x00,
    0x00,0x00,0x00,0x00,0x00,0x00,0x00,0x00,0x00,0x00,0x00,0x00,0x00,0x00,0x00,0x00,0x00,0x00,0x00,0x00,0x00,0x00,0x00,0x00,0x00,0x00,0x00,0x00,0x00,0x00,0x00,0x00,
    0x00,0x00,0x00,0x00,0x00,0x00,0x00,0x00,0x00,0x00,0x00,0x00,0x00,0x00,0x00,0x00,0x00,0x00,0x00,0x00,0x00,0x00,0x00,0x00,0x00,0x00,0x00,0x00,0x00,0x00,0x00,0x00,
    0x00,0x00,0x00,0x00,0x00,0x00,0x00,0x00,0x00,0x00,0x00,0x00,0x00,0x00,0x00,0x00,0x00,0x00,0x00,0x00,0x00,0x00,0x00,0x00,0x00,0x00,0x00,0x00,0x00,0x00,0x00,0x00,
    0x00,0x00,0x00,0x00,0x00,0x00,0x00,0x00,0x00,0x00,0x00,0x00,0x00,0x00,0x00,0x00,0x00,0x00,0x00,0x00,0x00,0x00,0x00,0x00,0x00,0x00,0x00,0x00,0x00,0x00,0x00,0x00,
    0x00,0x00,0x00,0x00,0x00,0x00,0x00,0x00,0x00,0x00,0x00,0x00,0x00,0x00,0x00,0x00,0x00,0x00,0x00,0x00,0x00,0x00,0x00,0x00,0x00,0x00,0x00,0x00,0x00,0x00,0x00,0x00,
    0x00,0x00,0x00,0x00,0x00,0x00,0x00,0x00,0x00,0x00,0x00,0x00,0x00,0x00,0x00,0x00,0x00,0x00,0x00,0x00,0x00,0x00,0x00,0x00,0x00,0x00,0x00,0x00,0x00,0x00,0x00,0x00,
    0x00,0x00,0x00,0x00,0x00,0x00,0x00,0x00,0x00,0x00,0x00,0x00,0x00,0x00,0x00,0x00,0x00,0x00,0x00,0x00,0x00,0x00,0x00,0x00,0x00,0x00,0x00,0x00,0x00,0x00,0x00,0x00,
    0x00,0x00,0x00,0x00,0x00,0x00,0x00,0x00,0x00,0x00,0x00,0x00,0x00,0x00,0x00,0x00,0x00,0x00,0x00,0x00,0x00,0x00,0x00,0x00,0x00,0x00,0x00,0x00,0x00,0x00,0x00,0x00,
    0x00,0x00,0x00,0x00,0x00,0x00,0x00,0x00,0x00,0x00,0x00,0x00,0x00,0x00,0x00,0x00,0x00,0x00,0x00,0x00,0x00,0x00,0x00,0x00,0x00,0x00,0x00,0x00,0x00,0x00,0x00,0x00,
    0x00,0x00,0x00,0x00,0x00,0x00,0x00,0x00,0x00,0x00,0x00,0x00,0x00,0x00,0x00,0x00,0x00,0x00,0x00,0x00,0x00,0x00,0x00,0x00,0x00,0x00,0x00,0x00,0x00,0x00,0x00,0x00,
    0x00,0x00,0x00,0x00,0x00,0x00,0x00,0x00,0x00,0x00,0x00,0x00,0x00,0x00,0x00,0x00,0x00,0x00,0x00,0x00,0x00,0x00,0x00,0x00,0x00,0x00,0x00,0x00,0x00,0x00,0x00,0x00,
    0x00,0x00,0xff,0x01,0x00,0x00,0x00,0x00,0x19,0x66,0xe5,0x0a,0x18,0x5e,0xe3,0xe6,0x19,0x5e,0xe9,0xff,0x19,0x59,0xe2,0xfd,0x19,0x59,0xe3,0xff,0x1a,0x58,0xe3,0xff,
    0x1a,0x57,0xe3,0xff,0x1a,0x57,0xe3,0xff,0x1a,0x56,0xe3,0xff,0x1a,0x56,0xe2,0xff,0x1a,0x56,0xe2,0xff,0x1a,0x56,0xe2,0xff,0x1a,0x56,0xe3,0xff,0x1a,0x57,0xe3,0xff,
    0x1a,0x57,0xe4,0xfe,0x19,0x5b,0xe8,0xf9,0x19,0x59,0xe5,0x28,0x00,0x00,0x00,0x00,0x00,0x7f,0xff,0x02,0x00,0x00,0x00,0x00,0x00,0x00,0x00,0x00,0x00,0x00,0x00,0x00,
    0x00,0x00,0x00,0x00,0x00,0x00,0x00,0x00,0x00,0x00,0x00,0x00,0x7f,0xbf,0x7f,0x04,0x00,0x00,0x00,0x00,0x5a,0xbf,0x5e,0x71,0x5f,0xcd,0x69,0xff,0x57,0xbe,0x63,0xfb,
    0x56,0xbf,0x66,0xff,0x55,0xbf,0x67,0xff,0x54,0xbf,0x69,0xff,0x54,0xbf,0x69,0xff,0x54,0xbf,0x6a,0xff,0x53,0xbf,0x6b,0xff,0x53,0xbf,0x6c,0xff,0x53,0xbf,0x6c,0xff,
    0x53,0xbf,0x6b,0xff,0x53,0xbf,0x6b,0xff,0x52,0xbe,0x69,0xfc,0x5b,0xcc,0x6f,0xff,0x55,0xbf,0x66,0x81,0x00,0x00,0x00,0x00,0x55,0xff,0xaa,0x03,0x00,0x00,0x00,0x00,
    0x00,0x00,0x00,0x00,0x00,0x00,0x00,0x00,0x00,0x00,0x00,0x00,0x00,0x00,0x00,0x00,0x00,0x00,0x00,0x00,0x00,0x00,0x00,0x00,0x00,0x00,0x00,0x00,0x00,0x00,0x00,0x00,
    0x00,0x00,0x00,0x00,0x00,0x00,0x00,0x00,0x00,0x00,0x00,0x00,0x00,0x00,0x00,0x00,0x00,0x00,0x00,0x00,0x00,0x00,0x00,0x00,0x00,0x00,0x00,0x00,0x00,0x00,0x00,0x00,
    0x00,0x00,0x00,0x00,0x00,0x00,0x00,0x00,0x00,0x00,0x00,0x00,0x00,0x00,0x00,0x00,0x00,0x00,0x00,0x00,0x00,0x00,0x00,0x00,0x00,0x00,0x00,0x00,0x00,0x00,0x00,0x00,
    0x00,0x00,0x00,0x00,0x00,0x00,0x00,0x00,0x00,0x00,0x00,0x00,0x00,0x00,0x00,0x00,0x00,0x00,0x00,0x00,0x00,0x00,0x00,0x00,0x00,0x00,0x00,0x00,0x00,0x00,0x00,0x00,
    0x00,0x00,0x00,0x00,0x00,0x00,0x00,0x00,0x00,0x00,0x00,0x00,0x00,0x00,0x00,0x00,0x00,0x00,0x00,0x00,0x00,0x00,0x00,0x00,0x00,0x00,0x00,0x00,0x00,0x00,0x00,0x00,
    0x00,0x00,0x00,0x00,0x00,0x00,0x00,0x00,0x00,0x00,0x00,0x00,0x00,0x00,0x00,0x00,0x00,0x00,0x00,0x00,0x00,0x00,0x00,0x00,0x00,0x00,0x00,0x00,0x00,0x00,0x00,0x00,
    0x00,0x00,0x00,0x00,0x00,0x00,0x00,0x00,0x00,0x00,0x00,0x00,0x00,0x00,0x00,0x00,0x00,0x00,0x00,0x00,0x00,0x00,0x00,0x00,0x00,0x00,0x00,0x00,0x00,0x00,0x00,0x00,
    0x00,0x00,0x00,0x00,0x00,0x00,0x00,0x00,0x00,0x00,0x00,0x00,0x00,0x00,0x00,0x00,0x00,0x00,0x00,0x00,0x00,0x00,0x00,0x00,0x00,0x00,0x00,0x00,0x00,0x00,0x00,0x00,
    0x00,0x00,0x00,0x00,0x00,0x00,0x00,0x00,0x00,0x00,0x00,0x00,0x00,0x00,0x00,0x00,0x00,0x00,0x00,0x00,0x00,0x00,0x00,0x00,0x00,0x00,0x00,0x00,0x00,0x00,0x00,0x00,
    0x00,0x00,0x00,0x00,0x00,0x00,0x00,0x00,0x00,0x00,0x00,0x00,0x00,0x00,0x00,0x00,0x00,0x00,0x00,0x00,0x00,0x00,0x00,0x00,0x00,0x00,0x00,0x00,0x00,0x00,0x00,0x00,
    0x00,0x00,0x00,0x00,0x00,0x00,0x00,0x00,0x00,0x00,0x00,0x00,0x00,0x00,0x00,0x00,0x00,0x00,0x00,0x00,0x00,0x00,0x00,0x00,0x00,0x00,0x00,0x00,0x00,0x00,0x00,0x00,
    0x00,0x00,0x00,0x00,0x00,0x00,0x00,0x00,0x00,0x00,0x00,0x00,0x00,0x00,0x00,0x00,0x00,0x00,0x00,0x00,0x00,0x00,0x00,0x00,0x00,0x00,0x00,0x00,0x00,0x00,0x00,0x00,
    0x00,0x00,0x00,0x00,0x00,0x00,0x00,0x00,0x00,0x00,0x00,0x00,0x00,0x00,0x00,0x00,0x00,0x00,0x00,0x00,0x00,0x00,0x00,0x00,0x00,0x00,0x00,0x00,0x00,0x00,0x00,0x00,
    0x00,0x00,0x00,0x00,0x00,0x00,0x00,0x00,0x00,0x00,0x00,0x00,0x00,0x00,0x00,0x00,0x00,0x00,0x00,0x00,0x00,0x00,0x00,0x00,0x00,0x00,0x00,0x00,0x00,0x00,0x00,0x00,
    0x00,0x00,0x00,0x00,0x00,0xaa,0xff,0x03,0x00,0x00,0x00,0x00,0x17,0x5c,0xe3,0x81,0x1b,0x61,0xf3,0xff,0x19,0x58,0xe1,0xfc,0x1a,0x58,0xe3,0xff,0x1a,0x57,0xe3,0xff,
    0x1a,0x56,0xe3,0xff,0x1a,0x55,0xe2,0xff,0x1a,0x55,0xe2,0xff,0x1a,0x55,0xe2,0xff,0x1a,0x55,0xe2,0xff,0x1a,0x55,0xe2,0xff,0x1a,0x55,0xe2,0xff,0x1a,0x55,0xe2,0xff,
    0x1a,0x56,0xe2,0xfb,0x1c,0x5e,0xf4,0xff,0x18,0x58,0xe1,0x71,0x00,0x00,0x00,0x00,0x00,0x7f,0xff,0x04,0x00,0x00,0x00,0x00,0x00,0x00,0x00,0x00,0x00,0x00,0x00,0x00,
    0x00,0x00,0x00,0x00,0x00,0x00,0x00,0x00,0x00,0x00,0x00,0x00,0x55,0xaa,0x55,0x03,0x00,0x00,0x00,0x00,0x5b,0xbe,0x5d,0xaf,0x5f,0xca,0x67,0xff,0x58,0xbf,0x63,0xfc,
    0x57,0xbf,0x65,0xff,0x56,0xbf,0x66,0xff,0x55,0xbf,0x67,0xff,0x54,0xbf,0x69,0xff,0x54,0xbf,0x69,0xff,0x54,0xbf,0x69,0xff,0x54,0xbf,0x69,0xff,0x54,0xbf,0x69,0xff,
    0x54,0xbf,0x69,0xff,0x54,0xbf,0x69,0xff,0x55,0xbf,0x68,0xfe,0x58,0xc3,0x67,0xf8,0x55,0xbf,0x63,0x24,0x00,0x00,0x00,0x00,0x00,0xff,0x00,0x02,0x00,0x00,0x00,0x00,
    0x00,0x00,0x00,0x00,0x00,0x00,0x00,0x00,0x00,0x00,0x00,0x00,0x00,0x00,0x00,0x00,0x00,0x00,0x00,0x00,0x00,0x00,0x00,0x00,0x00,0x00,0x00,0x00,0x00,0x00,0x00,0x00,
    0x00,0x00,0x00,0x00,0x00,0x00,0x00,0x00,0x00,0x00,0x00,0x00,0x00,0x00,0x00,0x00,0x00,0x00,0x00,0x00,0x00,0x00,0x00,0x00,0x00,0x00,0x00,0x00,0x00,0x00,0x00,0x00,
    0x00,0x00,0x00,0x00,0x00,0x00,0x00,0x00,0x00,0x00,0x00,0x00,0x00,0x00,0x00,0x00,0x00,0x00,0x00,0x00,0x00,0x00,0x00,0x00,0x00,0x00,0x00,0x00,0x00,0x00,0x00,0x00,
    0x00,0x00,0x00,0x00,0x00,0x00,0x00,0x00,0x00,0x00,0x00,0x00,0x00,0x00,0x00,0x00,0x00,0x00,0x00,0x00,0x00,0x00,0x00,0x00,0x00,0x00,0x00,0x00,0x00,0x00,0x00,0x00,
    0x00,0x00,0x00,0x00,0x00,0x00,0x00,0x00,0x00,0x00,0x00,0x00,0x00,0x00,0x00,0x00,0x00,0x00,0x00,0x00,0x00,0x00,0x00,0x00,0x00,0x00,0x00,0x00,0x00,0x00,0x00,0x00,
    0x00,0x00,0x00,0x00,0x00,0x00,0x00,0x00,0x00,0x00,0x00,0x00,0x00,0x00,0x00,0x00,0x00,0x00,0x00,0x00,0x00,0x00,0x00,0x00,0x00,0x00,0x00,0x00,0x00,0x00,0x00,0x00,
    0x00,0x00,0x00,0x00,0x00,0x00,0x00,0x00,0x00,0x00,0x00,0x00,0x00,0x00,0x00,0x00,0x00,0x00,0x00,0x00,0x00,0x00,0x00,0x00,0x00,0x00,0x00,0x00,0x00,0x00,0x00,0x00,
    0x00,0x00,0x00,0x00,0x00,0x00,0x00,0x00,0x00,0x00,0x00,0x00,0x00,0x00,0x00,0x00,0x00,0x00,0x00,0x00,0x00,0x00,0x00,0x00,0x00,0x00,0x00,0x00,0x00,0x00,0x00,0x00,
    0x00,0x00,0x00,0x00,0x00,0x00,0x00,0x00,0x00,0x00,0x00,0x00,0x00,0x00,0x00,0x00,0x00,0x00,0x00,0x00,0x00,0x00,0x00,0x00,0x00,0x00,0x00,0x00,0x00,0x00,0x00,0x00,
    0x00,0x00,0x00,0x00,0x00,0x00,0x00,0x00,0x00,0x00,0x00,0x00,0x00,0x00,0x00,0x00,0x00,0x00,0x00,0x00,0x00,0x00,0x00,0x00,0x00,0x00,0x00,0x00,0x00,0x00,0x00,0x00,
    0x00,0x00,0x00,0x00,0x00,0x00,0x00,0x00,0x00,0x00,0x00,0x00,0x00,0x00,0x00,0x00,0x00,0x00,0x00,0x00,0x00,0x00,0x00,0x00,0x00,0x00,0x00,0x00,0x00,0x00,0x00,0x00,
    0x00,0x00,0x00,0x00,0x00,0x00,0x00,0x00,0x00,0x00,0x00,0x00,0x00,0x00,0x00,0x00,0x00,0x00,0x00,0x00,0x00,0x00,0x00,0x00,0x00,0x00,0x00,0x00,0x00,0x00,0x00,0x00,
    0x00,0x00,0x00,0x00,0x00,0x00,0x00,0x00,0x00,0x00,0x00,0x00,0x00,0x00,0x00,0x00,0x00,0x00,0x00,0x00,0x00,0x00,0x00,0x00,0x00,0x00,0x00,0x00,0x00,0x00,0x00,0x00,
    0x00,0x00,0x00,0x00,0x00,0x00,0x00,0x00,0x00,0x00,0x00,0x00,0x00,0x00,0x00,0x00,0x00,0x00,0x00,0x00,0x00,0x00,0x00,0x00,0x00,0x00,0x00,0x00,0x00,0x00,0x00,0x00,
    0x00,0x00,0x00,0x00,0x00,0x00,0xff,0x02,0x00,0x00,0x00,0x00,0x1c,0x5c,0xe2,0x24,0x19,0x5c,0xe8,0xf8,0x19,0x58,0xe4,0xfe,0x1a,0x57,0xe3,0xff,0x1a,0x56,0xe2,0xff,
    0x1a,0x55,0xe2,0xff,0x1a,0x55,0xe2,0xff,0x1b,0x54,0xe2,0xff,0x1b,0x53,0xe2,0xff,0x1b,0x53,0xe2,0xff,0x1b,0x53,0xe2,0xff,0x1b,0x53,0xe2,0xff,0x1b,0x54,0xe2,0xff,
    0x1a,0x53,0xe1,0xfc,0x1b,0x5b,0xf0,0xff,0x1a,0x57,0xe1,0xaf,0x00,0x00,0x00,0x00,0x00,0x55,0xff,0x03,0x00,0x00,0x00,0x00,0x00,0x00,0x00,0x00,0x00,0x00,0x00,0x00,
    0x00,0x00,0x00,0x00,0x00,0x00,0x00,0x00,0x00,0xff,0x00,0x01,0x00,0x00,0x00,0x00,0x5c,0xa2,0x5c,0x0b,0x5b,0xbf,0x5c,0xe4,0x5c,0xc4,0x62,0xff,0x58,0xbe,0x62,0xfe,
    0x58,0xbf,0x63,0xff,0x57,0xbf,0x65,0xff,0x56,0xbf,0x66,0xff,0x56,0xbf,0x66,0xff,0x55,0xbf,0x67,0xff,0x55,0xbf,0x68,0xff,0x55,0xbf,0x68,0xff,0x55,0xbf,0x68,0xff,
    0x55,0xbf,0x67,0xff,0x56,0xbf,0x67,0xfc,0x5a,0xc7,0x6a,0xff,0x57,0xbe,0x62,0xcd,0x7f,0x7f,0x7f,0x02,0xff,0xff,0xff,0x01,0x00,0x00,0x00,0x00,0x00,0x00,0x00,0x00,
    0x00,0x00,0x00,0x00,0x00,0x00,0x00,0x00,0x00,0x00,0x00,0x00,0x00,0x00,0x00,0x00,0x00,0x00,0x00,0x00,0x00,0x00,0x00,0x00,0x00,0x00,0x00,0x00,0x00,0x00,0x00,0x00,
    0x00,0x00,0x00,0x00,0x00,0x00,0x00,0x00,0x00,0x00,0x00,0x00,0x00,0x00,0x00,0x00,0x00,0x00,0x00,0x00,0x00,0x00,0x00,0x00,0x00,0x00,0x00,0x00,0x00,0x00,0x00,0x00,
    0x00,0x00,0x00,0x00,0x00,0x00,0x00,0x00,0x00,0x00,0x00,0x00,0x00,0x00,0x00,0x00,0x00,0x00,0x00,0x00,0x00,0x00,0x00,0x00,0x00,0x00,0x00,0x00,0x00,0x00,0x00,0x00,
    0x00,0x00,0x00,0x00,0x00,0x00,0x00,0x00,0x00,0x00,0x00,0x00,0x00,0x00,0x00,0x00,0x00,0x00,0x00,0x00,0x00,0x00,0x00,0x00,0x00,0x00,0x00,0x00,0x00,0x00,0x00,0x00,
    0x00,0x00,0x00,0x00,0x00,0x00,0x00,0x00,0x00,0x00,0x00,0x00,0x00,0x00,0x00,0x00,0x00,0x00,0x00,0x00,0x00,0x00,0x00,0x00,0x00,0x00,0x00,0x00,0x00,0x00,0x00,0x00,
    0x00,0x00,0x00,0x00,0x00,0x00,0x00,0x00,0x00,0x00,0x00,0x00,0x00,0x00,0x00,0x00,0x00,0x00,0x00,0x00,0x00,0x00,0x00,0x00,0x00,0x00,0x00,0x00,0x00,0x00,0x00,0x00,
    0x00,0x00,0x00,0x00,0x00,0x00,0x00,0x00,0x00,0x00,0x00,0x00,0x00,0x00,0x00,0x00,0x00,0x00,0x00,0x00,0x00,0x00,0x00,0x00,0x00,0x00,0x00,0x00,0x00,0x00,0x00,0x00,
    0x00,0x00,0x00,0x00,0x00,0x00,0x00,0x00,0x00,0x00,0x00,0x00,0x00,0x00,0x00,0x00,0x00,0x00,0x00,0x00,0x00,0x00,0x00,0x00,0x00,0x00,0x00,0x00,0x00,0x00,0x00,0x00,
    0x00,0x00,0x00,0x00,0x00,0x00,0x00,0x00,0x00,0x00,0x00,0x00,0x00,0x00,0x00,0x00,0x00,0x00,0x00,0x00,0x00,0x00,0x00,0x00,0x00,0x00,0x00,0x00,0x00,0x00,0x00,0x00,
    0x00,0x00,0x00,0x00,0x00,0x00,0x00,0x00,0x00,0x00,0x00,0x00,0x00,0x00,0x00,0x00,0x00,0x00,0x00,0x00,0x00,0x00,0x00,0x00,0x00,0x00,0x00,0x00,0x00,0x00,0x00,0x00,
    0x00,0x00,0x00,0x00,0x00,0x00,0x00,0x00,0x00,0x00,0x00,0x00,0x00,0x00,0x00,0x00,0x00,0x00,0x00,0x00,0x00,0x00,0x00,0x00,0x00,0x00,0x00,0x00,0x00,0x00,0x00,0x00,
    0x00,0x00,0x00,0x00,0x00,0x00,0x00,0x00,0x00,0x00,0x00,0x00,0x00,0x00,0x00,0x00,0x00,0x00,0x00,0x00,0x00,0x00,0x00,0x00,0x00,0x00,0x00,0x00,0x00,0x00,0x00,0x00,
    0x00,0x00,0x00,0x00,0x00,0x00,0x00,0x00,0x00,0x00,0x00,0x00,0x00,0x00,0x00,0x00,0x00,0x00,0x00,0x00,0x00,0x00,0x00,0x00,0x00,0x00,0x00,0x00,0x00,0x00,0x00,0x00,
    0x00,0x00,0x00,0x00,0x00,0x00,0x00,0x00,0x00,0x00,0x00,0x00,0x00,0x00,0x00,0x00,0x00,0x00,0x00,0x00,0x00,0x00,0x00,0x00,0x00,0x00,0x00,0x00,0x00,0x00,0x00,0x00,
    0x00,0x00,0x00,0x00,0x00,0x00,0x00,0x00,0x00,0xff,0xff,0x01,0x00,0x7f,0xff,0x02,0x18,0x59,0xe1,0xcd,0x1b,0x5c,0xed,0xff,0x1a,0x56,0xe2,0xfc,0x1a,0x55,0xe2,0xff,
    0x1b,0x54,0xe2,0xff,0x1b,0x53,0xe2,0xff,0x1b,0x53,0xe2,0xff,0x1b,0x53,0xe2,0xff,0x1b,0x52,0xe2,0xff,0x1b,0x52,0xe2,0xff,0x1b,0x53,0xe2,0xff,0x1b,0x53,0xe2,0xff,
    0x1b,0x53,0xe1,0xfe,0x1b,0x57,0xe8,0xff,0x19,0x56,0xe1,0xe4,0x17,0x5c,0xd0,0x0b,0x00,0x00,0x00,0x00,0x00,0x00,0xff,0x01,0x00,0x00,0x00,0x00,0x00,0x00,0x00,0x00,
    0x00,0x00,0x00,0x00,0x00,0x00,0x00,0x00,0x55,0xaa,0x55,0x03,0x00,0x00,0x00,0x00,0x60,0xc0,0x5b,0x35,0x60,0xc6,0x5f,0xfc,0x5a,0xbe,0x5f,0xfe,0x59,0xbf,0x61,0xff,
    0x58,0xbf,0x63,0xff,0x58,0xbf,0x63,0xff,0x57,0xbf,0x64,0xff,0x56,0xbf,0x66,0xff,0x56,0xbf,0x66,0xff,0x56,0xbf,0x66,0xff,0x56,0xbf,0x66,0xff,0x56,0xbf,0x66,0xff,
    0x56,0xbf,0x66,0xff,0x56,0xbe,0x64,0xfb,0x5e,0xcc,0x69,0xff,0x5a,0xc0,0x60,0x8a,0x00,0x00,0x00,0x00,0x7f,0xbf,0x7f,0x04,0x00,0x00,0x00,0x00,0x00,0x00,0x00,0x00,
    0x00,0x00,0x00,0x00,0x00,0x00,0x00,0x00,0x00,0x00,0x00,0x00,0x00,0x00,0x00,0x00,0x00,0x00,0x00,0x00,0x00,0x00,0x00,0x00,0x00,0x00,0x00,0x00,0x00,0x00,0x00,0x00,
    0x00,0x00,0x00,0x00,0x00,0x00,0x00,0x00,0x00,0x00,0x00,0x00,0x00,0x00,0x00,0x00,0x00,0x00,0x00,0x00,0x00,0x00,0x00,0x00,0x00,0x00,0x00,0x00,0x00,0x00,0x00,0x00,
    0x00,0x00,0x00,0x00,0x00,0x00,0x00,0x00,0x00,0x00,0x00,0x00,0x00,0x00,0x00,0x00,0x00,0x00,0x00,0x00,0x00,0x00,0x00,0x00,0x00,0x00,0x00,0x00,0x00,0x00,0x00,0x00,
    0x00,0x00,0x00,0x00,0x00,0x00,0x00,0x00,0x00,0x00,0x00,0x00,0x00,0x00,0x00,0x00,0x00,0x00,0x00,0x00,0x00,0x00,0x00,0x00,0x00,0x00,0x00,0x00,0x00,0x00,0x00,0x00,
    0x00,0x00,0x00,0x00,0x00,0x00,0x00,0x00,0x00,0x00,0x00,0x00,0x00,0x00,0x00,0x00,0x00,0x00,0x00,0x00,0x00,0x00,0x00,0x00,0x00,0x00,0x00,0x00,0x00,0x00,0x00,0x00,
    0x00,0x00,0x00,0x00,0x00,0x00,0x00,0x00,0x00,0x00,0x00,0x00,0x00,0x00,0x00,0x00,0x00,0x00,0x00,0x00,0x00,0x00,0x00,0x00,0x00,0x00,0x00,0x00,0x00,0x00,0x00,0x00,
    0x00,0x00,0x00,0x00,0x00,0x00,0x00,0x00,0x00,0x00,0x00,0x00,0x00,0x00,0x00,0x00,0x00,0x00,0x00,0x00,0x00,0x00,0x00,0x00,0x00,0x00,0x00,0x00,0x00,0x00,0x00,0x00,
    0x00,0x00,0x00,0x00,0x00,0x00,0x00,0x00,0x00,0x00,0x00,0x00,0x00,0x00,0x00,0x00,0x00,0x00,0x00,0x00,0x00,0x00,0x00,0x00,0x00,0x00,0x00,0x00,0x00,0x00,0x00,0x00,
    0x00,0x00,0x00,0x00,0x00,0x00,0x00,0x00,0x00,0x00,0x00,0x00,0x00,0x00,0x00,0x00,0x00,0x00,0x00,0x00,0x00,0x00,0x00,0x00,0x00,0x00,0x00,0x00,0x00,0x00,0x00,0x00,
    0x00,0x00,0x00,0x00,0x00,0x00,0x00,0x00,0x00,0x00,0x00,0x00,0x00,0x00,0x00,0x00,0x00,0x00,0x00,0x00,0x00,0x00,0x00,0x00,0x00,0x00,0x00,0x00,0x00,0x00,0x00,0x00,
    0x00,0x00,0x00,0x00,0x00,0x00,0x00,0x00,0x00,0x00,0x00,0x00,0x00,0x00,0x00,0x00,0x00,0x00,0x00,0x00,0x00,0x00,0x00,0x00,0x00,0x00,0x00,0x00,0x00,0x00,0x00,0x00,
    0x00,0x00,0x00,0x00,0x00,0x00,0x00,0x00,0x00,0x00,0x00,0x00,0x00,0x00,0x00,0x00,0x00,0x00,0x00,0x00,0x00,0x00,0x00,0x00,0x00,0x00,0x00,0x00,0x00,0x00,0x00,0x00,
    0x00,0x00,0x00,0x00,0x00,0x00,0x00,0x00,0x00,0x00,0x00,0x00,0x00,0x00,0x00,0x00,0x00,0x00,0x00,0x00,0x00,0x00,0x00,0x00,0x00,0x00,0x00,0x00,0x00,0x00,0x00,0x00,
    0x00,0x00,0x00,0x00,0x00,0x00,0x00,0x00,0x00,0x00,0x00,0x00,0x00,0x00,0x00,0x00,0x00,0x00,0x00,0x00,0x00,0x00,0x00,0x00,0x00,0x00,0x00,0x00,0x00,0x00,0x00,0x00,
    0x00,0x00,0x00,0x00,0x00,0x00,0x00,0x00,0x00,0x7f,0xff,0x04,0x00,0x00,0x00,0x00,0x19,0x58,0xe3,0x8a,0x1c,0x5d,0xf3,0xff,0x1a,0x55,0xe1,0xfb,0x1a,0x54,0xe2,0xff,
    0x1b,0x53,0xe2,0xff,0x1b,0x53,0xe2,0xff,0x1b,0x52,0xe2,0xff,0x1b,0x51,0xe2,0xff,0x1b,0x51,0xe2,0xff,0x1b,0x51,0xe2,0xff,0x1b,0x51,0xe2,0xff,0x1b,0x51,0xe2,0xff,
    0x1b,0x52,0xe2,0xff,0x1b,0x52,0xe1,0xfe,0x1b,0x58,0xe9,0xfc,0x1c,0x56,0xe6,0x35,0x00,0x00,0x00,0x00,0x00,0x55,0xff,0x03,0x00,0x00,0x00,0x00,0x00,0x00,0x00,0x00,
    0x00,0x00,0x00,0x00,0x00,0x00,0x00,0x00,0x55,0xaa,0x55,0x03,0x00,0x00,0x00,0x00,0x5c,0xc0,0x58,0x45,0x62,0xc9,0x60,0xff,0x5a,0xbe,0x5d,0xfd,0x5a,0xbf,0x60,0xff,
    0x59,0xbf,0x61,0xff,0x58,0xbf,0x63,0xff,0x58,0xbf,0x63,0xff,0x58,0xbf,0x63,0xff,0x57,0xbf,0x64,0xff,0x57,0xbf,0x65,0xff,0x57,0xbf,0x65,0xff,0x57,0xbf,0x64,0xff,
    0x58,0xbf,0x64,0xff,0x58,0xbe,0x61,0xfd,0x5e,0xc8,0x64,0xff,0x5d,0xc2,0x5d,0x3f,0x00,0x00,0x00,0x00,0x55,0xaa,0x55,0x03,0x00,0x00,0x00,0x00,0x00,0x00,0x00,0x00,
    0x00,0x00,0x00,0x00,0x00,0x00,0x00,0x00,0x00,0x00,0x00,0x00,0x00,0x00,0x00,0x00,0x00,0x00,0x00,0x00,0x00,0x00,0x00,0x00,0x00,0x00,0x00,0x00,0x00,0x00,0x00,0x00,
    0x00,0x00,0x00,0x00,0x00,0x00,0x00,0x00,0x00,0x00,0x00,0x00,0x00,0x00,0x00,0x00,0x00,0x00,0x00,0x00,0x00,0x00,0x00,0x00,0x00,0x00,0x00,0x00,0x00,0x00,0x00,0x00,
    0x00,0x00,0x00,0x00,0x00,0x00,0x00,0x00,0x00,0x00,0x00,0x00,0x00,0x00,0x00,0x00,0x00,0x00,0x00,0x00,0x00,0x00,0x00,0x00,0x00,0x00,0x00,0x00,0x00,0x00,0x00,0x00,
    0x00,0x00,0x00,0x00,0x00,0x00,0x00,0x00,0x00,0x00,0x00,0x00,0x00,0x00,0x00,0x00,0x00,0x00,0x00,0x00,0x00,0x00,0x00,0x00,0x00,0x00,0x00,0x00,0x00,0x00,0x00,0x00,
    0x00,0x00,0x00,0x00,0x00,0x00,0x00,0x00,0x00,0x00,0x00,0x00,0x00,0x00,0x00,0x00,0x00,0x00,0x00,0x00,0x00,0x00,0x00,0x00,0x00,0x00,0x00,0x00,0x00,0x00,0x00,0x00,
    0x00,0x00,0x00,0x00,0x00,0x00,0x00,0x00,0x00,0x00,0x00,0x00,0x00,0x00,0x00,0x00,0x00,0x00,0x00,0x00,0x00,0x00,0x00,0x00,0x00,0x00,0x00,0x00,0x00,0x00,0x00,0x00,
    0x00,0x00,0x00,0x00,0x00,0x00,0x00,0x00,0x00,0x00,0x00,0x00,0x00,0x00,0x00,0x00,0x00,0x00,0x00,0x00,0x00,0x00,0x00,0x00,0x00,0x00,0x00,0x00,0x00,0x00,0x00,0x00,
    0x00,0x00,0x00,0x00,0x00,0x00,0x00,0x00,0x00,0x00,0x00,0x00,0x00,0x00,0x00,0x00,0x00,0x00,0x00,0x00,0x00,0x00,0x00,0x00,0x00,0x00,0x00,0x00,0x00,0x00,0x00,0x00,
    0x00,0x00,0x00,0x00,0x00,0x00,0x00,0x00,0x00,0x00,0x00,0x00,0x00,0x00,0x00,0x00,0x00,0x00,0x00,0x00,0x00,0x00,0x00,0x00,0x00,0x00,0x00,0x00,0x00,0x00,0x00,0x00,
    0x00,0x00,0x00,0x00,0x00,0x00,0x00,0x00,0x00,0x00,0x00,0x00,0x00,0x00,0x00,0x00,0x00,0x00,0x00,0x00,0x00,0x00,0x00,0x00,0x00,0x00,0x00,0x00,0x00,0x00,0x00,0x00,
    0x00,0x00,0x00,0x00,0x00,0x00,0x00,0x00,0x00,0x00,0x00,0x00,0x00,0x00,0x00,0x00,0x00,0x00,0x00,0x00,0x00,0x00,0x00,0x00,0x00,0x00,0x00,0x00,0x00,0x00,0x00,0x00,
    0x00,0x00,0x00,0x00,0x00,0x00,0x00,0x00,0x00,0x00,0x00,0x00,0x00,0x00,0x00,0x00,0x00,0x00,0x00,0x00,0x00,0x00,0x00,0x00,0x00,0x00,0x00,0x00,0x00,0x00,0x00,0x00,
    0x00,0x00,0x00,0x00,0x00,0x00,0x00,0x00,0x00,0x00,0x00,0x00,0x00,0x00,0x00,0x00,0x00,0x00,0x00,0x00,0x00,0x00,0x00,0x00,0x00,0x00,0x00,0x00,0x00,0x00,0x00,0x00,
    0x00,0x00,0x00,0x00,0x00,0x00,0x00,0x00,0x00,0x00,0x00,0x00,0x00,0x00,0x00,0x00,0x00,0x00,0x00,0x00,0x00,0x00,0x00,0x00,0x00,0x00,0x00,0x00,0x00,0x00,0x00,0x00,
    0x00,0x00,0x00,0x00,0x00,0x00,0x00,0x00,0x00,0x55,0xff,0x03,0x00,0x00,0x00,0x00,0x18,0x59,0xe6,0x3f,0x1b,0x5a,0xed,0xff,0x1a,0x53,0xe1,0xfd,0x1b,0x53,0xe2,0xff,
    0x1b,0x52,0xe2,0xff,0x1b,0x51,0xe2,0xff,0x1b,0x51,0xe2,0xff,0x1b,0x51,0xe2,0xff,0x1b,0x50,0xe2,0xff,0x1b,0x50,0xe2,0xff,0x1b,0x51,0xe2,0xff,0x1b,0x51,0xe2,0xff,
    0x1b,0x51,0xe2,0xff,0x1b,0x51,0xe1,0xfd,0x1c,0x57,0xed,0xff,0x19,0x55,0xe1,0x45,0x00,0x00,0x00,0x00,0x00,0x55,0xff,0x03,0x00,0x00,0x00,0x00,0x00,0x00,0x00,0x00,
    0x00,0x00,0x00,0x00,0x00,0x00,0x00,0x00,0x7f,0xbf,0x7f,0x04,0x00,0x00,0x00,0x00,0x5e,0xbd,0x57,0x89,0x64,0xcc,0x60,0xff,0x5c,0xbe,0x5c,0xfb,0x5b,0xbf,0x5e,0xff,
    0x5a,0xbf,0x60,0xff,0x5a,0xbf,0x60,0xff,0x59,0xbf,0x62,0xff,0x58,0xbf,0x63,0xff,0x58,0xbf,0x63,0xff,0x58,0xbf,0x63,0xff,0x58,0xbf,0x63,0xff,0x58,0xbf,0x62,0xff,
    0x59,0xbe,0x61,0xfe,0x5c,0xc2,0x62,0xff,0x5c,0xc0,0x5e,0xeb,0x5d,0xae,0x5d,0x13,0x00,0x00,0x00,0x00,0x00,0xff,0x00,0x01,0x00,0x00,0x00,0x00,0x00,0x00,0x00,0x00,
    0x00,0x00,0x00,0x00,0x00,0x00,0x00,0x00,0x00,0x00,0x00,0x00,0x00,0x00,0x00,0x00,0x00,0x00,0x00,0x00,0x00,0x00,0x00,0x00,0x00,0x00,0x00,0x00,0x00,0x00,0x00,0x00,
    0x00,0x00,0x00,0x00,0x00,0x00,0x00,0x00,0x00,0x00,0x00,0x00,0x00,0x00,0x00,0x00,0x00,0x00,0x00,0x00,0x00,0x00,0x00,0x00,0x00,0x00,0x00,0x00,0x00,0x00,0x00,0x00,
    0x00,0x00,0x00,0x00,0x00,0x00,0x00,0x00,0x00,0x00,0x00,0x00,0x00,0x00,0x00,0x00,0x00,0x00,0x00,0x00,0x00,0x00,0x00,0x00,0x00,0x00,0x00,0x00,0x00,0x00,0x00,0x00,
    0x00,0x00,0x00,0x00,0x00,0x00,0x00,0x00,0x00,0x00,0x00,0x00,0x00,0x00,0x00,0x00,0x00,0x00,0x00,0x00,0x00,0x00,0x00,0x00,0x00,0x00,0x00,0x00,0x00,0x00,0x00,0x00,
    0x00,0x00,0x00,0x00,0x00,0x00,0x00,0x00,0x00,0x00,0x00,0x00,0x00,0x00,0x00,0x00,0x00,0x00,0x00,0x00,0x00,0x00,0x00,0x00,0x00,0x00,0x00,0x00,0x00,0x00,0x00,0x00,
    0x00,0x00,0x00,0x00,0x00,0x00,0x00,0x00,0x00,0x00,0x00,0x00,0x00,0x00,0x00,0x00,0x00,0x00,0x00,0x00,0x00,0x00,0x00,0x00,0x00,0x00,0x00,0x00,0x00,0x00,0x00,0x00,
    0x00,0x00,0x00,0x00,0x00,0x00,0x00,0x00,0x00,0x00,0x00,0x00,0x00,0x00,0x00,0x00,0x00,0x00,0x00,0x00,0x00,0x00,0x00,0x00,0x00,0x00,0x00,0x00,0x00,0x00,0x00,0x00,
    0x00,0x00,0x00,0x00,0x00,0x00,0x00,0x00,0x00,0x00,0x00,0x00,0x00,0x00,0x00,0x00,0x00,0x00,0x00,0x00,0x00,0x00,0x00,0x00,0x00,0x00,0x00,0x00,0x00,0x00,0x00,0x00,
    0x00,0x00,0x00,0x00,0x00,0x00,0x00,0x00,0x00,0x00,0x00,0x00,0x00,0x00,0x00,0x00,0x00,0x00,0x00,0x00,0x00,0x00,0x00,0x00,0x00,0x00,0x00,0x00,0x00,0x00,0x00,0x00,
    0x00,0x00,0x00,0x00,0x00,0x00,0x00,0x00,0x00,0x00,0x00,0x00,0x00,0x00,0x00,0x00,0x00,0x00,0x00,0x00,0x00,0x00,0x00,0x00,0x00,0x00,0x00,0x00,0x00,0x00,0x00,0x00,
    0x00,0x00,0x00,0x00,0x00,0x00,0x00,0x00,0x00,0x00,0x00,0x00,0x00,0x00,0x00,0x00,0x00,0x00,0x00,0x00,0x00,0x00,0x00,0x00,0x00,0x00,0x00,0x00,0x00,0x00,0x00,0x00,
    0x00,0x00,0x00,0x00,0x00,0x00,0x00,0x00,0x00,0x00,0x00,0x00,0x00,0x00,0x00,0x00,0x00,0x00,0x00,0x00,0x00,0x00,0x00,0x00,0x00,0x00,0x00,0x00,0x00,0x00,0x00,0x00,
    0x00,0x00,0x00,0x00,0x00,0x00,0x00,0x00,0x00,0x00,0x00,0x00,0x00,0x00,0x00,0x00,0x00,0x00,0x00,0x00,0x00,0x00,0x00,0x00,0x00,0x00,0x00,0x00,0x00,0x00,0x00,0x00,
    0x00,0x00,0x00,0x00,0x00,0x00,0x00,0x00,0x00,0x00,0x00,0x00,0x00,0x00,0x00,0x00,0x00,0x00,0x00,0x00,0x00,0x00,0x00,0x00,0x00,0x00,0x00,0x00,0x00,0x00,0x00,0x00,
    0x00,0x00,0x00,0x00,0x00,0x00,0x00,0x00,0x00,0x00,0xff,0x01,0x00,0x00,0x00,0x00,0x1a,0x5d,0xe4,0x13,0x1a,0x55,0xe3,0xeb,0x1b,0x55,0xe6,0xff,0x1b,0x52,0xe1,0xfe,
    0x1b,0x51,0xe2,0xff,0x1b,0x51,0xe2,0xff,0x1c,0x50,0xe2,0xff,0x1c,0x4f,0xe1,0xff,0x1c,0x4f,0xe1,0xff,0x1c,0x4f,0xe1,0xff,0x1c,0x4f,0xe1,0xff,0x1c,0x4f,0xe1,0xff,
    0x1c,0x50,0xe1,0xff,0x1a,0x50,0xe1,0xfb,0x1d,0x57,0xf1,0xff,0x1b,0x53,0xe1,0x89,0x00,0x00,0x00,0x00,0x00,0x3f,0xff,0x04,0x00,0x00,0x00,0x00,0x00,0x00,0x00,0x00,
    0x00,0x00,0x00,0x00,0x00,0x00,0x00,0x00,0xff,0xff,0xff,0x01,0x66,0xcc,0x66,0x05,0x5f,0xbf,0x56,0xce,0x62,0xc7,0x5d,0xff,0x5c,0xbe,0x5b,0xfd,0x5c,0xbf,0x5d,0xff,
    0x5b,0xbf,0x5e,0xff,0x5a,0xbf,0x60,0xff,0x5a,0xbf,0x60,0xff,0x5a,0xbf,0x60,0xff,0x59,0xbf,0x61,0xff,0x59,0xbf,0x61,0xff,0x5a,0xbf,0x61,0xff,0x5a,0xbf,0x60,0xff,
    0x5a,0xbf,0x5f,0xfc,0x60,0xc8,0x63,0xff,0x5c,0xbe,0x5b,0xc3,0x00,0x00,0x00,0x01,0x7f,0xff,0x7f,0x02,0x00,0x00,0x00,0x00,0x00,0x00,0x00,0x00,0x00,0x00,0x00,0x00,
    0x00,0x00,0x00,0x00,0x00,0x00,0x00,0x00,0x00,0x00,0x00,0x00,0x00,0x00,0x00,0x00,0x00,0x00,0x00,0x00,0x00,0x00,0x00,0x00,0x00,0x00,0x00,0x00,0x00,0x00,0x00,0x00,
    0x00,0x00,0x00,0x00,0x00,0x00,0x00,0x00,0x00,0x00,0x00,0x00,0x00,0x00,0x00,0x00,0x00,0x00,0x00,0x00,0x00,0x00,0x00,0x00,0x00,0x00,0x00,0x00,0x00,0x00,0x00,0x00,
    0x00,0x00,0x00,0x00,0x00,0x00,0x00,0x00,0x00,0x00,0x00,0x00,0x00,0x00,0x00,0x00,0x00,0x00,0x00,0x00,0x00,0x00,0x00,0x00,0x00,0x00,0x00,0x00,0x00,0x00,0x00,0x00,
    0x00,0x00,0x00,0x00,0x00,0x00,0x00,0x00,0x00,0x00,0x00,0x00,0x00,0x00,0x00,0x00,0x00,0x00,0x00,0x00,0x00,0x00,0x00,0x00,0x00,0x00,0x00,0x00,0x00,0x00,0x00,0x00,
    0x00,0x00,0x00,0x00,0x00,0x00,0x00,0x00,0x00,0x00,0x00,0x00,0x00,0x00,0x00,0x00,0x00,0x00,0x00,0x00,0x00,0x00,0x00,0x00,0x00,0x00,0x00,0x00,0x00,0x00,0x00,0x00,
    0x00,0x00,0x00,0x00,0x00,0x00,0x00,0x00,0x00,0x00,0x00,0x00,0x00,0x00,0x00,0x00,0x00,0x00,0x00,0x00,0x00,0x00,0x00,0x00,0x00,0x00,0x00,0x00,0x00,0x00,0x00,0x00,
    0x00,0x00,0x00,0x00,0x00,0x00,0x00,0x00,0x00,0x00,0x00,0x00,0x00,0x00,0x00,0x00,0x00,0x00,0x00,0x00,0x00,0x00,0x00,0x00,0x00,0x00,0x00,0x00,0x00,0x00,0x00,0x00,
    0x00,0x00,0x00,0x00,0x00,0x00,0x00,0x00,0x00,0x00,0x00,0x00,0x00,0x00,0x00,0x00,0x00,0x00,0x00,0x00,0x00,0x00,0x00,0x00,0x00,0x00,0x00,0x00,0x00,0x00,0x00,0x00,
    0x00,0x00,0x00,0x00,0x00,0x00,0x00,0x00,0x00,0x00,0x00,0x00,0x00,0x00,0x00,0x00,0x00,0x00,0x00,0x00,0x00,0x00,0x00,0x00,0x00,0x00,0x00,0x00,0x00,0x00,0x00,0x00,
    0x00,0x00,0x00,0x00,0x00,0x00,0x00,0x00,0x00,0x00,0x00,0x00,0x00,0x00,0x00,0x00,0x00,0x00,0x00,0x00,0x00,0x00,0x00,0x00,0x00,0x00,0x00,0x00,0x00,0x00,0x00,0x00,
    0x00,0x00,0x00,0x00,0x00,0x00,0x00,0x00,0x00,0x00,0x00,0x00,0x00,0x00,0x00,0x00,0x00,0x00,0x00,0x00,0x00,0x00,0x00,0x00,0x00,0x00,0x00,0x00,0x00,0x00,0x00,0x00,
    0x00,0x00,0x00,0x00,0x00,0x00,0x00,0x00,0x00,0x00,0x00,0x00,0x00,0x00,0x00,0x00,0x00,0x00,0x00,0x00,0x00,0x00,0x00,0x00,0x00,0x00,0x00,0x00,0x00,0x00,0x00,0x00,
    0x00,0x00,0x00,0x00,0x00,0x00,0x00,0x00,0x00,0x00,0x00,0x00,0x00,0x00,0x00,0x00,0x00,0x00,0x00,0x00,0x00,0x00,0x00,0x00,0x00,0x00,0x00,0x00,0x00,0x00,0x00,0x00,
    0x00,0x00,0x00,0x00,0x00,0x00,0x00,0x00,0x00,0x00,0x00,0x00,0x00,0x00,0x00,0x00,0x00,0x00,0x00,0x00,0x00,0x00,0x00,0x00,0x00,0x00,0x00,0x00,0x00,0x00,0x00,0x00,
    0x00,0x00,0x00,0x00,0x00,0x00,0x00,0x00,0x00,0x00,0x00,0x00,0x00,0x7f,0xff,0x02,0x00,0x00,0x00,0x01,0x1a,0x55,0xe2,0xc3,0x1c,0x57,0xed,0xff,0x1b,0x50,0xe1,0xfc,
    0x1b,0x50,0xe2,0xff,0x1c,0x4f,0xe1,0xff,0x1c,0x4f,0xe1,0xff,0x1c,0x4f,0xe1,0xff,0x1c,0x4e,0xe1,0xff,0x1c,0x4e,0xe1,0xff,0x1c,0x4e,0xe1,0xff,0x1c,0x4e,0xe1,0xff,
    0x1c,0x4f,0xe1,0xff,0x1b,0x4f,0xe0,0xfd,0x1c,0x54,0xeb,0xff,0x1b,0x52,0xe2,0xce,0x33,0x66,0xff,0x05,0x00,0xff,0xff,0x01,0x00,0x00,0x00,0x00,0x00,0x00,0x00,0x00,
    0x00,0x00,0x00,0x00,0x00,0xff,0x00,0x01,0x00,0x00,0x00,0x00,0x5b,0xb6,0x48,0x0e,0x60,0xbe,0x54,0xee,0x61,0xc2,0x5a,0xff,0x5e,0xbe,0x5a,0xfe,0x5d,0xbf,0x5c,0xff,
    0x5c,0xbf,0x5d,0xff,0x5c,0xbf,0x5d,0xff,0x5b,0xbf,0x5f,0xff,0x5a,0xbf,0x5f,0xff,0x5a,0xbf,0x60,0xff,0x5a,0xbf,0x60,0xff,0x5a,0xbf,0x5f,0xff,0x5b,0xbf,0x5f,0xff,
    0x5b,0xbf,0x5d,0xfc,0x63,0xca,0x61,0xff,0x5e,0xbf,0x58,0xb0,0x00,0x00,0x00,0x00,0x55,0xaa,0x55,0x03,0x00,0x00,0x00,0x00,0x00,0x00,0x00,0x00,0x00,0x00,0x00,0x00,
    0x00,0x00,0x00,0x00,0x00,0x00,0x00,0x00,0x00,0x00,0x00,0x00,0x00,0x00,0x00,0x00,0x00,0x00,0x00,0x00,0x00,0x00,0x00,0x00,0x00,0x00,0x00,0x00,0x00,0x00,0x00,0x00,
    0x00,0x00,0x00,0x00,0x00,0x00,0x00,0x00,0x00,0x00,0x00,0x00,0x00,0x00,0x00,0x00,0x00,0x00,0x00,0x00,0x00,0x00,0x00,0x00,0x00,0x00,0x00,0x00,0x00,0x00,0x00,0x00,
    0x00,0x00,0x00,0x00,0x00,0x00,0x00,0x00,0x00,0x00,0x00,0x00,0x00,0x00,0x00,0x00,0x00,0x00,0x00,0x00,0x00,0x00,0x00,0x00,0x00,0x00,0x00,0x00,0x00,0x00,0x00,0x00,
    0x00,0x00,0x00,0x00,0x00,0x00,0x00,0x00,0x00,0x00,0x00,0x00,0x00,0x00,0x00,0x00,0x00,0x00,0x00,0x00,0x00,0x00,0x00,0x00,0x00,0x00,0x00,0x00,0x00,0x00,0x00,0x00,
    0x00,0x00,0x00,0x00,0x00,0x00,0x00,0x00,0x00,0x00,0x00,0x00,0x00,0x00,0x00,0x00,0x00,0x00,0x00,0x00,0x00,0x00,0x00,0x00,0x00,0x00,0x00,0x00,0x00,0x00,0x00,0x00,
    0x00,0x00,0x00,0x00,0x00,0x00,0x00,0x00,0x00,0x00,0x00,0x00,0x00,0x00,0x00,0x00,0x00,0x00,0x00,0x00,0x00,0x00,0x00,0x00,0x00,0x00,0x00,0x00,0x00,0x00,0x00,0x00,
    0x00,0x00,0x00,0x00,0x00,0x00,0x00,0x00,0x00,0x00,0x00,0x00,0x00,0x00,0x00,0x00,0x00,0x00,0x00,0x00,0x00,0x00,0x00,0x00,0x00,0x00,0x00,0x00,0x00,0x00,0x00,0x00,
    0x00,0x00,0x00,0x00,0x00,0x00,0x00,0x00,0x00,0x00,0x00,0x00,0x00,0x00,0x00,0x00,0x00,0x00,0x00,0x00,0x00,0x00,0x00,0x00,0x00,0x00,0x00,0x00,0x00,0x00,0x00,0x00,
    0x00,0x00,0x00,0x00,0x00,0x00,0x00,0x00,0x00,0x00,0x00,0x00,0x00,0x00,0x00,0x00,0x00,0x00,0x00,0x00,0x00,0x00,0x00,0x00,0x00,0x00,0x00,0x00,0x00,0x00,0x00,0x00,
    0x00,0x00,0x00,0x00,0x00,0x00,0x00,0x00,0x00,0x00,0x00,0x00,0x00,0x00,0x00,0x00,0x00,0x00,0x00,0x00,0x00,0x00,0x00,0x00,0x00,0x00,0x00,0x00,0x00,0x00,0x00,0x00,
    0x00,0x00,0x00,0x00,0x00,0x00,0x00,0x00,0x00,0x00,0x00,0x00,0x00,0x00,0x00,0x00,0x00,0x00,0x00,0x00,0x00,0x00,0x00,0x00,0x00,0x00,0x00,0x00,0x00,0x00,0x00,0x00,
    0x00,0x00,0x00,0x00,0x00,0x00,0x00,0x00,0x00,0x00,0x00,0x00,0x00,0x00,0x00,0x00,0x00,0x00,0x00,0x00,0x00,0x00,0x00,0x00,0x00,0x00,0x00,0x00,0x00,0x00,0x00,0x00,
    0x00,0x00,0x00,0x00,0x00,0x00,0x00,0x00,0x00,0x00,0x00,0x00,0x00,0x00,0x00,0x00,0x00,0x00,0x00,0x00,0x00,0x00,0x00,0x00,0x00,0x00,0x00,0x00,0x00,0x00,0x00,0x00,
    0x00,0x00,0x00,0x00,0x00,0x00,0x00,0x00,0x00,0x00,0x00,0x00,0x00,0x00,0x00,0x00,0x00,0x00,0x00,0x00,0x00,0x00,0x00,0x00,0x00,0x00,0x00,0x00,0x00,0x00,0x00,0x00,
    0x00,0x00,0x00,0x00,0x00,0x00,0x00,0x00,0x00,0x00,0x00,0x00,0x00,0x55,0xff,0x03,0x00,0x00,0x00,0x00,0x1a,0x54,0xe0,0xb0,0x1c,0x57,0xef,0xff,0x1b,0x4f,0xe1,0xfc,
    0x1c,0x4f,0xe1,0xff,0x1c,0x4f,0xe1,0xff,0x1c,0x4e,0xe1,0xff,0x1c,0x4d,0xe1,0xff,0x1c,0x4d,0xe1,0xff,0x1c,0x4d,0xe1,0xff,0x1c,0x4d,0xe1,0xff,0x1c,0x4d,0xe1,0xff,
    0x1c,0x4d,0xe1,0xff,0x1c,0x4e,0xe0,0xfe,0x1c,0x51,0xe5,0xff,0x1a,0x51,0xe1,0xee,0x24,0x48,0xda,0x0e,0x00,0x00,0x00,0x00,0x00,0x00,0xff,0x01,0x00,0x00,0x00,0x00,
    0x00,0x00,0x00,0x00,0x7f,0xff,0x7f,0x02,0x00,0x00,0x00,0x00,0x61,0xbc,0x4e,0x2a,0x63,0xc3,0x56,0xf6,0x60,0xc0,0x58,0xfe,0x5e,0xbe,0x5a,0xfe,0x5e,0xbf,0x5a,0xff,
    0x5d,0xbf,0x5c,0xff,0x5c,0xbf,0x5d,0xff,0x5c,0xbf,0x5d,0xff,0x5c,0xbf,0x5d,0xff,0x5c,0xbf,0x5d,0xff,0x5c,0xbf,0x5d,0xff,0x5c,0xbf,0x5d,0xff,0x5c,0xbf,0x5d,0xff,
    0x5c,0xbe,0x5b,0xfb,0x66,0xcd,0x60,0xff,0x61,0xbf,0x55,0x71,0x00,0x00,0x00,0x00,0x7f,0xbf,0x7f,0x04,0x00,0x00,0x00,0x00,0x00,0x00,0x00,0x00,0x00,0x00,0x00,0x00,
    0x00,0x00,0x00,0x00,0x00,0x00,0x00,0x00,0x00,0x00,0x00,0x00,0x00,0x00,0x00,0x00,0x00,0x00,0x00,0x00,0x00,0x00,0x00,0x00,0x00,0x00,0x00,0x00,0x00,0x00,0x00,0x00,
    0x00,0x00,0x00,0x00,0x00,0x00,0x00,0x00,0x00,0x00,0x00,0x00,0x00,0x00,0x00,0x00,0x00,0x00,0x00,0x00,0x00,0x00,0x00,0x00,0x00,0x00,0x00,0x00,0x00,0x00,0x00,0x00,
    0x00,0x00,0x00,0x00,0x00,0x00,0x00,0x00,0x00,0x00,0x00,0x00,0x00,0x00,0x00,0x00,0x00,0x00,0x00,0x00,0x00,0x00,0x00,0x00,0x00,0x00,0x00,0x00,0x00,0x00,0x00,0x00,
    0x00,0x00,0x00,0x00,0x00,0x00,0x00,0x00,0x00,0x00,0x00,0x00,0x00,0x00,0x00,0x00,0x00,0x00,0x00,0x00,0x00,0x00,0x00,0x00,0x00,0x00,0x00,0x00,0x00,0x00,0x00,0x00,
    0x00,0x00,0x00,0x00,0x00,0x00,0x00,0x00,0x00,0x00,0x00,0x00,0x00,0x00,0x00,0x00,0x00,0x00,0x00,0x00,0x00,0x00,0x00,0x00,0x00,0x00,0x00,0x00,0x00,0x00,0x00,0x00,
    0x00,0x00,0x00,0x00,0x00,0x00,0x00,0x00,0x00,0x00,0x00,0x00,0x00,0x00,0x00,0x00,0x00,0x00,0x00,0x00,0x00,0x00,0x00,0x00,0x00,0x00,0x00,0x00,0x00,0x00,0x00,0x00,
    0x00,0x00,0x00,0x00,0x00,0x00,0x00,0x00,0x00,0x00,0x00,0x00,0x00,0x00,0x00,0x00,0x00,0x00,0x00,0x00,0x00,0x00,0x00,0x00,0x00,0x00,0x00,0x00,0x00,0x00,0x00,0x00,
    0x00,0x00,0x00,0x00,0x00,0x00,0x00,0x00,0x00,0x00,0x00,0x00,0x00,0x00,0x00,0x00,0x00,0x00,0x00,0x00,0x00,0x00,0x00,0x00,0x00,0x00,0x00,0x00,0x00,0x00,0x00,0x00,
    0x00,0x00,0x00,0x00,0x00,0x00,0x00,0x00,0x00,0x00,0x00,0x00,0x00,0x00,0x00,0x00,0x00,0x00,0x00,0x00,0x00,0x00,0x00,0x00,0x00,0x00,0x00,0x00,0x00,0x00,0x00,0x00,
    0x00,0x00,0x00,0x00,0x00,0x00,0x00,0x00,0x00,0x00,0x00,0x00,0x00,0x00,0x00,0x00,0x00,0x00,0x00,0x00,0x00,0x00,0x00,0x00,0x00,0x00,0x00,0x00,0x00,0x00,0x00,0x00,
    0x00,0x00,0x00,0x00,0x00,0x00,0x00,0x00,0x00,0x00,0x00,0x00,0x00,0x00,0x00,0x00,0x00,0x00,0x00,0x00,0x00,0x00,0x00,0x00,0x00,0x00,0x00,0x00,0x00,0x00,0x00,0x00,
    0x00,0x00,0x00,0x00,0x00,0x00,0x00,0x00,0x00,0x00,0x00,0x00,0x00,0x00,0x00,0x00,0x00,0x00,0x00,0x00,0x00,0x00,0x00,0x00,0x00,0x00,0x00,0x00,0x00,0x00,0x00,0x00,
    0x00,0x00,0x00,0x00,0x00,0x00,0x00,0x00,0x00,0x00,0x00,0x00,0x00,0x00,0x00,0x00,0x00,0x00,0x00,0x00,0x00,0x00,0x00,0x00,0x00,0x00,0x00,0x00,0x00,0x00,0x00,0x00,
    0x00,0x00,0x00,0x00,0x00,0x00,0x00,0x00,0x00,0x00,0x00,0x00,0x00,0x00,0x00,0x00,0x00,0x00,0x00,0x00,0x00,0x00,0x00,0x00,0x00,0x00,0x00,0x00,0x00,0x00,0x00,0x00,
    0x00,0x00,0x00,0x00,0x00,0x00,0x00,0x00,0x00,0x00,0x00,0x00,0x00,0x3f,0xff,0x04,0x00,0x00,0x00,0x00,0x1b,0x53,0xe1,0x71,0x1d,0x58,0xf3,0xff,0x1b,0x4f,0xe0,0xfb,
    0x1c,0x4e,0xe1,0xff,0x1c,0x4d,0xe1,0xff,0x1c,0x4d,0xe1,0xff,0x1d,0x4c,0xe1,0xff,0x1d,0x4c,0xe1,0xff,0x1d,0x4c,0xe1,0xff,0x1d,0x4c,0xe1,0xff,0x1d,0x4c,0xe1,0xff,
    0x1c,0x4d,0xe1,0xff,0x1c,0x4d,0xe0,0xfe,0x1d,0x4e,0xe2,0xfe,0x1d,0x51,0xe7,0xf6,0x1e,0x4e,0xe0,0x2a,0x00,0x00,0x00,0x00,0x00,0x7f,0xff,0x02,0x00,0x00,0x00,0x00,
    0x00,0x00,0x00,0x00,0x55,0xaa,0x55,0x03,0x00,0x00,0x00,0x00,0x63,0xbf,0x53,0x40,0x66,0xc9,0x58,0xff,0x5f,0xbe,0x55,0xfd,0x5f,0xbf,0x58,0xff,0x5e,0xbf,0x5a,0xff,
    0x5e,0xbf,0x5a,0xff,0x5e,0xbf,0x5b,0xff,0x5d,0xbf,0x5b,0xff,0x5d,0xbf,0x5c,0xff,0x5d,0xbf,0x5c,0xff,0x5d,0xbf,0x5c,0xff,0x5d,0xbf,0x5b,0xff,0x5d,0xbe,0x5a,0xfe,
    0x5f,0xc0,0x5a,0xfe,0x62,0xc3,0x59,0xf6,0x62,0xbd,0x55,0x27,0x00,0x00,0x00,0x00,0x00,0x7f,0x00,0x02,0x00,0x00,0x00,0x00,0x00,0x00,0x00,0x00,0x00,0x00,0x00,0x00,
    0x00,0x00,0x00,0x00,0x00,0x00,0x00,0x00,0x00,0x00,0x00,0x00,0x00,0x00,0x00,0x00,0x00,0x00,0x00,0x00,0x00,0x00,0x00,0x00,0x00,0x00,0x00,0x00,0x00,0x00,0x00,0x00,
    0x00,0x00,0x00,0x00,0x00,0x00,0x00,0x00,0x00,0x00,0x00,0x00,0x00,0x00,0x00,0x00,0x00,0x00,0x00,0x00,0x00,0x00,0x00,0x00,0x00,0x00,0x00,0x00,0x00,0x00,0x00,0x00,
    0x00,0x00,0x00,0x00,0x00,0x00,0x00,0x00,0x00,0x00,0x00,0x00,0x00,0x00,0x00,0x00,0x00,0x00,0x00,0x00,0x00,0x00,0x00,0x00,0x00,0x00,0x00,0x00,0x00,0x00,0x00,0x00,
    0x00,0x00,0x00,0x00,0x00,0x00,0x00,0x00,0x00,0x00,0x00,0x00,0x00,0x00,0x00,0x00,0x00,0x00,0x00,0x00,0x00,0x00,0x00,0x00,0x00,0x00,0x00,0x00,0x00,0x00,0x00,0x00,
    0x00,0x00,0x00,0x00,0x00,0x00,0x00,0x00,0x00,0x00,0x00,0x00,0x00,0x00,0x00,0x00,0x00,0x00,0x00,0x00,0x00,0x00,0x00,0x00,0x00,0x00,0x00,0x00,0x00,0x00,0x00,0x00,
    0x00,0x00,0x00,0x00,0x00,0x00,0x00,0x00,0x00,0x00,0x00,0x00,0x00,0x00,0x00,0x00,0x00,0x00,0x00,0x00,0x00,0x00,0x00,0x00,0x00,0x00,0x00,0x00,0x00,0x00,0x00,0x00,
    0x00,0x00,0x00,0x00,0x00,0x00,0x00,0x00,0x00,0x00,0x00,0x00,0x00,0x00,0x00,0x00,0x00,0x00,0x00,0x00,0x00,0x00,0x00,0x00,0x00,0x00,0x00,0x00,0x00,0x00,0x00,0x00,
    0x00,0x00,0x00,0x00,0x00,0x00,0x00,0x00,0x00,0x00,0x00,0x00,0x00,0x00,0x00,0x00,0x00,0x00,0x00,0x00,0x00,0x00,0x00,0x00,0x00,0x00,0x00,0x00,0x00,0x00,0x00,0x00,
    0x00,0x00,0x00,0x00,0x00,0x00,0x00,0x00,0x00,0x00,0x00,0x00,0x00,0x00,0x00,0x00,0x00,0x00,0x00,0x00,0x00,0x00,0x00,0x00,0x00,0x00,0x00,0x00,0x00,0x00,0x00,0x00,
    0x00,0x00,0x00,0x00,0x00,0x00,0x00,0x00,0x00,0x00,0x00,0x00,0x00,0x00,0x00,0x00,0x00,0x00,0x00,0x00,0x00,0x00,0x00,0x00,0x00,0x00,0x00,0x00,0x00,0x00,0x00,0x00,
    0x00,0x00,0x00,0x00,0x00,0x00,0x00,0x00,0x00,0x00,0x00,0x00,0x00,0x00,0x00,0x00,0x00,0x00,0x00,0x00,0x00,0x00,0x00,0x00,0x00,0x00,0x00,0x00,0x00,0x00,0x00,0x00,
    0x00,0x00,0x00,0x00,0x00,0x00,0x00,0x00,0x00,0x00,0x00,0x00,0x00,0x00,0x00,0x00,0x00,0x00,0x00,0x00,0x00,0x00,0x00,0x00,0x00,0x00,0x00,0x00,0x00,0x00,0x00,0x00,
    0x00,0x00,0x00,0x00,0x00,0x00,0x00,0x00,0x00,0x00,0x00,0x00,0x00,0x00,0x00,0x00,0x00,0x00,0x00,0x00,0x00,0x00,0x00,0x00,0x00,0x00,0x00,0x00,0x00,0x00,0x00,0x00,
    0x00,0x00,0x00,0x00,0x00,0x00,0x00,0x00,0x00,0x00,0x00,0x00,0x00,0x00,0x00,0x00,0x00,0x00,0x00,0x00,0x00,0x00,0x00,0x00,0x00,0x00,0x00,0x00,0x00,0x00,0x00,0x00,
    0x00,0x00,0x00,0x00,0x00,0x00,0x00,0x00,0x00,0x00,0x00,0x00,0x00,0x7f,0xff,0x02,0x00,0x00,0x00,0x00,0x1a,0x4e,0xde,0x27,0x1b,0x51,0xe7,0xf6,0x1d,0x4f,0xe2,0xfe,
    0x1c,0x4d,0xe0,0xfe,0x1c,0x4d,0xe1,0xff,0x1d,0x4b,0xe1,0xff,0x1d,0x4b,0xe1,0xff,0x1d,0x4b,0xe1,0xff,0x1d,0x4b,0xe1,0xff,0x1d,0x4b,0xe1,0xff,0x1d,0x4b,0xe1,0xff,
    0x1d,0x4b,0xe1,0xff,0x1d,0x4c,0xe1,0xff,0x1c,0x4c,0xe0,0xfd,0x1d,0x53,0xec,0xff,0x1b,0x4f,0xe3,0x40,0x00,0x00,0x00,0x00,0x00,0x55,0xff,0x03,0x00,0x00,0x00,0x00,
    0x00,0x00,0x00,0x00,0x55,0xaa,0x55,0x03,0x00,0x00,0x00,0x00,0x62,0xbf,0x4f,0x60,0x68,0xca,0x58,0xff,0x60,0xbf,0x55,0xfc,0x60,0xbf,0x57,0xff,0x5f,0xbf,0x58,0xff,
    0x5e,0xbf,0x59,0xff,0x5e,0xbf,0x5a,0xff,0x5e,0xbf,0x5a,0xff,0x5e,0xbf,0x5a,0xff,0x5e,0xbf,0x5a,0xff,0x5e,0xbf,0x5a,0xff,0x5e,0xbf,0x5a,0xff,0x5e,0xbe,0x59,0xfe,
    0x61,0xc2,0x59,0xff,0x61,0xbe,0x54,0xef,0x66,0xaa,0x44,0x0f,0x00,0x00,0x00,0x00,0x00,0xff,0x00,0x01,0x00,0x00,0x00,0x00,0x00,0x00,0x00,0x00,0x00,0x00,0x00,0x00,
    0x00,0x00,0x00,0x00,0x00,0x00,0x00,0x00,0x00,0x00,0x00,0x00,0x00,0x00,0x00,0x00,0x00,0x00,0x00,0x00,0x00,0x00,0x00,0x00,0x00,0x00,0x00,0x00,0x00,0x00,0x00,0x00,
    0x00,0x00,0x00,0x00,0x00,0x00,0x00,0x00,0x00,0x00,0x00,0x00,0x00,0x00,0x00,0x00,0x00,0x00,0x00,0x00,0x00,0x00,0x00,0x00,0x00,0x00,0x00,0x00,0x00,0x00,0x00,0x00,
    0x00,0x00,0x00,0x00,0x00,0x00,0x00,0x00,0x00,0x00,0x00,0x00,0x00,0x00,0x00,0x00,0x00,0x00,0x00,0x00,0x00,0x00,0x00,0x00,0x00,0x00,0x00,0x00,0x00,0x00,0x00,0x00,
    0x00,0x00,0x00,0x00,0x00,0x00,0x00,0x00,0x00,0x00,0x00,0x00,0x00,0x00,0x00,0x00,0x00,0x00,0x00,0x00,0x00,0x00,0x00,0x00,0x00,0x00,0x00,0x00,0x00,0x00,0x00,0x00,
    0x00,0x00,0x00,0x00,0x00,0x00,0x00,0x00,0x00,0x00,0x00,0x00,0x00,0x00,0x00,0x00,0x00,0x00,0x00,0x00,0x00,0x00,0x00,0x00,0x00,0x00,0x00,0x00,0x00,0x00,0x00,0x00,
    0x00,0x00,0x00,0x00,0x00,0x00,0x00,0x00,0x00,0x00,0x00,0x00,0x00,0x00,0x00,0x00,0x00,0x00,0x00,0x00,0x00,0x00,0x00,0x00,0x00,0x00,0x00,0x00,0x00,0x00,0x00,0x00,
    0x00,0x00,0x00,0x00,0x00,0x00,0x00,0x00,0x00,0x00,0x00,0x00,0x00,0x00,0x00,0x00,0x00,0x00,0x00,0x00,0x00,0x00,0x00,0x00,0x00,0x00,0x00,0x00,0x00,0x00,0x00,0x00,
    0x00,0x00,0x00,0x00,0x00,0x00,0x00,0x00,0x00,0x00,0x00,0x00,0x00,0x00,0x00,0x00,0x00,0x00,0x00,0x00,0x00,0x00,0x00,0x00,0x00,0x00,0x00,0x00,0x00,0x00,0x00,0x00,
    0x00,0x00,0x00,0x00,0x00,0x00,0x00,0x00,0x00,0x00,0x00,0x00,0x00,0x00,0x00,0x00,0x00,0x00,0x00,0x00,0x00,0x00,0x00,0x00,0x00,0x00,0x00,0x00,0x00,0x00,0x00,0x00,
    0x00,0x00,0x00,0x00,0x00,0x00,0x00,0x00,0x00,0x00,0x00,0x00,0x00,0x00,0x00,0x00,0x00,0x00,0x00,0x00,0x00,0x00,0x00,0x00,0x00,0x00,0x00,0x00,0x00,0x00,0x00,0x00,
    0x00,0x00,0x00,0x00,0x00,0x00,0x00,0x00,0x00,0x00,0x00,0x00,0x00,0x00,0x00,0x00,0x00,0x00,0x00,0x00,0x00,0x00,0x00,0x00,0x00,0x00,0x00,0x00,0x00,0x00,0x00,0x00,
    0x00,0x00,0x00,0x00,0x00,0x00,0x00,0x00,0x00,0x00,0x00,0x00,0x00,0x00,0x00,0x00,0x00,0x00,0x00,0x00,0x00,0x00,0x00,0x00,0x00,0x00,0x00,0x00,0x00,0x00,0x00,0x00,
    0x00,0x00,0x00,0x00,0x00,0x00,0x00,0x00,0x00,0x00,0x00,0x00,0x00,0x00,0x00,0x00,0x00,0x00,0x00,0x00,0x00,0x00,0x00,0x00,0x00,0x00,0x00,0x00,0x00,0x00,0x00,0x00,
    0x00,0x00,0x00,0x00,0x00,0x00,0x00,0x00,0x00,0x00,0x00,0x00,0x00,0x00,0x00,0x00,0x00,0x00,0x00,0x00,0x00,0x00,0x00,0x00,0x00,0x00,0x00,0x00,0x00,0x00,0x00,0x00,
    0x00,0x00,0x00,0x00,0x00,0x00,0x00,0x00,0x00,0x00,0x00,0x00,0x00,0x00,0xff,0x01,0x00,0x00,0x00,0x00,0x22,0x44,0xdd,0x0f,0x1b,0x50,0xe1,0xef,0x1c,0x4f,0xe5,0xff,
    0x1c,0x4c,0xe0,0xfe,0x1d,0x4b,0xe1,0xff,0x1d,0x4b,0xe1,0xff,0x1d,0x4a,0xe1,0xff,0x1d,0x4a,0xe1,0xff,0x1d,0x4a,0xe0,0xff,0x1d,0x4a,0xe0,0xff,0x1d,0x4a,0xe1,0xff,
    0x1d,0x4a,0xe1,0xff,0x1d,0x4b,0xe1,0xff,0x1d,0x4a,0xe0,0xfc,0x1e,0x52,0xee,0xff,0x1a,0x4d,0xe1,0x60,0x00,0x00,0x00,0x00,0x00,0x55,0xff,0x03,0x00,0x00,0x00,0x00,
    0x00,0x00,0x00,0x00,0x7f,0xbf,0x3f,0x04,0x00,0x00,0x00,0x00,0x64,0xc0,0x4e,0x82,0x6b,0xce,0x58,0xff,0x60,0xbe,0x54,0xfb,0x61,0xbf,0x55,0xff,0x60,0xbf,0x57,0xff,
    0x60,0xbf,0x57,0xff,0x5f,0xbf,0x58,0xff,0x5f,0xbf,0x59,0xff,0x5f,0xbf,0x59,0xff,0x5f,0xbf,0x59,0xff,0x5f,0xbf,0x59,0xff,0x5f,0xbf,0x58,0xff,0x5f,0xbe,0x56,0xfd,
    0x65,0xc7,0x59,0xff,0x62,0xbe,0x52,0xca,0x66,0xcc,0x66,0x05,0x7f,0x7f,0x7f,0x02,0x00,0x00,0x00,0x00,0x00,0x00,0x00,0x00,0x00,0x00,0x00,0x00,0x00,0x00,0x00,0x00,
    0x00,0x00,0x00,0x00,0x00,0x00,0x00,0x00,0x00,0x00,0x00,0x00,0x00,0x00,0x00,0x00,0x00,0x00,0x00,0x00,0x00,0x00,0x00,0x00,0x00,0x00,0x00,0x00,0x00,0x00,0x00,0x00,
    0x00,0x00,0x00,0x00,0x00,0x00,0x00,0x00,0x00,0x00,0x00,0x00,0x00,0x00,0x00,0x00,0x00,0x00,0x00,0x00,0x00,0x00,0x00,0x00,0x00,0x00,0x00,0x00,0x00,0x00,0x00,0x00,
    0x00,0x00,0x00,0x00,0x00,0x00,0x00,0x00,0x00,0x00,0x00,0x00,0x00,0x00,0x00,0x00,0x00,0x00,0x00,0x00,0x00,0x00,0x00,0x00,0x00,0x00,0x00,0x00,0x00,0x00,0x00,0x00,
    0x00,0x00,0x00,0x00,0x00,0x00,0x00,0x00,0x00,0x00,0x00,0x00,0x00,0x00,0x00,0x00,0x00,0x00,0x00,0x00,0x00,0x00,0x00,0x00,0x00,0x00,0x00,0x00,0x00,0x00,0x00,0x00,
    0x00,0x00,0x00,0x00,0x00,0x00,0x00,0x00,0x00,0x00,0x00,0x00,0x00,0x00,0x00,0x00,0x00,0x00,0x00,0x00,0x00,0x00,0x00,0x00,0x00,0x00,0x00,0x00,0x00,0x00,0x00,0x00,
    0x00,0x00,0x00,0x00,0x00,0x00,0x00,0x00,0x00,0x00,0x00,0x00,0x00,0x00,0x00,0x00,0x00,0x00,0x00,0x00,0x00,0x00,0x00,0x00,0x00,0x00,0x00,0x00,0x00,0x00,0x00,0x00,
    0x00,0x00,0x00,0x00,0x00,0x00,0x00,0x00,0x00,0x00,0x00,0x00,0x00,0x00,0x00,0x00,0x00,0x00,0x00,0x00,0x00,0x00,0x00,0x00,0x00,0x00,0x00,0x00,0x00,0x00,0x00,0x00,
    0x00,0x00,0x00,0x00,0x00,0x00,0x00,0x00,0x00,0x00,0x00,0x00,0x00,0x00,0x00,0x00,0x00,0x00,0x00,0x00,0x00,0x00,0x00,0x00,0x00,0x00,0x00,0x00,0x00,0x00,0x00,0x00,
    0x00,0x00,0x00,0x00,0x00,0x00,0x00,0x00,0x00,0x00,0x00,0x00,0x00,0x00,0x00,0x00,0x00,0x00,0x00,0x00,0x00,0x00,0x00,0x00,0x00,0x00,0x00,0x00,0x00,0x00,0x00,0x00,
    0x00,0x00,0x00,0x00,0x00,0x00,0x00,0x00,0x00,0x00,0x00,0x00,0x00,0x00,0x00,0x00,0x00,0x00,0x00,0x00,0x00,0x00,0x00,0x00,0x00,0x00,0x00,0x00,0x00,0x00,0x00,0x00,
    0x00,0x00,0x00,0x00,0x00,0x00,0x00,0x00,0x00,0x00,0x00,0x00,0x00,0x00,0x00,0x00,0x00,0x00,0x00,0x00,0x00,0x00,0x00,0x00,0x00,0x00,0x00,0x00,0x00,0x00,0x00,0x00,
    0x00,0x00,0x00,0x00,0x00,0x00,0x00,0x00,0x00,0x00,0x00,0x00,0x00,0x00,0x00,0x00,0x00,0x00,0x00,0x00,0x00,0x00,0x00,0x00,0x00,0x00,0x00,0x00,0x00,0x00,0x00,0x00,
    0x00,0x00,0x00,0x00,0x00,0x00,0x00,0x00,0x00,0x00,0x00,0x00,0x00,0x00,0x00,0x00,0x00,0x00,0x00,0x00,0x00,0x00,0x00,0x00,0x00,0x00,0x00,0x00,0x00,0x00,0x00,0x00,
    0x00,0x00,0x00,0x00,0x00,0x00,0x00,0x00,0x00,0x00,0x00,0x00,0x00,0x00,0x00,0x00,0x00,0x00,0x00,0x00,0x00,0x00,0x00,0x00,0x00,0x00,0x00,0x00,0x00,0x00,0x00,0x00,
    0x00,0x00,0x00,0x00,0x00,0x00,0x00,0x00,0x00,0x00,0x00,0x00,0x00,0x00,0x00,0x00,0x00,0x7f,0xff,0x02,0x33,0x66,0xff,0x05,0x1b,0x4e,0xe0,0xca,0x1d,0x50,0xeb,0xff,
    0x1d,0x4a,0xe0,0xfd,0x1d,0x4b,0xe1,0xff,0x1d,0x49,0xe0,0xff,0x1d,0x49,0xe0,0xff,0x1d,0x49,0xe0,0xff,0x1d,0x49,0xe0,0xff,0x1d,0x49,0xe0,0xff,0x1d,0x49,0xe0,0xff,
    0x1d,0x49,0xe0,0xff,0x1d,0x4a,0xe0,0xff,0x1d,0x4b,0xe0,0xfb,0x1f,0x52,0xf3,0xff,0x1b,0x4c,0xdf,0x82,0x00,0x00,0x00,0x00,0x00,0x3f,0xff,0x04,0x00,0x00,0x00,0x00,
    0x00,0x00,0x00,0x00,0x55,0xaa,0x55,0x03,0x00,0x00,0x00,0x00,0x66,0xbf,0x4d,0xac,0x6a,0xca,0x55,0xff,0x62,0xbf,0x51,0xfc,0x61,0xbf,0x54,0xff,0x61,0xbf,0x55,0xff,
    0x60,0xbf,0x56,0xff,0x60,0xbf,0x57,0xff,0x60,0xbf,0x57,0xff,0x60,0xbf,0x57,0xff,0x60,0xbf,0x57,0xff,0x60,0xbf,0x57,0xff,0x60,0xbf,0x56,0xff,0x60,0xbf,0x55,0xfc,
    0x67,0xc9,0x57,0xff,0x63,0xbe,0x4f,0xbe,0x00,0x00,0x00,0x00,0x7f,0xff,0x7f,0x02,0x00,0x00,0x00,0x00,0x00,0x00,0x00,0x00,0x00,0x00,0x00,0x00,0x00,0x00,0x00,0x00,
    0x00,0x00,0x00,0x00,0x00,0x00,0x00,0x00,0x00,0x00,0x00,0x00,0x00,0x00,0x00,0x00,0x00,0x00,0x00,0x00,0x00,0x00,0x00,0x00,0x00,0x00,0x00,0x00,0x00,0x00,0x00,0x00,
    0x00,0x00,0x00,0x00,0x00,0x00,0x00,0x00,0x00,0x00,0x00,0x00,0x00,0x00,0x00,0x00,0x00,0x00,0x00,0x00,0x00,0x00,0x00,0x00,0x00,0x00,0x00,0x00,0x00,0x00,0x00,0x00,
    0x00,0x00,0x00,0x00,0x00,0x00,0x00,0x00,0x00,0x00,0x00,0x00,0x00,0x00,0x00,0x00,0x00,0x00,0x00,0x00,0x00,0x00,0x00,0x00,0x00,0x00,0x00,0x00,0x00,0x00,0x00,0x00,
    0x00,0x00,0x00,0x00,0x00,0x00,0x00,0x00,0x00,0x00,0x00,0x00,0x00,0x00,0x00,0x00,0x00,0x00,0x00,0x00,0x00,0x00,0x00,0x00,0x00,0x00,0x00,0x00,0x00,0x00,0x00,0x00,
    0x00,0x00,0x00,0x00,0x00,0x00,0x00,0x00,0x00,0x00,0x00,0x00,0x00,0x00,0x00,0x00,0x00,0x00,0x00,0x00,0x00,0x00,0x00,0x00,0x00,0x00,0x00,0x00,0x00,0x00,0x00,0x00,
    0x00,0x00,0x00,0x00,0x00,0x00,0x00,0x00,0x00,0x00,0x00,0x00,0x00,0x00,0x00,0x00,0x00,0x00,0x00,0x00,0x00,0x00,0x00,0x00,0x00,0x00,0x00,0x00,0x00,0x00,0x00,0x00,
    0x00,0x00,0x00,0x00,0x00,0x00,0x00,0x00,0x00,0x00,0x00,0x00,0x00,0x00,0x00,0x00,0x00,0x00,0x00,0x00,0x00,0x00,0x00,0x00,0x00,0x00,0x00,0x00,0x00,0x00,0x00,0x00,
    0x00,0x00,0x00,0x00,0x00,0x00,0x00,0x00,0x00,0x00,0x00,0x00,0x00,0x00,0x00,0x00,0x00,0x00,0x00,0x00,0x00,0x00,0x00,0x00,0x00,0x00,0x00,0x00,0x00,0x00,0x00,0x00,
    0x00,0x00,0x00,0x00,0x00,0x00,0x00,0x00,0x00,0x00,0x00,0x00,0x00,0x00,0x00,0x00,0x00,0x00,0x00,0x00,0x00,0x00,0x00,0x00,0x00,0x00,0x00,0x00,0x00,0x00,0x00,0x00,
    0x00,0x00,0x00,0x00,0x00,0x00,0x00,0x00,0x00,0x00,0x00,0x00,0x00,0x00,0x00,0x00,0x00,0x00,0x00,0x00,0x00,0x00,0x00,0x00,0x00,0x00,0x00,0x00,0x00,0x00,0x00,0x00,
    0x00,0x00,0x00,0x00,0x00,0x00,0x00,0x00,0x00,0x00,0x00,0x00,0x00,0x00,0x00,0x00,0x00,0x00,0x00,0x00,0x00,0x00,0x00,0x00,0x00,0x00,0x00,0x00,0x00,0x00,0x00,0x00,
    0x00,0x00,0x00,0x00,0x00,0x00,0x00,0x00,0x00,0x00,0x00,0x00,0x00,0x00,0x00,0x00,0x00,0x00,0x00,0x00,0x00,0x00,0x00,0x00,0x00,0x00,0x00,0x00,0x00,0x00,0x00,0x00,
    0x00,0x00,0x00,0x00,0x00,0x00,0x00,0x00,0x00,0x00,0x00,0x00,0x00,0x00,0x00,0x00,0x00,0x00,0x00,0x00,0x00,0x00,0x00,0x00,0x00,0x00,0x00,0x00,0x00,0x00,0x00,0x00,
    0x00,0x00,0x00,0x00,0x00,0x00,0x00,0x00,0x00,0x00,0x00,0x00,0x00,0x00,0x00,0x00,0x00,0x00,0x00,0x00,0x00,0x00,0x00,0x00,0x00,0x00,0x00,0x00,0x00,0x00,0x00,0x00,
    0x00,0x00,0x00,0x00,0x00,0x00,0x00,0x00,0x00,0x00,0x00,0x00,0x00,0x00,0x00,0x00,0x00,0x7f,0xff,0x02,0x00,0x00,0x00,0x00,0x1c,0x4d,0xe0,0xbe,0x1e,0x50,0xed,0xff,
    0x1d,0x49,0xe0,0xfc,0x1d,0x49,0xe0,0xff,0x1d,0x49,0xe0,0xff,0x1e,0x48,0xe0,0xff,0x1e,0x47,0xe0,0xff,0x1e,0x47,0xe0,0xff,0x1e,0x47,0xe0,0xff,0x1e,0x47,0xe0,0xff,
    0x1e,0x48,0xe0,0xff,0x1d,0x49,0xe0,0xff,0x1d,0x48,0xdf,0xfc,0x1f,0x4f,0xee,0xff,0x1c,0x4b,0xdf,0xac,0x00,0x00,0x00,0x00,0x00,0x55,0xff,0x03,0x00,0x00,0x00,0x00,
    0x00,0x00,0x00,0x00,0x7f,0xff,0x7f,0x02,0x00,0xff,0x00,0x01,0x66,0xbf,0x4b,0xc4,0x6a,0xc8,0x53,0xff,0x63,0xbf,0x50,0xfc,0x62,0xbf,0x52,0xff,0x61,0xbf,0x54,0xff,
    0x61,0xbf,0x54,0xff,0x61,0xbf,0x55,0xff,0x60,0xbf,0x55,0xff,0x61,0xbf,0x56,0xff,0x60,0xbf,0x56,0xff,0x61,0xbf,0x55,0xff,0x61,0xbf,0x54,0xff,0x61,0xbe,0x53,0xfb,
    0x6a,0xcc,0x56,0xff,0x63,0xbe,0x4e,0x92,0x00,0x00,0x00,0x00,0xaa,0xff,0x55,0x03,0x00,0x00,0x00,0x00,0x00,0x00,0x00,0x00,0x00,0x00,0x00,0x00,0x00,0x00,0x00,0x00,
    0x00,0x00,0x00,0x00,0x00,0x00,0x00,0x00,0x00,0x00,0x00,0x00,0x00,0x00,0x00,0x00,0x00,0x00,0x00,0x00,0x00,0x00,0x00,0x00,0x00,0x00,0x00,0x00,0x00,0x00,0x00,0x00,
    0x00,0x00,0x00,0x00,0x00,0x00,0x00,0x00,0x00,0x00,0x00,0x00,0x00,0x00,0x00,0x00,0x00,0x00,0x00,0x00,0x00,0x00,0x00,0x00,0x00,0x00,0x00,0x00,0x00,0x00,0x00,0x00,
    0x00,0x00,0x00,0x00,0x00,0x00,0x00,0x00,0x00,0x00,0x00,0x00,0x00,0x00,0x00,0x00,0x00,0x00,0x00,0x00,0x00,0x00,0x00,0x00,0x00,0x00,0x00,0x00,0x00,0x00,0x00,0x00,
    0x00,0x00,0x00,0x00,0x00,0x00,0x00,0x00,0x00,0x00,0x00,0x00,0x00,0x00,0x00,0x00,0x00,0x00,0x00,0x00,0x00,0x00,0x00,0x00,0x00,0x00,0x00,0x00,0x00,0x00,0x00,0x00,
    0x00,0x00,0x00,0x00,0x00,0x00,0x00,0x00,0x00,0x00,0x00,0x00,0x00,0x00,0x00,0x00,0x00,0x00,0x00,0x00,0x00,0x00,0x00,0x00,0x00,0x00,0x00,0x00,0x00,0x00,0x00,0x00,
    0x00,0x00,0x00,0x00,0x00,0x00,0x00,0x00,0x00,0x00,0x00,0x00,0x00,0x00,0x00,0x00,0x00,0x00,0x00,0x00,0x00,0x00,0x00,0x00,0x00,0x00,0x00,0x00,0x00,0x00,0x00,0x00,
    0x00,0x00,0x00,0x00,0x00,0x00,0x00,0x00,0x00,0x00,0x00,0x00,0x00,0x00,0x00,0x00,0x00,0x00,0x00,0x00,0x00,0x00,0x00,0x00,0x00,0x00,0x00,0x00,0x00,0x00,0x00,0x00,
    0x00,0x00,0x00,0x00,0x00,0x00,0x00,0x00,0x00,0x00,0x00,0x00,0x00,0x00,0x00,0x00,0x00,0x00,0x00,0x00,0x00,0x00,0x00,0x00,0x00,0x00,0x00,0x00,0x00,0x00,0x00,0x00,
    0x00,0x00,0x00,0x00,0x00,0x00,0x00,0x00,0x00,0x00,0x00,0x00,0x00,0x00,0x00,0x00,0x00,0x00,0x00,0x00,0x00,0x00,0x00,0x00,0x00,0x00,0x00,0x00,0x00,0x00,0x00,0x00,
    0x00,0x00,0x00,0x00,0x00,0x00,0x00,0x00,0x00,0x00,0x00,0x00,0x00,0x00,0x00,0x00,0x00,0x00,0x00,0x00,0x00,0x00,0x00,0x00,0x00,0x00,0x00,0x00,0x00,0x00,0x00,0x00,
    0x00,0x00,0x00,0x00,0x00,0x00,0x00,0x00,0x00,0x00,0x00,0x00,0x00,0x00,0x00,0x00,0x00,0x00,0x00,0x00,0x00,0x00,0x00,0x00,0x00,0x00,0x00,0x00,0x00,0x00,0x00,0x00,
    0x00,0x00,0x00,0x00,0x00,0x00,0x00,0x00,0x00,0x00,0x00,0x00,0x00,0x00,0x00,0x00,0x00,0x00,0x00,0x00,0x00,0x00,0x00,0x00,0x00,0x00,0x00,0x00,0x00,0x00,0x00,0x00,
    0x00,0x00,0x00,0x00,0x00,0x00,0x00,0x00,0x00,0x00,0x00,0x00,0x00,0x00,0x00,0x00,0x00,0x00,0x00,0x00,0x00,0x00,0x00,0x00,0x00,0x00,0x00,0x00,0x00,0x00,0x00,0x00,
    0x00,0x00,0x00,0x00,0x00,0x00,0x00,0x00,0x00,0x00,0x00,0x00,0x00,0x00,0x00,0x00,0x00,0x00,0x00,0x00,0x00,0x00,0x00,0x00,0x00,0x00,0x00,0x00,0x00,0x00,0x00,0x00,
    0x00,0x00,0x00,0x00,0x00,0x00,0x00,0x00,0x00,0x00,0x00,0x00,0x00,0x00,0x00,0x00,0x00,0x55,0xff,0x03,0x00,0x00,0x00,0x00,0x1b,0x4c,0xdf,0x92,0x1f,0x50,0xf1,0xff,
    0x1c,0x49,0xe0,0xfb,0x1d,0x48,0xe0,0xff,0x1e,0x47,0xe0,0xff,0x1e,0x47,0xe0,0xff,0x1e,0x47,0xe0,0xff,0x1e,0x47,0xe0,0xff,0x1e,0x47,0xe0,0xff,0x1e,0x47,0xe0,0xff,
    0x1e,0x47,0xe0,0xff,0x1e,0x47,0xe0,0xff,0x1d,0x48,0xdf,0xfc,0x1f,0x4d,0xeb,0xff,0x1d,0x4b,0xe1,0xc4,0x00,0x00,0xff,0x01,0x00,0x7f,0xff,0x02,0x00,0x00,0x00,0x00,
    0x00,0xff,0x00,0x01,0x00,0x00,0x00,0x00,0x6f,0xaf,0x3f,0x10,0x67,0xbf,0x4b,0xea,0x67,0xc3,0x4f,0xff,0x64,0xbe,0x4f,0xfe,0x63,0xbf,0x51,0xff,0x63,0xbf,0x52,0xff,
    0x62,0xbf,0x53,0xff,0x61,0xbf,0x54,0xff,0x61,0xbf,0x54,0xff,0x61,0xbf,0x54,0xff,0x61,0xbf,0x54,0xff,0x61,0xbf,0x53,0xff,0x62,0xbf,0x52,0xff,0x62,0xbe,0x51,0xfb,
    0x6c,0xcd,0x55,0xff,0x65,0xbd,0x4b,0x79,0x00,0x00,0x00,0x00,0x7f,0xbf,0x3f,0x04,0x00,0x00,0x00,0x00,0x00,0x00,0x00,0x00,0x00,0x00,0x00,0x00,0x00,0x00,0x00,0x00,
    0x00,0x00,0x00,0x00,0x00,0x00,0x00,0x00,0x00,0x00,0x00,0x00,0x00,0x00,0x00,0x00,0x00,0x00,0x00,0x00,0x00,0x00,0x00,0x00,0x00,0x00,0x00,0x00,0x00,0x00,0x00,0x00,
    0x00,0x00,0x00,0x00,0x00,0x00,0x00,0x00,0x00,0x00,0x00,0x00,0x00,0x00,0x00,0x00,0x00,0x00,0x00,0x00,0x00,0x00,0x00,0x00,0x00,0x00,0x00,0x00,0x00,0x00,0x00,0x00,
    0x00,0x00,0x00,0x00,0x00,0x00,0x00,0x00,0x00,0x00,0x00,0x00,0x00,0x00,0x00,0x00,0x00,0x00,0x00,0x00,0x00,0x00,0x00,0x00,0x00,0x00,0x00,0x00,0x00,0x00,0x00,0x00,
    0x00,0x00,0x00,0x00,0x00,0x00,0x00,0x00,0x00,0x00,0x00,0x00,0x00,0x00,0x00,0x00,0x00,0x00,0x00,0x00,0x00,0x00,0x00,0x00,0x00,0x00,0x00,0x00,0x00,0x00,0x00,0x00,
    0x00,0x00,0x00,0x00,0x00,0x00,0x00,0x00,0x00,0x00,0x00,0x00,0x00,0x00,0x00,0x00,0x00,0x00,0x00,0x00,0x00,0x00,0x00,0x00,0x00,0x00,0x00,0x00,0x00,0x00,0x00,0x00,
    0x00,0x00,0x00,0x00,0x00,0x00,0x00,0x00,0x00,0x00,0x00,0x00,0x00,0x00,0x00,0x00,0x00,0x00,0x00,0x00,0x00,0x00,0x00,0x00,0x00,0x00,0x00,0x00,0x00,0x00,0x00,0x00,
    0x00,0x00,0x00,0x00,0x00,0x00,0x00,0x00,0x00,0x00,0x00,0x00,0x00,0x00,0x00,0x00,0x00,0x00,0x00,0x00,0x00,0x00,0x00,0x00,0x00,0x00,0x00,0x00,0x00,0x00,0x00,0x00,
    0x00,0x00,0x00,0x00,0x00,0x00,0x00,0x00,0x00,0x00,0x00,0x00,0x00,0x00,0x00,0x00,0x00,0x00,0x00,0x00,0x00,0x00,0x00,0x00,0x00,0x00,0x00,0x00,0x00,0x00,0x00,0x00,
    0x00,0x00,0x00,0x00,0x00,0x00,0x00,0x00,0x00,0x00,0x00,0x00,0x00,0x00,0x00,0x00,0x00,0x00,0x00,0x00,0x00,0x00,0x00,0x00,0x00,0x00,0x00,0x00,0x00,0x00,0x00,0x00,
    0x00,0x00,0x00,0x00,0x00,0x00,0x00,0x00,0x00,0x00,0x00,0x00,0x00,0x00,0x00,0x00,0x00,0x00,0x00,0x00,0x00,0x00,0x00,0x00,0x00,0x00,0x00,0x00,0x00,0x00,0x00,0x00,
    0x00,0x00,0x00,0x00,0x00,0x00,0x00,0x00,0x00,0x00,0x00,0x00,0x00,0x00,0x00,0x00,0x00,0x00,0x00,0x00,0x00,0x00,0x00,0x00,0x00,0x00,0x00,0x00,0x00,0x00,0x00,0x00,
    0x00,0x00,0x00,0x00,0x00,0x00,0x00,0x00,0x00,0x00,0x00,0x00,0x00,0x00,0x00,0x00,0x00,0x00,0x00,0x00,0x00,0x00,0x00,0x00,0x00,0x00,0x00,0x00,0x00,0x00,0x00,0x00,
    0x00,0x00,0x00,0x00,0x00,0x00,0x00,0x00,0x00,0x00,0x00,0x00,0x00,0x00,0x00,0x00,0x00,0x00,0x00,0x00,0x00,0x00,0x00,0x00,0x00,0x00,0x00,0x00,0x00,0x00,0x00,0x00,
    0x00,0x00,0x00,0x00,0x00,0x00,0x00,0x00,0x00,0x00,0x00,0x00,0x00,0x00,0x00,0x00,0x00,0x00,0x00,0x00,0x00,0x00,0x00,0x00,0x00,0x00,0x00,0x00,0x00,0x00,0x00,0x00,
    0x00,0x00,0x00,0x00,0x00,0x00,0x00,0x00,0x00,0x00,0x00,0x00,0x00,0x00,0x00,0x00,0x00,0x3f,0xff,0x04,0x00,0x00,0x00,0x00,0x1b,0x4b,0xe1,0x79,0x1f,0x4f,0xf1,0xff,
    0x1d,0x48,0xdf,0xfb,0x1e,0x47,0xe0,0xff,0x1e,0x47,0xe0,0xff,0x1e,0x46,0xe0,0xff,0x1f,0x45,0xe0,0xff,0x1f,0x45,0xe0,0xff,0x1f,0x45,0xe0,0xff,0x1f,0x45,0xe0,0xff,
    0x1e,0x46,0xe0,0xff,0x1e,0x47,0xe0,0xff,0x1e,0x47,0xdf,0xfe,0x1e,0x4a,0xe5,0xff,0x1d,0x4a,0xe1,0xea,0x1f,0x4f,0xdf,0x10,0x00,0x00,0x00,0x00,0x00,0x00,0xff,0x01,
    0x00,0xff,0x00,0x01,0x00,0x00,0x00,0x00,0x69,0xb4,0x4b,0x11,0x67,0xc0,0x49,0xef,0x68,0xc2,0x4e,0xff,0x65,0xbe,0x4e,0xfe,0x64,0xbf,0x4f,0xff,0x63,0xbf,0x51,0xff,
    0x63,0xbf,0x51,0xff,0x63,0xbf,0x52,0xff,0x62,0xbf,0x52,0xff,0x62,0xbf,0x52,0xff,0x63,0xbf,0x52,0xff,0x63,0xbf,0x51,0xff,0x63,0xbf,0x51,0xff,0x63,0xbe,0x4e,0xfd,
    0x6a,0xc8,0x51,0xff,0x66,0xc1,0x48,0x46,0x00,0x00,0x00,0x00,0x55,0xaa,0x55,0x03,0x00,0x00,0x00,0x00,0x00,0x00,0x00,0x00,0x00,0x00,0x00,0x00,0x00,0x00,0x00,0x00,
    0x00,0x00,0x00,0x00,0x00,0x00,0x00,0x00,0x00,0x00,0x00,0x00,0x00,0x00,0x00,0x00,0x00,0x00,0x00,0x00,0x00,0x00,0x00,0x00,0x00,0x00,0x00,0x00,0x00,0x00,0x00,0x00,
    0x00,0x00,0x00,0x00,0x00,0x00,0x00,0x00,0x00,0x00,0x00,0x00,0x00,0x00,0x00,0x00,0x00,0x00,0x00,0x00,0x00,0x00,0x00,0x00,0x00,0x00,0x00,0x00,0x00,0x00,0x00,0x00,
    0x00,0x00,0x00,0x00,0x00,0x00,0x00,0x00,0x00,0x00,0x00,0x00,0x00,0x00,0x00,0x00,0x00,0x00,0x00,0x00,0x00,0x00,0x00,0x00,0x00,0x00,0x00,0x00,0x00,0x00,0x00,0x00,
    0x00,0x00,0x00,0x00,0x00,0x00,0x00,0x00,0x00,0x00,0x00,0x00,0x00,0x00,0x00,0x00,0x00,0x00,0x00,0x00,0x00,0x00,0x00,0x00,0x00,0x00,0x00,0x00,0x00,0x00,0x00,0x00,
    0x00,0x00,0x00,0x00,0x00,0x00,0x00,0x00,0x00,0x00,0x00,0x00,0x00,0x00,0x00,0x00,0x00,0x00,0x00,0x00,0x00,0x00,0x00,0x00,0x00,0x00,0x00,0x00,0x00,0x00,0x00,0x00,
    0x00,0x00,0x00,0x00,0x00,0x00,0x00,0x00,0x00,0x00,0x00,0x00,0x00,0x00,0x00,0x00,0x00,0x00,0x00,0x00,0x00,0x00,0x00,0x00,0x00,0x00,0x00,0x00,0x00,0x00,0x00,0x00,
    0x00,0x00,0x00,0x00,0x00,0x00,0x00,0x00,0x00,0x00,0x00,0x00,0x00,0x00,0x00,0x00,0x00,0x00,0x00,0x00,0x00,0x00,0x00,0x00,0x00,0x00,0x00,0x00,0x00,0x00,0x00,0x00,
    0x00,0x00,0x00,0x00,0x00,0x00,0x00,0x00,0x00,0x00,0x00,0x00,0x00,0x00,0x00,0x00,0x00,0x00,0x00,0x00,0x00,0x00,0x00,0x00,0x00,0x00,0x00,0x00,0x00,0x00,0x00,0x00,
    0x00,0x00,0x00,0x00,0x00,0x00,0x00,0x00,0x00,0x00,0x00,0x00,0x00,0x00,0x00,0x00,0x00,0x00,0x00,0x00,0x00,0x00,0x00,0x00,0x00,0x00,0x00,0x00,0x00,0x00,0x00,0x00,
    0x00,0x00,0x00,0x00,0x00,0x00,0x00,0x00,0x00,0x00,0x00,0x00,0x00,0x00,0x00,0x00,0x00,0x00,0x00,0x00,0x00,0x00,0x00,0x00,0x00,0x00,0x00,0x00,0x00,0x00,0x00,0x00,
    0x00,0x00,0x00,0x00,0x00,0x00,0x00,0x00,0x00,0x00,0x00,0x00,0x00,0x00,0x00,0x00,0x00,0x00,0x00,0x00,0x00,0x00,0x00,0x00,0x00,0x00,0x00,0x00,0x00,0x00,0x00,0x00,
    0x00,0x00,0x00,0x00,0x00,0x00,0x00,0x00,0x00,0x00,0x00,0x00,0x00,0x00,0x00,0x00,0x00,0x00,0x00,0x00,0x00,0x00,0x00,0x00,0x00,0x00,0x00,0x00,0x00,0x00,0x00,0x00,
    0x00,0x00,0x00,0x00,0x00,0x00,0x00,0x00,0x00,0x00,0x00,0x00,0x00,0x00,0x00,0x00,0x00,0x00,0x00,0x00,0x00,0x00,0x00,0x00,0x00,0x00,0x00,0x00,0x00,0x00,0x00,0x00,
    0x00,0x00,0x00,0x00,0x00,0x00,0x00,0x00,0x00,0x00,0x00,0x00,0x00,0x00,0x00,0x00,0x00,0x00,0x00,0x00,0x00,0x00,0x00,0x00,0x00,0x00,0x00,0x00,0x00,0x00,0x00,0x00,
    0x00,0x00,0x00,0x00,0x00,0x00,0x00,0x00,0x00,0x00,0x00,0x00,0x00,0x00,0x00,0x00,0x00,0x55,0xff,0x03,0x00,0x00,0x00,0x00,0x19,0x48,0xe1,0x46,0x1f,0x4c,0xea,0xff,
    0x1e,0x46,0xdf,0xfd,0x1e,0x46,0xe0,0xff,0x1f,0x45,0xe0,0xff,0x1f,0x45,0xe0,0xff,0x1f,0x45,0xe0,0xff,0x1f,0x45,0xe0,0xff,0x1f,0x45,0xe0,0xff,0x1f,0x45,0xe0,0xff,
    0x1f,0x45,0xe0,0xff,0x1f,0x45,0xe0,0xff,0x1e,0x46,0xdf,0xfe,0x1e,0x48,0xe4,0xff,0x1c,0x49,0xe1,0xef,0x1e,0x4b,0xe1,0x11,0x00,0x00,0x00,0x00,0x00,0x00,0xff,0x01,
    0x00,0xff,0x00,0x01,0x00,0x00,0x00,0x00,0x69,0xb4,0x4b,0x11,0x69,0xbf,0x48,0xee,0x69,0xc2,0x4c,0xff,0x65,0xbe,0x4d,0xfe,0x65,0xbf,0x4e,0xff,0x65,0xbf,0x4e,0xff,
    0x64,0xbf,0x50,0xff,0x63,0xbf,0x50,0xff,0x63,0xbf,0x51,0xff,0x63,0xbf,0x51,0xff,0x63,0xbf,0x50,0xff,0x64,0xbf,0x4f,0xff,0x65,0xbf,0x4e,0xff,0x64,0xbe,0x4d,0xfd,
    0x6c,0xc8,0x4e,0xff,0x6b,0xbf,0x47,0x40,0x00,0x00,0x00,0x00,0x55,0xaa,0x55,0x03,0x00,0x00,0x00,0x00,0x00,0x00,0x00,0x00,0x00,0x00,0x00,0x00,0x00,0x00,0x00,0x00,
    0x00,0x00,0x00,0x00,0x00,0x00,0x00,0x00,0x00,0x00,0x00,0x00,0x00,0x00,0x00,0x00,0x00,0x00,0x00,0x00,0x00,0x00,0x00,0x00,0x00,0x00,0x00,0x00,0x00,0x00,0x00,0x00,
    0x00,0x00,0x00,0x00,0x00,0x00,0x00,0x00,0x00,0x00,0x00,0x00,0x00,0x00,0x00,0x00,0x00,0x00,0x00,0x00,0x00,0x00,0x00,0x00,0x00,0x00,0x00,0x00,0x00,0x00,0x00,0x00,
    0x00,0x00,0x00,0x00,0x00,0x00,0x00,0x00,0x00,0x00,0x00,0x00,0x00,0x00,0x00,0x00,0x00,0x00,0x00,0x00,0x00,0x00,0x00,0x00,0x00,0x00,0x00,0x00,0x00,0x00,0x00,0x00,
    0x00,0x00,0x00,0x00,0x00,0x00,0x00,0x00,0x00,0x00,0x00,0x00,0x00,0x00,0x00,0x00,0x00,0x00,0x00,0x00,0x00,0x00,0x00,0x00,0x00,0x00,0x00,0x00,0x00,0x00,0x00,0x00,
    0x00,0x00,0x00,0x00,0x00,0x00,0x00,0x00,0x00,0x00,0x00,0x00,0x00,0x00,0x00,0x00,0x00,0x00,0x00,0x00,0x00,0x00,0x00,0x00,0x00,0x00,0x00,0x00,0x00,0x00,0x00,0x00,
    0x00,0x00,0x00,0x00,0x00,0x00,0x00,0x00,0x00,0x00,0x00,0x00,0x00,0x00,0x00,0x00,0x00,0x00,0x00,0x00,0x00,0x00,0x00,0x00,0x00,0x00,0x00,0x00,0x00,0x00,0x00,0x00,
    0x00,0x00,0x00,0x00,0x00,0x00,0x00,0x00,0x00,0x00,0x00,0x00,0x00,0x00,0x00,0x00,0x00,0x00,0x00,0x00,0x00,0x00,0x00,0x00,0x00,0x00,0x00,0x00,0x00,0x00,0x00,0x00,
    0x00,0x00,0x00,0x00,0x00,0x00,0x00,0x00,0x00,0x00,0x00,0x00,0x00,0x00,0x00,0x00,0x00,0x00,0x00,0x00,0x00,0x00,0x00,0x00,0x00,0x00,0x00,0x00,0x00,0x00,0x00,0x00,
    0x00,0x00,0x00,0x00,0x00,0x00,0x00,0x00,0x00,0x00,0x00,0x00,0x00,0x00,0x00,0x00,0x00,0x00,0x00,0x00,0x00,0x00,0x00,0x00,0x00,0x00,0x00,0x00,0x00,0x00,0x00,0x00,
    0x00,0x00,0x00,0x00,0x00,0x00,0x00,0x00,0x00,0x00,0x00,0x00,0x00,0x00,0x00,0x00,0x00,0x00,0x00,0x00,0x00,0x00,0x00,0x00,0x00,0x00,0x00,0x00,0x00,0x00,0x00,0x00,
    0x00,0x00,0x00,0x00,0x00,0x00,0x00,0x00,0x00,0x00,0x00,0x00,0x00,0x00,0x00,0x00,0x00,0x00,0x00,0x00,0x00,0x00,0x00,0x00,0x00,0x00,0x00,0x00,0x00,0x00,0x00,0x00,
    0x00,0x00,0x00,0x00,0x00,0x00,0x00,0x00,0x00,0x00,0x00,0x00,0x00,0x00,0x00,0x00,0x00,0x00,0x00,0x00,0x00,0x00,0x00,0x00,0x00,0x00,0x00,0x00,0x00,0x00,0x00,0x00,
    0x00,0x00,0x00,0x00,0x00,0x00,0x00,0x00,0x00,0x00,0x00,0x00,0x00,0x00,0x00,0x00,0x00,0x00,0x00,0x00,0x00,0x00,0x00,0x00,0x00,0x00,0x00,0x00,0x00,0x00,0x00,0x00,
    0x00,0x00,0x00,0x00,0x00,0x00,0x00,0x00,0x00,0x00,0x00,0x00,0x00,0x00,0x00,0x00,0x00,0x00,0x00,0x00,0x00,0x00,0x00,0x00,0x00,0x00,0x00,0x00,0x00,0x00,0x00,0x00,
    0x00,0x00,0x00,0x00,0x00,0x00,0x00,0x00,0x00,0x00,0x00,0x00,0x00,0x00,0x00,0x00,0x00,0x55,0xff,0x03,0x00,0x00,0x00,0x00,0x1b,0x4b,0xdf,0x40,0x1f,0x4b,0xea,0xff,
    0x1e,0x46,0xdf,0xfd,0x1f,0x45,0xe0,0xff,0x1f,0x45,0xe0,0xff,0x1f,0x45,0xe0,0xff,0x1f,0x45,0xe0,0xff,0x1f,0x45,0xe0,0xff,0x1f,0x45,0xe0,0xff,0x1f,0x45,0xe0,0xff,
    0x1f,0x45,0xe0,0xff,0x1f,0x45,0xe0,0xff,0x1f,0x45,0xdf,0xfe,0x1f,0x47,0xe4,0xff,0x1e,0x47,0xdf,0xee,0x1e,0x4b,0xe1,0x11,0x00,0x00,0x00,0x00,0x00,0x00,0xff,0x01,
    0x00,0xff,0x00,0x01,0x00,0x00,0x00,0x00,0x69,0xb4,0x3c,0x11,0x6a,0xbf,0x47,0xee,0x6a,0xc2,0x4b,0xff,0x67,0xbe,0x4b,0xfe,0x66,0xbf,0x4d,0xff,0x65,0xbf,0x4e,0xff,
    0x65,0xbf,0x4e,0xff,0x65,0xbf,0x4e,0xff,0x65,0xbf,0x4e,0xff,0x65,0xbf,0x4e,0xff,0x65,0xbf,0x4e,0xff,0x65,0xbf,0x4e,0xff,0x65,0xbf,0x4d,0xff,0x66,0xbe,0x4b,0xfd,
    0x6d,0xc8,0x4c,0xff,0x69,0xc0,0x46,0x41,0x00,0x00,0x00,0x00,0x55,0xaa,0x55,0x03,0x00,0x00,0x00,0x00,0x00,0x00,0x00,0x00,0x00,0x00,0x00,0x00,0x00,0x00,0x00,0x00,
    0x00,0x00,0x00,0x00,0x00,0x00,0x00,0x00,0x00,0x00,0x00,0x00,0x00,0x00,0x00,0x00,0x00,0x00,0x00,0x00,0x00,0x00,0x00,0x00,0x00,0x00,0x00,0x00,0x00,0x00,0x00,0x00,
    0x00,0x00,0x00,0x00,0x00,0x00,0x00,0x00,0x00,0x00,0x00,0x00,0x00,0x00,0x00,0x00,0x00,0x00,0x00,0x00,0x00,0x00,0x00,0x00,0x00,0x00,0x00,0x00,0x00,0x00,0x00,0x00,
    0x00,0x00,0x00,0x00,0x00,0x00,0x00,0x00,0x00,0x00,0x00,0x00,0x00,0x00,0x00,0x00,0x00,0x00,0x00,0x00,0x00,0x00,0x00,0x00,0x00,0x00,0x00,0x00,0x00,0x00,0x00,0x00,
    0x00,0x00,0x00,0x00,0x00,0x00,0x00,0x00,0x00,0x00,0x00,0x00,0x00,0x00,0x00,0x00,0x00,0x00,0x00,0x00,0x00,0x00,0x00,0x00,0x00,0x00,0x00,0x00,0x00,0x00,0x00,0x00,
    0x00,0x00,0x00,0x00,0x00,0x00,0x00,0x00,0x00,0x00,0x00,0x00,0x00,0x00,0x00,0x00,0x00,0x00,0x00,0x00,0x00,0x00,0x00,0x00,0x00,0x00,0x00,0x00,0x00,0x00,0x00,0x00,
    0x00,0x00,0x00,0x00,0x00,0x00,0x00,0x00,0x00,0x00,0x00,0x00,0x00,0x00,0x00,0x00,0x00,0x00,0x00,0x00,0x00,0x00,0x00,0x00,0x00,0x00,0x00,0x00,0x00,0x00,0x00,0x00,
    0x00,0x00,0x00,0x00,0x00,0x00,0x00,0x00,0x00,0x00,0x00,0x00,0x00,0x00,0x00,0x00,0x00,0x00,0x00,0x00,0x00,0x00,0x00,0x00,0x00,0x00,0x00,0x00,0x00,0x00,0x00,0x00,
    0x00,0x00,0x00,0x00,0x00,0x00,0x00,0x00,0x00,0x00,0x00,0x00,0x00,0x00,0x00,0x00,0x00,0x00,0x00,0x00,0x00,0x00,0x00,0x00,0x00,0x00,0x00,0x00,0x00,0x00,0x00,0x00,
    0x00,0x00,0x00,0x00,0x00,0x00,0x00,0x00,0x00,0x00,0x00,0x00,0x00,0x00,0x00,0x00,0x00,0x00,0x00,0x00,0x00,0x00,0x00,0x00,0x00,0x00,0x00,0x00,0x00,0x00,0x00,0x00,
    0x00,0x00,0x00,0x00,0x00,0x00,0x00,0x00,0x00,0x00,0x00,0x00,0x00,0x00,0x00,0x00,0x00,0x00,0x00,0x00,0x00,0x00,0x00,0x00,0x00,0x00,0x00,0x00,0x00,0x00,0x00,0x00,
    0x00,0x00,0x00,0x00,0x00,0x00,0x00,0x00,0x00,0x00,0x00,0x00,0x00,0x00,0x00,0x00,0x00,0x00,0x00,0x00,0x00,0x00,0x00,0x00,0x00,0x00,0x00,0x00,0x00,0x00,0x00,0x00,
    0x00,0x00,0x00,0x00,0x00,0x00,0x00,0x00,0x00,0x00,0x00,0x00,0x00,0x00,0x00,0x00,0x00,0x00,0x00,0x00,0x00,0x00,0x00,0x00,0x00,0x00,0x00,0x00,0x00,0x00,0x00,0x00,
    0x00,0x00,0x00,0x00,0x00,0x00,0x00,0x00,0x00,0x00,0x00,0x00,0x00,0x00,0x00,0x00,0x00,0x00,0x00,0x00,0x00,0x00,0x00,0x00,0x00,0x00,0x00,0x00,0x00,0x00,0x00,0x00,
    0x00,0x00,0x00,0x00,0x00,0x00,0x00,0x00,0x00,0x00,0x00,0x00,0x00,0x00,0x00,0x00,0x00,0x00,0x00,0x00,0x00,0x00,0x00,0x00,0x00,0x00,0x00,0x00,0x00,0x00,0x00,0x00,
    0x00,0x00,0x00,0x00,0x00,0x00,0x00,0x00,0x00,0x00,0x00,0x00,0x00,0x00,0x00,0x00,0x00,0x55,0xff,0x03,0x00,0x00,0x00,0x00,0x1f,0x4a,0xdf,0x41,0x1f,0x4a,0xea,0xff,
    0x1f,0x44,0xdf,0xfd,0x1f,0x45,0xe0,0xff,0x1f,0x45,0xe0,0xff,0x1f,0x45,0xe0,0xff,0x1f,0x45,0xe0,0xff,0x1f,0x45,0xe0,0xff,0x1f,0x45,0xe0,0xff,0x1f,0x45,0xe0,0xff,
    0x1f,0x45,0xe0,0xff,0x1f,0x45,0xe0,0xff,0x1f,0x45,0xdf,0xfe,0x20,0x46,0xe4,0xff,0x1e,0x46,0xdf,0xee,0x1c,0x46,0xe2,0x12,0x00,0x00,0x00,0x00,0x00,0x00,0xff,0x01,
    0xff,0xff,0x00,0x01,0x00,0x00,0x00,0x00,0x69,0xb4,0x3c,0x11,0x6b,0xbf,0x45,0xee,0x6b,0xc2,0x4a,0xff,0x67,0xbe,0x4a,0xfe,0x67,0xbf,0x4b,0xff,0x66,0xbf,0x4c,0xff,
    0x66,0xbf,0x4d,0xff,0x65,0xbf,0x4e,0xff,0x65,0xbf,0x4e,0xff,0x65,0xbf,0x4e,0xff,0x66,0xbf,0x4d,0xff,0x66,0xbf,0x4c,0xff,0x67,0xbf,0x4b,0xff,0x67,0xbe,0x49,0xfd,
    0x6f,0xc8,0x49,0xff,0x6d,0xc0,0x42,0x41,0x00,0x00,0x00,0x00,0x55,0xaa,0x55,0x03,0x00,0x00,0x00,0x00,0x00,0x00,0x00,0x00,0x00,0x00,0x00,0x00,0x00,0x00,0x00,0x00,
    0x00,0x00,0x00,0x00,0x00,0x00,0x00,0x00,0x00,0x00,0x00,0x00,0x00,0x00,0x00,0x00,0x00,0x00,0x00,0x00,0x00,0x00,0x00,0x00,0x00,0x00,0x00,0x00,0x00,0x00,0x00,0x00,
    0x00,0x00,0x00,0x00,0x00,0x00,0x00,0x00,0x00,0x00,0x00,0x00,0x00,0x00,0x00,0x00,0x00,0x00,0x00,0x00,0x00,0x00,0x00,0x00,0x00,0x00,0x00,0x00,0x00,0x00,0x00,0x00,
    0x00,0x00,0x00,0x00,0x00,0x00,0x00,0x00,0x00,0x00,0x00,0x00,0x00,0x00,0x00,0x00,0x00,0x00,0x00,0x00,0x00,0x00,0x00,0x00,0x00,0x00,0x00,0x00,0x00,0x00,0x00,0x00,
    0x00,0x00,0x00,0x00,0x00,0x00,0x00,0x00,0x00,0x00,0x00,0x00,0x00,0x00,0x00,0x00,0x00,0x00,0x00,0x00,0x00,0x00,0x00,0x00,0x00,0x00,0x00,0x00,0x00,0x00,0x00,0x00,
    0x00,0x00,0x00,0x00,0x00,0x00,0x00,0x00,0x00,0x00,0x00,0x00,0x00,0x00,0x00,0x00,0x00,0x00,0x00,0x00,0x00,0x00,0x00,0x00,0x00,0x00,0x00,0x00,0x00,0x00,0x00,0x00,
    0x00,0x00,0x00,0x00,0x00,0x00,0x00,0x00,0x00,0x00,0x00,0x00,0x00,0x00,0x00,0x00,0x00,0x00,0x00,0x00,0x00,0x00,0x00,0x00,0x00,0x00,0x00,0x00,0x00,0x00,0x00,0x00,
    0x00,0x00,0x00,0x00,0x00,0x00,0x00,0x00,0x00,0x00,0x00,0x00,0x00,0x00,0x00,0x00,0x00,0x00,0x00,0x00,0x00,0x00,0x00,0x00,0x00,0x00,0x00,0x00,0x00,0x00,0x00,0x00,
    0x00,0x00,0x00,0x00,0x00,0x00,0x00,0x00,0x00,0x00,0x00,0x00,0x00,0x00,0x00,0x00,0x00,0x00,0x00,0x00,0x00,0x00,0x00,0x00,0x00,0x00,0x00,0x00,0x00,0x00,0x00,0x00,
    0x00,0x00,0x00,0x00,0x00,0x00,0x00,0x00,0x00,0x00,0x00,0x00,0x00,0x00,0x00,0x00,0x00,0x00,0x00,0x00,0x00,0x00,0x00,0x00,0x00,0x00,0x00,0x00,0x00,0x00,0x00,0x00,
    0x00,0x00,0x00,0x00,0x00,0x00,0x00,0x00,0x00,0x00,0x00,0x00,0x00,0x00,0x00,0x00,0x00,0x00,0x00,0x00,0x00,0x00,0x00,0x00,0x00,0x00,0x00,0x00,0x00,0x00,0x00,0x00,
    0x00,0x00,0x00,0x00,0x00,0x00,0x00,0x00,0x00,0x00,0x00,0x00,0x00,0x00,0x00,0x00,0x00,0x00,0x00,0x00,0x00,0x00,0x00,0x00,0x00,0x00,0x00,0x00,0x00,0x00,0x00,0x00,
    0x00,0x00,0x00,0x00,0x00,0x00,0x00,0x00,0x00,0x00,0x00,0x00,0x00,0x00,0x00,0x00,0x00,0x00,0x00,0x00,0x00,0x00,0x00,0x00,0x00,0x00,0x00,0x00,0x00,0x00,0x00,0x00,
    0x00,0x00,0x00,0x00,0x00,0x00,0x00,0x00,0x00,0x00,0x00,0x00,0x00,0x00,0x00,0x00,0x00,0x00,0x00,0x00,0x00,0x00,0x00,0x00,0x00,0x00,0x00,0x00,0x00,0x00,0x00,0x00,
    0x00,0x00,0x00,0x00,0x00,0x00,0x00,0x00,0x00,0x00,0x00,0x00,0x00,0x00,0x00,0x00,0x00,0x00,0x00,0x00,0x00,0x00,0x00,0x00,0x00,0x00,0x00,0x00,0x00,0x00,0x00,0x00,
    0x00,0x00,0x00,0x00,0x00,0x00,0x00,0x00,0x00,0x00,0x00,0x00,0x00,0x00,0x00,0x00,0x00,0x55,0xff,0x03,0x00,0x00,0x00,0x00,0x1f,0x47,0xdf,0x40,0x20,0x49,0xea,0xff,
    0x1f,0x44,0xdf,0xfd,0x1f,0x45,0xe0,0xff,0x1f,0x45,0xe0,0xff,0x1f,0x45,0xe0,0xff,0x1f,0x45,0xe0,0xff,0x1f,0x45,0xe0,0xff,0x1f,0x45,0xe0,0xff,0x1f,0x45,0xe0,0xff,
    0x1f,0x45,0xe0,0xff,0x1f,0x45,0xe0,0xff,0x1f,0x45,0xdf,0xfe,0x20,0x46,0xe4,0xff,0x1f,0x45,0xdf,0xed,0x24,0x48,0xec,0x0e,0x00,0x00,0x00,0x00,0x00,0x00,0xff,0x01,
    0xff,0xff,0x00,0x01,0x00,0x00,0x00,0x00,0x69,0xb4,0x3c,0x11,0x6c,0xbf,0x44,0xee,0x6b,0xc2,0x48,0xff,0x69,0xbe,0x48,0xfe,0x68,0xbf,0x49,0xff,0x67,0xbf,0x4b,0xff,
    0x67,0xbf,0x4b,0xff,0x67,0xbf,0x4b,0xff,0x67,0xbf,0x4b,0xff,0x67,0xbf,0x4b,0xff,0x67,0xbf,0x4b,0xff,0x67,0xbf,0x4a,0xff,0x68,0xbf,0x49,0xff,0x68,0xbe,0x47,0xfd,
    0x70,0xc8,0x48,0xff,0x6d,0xc0,0x42,0x41,0x00,0x00,0x00,0x00,0x55,0xaa,0x55,0x03,0x00,0x00,0x00,0x00,0x00,0x00,0x00,0x00,0x00,0x00,0x00,0x00,0x00,0x00,0x00,0x00,
    0x00,0x00,0x00,0x00,0x00,0x00,0x00,0x00,0x00,0x00,0x00,0x00,0x00,0x00,0x00,0x00,0x00,0x00,0x00,0x00,0x00,0x00,0x00,0x00,0x00,0x00,0x00,0x00,0x00,0x00,0x00,0x00,
    0x00,0x00,0x00,0x00,0x00,0x00,0x00,0x00,0x00,0x00,0x00,0x00,0x00,0x00,0x00,0x00,0x00,0x00,0x00,0x00,0x00,0x00,0x00,0x00,0x00,0x00,0x00,0x00,0x00,0x00,0x00,0x00,
    0x00,0x00,0x00,0x00,0x00,0x00,0x00,0x00,0x00,0x00,0x00,0x00,0x00,0x00,0x00,0x00,0x00,0x00,0x00,0x00,0x00,0x00,0x00,0x00,0x00,0x00,0x00,0x00,0x00,0x00,0x00,0x00,
    0x00,0x00,0x00,0x00,0x00,0x00,0x00,0x00,0x00,0x00,0x00,0x00,0x00,0x00,0x00,0x00,0x00,0x00,0x00,0x00,0x00,0x00,0x00,0x00,0x00,0x00,0x00,0x00,0x00,0x00,0x00,0x00,
    0x00,0x00,0x00,0x00,0x00,0x00,0x00,0x00,0x00,0x00,0x00,0x00,0x00,0x00,0x00,0x00,0x00,0x00,0x00,0x00,0x00,0x00,0x00,0x00,0x00,0x00,0x00,0x00,0x00,0x00,0x00,0x00,
    0x00,0x00,0x00,0x00,0x00,0x00,0x00,0x00,0x00,0x00,0x00,0x00,0x00,0x00,0x00,0x00,0x00,0x00,0x00,0x00,0x00,0x00,0x00,0x00,0x00,0x00,0x00,0x00,0x00,0x00,0x00,0x00,
    0x00,0x00,0x00,0x00,0x00,0x00,0x00,0x00,0x00,0x00,0x00,0x00,0x00,0x00,0x00,0x00,0x00,0x00,0x00,0x00,0x00,0x00,0x00,0x00,0x00,0x00,0x00,0x00,0x00,0x00,0x00,0x00,
    0x00,0x00,0x00,0x00,0x00,0x00,0x00,0x00,0x00,0x00,0x00,0x00,0x00,0x00,0x00,0x00,0x00,0x00,0x00,0x00,0x00,0x00,0x00,0x00,0x00,0x00,0x00,0x00,0x00,0x00,0x00,0x00,
    0x00,0x00,0x00,0x00,0x00,0x00,0x00,0x00,0x00,0x00,0x00,0x00,0x00,0x00,0x00,0x00,0x00,0x00,0x00,0x00,0x00,0x00,0x00,0x00,0x00,0x00,0x00,0x00,0x00,0x00,0x00,0x00,
    0x00,0x00,0x00,0x00,0x00,0x00,0x00,0x00,0x00,0x00,0x00,0x00,0x00,0x00,0x00,0x00,0x00,0x00,0x00,0x00,0x00,0x00,0x00,0x00,0x00,0x00,0x00,0x00,0x00,0x00,0x00,0x00,
    0x00,0x00,0x00,0x00,0x00,0x00,0x00,0x00,0x00,0x00,0x00,0x00,0x00,0x00,0x00,0x00,0x00,0x00,0x00,0x00,0x00,0x00,0x00,0x00,0x00,0x00,0x00,0x00,0x00,0x00,0x00,0x00,
    0x00,0x00,0x00,0x00,0x00,0x00,0x00,0x00,0x00,0x00,0x00,0x00,0x00,0x00,0x00,0x00,0x00,0x00,0x00,0x00,0x00,0x00,0x00,0x00,0x00,0x00,0x00,0x00,0x00,0x00,0x00,0x00,
    0x00,0x00,0x00,0x00,0x00,0x00,0x00,0x00,0x00,0x00,0x00,0x00,0x00,0x00,0x00,0x00,0x00,0x00,0x00,0x00,0x00,0x00,0x00,0x00,0x00,0x00,0x00,0x00,0x00,0x00,0x00,0x00,
    0x00,0x00,0x00,0x00,0x00,0x00,0x00,0x00,0x00,0x00,0x00,0x00,0x00,0x00,0x00,0x00,0x00,0x00,0x00,0x00,0x00,0x00,0x00,0x00,0x00,0x00,0x00,0x00,0x00,0x00,0x00,0x00,
    0x00,0x00,0x00,0x00,0x00,0x00,0x00,0x00,0x00,0x00,0x00,0x00,0x00,0x00,0x00,0x00,0x00,0x55,0xff,0x03,0x00,0x00,0x00,0x00,0x1d,0x46,0xdd,0x45,0x20,0x49,0xec,0xff,
    0x1f,0x44,0xdf,0xfd,0x1f,0x45,0xe0,0xff,0x1f,0x45,0xe0,0xff,0x1f,0x45,0xe0,0xff,0x1f,0x45,0xe0,0xff,0x1f,0x45,0xe0,0xff,0x1f,0x45,0xe0,0xff,0x1f,0x45,0xe0,0xff,
    0x1f,0x45,0xe0,0xff,0x1f,0x45,0xe0,0xff,0x1f,0x45,0xdf,0xfe,0x20,0x45,0xe2,0xfe,0x1f,0x46,0xe2,0xf2,0x22,0x44,0xdd,0x1e,0x00,0x00,0x00,0x00,0x00,0x00,0xff,0x02,
    0xff,0xff,0x00,0x01,0x00,0x00,0x00,0x00,0x69,0xb4,0x3c,0x11,0x6c,0xbf,0x42,0xee,0x6d,0xc2,0x46,0xff,0x69,0xbe,0x47,0xfe,0x69,0xbf,0x48,0xff,0x69,0xbf,0x48,0xff,
    0x68,0xbf,0x4a,0xff,0x68,0xbf,0x4a,0xff,0x68,0xbf,0x4a,0xff,0x68,0xbf,0x4a,0xff,0x68,0xbf,0x49,0xff,0x69,0xbf,0x49,0xff,0x69,0xbf,0x47,0xff,0x6a,0xbe,0x45,0xfd,
    0x71,0xc8,0x46,0xff,0x6d,0xc0,0x3e,0x41,0x00,0x00,0x00,0x00,0x55,0xaa,0x55,0x03,0x00,0x00,0x00,0x00,0x00,0x00,0x00,0x00,0x00,0x00,0x00,0x00,0x00,0x00,0x00,0x00,
    0x00,0x00,0x00,0x00,0x00,0x00,0x00,0x00,0x00,0x00,0x00,0x00,0x00,0x00,0x00,0x00,0x00,0x00,0x00,0x00,0x00,0x00,0x00,0x00,0x00,0x00,0x00,0x00,0x00,0x00,0x00,0x00,
    0x00,0x00,0x00,0x00,0x00,0x00,0x00,0x00,0x00,0x00,0x00,0x00,0x00,0x00,0x00,0x00,0x00,0x00,0x00,0x00,0x00,0x00,0x00,0x00,0x00,0x00,0x00,0x00,0x00,0x00,0x00,0x00,
    0x00,0x00,0x00,0x00,0x00,0x00,0x00,0x00,0x00,0x00,0x00,0x00,0x00,0x00,0x00,0x00,0x00,0x00,0x00,0x00,0x00,0x00,0x00,0x00,0x00,0x00,0x00,0x00,0x00,0x00,0x00,0x00,
    0x00,0x00,0x00,0x00,0x00,0x00,0x00,0x00,0x00,0x00,0x00,0x00,0x00,0x00,0x00,0x00,0x00,0x00,0x00,0x00,0x00,0x00,0x00,0x00,0x00,0x00,0x00,0x00,0x00,0x00,0x00,0x00,
    0x00,0x00,0x00,0x00,0x00,0x00,0x00,0x00,0x00,0x00,0x00,0x00,0x00,0x00,0x00,0x00,0x00,0x00,0x00,0x00,0x00,0x00,0x00,0x00,0x00,0x00,0x00,0x00,0x00,0x00,0x00,0x00,
    0x00,0x00,0x00,0x00,0x00,0x00,0x00,0x00,0x00,0x00,0x00,0x00,0x00,0x00,0x00,0x00,0x00,0x00,0x00,0x00,0x00,0x00,0x00,0x00,0x00,0x00,0x00,0x00,0x00,0x00,0x00,0x00,
    0x00,0x00,0x00,0x00,0x00,0x00,0x00,0x00,0x00,0x00,0x00,0x00,0x00,0x00,0x00,0x00,0x00,0x00,0x00,0x00,0x00,0x00,0x00,0x00,0x00,0x00,0x00,0x00,0x00,0x00,0x00,0x00,
    0x00,0x00,0x00,0x00,0x00,0x00,0x00,0x00,0x00,0x00,0x00,0x00,0x00,0x00,0x00,0x00,0x00,0x00,0x00,0x00,0x00,0x00,0x00,0x00,0x00,0x00,0x00,0x00,0x00,0x00,0x00,0x00,
    0x00,0x00,0x00,0x00,0x00,0x00,0x00,0x00,0x00,0x00,0x00,0x00,0x00,0x00,0x00,0x00,0x00,0x00,0x00,0x00,0x00,0x00,0x00,0x00,0x00,0x00,0x00,0x00,0x00,0x00,0x00,0x00,
    0x00,0x00,0x00,0x00,0x00,0x00,0x00,0x00,0x00,0x00,0x00,0x00,0x00,0x00,0x00,0x00,0x00,0x00,0x00,0x00,0x00,0x00,0x00,0x00,0x00,0x00,0x00,0x00,0x00,0x00,0x00,0x00,
    0x00,0x00,0x00,0x00,0x00,0x00,0x00,0x00,0x00,0x00,0x00,0x00,0x00,0x00,0x00,0x00,0x00,0x00,0x00,0x00,0x00,0x00,0x00,0x00,0x00,0x00,0x00,0x00,0x00,0x00,0x00,0x00,
    0x00,0x00,0x00,0x00,0x00,0x00,0x00,0x00,0x00,0x00,0x00,0x00,0x00,0x00,0x00,0x00,0x00,0x00,0x00,0x00,0x00,0x00,0x00,0x00,0x00,0x00,0x00,0x00,0x00,0x00,0x00,0x00,
    0x00,0x00,0x00,0x00,0x00,0x00,0x00,0x00,0x00,0x00,0x00,0x00,0x00,0x00,0x00,0x00,0x00,0x00,0x00,0x00,0x00,0x00,0x00,0x00,0x00,0x00,0x00,0x00,0x00,0x00,0x00,0x00,
    0x00,0x00,0x00,0x00,0x00,0x00,0x00,0x00,0x00,0x00,0x00,0x00,0x00,0x00,0x00,0x00,0x00,0x00,0x00,0x00,0x00,0x00,0x00,0x00,0x00,0x00,0x00,0x00,0x00,0x00,0x00,0x00,
    0x00,0x00,0x00,0x00,0x00,0x00,0x00,0x00,0x00,0x00,0x00,0x00,0x00,0x00,0x00,0x00,0x00,0x7f,0xff,0x02,0x00,0x00,0x00,0x00,0x1f,0x44,0xdf,0x29,0x1f,0x46,0xe5,0xf6,
    0x20,0x45,0xe1,0xfe,0x1f,0x45,0xdf,0xfe,0x1f,0x45,0xe0,0xff,0x1f,0x45,0xe0,0xff,0x1f,0x45,0xe0,0xff,0x1f,0x45,0xe0,0xff,0x1f,0x45,0xe0,0xff,0x1f,0x45,0xe0,0xff,
    0x1f,0x45,0xe0,0xff,0x1f,0x45,0xe0,0xff,0x1f,0x45,0xe0,0xff,0x1f,0x44,0xdf,0xfd,0x20,0x48,0xeb,0xff,0x1e,0x44,0xe0,0x43,0x00,0x00,0x00,0x00,0x00,0x55,0xff,0x03,
    0xff,0xff,0x00,0x01,0x00,0x00,0x00,0x00,0x63,0xb8,0x38,0x12,0x6d,0xc0,0x41,0xef,0x6d,0xc2,0x45,0xff,0x6b,0xbe,0x45,0xfe,0x6a,0xbf,0x47,0xff,0x69,0xbf,0x48,0xff,
    0x69,0xbf,0x48,0xff,0x69,0xbf,0x48,0xff,0x69,0xbf,0x48,0xff,0x69,0xbf,0x48,0xff,0x69,0xbf,0x48,0xff,0x6a,0xbf,0x47,0xff,0x6b,0xbf,0x45,0xff,0x6a,0xbe,0x44,0xfd,
    0x73,0xc8,0x44,0xff,0x6e,0xc2,0x3c,0x43,0x00,0x00,0x00,0x00,0x55,0xaa,0x55,0x03,0x00,0x00,0x00,0x00,0x00,0x00,0x00,0x00,0x00,0x00,0x00,0x00,0x00,0x00,0x00,0x00,
    0x00,0x00,0x00,0x00,0x00,0x00,0x00,0x00,0x00,0x00,0x00,0x00,0x00,0x00,0x00,0x00,0x00,0x00,0x00,0x00,0x00,0x00,0x00,0x00,0x00,0x00,0x00,0x00,0x00,0x00,0x00,0x00,
    0x00,0x00,0x00,0x00,0x00,0x00,0x00,0x00,0x00,0x00,0x00,0x00,0x00,0x00,0x00,0x00,0x00,0x00,0x00,0x00,0x00,0x00,0x00,0x00,0x00,0x00,0x00,0x00,0x00,0x00,0x00,0x00,
    0x00,0x00,0x00,0x00,0x00,0x00,0x00,0x00,0x00,0x00,0x00,0x00,0x00,0x00,0x00,0x00,0x00,0x00,0x00,0x00,0x00,0x00,0x00,0x00,0x00,0x00,0x00,0x00,0x00,0x00,0x00,0x00,
    0x00,0x00,0x00,0x00,0x00,0x00,0x00,0x00,0x00,0x00,0x00,0x00,0x00,0x00,0x00,0x00,0x00,0x00,0x00,0x00,0x00,0x00,0x00,0x00,0x00,0x00,0x00,0x00,0x00,0x00,0x00,0x00,
    0x00,0x00,0x00,0x00,0x00,0x00,0x00,0x00,0x00,0x00,0x00,0x00,0x00,0x00,0x00,0x00,0x00,0x00,0x00,0x00,0x00,0x00,0x00,0x00,0x00,0x00,0x00,0x00,0x00,0x00,0x00,0x00,
    0x00,0x00,0x00,0x00,0x00,0x00,0x00,0x00,0x00,0x00,0x00,0x00,0x00,0x00,0x00,0x00,0x00,0x00,0x00,0x00,0x00,0x00,0x00,0x00,0x00,0x00,0x00,0x00,0x00,0x00,0x00,0x00,
    0x00,0x00,0x00,0x00,0x00,0x00,0x00,0x00,0x00,0x00,0x00,0x00,0x00,0x00,0x00,0x00,0x00,0x00,0x00,0x00,0x00,0x00,0x00,0x00,0x00,0x00,0x00,0x00,0x00,0x00,0x00,0x00,
    0x00,0x00,0x00,0x00,0x00,0x00,0x00,0x00,0x00,0x00,0x00,0x00,0x00,0x00,0x00,0x00,0x00,0x00,0x00,0x00,0x00,0x00,0x00,0x00,0x00,0x00,0x00,0x00,0x00,0x00,0x00,0x00,
    0x00,0x00,0x00,0x00,0x00,0x00,0x00,0x00,0x00,0x00,0x00,0x00,0x00,0x00,0x00,0x00,0x00,0x00,0x00,0x00,0x00,0x00,0x00,0x00,0x00,0x00,0x00,0x00,0x00,0x00,0x00,0x00,
    0x00,0x00,0x00,0x00,0x00,0x00,0x00,0x00,0x00,0x00,0x00,0x00,0x00,0x00,0x00,0x00,0x00,0x00,0x00,0x00,0x00,0x00,0x00,0x00,0x00,0x00,0x00,0x00,0x00,0x00,0x00,0x00,
    0x00,0x00,0x00,0x00,0x00,0x00,0x00,0x00,0x00,0x00,0x00,0x00,0x00,0x00,0x00,0x00,0x00,0x00,0x00,0x00,0x00,0x00,0x00,0x00,0x00,0x00,0x00,0x00,0x00,0x00,0x00,0x00,
    0x00,0x00,0x00,0x00,0x00,0x00,0x00,0x00,0x00,0x00,0x00,0x00,0x00,0x00,0x00,0x00,0x00,0x00,0x00,0x00,0x00,0x00,0x00,0x00,0x00,0x00,0x00,0x00,0x00,0x00,0x00,0x00,
    0x00,0x00,0x00,0x00,0x00,0x00,0x00,0x00,0x00,0x00,0x00,0x00,0x00,0x00,0x00,0x00,0x00,0x00,0x00,0x00,0x00,0x00,0x00,0x00,0x00,0x00,0x00,0x00,0x00,0x00,0x00,0x00,
    0x00,0x00,0x00,0x00,0x00,0x00,0x00,0x00,0x00,0x00,0x00,0x00,0x00,0x00,0x00,0x00,0x00,0x00,0x00,0x00,0x00,0x00,0x00,0x00,0x00,0x00,0x00,0x00,0x00,0x00,0x00,0x00,
    0x00,0x00,0x00,0x00,0x00,0x00,0x00,0x00,0x00,0x00,0x00,0x00,0x00,0x00,0x00,0x00,0x00,0x00,0xff,0x01,0x00,0x00,0x00,0x00,0x22,0x33,0xdd,0x0f,0x1e,0x45,0xde,0xef,
    0x20,0x46,0xe4,0xff,0x1f,0x45,0xdf,0xfe,0x1f,0x45,0xe0,0xff,0x1f,0x45,0xe0,0xff,0x1f,0x45,0xe0,0xff,0x1f,0x45,0xe0,0xff,0x1f,0x45,0xe0,0xff,0x1f,0x45,0xe0,0xff,
    0x1f,0x45,0xe0,0xff,0x1f,0x45,0xe0,0xff,0x1f,0x45,0xe0,0xff,0x1f,0x44,0xdf,0xfd,0x20,0x48,0xeb,0xff,0x1d,0x46,0xe1,0x45,0x00,0x00,0x00,0x00,0x00,0x55,0xff,0x03,
    0x00,0x00,0x00,0x00,0xff,0xff,0xff,0x01,0x7f,0xbf,0x3f,0x04,0x6e,0xbf,0x3f,0xd0,0x71,0xc6,0x45,0xfe,0x6b,0xbf,0x44,0xfc,0x6b,0xbf,0x45,0xff,0x6b,0xbf,0x45,0xff,
    0x6a,0xbf,0x46,0xff,0x6a,0xbf,0x46,0xff,0x6a,0xbf,0x46,0xff,0x6a,0xbf,0x46,0xff,0x6b,0xbf,0x46,0xff,0x6b,0xbf,0x45,0xff,0x6b,0xbe,0x45,0xfe,0x6d,0xc0,0x43,0xfe,
    0x6f,0xc2,0x41,0xf7,0x6e,0xbb,0x3b,0x1e,0x00,0x00,0x00,0x00,0x00,0x7f,0x00,0x02,0x00,0x00,0x00,0x00,0x00,0x00,0x00,0x00,0x00,0x00,0x00,0x00,0x00,0x00,0x00,0x00,
    0x00,0x00,0x00,0x00,0x00,0x00,0x00,0x00,0x00,0x00,0x00,0x00,0x00,0x00,0x00,0x00,0x00,0x00,0x00,0x00,0x00,0x00,0x00,0x00,0x00,0x00,0x00,0x00,0x00,0x00,0x00,0x00,
    0x00,0x00,0x00,0x00,0x00,0x00,0x00,0x00,0x00,0x00,0x00,0x00,0x00,0x00,0x00,0x00,0x00,0x00,0x00,0x00,0x00,0x00,0x00,0x00,0x00,0x00,0x00,0x00,0x00,0x00,0x00,0x00,
    0x00,0x00,0x00,0x00,0x00,0x00,0x00,0x00,0x00,0x00,0x00,0x00,0x00,0x00,0x00,0x00,0x00,0x00,0x00,0x00,0x00,0x00,0x00,0x00,0x00,0x00,0x00,0x00,0x00,0x00,0x00,0x00,
    0x00,0x00,0x00,0x00,0x00,0x00,0x00,0x00,0x00,0x00,0x00,0x00,0x00,0x00,0x00,0x00,0x00,0x00,0x00,0x00,0x00,0x00,0x00,0x00,0x00,0x00,0x00,0x00,0x00,0x00,0x00,0x00,
    0x00,0x00,0x00,0x00,0x00,0x00,0x00,0x00,0x00,0x00,0x00,0x00,0x00,0x00,0x00,0x00,0x00,0x00,0x00,0x00,0x00,0x00,0x00,0x00,0x00,0x00,0x00,0x00,0x00,0x00,0x00,0x00,
    0x00,0x00,0x00,0x00,0x00,0x00,0x00,0x00,0x00,0x00,0x00,0x00,0x00,0x00,0x00,0x00,0x00,0x00,0x00,0x00,0x00,0x00,0x00,0x00,0x00,0x00,0x00,0x00,0x00,0x00,0x00,0x00,
    0x00,0x00,0x00,0x00,0x00,0x00,0x00,0x00,0x00,0x00,0x00,0x00,0x00,0x00,0x00,0x00,0x00,0x00,0x00,0x00,0x00,0x00,0x00,0x00,0x00,0x00,0x00,0x00,0x00,0x00,0x00,0x00,
    0x00,0x00,0x00,0x00,0x00,0x00,0x00,0x00,0x00,0x00,0x00,0x00,0x00,0x00,0x00,0x00,0x00,0x00,0x00,0x00,0x00,0x00,0x00,0x00,0x00,0x00,0x00,0x00,0x00,0x00,0x00,0x00,
    0x00,0x00,0x00,0x00,0x00,0x00,0x00,0x00,0x00,0x00,0x00,0x00,0x00,0x00,0x00,0x00,0x00,0x00,0x00,0x00,0x00,0x00,0x00,0x00,0x00,0x00,0x00,0x00,0x00,0x00,0x00,0x00,
    0x00,0x00,0x00,0x00,0x00,0x00,0x00,0x00,0x00,0x00,0x00,0x00,0x00,0x00,0x00,0x00,0x00,0x00,0x00,0x00,0x00,0x00,0x00,0x00,0x00,0x00,0x00,0x00,0x00,0x00,0x00,0x00,
    0x00,0x00,0x00,0x00,0x00,0x00,0x00,0x00,0x00,0x00,0x00,0x00,0x00,0x00,0x00,0x00,0x00,0x00,0x00,0x00,0x00,0x00,0x00,0x00,0x00,0x00,0x00,0x00,0x00,0x00,0x00,0x00,
    0x00,0x00,0x00,0x00,0x00,0x00,0x00,0x00,0x00,0x00,0x00,0x00,0x00,0x00,0x00,0x00,0x00,0x00,0x00,0x00,0x00,0x00,0x00,0x00,0x00,0x00,0x00,0x00,0x00,0x00,0x00,0x00,
    0x00,0x00,0x00,0x00,0x00,0x00,0x00,0x00,0x00,0x00,0x00,0x00,0x00,0x00,0x00,0x00,0x00,0x00,0x00,0x00,0x00,0x00,0x00,0x00,0x00,0x00,0x00,0x00,0x00,0x00,0x00,0x00,
    0x00,0x00,0x00,0x00,0x00,0x00,0x00,0x00,0x00,0x00,0x00,0x00,0x00,0x00,0x00,0x00,0x00,0x00,0x00,0x00,0x00,0x00,0x00,0x00,0x00,0x00,0x00,0x00,0x00,0x00,0x00,0x00,
    0x00,0x00,0x00,0x00,0x00,0x00,0x00,0x00,0x00,0x00,0x00,0x00,0x00,0x00,0x00,0x00,0x00,0x00,0xff,0x01,0x00,0x00,0xff,0x01,0x1c,0x38,0xe2,0x09,0x1f,0x44,0xe0,0xdb,
    0x20,0x47,0xe7,0xfe,0x1f,0x45,0xdf,0xfd,0x1f,0x45,0xe0,0xff,0x1f,0x45,0xe0,0xff,0x1f,0x45,0xe0,0xff,0x1f,0x45,0xe0,0xff,0x1f,0x45,0xe0,0xff,0x1f,0x45,0xe0,0xff,
    0x1f,0x45,0xe0,0xff,0x1f,0x45,0xe0,0xff,0x1f,0x45,0xe0,0xff,0x1f,0x45,0xe0,0xfe,0x1f,0x46,0xe4,0xfa,0x1d,0x41,0xe1,0x2b,0x00,0x00,0x00,0x00,0x00,0x00,0xff,0x02,
    0x00,0x00,0x00,0x00,0xaa,0xff,0x55,0x03,0x00,0x00,0x00,0x00,0x6f,0xbf,0x3d,0x80,0x77,0xce,0x45,0xff,0x6b,0xbd,0x42,0xfb,0x6c,0xbf,0x44,0xff,0x6b,0xbf,0x45,0xff,
    0x6b,0xbf,0x45,0xff,0x6b,0xbf,0x45,0xff,0x6b,0xbf,0x45,0xff,0x6b,0xbf,0x45,0xff,0x6b,0xbf,0x45,0xff,0x6c,0xbf,0x44,0xff,0x6c,0xbe,0x42,0xfc,0x74,0xc9,0x45,0xff,
    0x6e,0xbe,0x3e,0xbf,0x7f,0x7f,0x00,0x02,0x7f,0xff,0x7f,0x02,0x00,0x00,0x00,0x00,0x00,0x00,0x00,0x00,0x00,0x00,0x00,0x00,0x00,0x00,0x00,0x00,0x00,0x00,0x00,0x00,
    0x00,0x00,0x00,0x00,0x00,0x00,0x00,0x00,0x00,0x00,0x00,0x00,0x00,0x00,0x00,0x00,0x00,0x00,0x00,0x00,0x00,0x00,0x00,0x00,0x00,0x00,0x00,0x00,0x00,0x00,0x00,0x00,
    0x00,0x00,0x00,0x00,0x00,0x00,0x00,0x00,0x00,0x00,0x00,0x00,0x00,0x00,0x00,0x00,0x00,0x00,0x00,0x00,0x00,0x00,0x00,0x00,0x00,0x00,0x00,0x00,0x00,0x00,0x00,0x00,
    0x00,0x00,0x00,0x00,0x00,0x00,0x00,0x00,0x00,0x00,0x00,0x00,0x00,0x00,0x00,0x00,0x00,0x00,0x00,0x00,0x00,0x00,0x00,0x00,0x00,0x00,0x00,0x00,0x00,0x00,0x00,0x00,
    0x00,0x00,0x00,0x00,0x00,0x00,0x00,0x00,0x00,0x00,0x00,0x00,0x00,0x00,0x00,0x00,0x00,0x00,0x00,0x00,0x00,0x00,0x00,0x00,0x00,0x00,0x00,0x00,0x00,0x00,0x00,0x00,
    0x00,0x00,0x00,0x00,0x00,0x00,0x00,0x00,0x00,0x00,0x00,0x00,0x00,0x00,0x00,0x00,0x00,0x00,0x00,0x00,0x00,0x00,0x00,0x00,0x00,0x00,0x00,0x00,0x00,0x00,0x00,0x00,
    0x00,0x00,0x00,0x00,0x00,0x00,0x00,0x00,0x00,0x00,0x00,0x00,0x00,0x00,0x00,0x00,0x00,0x00,0x00,0x00,0x00,0x00,0x00,0x00,0x00,0x00,0x00,0x00,0x00,0x00,0x00,0x00,
    0x00,0x00,0x00,0x00,0x00,0x00,0x00,0x00,0x00,0x00,0x00,0x00,0x00,0x00,0x00,0x00,0x00,0x00,0x00,0x00,0x00,0x00,0x00,0x00,0x00,0x00,0x00,0x00,0x00,0x00,0x00,0x00,
    0x00,0x00,0x00,0x00,0x00,0x00,0x00,0x00,0x00,0x00,0x00,0x00,0x00,0x00,0x00,0x00,0x00,0x00,0x00,0x00,0x00,0x00,0x00,0x00,0x00,0x00,0x00,0x00,0x00,0x00,0x00,0x00,
    0x00,0x00,0x00,0x00,0x00,0x00,0x00,0x00,0x00,0x00,0x00,0x00,0x00,0x00,0x00,0x00,0x00,0x00,0x00,0x00,0x00,0x00,0x00,0x00,0x00,0x00,0x00,0x00,0x00,0x00,0x00,0x00,
    0x00,0x00,0x00,0x00,0x00,0x00,0x00,0x00,0x00,0x00,0x00,0x00,0x00,0x00,0x00,0x00,0x00,0x00,0x00,0x00,0x00,0x00,0x00,0x00,0x00,0x00,0x00,0x00,0x00,0x00,0x00,0x00,
    0x00,0x00,0x00,0x00,0x00,0x00,0x00,0x00,0x00,0x00,0x00,0x00,0x00,0x00,0x00,0x00,0x00,0x00,0x00,0x00,0x00,0x00,0x00,0x00,0x00,0x00,0x00,0x00,0x00,0x00,0x00,0x00,
    0x00,0x00,0x00,0x00,0x00,0x00,0x00,0x00,0x00,0x00,0x00,0x00,0x00,0x00,0x00,0x00,0x00,0x00,0x00,0x00,0x00,0x00,0x00,0x00,0x00,0x00,0x00,0x00,0x00,0x00,0x00,0x00,
    0x00,0x00,0x00,0x00,0x00,0x00,0x00,0x00,0x00,0x00,0x00,0x00,0x00,0x00,0x00,0x00,0x00,0x00,0x00,0x00,0x00,0x00,0x00,0x00,0x00,0x00,0x00,0x00,0x00,0x00,0x00,0x00,
    0x00,0x00,0x00,0x00,0x00,0x00,0x00,0x00,0x00,0x00,0x00,0x00,0x00,0x00,0x00,0x00,0x00,0x00,0x00,0x00,0x00,0x00,0x00,0x00,0x00,0x00,0x00,0x00,0x00,0x00,0x00,0x00,
    0x00,0x00,0x00,0x00,0x00,0x00,0x00,0x00,0x00,0x00,0x00,0x00,0x00,0x00,0x00,0x00,0x00,0x00,0x00,0x00,0x00,0x55,0xff,0x03,0x00,0x00,0x00,0x00,0x1f,0x45,0xdf,0x9b,
    0x21,0x4a,0xf0,0xff,0x1e,0x45,0xdf,0xfb,0x1f,0x45,0xe0,0xff,0x1f,0x45,0xe0,0xff,0x1f,0x45,0xe0,0xff,0x1f,0x45,0xe0,0xff,0x1f,0x45,0xe0,0xff,0x1f,0x45,0xe0,0xff,
    0x1f,0x45,0xe0,0xff,0x1f,0x45,0xe0,0xff,0x1f,0x44,0xdf,0xfd,0x20,0x47,0xe8,0xfe,0x1e,0x45,0xde,0xd6,0x33,0x33,0xcc,0x05,0x00,0xff,0xff,0x01,0x00,0x00,0x00,0x00,
    0x00,0x00,0x00,0x00,0x00,0xff,0x00,0x01,0xff,0xff,0x00,0x01,0x6b,0xbb,0x43,0x13,0x70,0xc1,0x3f,0xe8,0x70,0xc3,0x42,0xfe,0x6c,0xbe,0x41,0xfc,0x6d,0xbf,0x43,0xff,
    0x6c,0xbf,0x43,0xff,0x6c,0xbf,0x44,0xff,0x6c,0xbf,0x44,0xff,0x6c,0xbf,0x43,0xff,0x6d,0xbf,0x43,0xff,0x6c,0xbe,0x42,0xfe,0x6e,0xc0,0x41,0xfa,0x74,0xc7,0x42,0xfe,
    0x6d,0xbe,0x3c,0x3f,0x00,0x00,0x00,0x00,0x55,0xaa,0x55,0x03,0x00,0x00,0x00,0x00,0x00,0x00,0x00,0x00,0x00,0x00,0x00,0x00,0x00,0x00,0x00,0x00,0x00,0x00,0x00,0x00,
    0x00,0x00,0x00,0x00,0x00,0x00,0x00,0x00,0x00,0x00,0x00,0x00,0x00,0x00,0x00,0x00,0x00,0x00,0x00,0x00,0x00,0x00,0x00,0x00,0x00,0x00,0x00,0x00,0x00,0x00,0x00,0x00,
    0x00,0x00,0x00,0x00,0x00,0x00,0x00,0x00,0x00,0x00,0x00,0x00,0x00,0x00,0x00,0x00,0x00,0x00,0x00,0x00,0x00,0x00,0x00,0x00,0x00,0x00,0x00,0x00,0x00,0x00,0x00,0x00,
    0x00,0x00,0x00,0x00,0x00,0x00,0x00,0x00,0x00,0x00,0x00,0x00,0x00,0x00,0x00,0x00,0x00,0x00,0x00,0x00,0x00,0x00,0x00,0x00,0x00,0x00,0x00,0x00,0x00,0x00,0x00,0x00,
    0x00,0x00,0x00,0x00,0x00,0x00,0x00,0x00,0x00,0x00,0x00,0x00,0x00,0x00,0x00,0x00,0x00,0x00,0x00,0x00,0x00,0x00,0x00,0x00,0x00,0x00,0x00,0x00,0x00,0x00,0x00,0x00,
    0x00,0x00,0x00,0x00,0x00,0x00,0x00,0x00,0x00,0x00,0x00,0x00,0x00,0x00,0x00,0x00,0x00,0x00,0x00,0x00,0x00,0x00,0x00,0x00,0x00,0x00,0x00,0x00,0x00,0x00,0x00,0x00,
    0x00,0x00,0x00,0x00,0x00,0x00,0x00,0x00,0x00,0x00,0x00,0x00,0x00,0x00,0x00,0x00,0x00,0x00,0x00,0x00,0x00,0x00,0x00,0x00,0x00,0x00,0x00,0x00,0x00,0x00,0x00,0x00,
    0x00,0x00,0x00,0x00,0x00,0x00,0x00,0x00,0x00,0x00,0x00,0x00,0x00,0x00,0x00,0x00,0x00,0x00,0x00,0x00,0x00,0x00,0x00,0x00,0x00,0x00,0x00,0x00,0x00,0x00,0x00,0x00,
    0x00,0x00,0x00,0x00,0x00,0x00,0x00,0x00,0x00,0x00,0x00,0x00,0x00,0x00,0x00,0x00,0x00,0x00,0x00,0x00,0x00,0x00,0x00,0x00,0x00,0x00,0x00,0x00,0x00,0x00,0x00,0x00,
    0x00,0x00,0x00,0x00,0x00,0x00,0x00,0x00,0x00,0x00,0x00,0x00,0x00,0x00,0x00,0x00,0x00,0x00,0x00,0x00,0x00,0x00,0x00,0x00,0x00,0x00,0x00,0x00,0x00,0x00,0x00,0x00,
    0x00,0x00,0x00,0x00,0x00,0x00,0x00,0x00,0x00,0x00,0x00,0x00,0x00,0x00,0x00,0x00,0x00,0x00,0x00,0x00,0x00,0x00,0x00,0x00,0x00,0x00,0x00,0x00,0x00,0x00,0x00,0x00,
    0x00,0x00,0x00,0x00,0x00,0x00,0x00,0x00,0x00,0x00,0x00,0x00,0x00,0x00,0x00,0x00,0x00,0x00,0x00,0x00,0x00,0x00,0x00,0x00,0x00,0x00,0x00,0x00,0x00,0x00,0x00,0x00,
    0x00,0x00,0x00,0x00,0x00,0x00,0x00,0x00,0x00,0x00,0x00,0x00,0x00,0x00,0x00,0x00,0x00,0x00,0x00,0x00,0x00,0x00,0x00,0x00,0x00,0x00,0x00,0x00,0x00,0x00,0x00,0x00,
    0x00,0x00,0x00,0x00,0x00,0x00,0x00,0x00,0x00,0x00,0x00,0x00,0x00,0x00,0x00,0x00,0x00,0x00,0x00,0x00,0x00,0x00,0x00,0x00,0x00,0x00,0x00,0x00,0x00,0x00,0x00,0x00,
    0x00,0x00,0x00,0x00,0x00,0x00,0x00,0x00,0x00,0x00,0x00,0x00,0x00,0x00,0x00,0x00,0x00,0x00,0x00,0x00,0x00,0x00,0x00,0x00,0x00,0x00,0x00,0x00,0x00,0x00,0x00,0x00,
    0x00,0x00,0x00,0x00,0x00,0x00,0x00,0x00,0x00,0x00,0x00,0x00,0x00,0x00,0x00,0x00,0x00,0x00,0x00,0x00,0x00,0x00,0xff,0x02,0x00,0x00,0x00,0x00,0x1f,0x46,0xdf,0x28,
    0x1f,0x46,0xe5,0xfc,0x1f,0x46,0xe2,0xfb,0x1f,0x45,0xdf,0xfe,0x1f,0x45,0xe0,0xff,0x1f,0x45,0xe0,0xff,0x1f,0x45,0xe0,0xff,0x1f,0x45,0xe0,0xff,0x1f,0x45,0xe0,0xff,
    0x1f,0x45,0xe0,0xff,0x1f,0x45,0xe0,0xff,0x1e,0x44,0xdf,0xf9,0x21,0x4b,0xf2,0xff,0x20,0x45,0xde,0x5f,0x00,0x00,0x00,0x00,0x00,0x55,0xff,0x03,0x00,0x00,0x00,0x00,
    0x00,0x00,0x00,0x00,0x00,0x00,0x00,0x00,0x55,0xaa,0x55,0x03,0x00,0x00,0x00,0x00,0x6b,0xbc,0x3e,0x45,0x75,0xc9,0x42,0xff,0x71,0xc3,0x41,0xff,0x6c,0xbd,0x41,0xfb,
    0x6c,0xbe,0x41,0xfd,0x6d,0xbe,0x42,0xfe,0x6d,0xbe,0x42,0xfe,0x6c,0xbf,0x41,0xfd,0x6d,0xbe,0x41,0xfb,0x6e,0xbf,0x40,0xfd,0x7b,0xd3,0x46,0xff,0x6d,0xbd,0x3d,0x80,
    0x00,0x00,0x00,0x00,0x55,0xaa,0x55,0x03,0x00,0x00,0x00,0x00,0x00,0x00,0x00,0x00,0x00,0x00,0x00,0x00,0x00,0x00,0x00,0x00,0x00,0x00,0x00,0x00,0x00,0x00,0x00,0x00,
    0x00,0x00,0x00,0x00,0x00,0x00,0x00,0x00,0x00,0x00,0x00,0x00,0x00,0x00,0x00,0x00,0x00,0x00,0x00,0x00,0x00,0x00,0x00,0x00,0x00,0x00,0x00,0x00,0x00,0x00,0x00,0x00,
    0x00,0x00,0x00,0x00,0x00,0x00,0x00,0x00,0x00,0x00,0x00,0x00,0x00,0x00,0x00,0x00,0x00,0x00,0x00,0x00,0x00,0x00,0x00,0x00,0x00,0x00,0x00,0x00,0x00,0x00,0x00,0x00,
    0x00,0x00,0x00,0x00,0x00,0x00,0x00,0x00,0x00,0x00,0x00,0x00,0x00,0x00,0x00,0x00,0x00,0x00,0x00,0x00,0x00,0x00,0x00,0x00,0x00,0x00,0x00,0x00,0x00,0x00,0x00,0x00,
    0x00,0x00,0x00,0x00,0x00,0x00,0x00,0x00,0x00,0x00,0x00,0x00,0x00,0x00,0x00,0x00,0x00,0x00,0x00,0x00,0x00,0x00,0x00,0x00,0x00,0x00,0x00,0x00,0x00,0x00,0x00,0x00,
    0x00,0x00,0x00,0x00,0x00,0x00,0x00,0x00,0x00,0x00,0x00,0x00,0x00,0x00,0x00,0x00,0x00,0x00,0x00,0x00,0x00,0x00,0x00,0x00,0x00,0x00,0x00,0x00,0x00,0x00,0x00,0x00,
    0x00,0x00,0x00,0x00,0x00,0x00,0x00,0x00,0x00,0x00,0x00,0x00,0x00,0x00,0x00,0x00,0x00,0x00,0x00,0x00,0x00,0x00,0x00,0x00,0x00,0x00,0x00,0x00,0x00,0x00,0x00,0x00,
    0x00,0x00,0x00,0x00,0x00,0x00,0x00,0x00,0x00,0x00,0x00,0x00,0x00,0x00,0x00,0x00,0x00,0x00,0x00,0x00,0x00,0x00,0x00,0x00,0x00,0x00,0x00,0x00,0x00,0x00,0x00,0x00,
    0x00,0x00,0x00,0x00,0x00,0x00,0x00,0x00,0x00,0x00,0x00,0x00,0x00,0x00,0x00,0x00,0x00,0x00,0x00,0x00,0x00,0x00,0x00,0x00,0x00,0x00,0x00,0x00,0x00,0x00,0x00,0x00,
    0x00,0x00,0x00,0x00,0x00,0x00,0x00,0x00,0x00,0x00,0x00,0x00,0x00,0x00,0x00,0x00,0x00,0x00,0x00,0x00,0x00,0x00,0x00,0x00,0x00,0x00,0x00,0x00,0x00,0x00,0x00,0x00,
    0x00,0x00,0x00,0x00,0x00,0x00,0x00,0x00,0x00,0x00,0x00,0x00,0x00,0x00,0x00,0x00,0x00,0x00,0x00,0x00,0x00,0x00,0x00,0x00,0x00,0x00,0x00,0x00,0x00,0x00,0x00,0x00,
    0x00,0x00,0x00,0x00,0x00,0x00,0x00,0x00,0x00,0x00,0x00,0x00,0x00,0x00,0x00,0x00,0x00,0x00,0x00,0x00,0x00,0x00,0x00,0x00,0x00,0x00,0x00,0x00,0x00,0x00,0x00,0x00,
    0x00,0x00,0x00,0x00,0x00,0x00,0x00,0x00,0x00,0x00,0x00,0x00,0x00,0x00,0x00,0x00,0x00,0x00,0x00,0x00,0x00,0x00,0x00,0x00,0x00,0x00,0x00,0x00,0x00,0x00,0x00,0x00,
    0x00,0x00,0x00,0x00,0x00,0x00,0x00,0x00,0x00,0x00,0x00,0x00,0x00,0x00,0x00,0x00,0x00,0x00,0x00,0x00,0x00,0x00,0x00,0x00,0x00,0x00,0x00,0x00,0x00,0x00,0x00,0x00,
    0x00,0x00,0x00,0x00,0x00,0x00,0x00,0x00,0x00,0x00,0x00,0x00,0x00,0x00,0x00,0x00,0x00,0x00,0x00,0x00,0x00,0x00,0x00,0x00,0x00,0x00,0x00,0x00,0x00,0x00,0x00,0x00,
    0x00,0x00,0x00,0x00,0x00,0x00,0x00,0x00,0x00,0x00,0x00,0x00,0x00,0x00,0x00,0x00,0x00,0x00,0x00,0x00,0x00,0x00,0x00,0x00,0x00,0x55,0xff,0x03,0x00,0x00,0x00,0x00,
    0x1f,0x44,0xdc,0x70,0x22,0x4c,0xf7,0xff,0x1f,0x44,0xe0,0xfc,0x1f,0x44,0xdf,0xfc,0x1f,0x45,0xe0,0xfe,0x1f,0x45,0xe0,0xff,0x1f,0x45,0xe0,0xff,0x1f,0x45,0xe0,0xfe,
    0x1f,0x44,0xdf,0xfd,0x1e,0x44,0xdf,0xf9,0x22,0x4c,0xf8,0xff,0x1f,0x45,0xdf,0xac,0x00,0x7f,0xff,0x02,0x00,0x55,0xff,0x03,0x00,0x00,0x00,0x00,0x00,0x00,0x00,0x00,
    0x00,0x00,0x00,0x00,0x00,0x00,0x00,0x00,0x00,0x00,0x00,0x00,0x7f,0xff,0x7f,0x02,0x00,0x00,0x00,0x00,0x6f,0xbe,0x3d,0x47,0x72,0xc4,0x40,0xe6,0x78,0xce,0x44,0xff,
    0x74,0xc8,0x42,0xff,0x71,0xc3,0x41,0xff,0x71,0xc3,0x41,0xff,0x73,0xc6,0x42,0xff,0x77,0xcd,0x43,0xff,0x72,0xc5,0x41,0xfb,0x6e,0xbf,0x3f,0x71,0x00,0xff,0x00,0x01,
    0x55,0xaa,0x55,0x03,0x00,0x00,0x00,0x00,0x00,0x00,0x00,0x00,0x00,0x00,0x00,0x00,0x00,0x00,0x00,0x00,0x00,0x00,0x00,0x00,0x00,0x00,0x00,0x00,0x00,0x00,0x00,0x00,
    0x00,0x00,0x00,0x00,0x00,0x00,0x00,0x00,0x00,0x00,0x00,0x00,0x00,0x00,0x00,0x00,0x00,0x00,0x00,0x00,0x00,0x00,0x00,0x00,0x00,0x00,0x00,0x00,0x00,0x00,0x00,0x00,
    0x00,0x00,0x00,0x00,0x00,0x00,0x00,0x00,0x00,0x00,0x00,0x00,0x00,0x00,0x00,0x00,0x00,0x00,0x00,0x00,0x00,0x00,0x00,0x00,0x00,0x00,0x00,0x00,0x00,0x00,0x00,0x00,
    0x00,0x00,0x00,0x00,0x00,0x00,0x00,0x00,0x00,0x00,0x00,0x00,0x00,0x00,0x00,0x00,0x00,0x00,0x00,0x00,0x00,0x00,0x00,0x00,0x00,0x00,0x00,0x00,0x00,0x00,0x00,0x00,
    0x00,0x00,0x00,0x00,0x00,0x00,0x00,0x00,0x00,0x00,0x00,0x00,0x00,0x00,0x00,0x00,0x00,0x00,0x00,0x00,0x00,0x00,0x00,0x00,0x00,0x00,0x00,0x00,0x00,0x00,0x00,0x00,
    0x00,0x00,0x00,0x00,0x00,0x00,0x00,0x00,0x00,0x00,0x00,0x00,0x00,0x00,0x00,0x00,0x00,0x00,0x00,0x00,0x00,0x00,0x00,0x00,0x00,0x00,0x00,0x00,0x00,0x00,0x00,0x00,
    0x00,0x00,0x00,0x00,0x00,0x00,0x00,0x00,0x00,0x00,0x00,0x00,0x00,0x00,0x00,0x00,0x00,0x00,0x00,0x00,0x00,0x00,0x00,0x00,0x00,0x00,0x00,0x00,0x00,0x00,0x00,0x00,
    0x00,0x00,0x00,0x00,0x00,0x00,0x00,0x00,0x00,0x00,0x00,0x00,0x00,0x00,0x00,0x00,0x00,0x00,0x00,0x00,0x00,0x00,0x00,0x00,0x00,0x00,0x00,0x00,0x00,0x00,0x00,0x00,
    0x00,0x00,0x00,0x00,0x00,0x00,0x00,0x00,0x00,0x00,0x00,0x00,0x00,0x00,0x00,0x00,0x00,0x00,0x00,0x00,0x00,0x00,0x00,0x00,0x00,0x00,0x00,0x00,0x00,0x00,0x00,0x00,
    0x00,0x00,0x00,0x00,0x00,0x00,0x00,0x00,0x00,0x00,0x00,0x00,0x00,0x00,0x00,0x00,0x00,0x00,0x00,0x00,0x00,0x00,0x00,0x00,0x00,0x00,0x00,0x00,0x00,0x00,0x00,0x00,
    0x00,0x00,0x00,0x00,0x00,0x00,0x00,0x00,0x00,0x00,0x00,0x00,0x00,0x00,0x00,0x00,0x00,0x00,0x00,0x00,0x00,0x00,0x00,0x00,0x00,0x00,0x00,0x00,0x00,0x00,0x00,0x00,
    0x00,0x00,0x00,0x00,0x00,0x00,0x00,0x00,0x00,0x00,0x00,0x00,0x00,0x00,0x00,0x00,0x00,0x00,0x00,0x00,0x00,0x00,0x00,0x00,0x00,0x00,0x00,0x00,0x00,0x00,0x00,0x00,
    0x00,0x00,0x00,0x00,0x00,0x00,0x00,0x00,0x00,0x00,0x00,0x00,0x00,0x00,0x00,0x00,0x00,0x00,0x00,0x00,0x00,0x00,0x00,0x00,0x00,0x00,0x00,0x00,0x00,0x00,0x00,0x00,
    0x00,0x00,0x00,0x00,0x00,0x00,0x00,0x00,0x00,0x00,0x00,0x00,0x00,0x00,0x00,0x00,0x00,0x00,0x00,0x00,0x00,0x00,0x00,0x00,0x00,0x00,0x00,0x00,0x00,0x00,0x00,0x00,
    0x00,0x00,0x00,0x00,0x00,0x00,0x00,0x00,0x00,0x00,0x00,0x00,0x00,0x00,0x00,0x00,0x00,0x00,0x00,0x00,0x00,0x00,0x00,0x00,0x00,0x00,0x00,0x00,0x00,0x00,0x00,0x00,
    0x00,0x00,0x00,0x00,0x00,0x00,0x00,0x00,0x00,0x00,0x00,0x00,0x00,0x00,0x00,0x00,0x00,0x00,0x00,0x00,0x00,0x00,0x00,0x00,0x00,0x00,0x00,0x00,0x00,0x7f,0xff,0x02,
    0x00,0x00,0x00,0x00,0x1f,0x45,0xe1,0x80,0x20,0x48,0xea,0xff,0x21,0x49,0xed,0xff,0x1f,0x46,0xe2,0xff,0x1f,0x45,0xdf,0xfe,0x1f,0x45,0xdf,0xfe,0x1f,0x45,0xe1,0xff,
    0x20,0x48,0xe9,0xff,0x22,0x4b,0xf3,0xff,0x1f,0x46,0xe6,0xa9,0x1c,0x46,0xd4,0x12,0x00,0x00,0xff,0x01,0x00,0x00,0xff,0x01,0x00,0x00,0x00,0x00,0x00,0x00,0x00,0x00,
    0x00,0x00,0x00,0x00,0x00,0x00,0x00,0x00,0x00,0x00,0x00,0x00,0x00,0x00,0x00,0x00,0x7f,0xff,0x7f,0x02,0x00,0x00,0x00,0x00,0x6d,0xb6,0x3c,0x15,0x71,0xc4,0x40,0x7e,
    0x72,0xc5,0x40,0xc6,0x6f,0xc0,0x3f,0xe9,0x70,0xc1,0x3f,0xe9,0x72,0xc3,0x40,0xd2,0x72,0xc4,0x41,0x98,0x70,0xbd,0x41,0x2b,0x00,0x00,0x00,0x00,0x00,0xff,0x00,0x01,
    0x00,0x00,0x00,0x00,0x00,0x00,0x00,0x00,0x00,0x00,0x00,0x00,0x00,0x00,0x00,0x00,0x00,0x00,0x00,0x00,0x00,0x00,0x00,0x00,0x00,0x00,0x00,0x00,0x00,0x00,0x00,0x00,
    0x00,0x00,0x00,0x00,0x00,0x00,0x00,0x00,0x00,0x00,0x00,0x00,0x00,0x00,0x00,0x00,0x00,0x00,0x00,0x00,0x00,0x00,0x00,0x00,0x00,0x00,0x00,0x00,0x00,0x00,0x00,0x00,
    0x00,0x00,0x00,0x00,0x00,0x00,0x00,0x00,0x00,0x00,0x00,0x00,0x00,0x00,0x00,0x00,0x00,0x00,0x00,0x00,0x00,0x00,0x00,0x00,0x00,0x00,0x00,0x00,0x00,0x00,0x00,0x00,
    0x00,0x00,0x00,0x00,0x00,0x00,0x00,0x00,0x00,0x00,0x00,0x00,0x00,0x00,0x00,0x00,0x00,0x00,0x00,0x00,0x00,0x00,0x00,0x00,0x00,0x00,0x00,0x00,0x00,0x00,0x00,0x00,
    0x00,0x00,0x00,0x00,0x00,0x00,0x00,0x00,0x00,0x00,0x00,0x00,0x00,0x00,0x00,0x00,0x00,0x00,0x00,0x00,0x00,0x00,0x00,0x00,0x00,0x00,0x00,0x00,0x00,0x00,0x00,0x00,
    0x00,0x00,0x00,0x00,0x00,0x00,0x00,0x00,0x00,0x00,0x00,0x00,0x00,0x00,0x00,0x00,0x00,0x00,0x00,0x00,0x00,0x00,0x00,0x00,0x00,0x00,0x00,0x00,0x00,0x00,0x00,0x00,
    0x00,0x00,0x00,0x00,0x00,0x00,0x00,0x00,0x00,0x00,0x00,0x00,0x00,0x00,0x00,0x00,0x00,0x00,0x00,0x00,0x00,0x00,0x00,0x00,0x00,0x00,0x00,0x00,0x00,0x00,0x00,0x00,
    0x00,0x00,0x00,0x00,0x00,0x00,0x00,0x00,0x00,0x00,0x00,0x00,0x00,0x00,0x00,0x00,0x00,0x00,0x00,0x00,0x00,0x00,0x00,0x00,0x00,0x00,0x00,0x00,0x00,0x00,0x00,0x00,
    0x00,0x00,0x00,0x00,0x00,0x00,0x00,0x00,0x00,0x00,0x00,0x00,0x00,0x00,0x00,0x00,0x00,0x00,0x00,0x00,0x00,0x00,0x00,0x00,0x00,0x00,0x00,0x00,0x00,0x00,0x00,0x00,
    0x00,0x00,0x00,0x00,0x00,0x00,0x00,0x00,0x00,0x00,0x00,0x00,0x00,0x00,0x00,0x00,0x00,0x00,0x00,0x00,0x00,0x00,0x00,0x00,0x00,0x00,0x00,0x00,0x00,0x00,0x00,0x00,
    0x00,0x00,0x00,0x00,0x00,0x00,0x00,0x00,0x00,0x00,0x00,0x00,0x00,0x00,0x00,0x00,0x00,0x00,0x00,0x00,0x00,0x00,0x00,0x00,0x00,0x00,0x00,0x00,0x00,0x00,0x00,0x00,
    0x00,0x00,0x00,0x00,0x00,0x00,0x00,0x00,0x00,0x00,0x00,0x00,0x00,0x00,0x00,0x00,0x00,0x00,0x00,0x00,0x00,0x00,0x00,0x00,0x00,0x00,0x00,0x00,0x00,0x00,0x00,0x00,
    0x00,0x00,0x00,0x00,0x00,0x00,0x00,0x00,0x00,0x00,0x00,0x00,0x00,0x00,0x00,0x00,0x00,0x00,0x00,0x00,0x00,0x00,0x00,0x00,0x00,0x00,0x00,0x00,0x00,0x00,0x00,0x00,
    0x00,0x00,0x00,0x00,0x00,0x00,0x00,0x00,0x00,0x00,0x00,0x00,0x00,0x00,0x00,0x00,0x00,0x00,0x00,0x00,0x00,0x00,0x00,0x00,0x00,0x00,0x00,0x00,0x00,0x00,0x00,0x00,
    0x00,0x00,0x00,0x00,0x00,0x00,0x00,0x00,0x00,0x00,0x00,0x00,0x00,0x00,0x00,0x00,0x00,0x00,0x00,0x00,0x00,0x00,0x00,0x00,0x00,0x00,0x00,0x00,0x00,0x00,0x00,0x00,
    0x00,0x00,0x00,0x00,0x00,0x00,0x00,0x00,0x00,0x00,0x00,0x00,0x00,0x00,0x00,0x00,0x00,0x00,0x00,0x00,0x00,0x00,0x00,0x00,0x00,0x00,0x00,0x00,0x00,0x00,0x00,0x00,
    0x00,0xff,0xff,0x01,0x00,0x00,0x00,0x00,0x1e,0x45,0xe0,0x42,0x20,0x47,0xe7,0xb7,0x1f,0x46,0xe5,0xf0,0x20,0x47,0xe6,0xff,0x20,0x47,0xe7,0xff,0x20,0x46,0xe4,0xf7,
    0x20,0x46,0xe6,0xce,0x1f,0x47,0xe4,0x60,0x00,0x00,0x00,0x00,0x00,0x00,0x00,0x00,0x00,0x00,0xff,0x01,0x00,0x00,0x00,0x00,0x00,0x00,0x00,0x00,0x00,0x00,0x00,0x00,
    0x00,0x00,0x00,0x00,0x00,0x00,0x00,0x00,0x00,0x00,0x00,0x00,0x00,0x00,0x00,0x00,0x00,0x00,0x00,0x00,0x55,0xaa,0x55,0x03,0x00,0x00,0x00,0x00,0x00,0x00,0x00,0x00,
    0x00,0x00,0x00,0x00,0x71,0xc6,0x46,0x12,0x71,0xd4,0x46,0x12,0x55,0xaa,0x55,0x03,0x00,0x00,0x00,0x00,0x00,0x00,0x00,0x00,0x55,0xaa,0x55,0x03,0x00,0x00,0x00,0x00,
    0x00,0x00,0x00,0x00,0x00,0x00,0x00,0x00,0x00,0x00,0x00,0x00,0x00,0x00,0x00,0x00,0x00,0x00,0x00,0x00,0x00,0x00,0x00,0x00,0x00,0x00,0x00,0x00,0x00,0x00,0x00,0x00,
    0x00,0x00,0x00,0x00,0x00,0x00,0x00,0x00,0x00,0x00,0x00,0x00,0x00,0x00,0x00,0x00,0x00,0x00,0x00,0x00,0x00,0x00,0x00,0x00,0x00,0x00,0x00,0x00,0x00,0x00,0x00,0x00,
    0x00,0x00,0x00,0x00,0x00,0x00,0x00,0x00,0x00,0x00,0x00,0x00,0x00,0x00,0x00,0x00,0x00,0x00,0x00,0x00,0x00,0x00,0x00,0x00,0x00,0x00,0x00,0x00,0x00,0x00,0x00,0x00,
    0x00,0x00,0x00,0x00,0x00,0x00,0x00,0x00,0x00,0x00,0x00,0x00,0x00,0x00,0x00,0x00,0x00,0x00,0x00,0x00,0x00,0x00,0x00,0x00,0x00,0x00,0x00,0x00,0x00,0x00,0x00,0x00,
    0x00,0x00,0x00,0x00,0x00,0x00,0x00,0x00,0x00,0x00,0x00,0x00,0x00,0x00,0x00,0x00,0x00,0x00,0x00,0x00,0x00,0x00,0x00,0x00,0x00,0x00,0x00,0x00,0x00,0x00,0x00,0x00,
    0x00,0x00,0x00,0x00,0x00,0x00,0x00,0x00,0x00,0x00,0x00,0x00,0x00,0x00,0x00,0x00,0x00,0x00,0x00,0x00,0x00,0x00,0x00,0x00,0x00,0x00,0x00,0x00,0x00,0x00,0x00,0x00,
    0x00,0x00,0x00,0x00,0x00,0x00,0x00,0x00,0x00,0x00,0x00,0x00,0x00,0x00,0x00,0x00,0x00,0x00,0x00,0x00,0x00,0x00,0x00,0x00,0x00,0x00,0x00,0x00,0x00,0x00,0x00,0x00,
    0x00,0x00,0x00,0x00,0x00,0x00,0x00,0x00,0x00,0x00,0x00,0x00,0x00,0x00,0x00,0x00,0x00,0x00,0x00,0x00,0x00,0x00,0x00,0x00,0x00,0x00,0x00,0x00,0x00,0x00,0x00,0x00,
    0x00,0x00,0x00,0x00,0x00,0x00,0x00,0x00,0x00,0x00,0x00,0x00,0x00,0x00,0x00,0x00,0x00,0x00,0x00,0x00,0x00,0x00,0x00,0x00,0x00,0x00,0x00,0x00,0x00,0x00,0x00,0x00,
    0x00,0x00,0x00,0x00,0x00,0x00,0x00,0x00,0x00,0x00,0x00,0x00,0x00,0x00,0x00,0x00,0x00,0x00,0x00,0x00,0x00,0x00,0x00,0x00,0x00,0x00,0x00,0x00,0x00,0x00,0x00,0x00,
    0x00,0x00,0x00,0x00,0x00,0x00,0x00,0x00,0x00,0x00,0x00,0x00,0x00,0x00,0x00,0x00,0x00,0x00,0x00,0x00,0x00,0x00,0x00,0x00,0x00,0x00,0x00,0x00,0x00,0x00,0x00,0x00,
    0x00,0x00,0x00,0x00,0x00,0x00,0x00,0x00,0x00,0x00,0x00,0x00,0x00,0x00,0x00,0x00,0x00,0x00,0x00,0x00,0x00,0x00,0x00,0x00,0x00,0x00,0x00,0x00,0x00,0x00,0x00,0x00,
    0x00,0x00,0x00,0x00,0x00,0x00,0x00,0x00,0x00,0x00,0x00,0x00,0x00,0x00,0x00,0x00,0x00,0x00,0x00,0x00,0x00,0x00,0x00,0x00,0x00,0x00,0x00,0x00,0x00,0x00,0x00,0x00,
    0x00,0x00,0x00,0x00,0x00,0x00,0x00,0x00,0x00,0x00,0x00,0x00,0x00,0x00,0x00,0x00,0x00,0x00,0x00,0x00,0x00,0x00,0x00,0x00,0x00,0x00,0x00,0x00,0x00,0x00,0x00,0x00,
    0x00,0x00,0x00,0x00,0x00,0x00,0x00,0x00,0x00,0x00,0x00,0x00,0x00,0x00,0x00,0x00,0x00,0x00,0x00,0x00,0x00,0x00,0x00,0x00,0x00,0x00,0x00,0x00,0x00,0x00,0x00,0x00,
    0x00,0x00,0x00,0x00,0x00,0x00,0x00,0x00,0x00,0x00,0x00,0x00,0x00,0x00,0x00,0x00,0x00,0x00,0x00,0x00,0x00,0x00,0x00,0x00,0x00,0x00,0x00,0x00,0x00,0x00,0x00,0x00,
    0x00,0x00,0x00,0x00,0x00,0x3f,0xbf,0x04,0x00,0x00,0x00,0x00,0x00,0x00,0x00,0x00,0x20,0x4a,0xee,0x1f,0x20,0x45,0xe1,0x46,0x21,0x49,0xec,0x45,0x22,0x45,0xed,0x2c,
    0x00,0x7f,0x7f,0x02,0x00,0x00,0x00,0x00,0x00,0x00,0xff,0x01,0x00,0x00,0xff,0x01,0x00,0x00,0x00,0x00,0x00,0x00,0x00,0x00,0x00,0x00,0x00,0x00,0x00,0x00,0x00,0x00,
};
const lv_image_dsc_t wxgauge = {
    .header.cf = LV_COLOR_FORMAT_ARGB8888,
    .header.magic = LV_IMAGE_HEADER_MAGIC,
    .header.w = 160,
    .header.h = 92,
    .data_size = 58880,
    .data = wxgauge_map,
};
