#ifdef __has_include
#if __has_include("lvgl.h")
#ifndef LV_LVGL_H_INCLUDE_SIMPLE
#define LV_LVGL_H_INCLUDE_SIMPLE
#endif
#endif
#endif
#if defined(LV_LVGL_H_INCLUDE_SIMPLE)
#include "lvgl.h"
#else
#include "lvgl/lvgl.h"
#endif
#ifndef LV_ATTRIBUTE_MEM_ALIGN
#define LV_ATTRIBUTE_MEM_ALIGN
#endif
const LV_ATTRIBUTE_MEM_ALIGN uint8_t wxl_storm_map[] = {
    0x00,0x00,0x00,0x00,0x00,0x00,0x00,0x00,0x00,0x00,0x00,0x00,0x00,0x00,0x00,0x00,0x00,0x00,0x00,0x00,0x00,0x00,0x00,0x00,0x00,0x00,0x00,0x00,0x00,0x00,0x00,0x00,
    0x00,0x00,0x00,0x00,0x00,0x00,0x00,0x00,0x00,0x00,0x00,0x00,0x00,0x00,0x00,0x00,0x00,0x00,0x00,0x00,0x00,0x00,0x00,0x00,0x00,0x00,0x00,0x00,0x00,0x00,0x00,0x00,
    0x00,0x00,0x00,0x00,0x00,0x00,0x00,0x00,0x00,0x00,0x00,0x00,0x00,0x00,0x00,0x00,0x00,0x00,0x00,0x00,0x00,0x00,0x00,0x00,0x00,0x00,0x00,0x00,0x00,0x00,0x00,0x00,
    0x00,0x00,0x00,0x00,0x00,0x00,0x00,0x00,0x00,0x00,0x00,0x00,0x00,0x00,0x00,0x00,0x00,0x00,0x00,0x00,0x00,0x00,0x00,0x00,0x00,0x00,0x00,0x00,0x00,0x00,0x00,0x00,
    0x00,0x00,0x00,0x00,0x00,0x00,0x00,0x00,0x00,0x00,0x00,0x00,0x00,0x00,0x00,0x00,0x00,0x00,0x00,0x00,0x00,0x00,0x00,0x00,0x00,0x00,0x00,0x00,0x00,0x00,0x00,0x00,
    0x00,0x00,0x00,0x00,0x00,0x00,0x00,0x00,0x00,0x00,0x00,0x00,0x00,0x00,0x00,0x00,0x00,0x00,0x00,0x00,0x00,0x00,0x00,0x00,0x00,0x00,0x00,0x00,0x00,0x00,0x00,0x00,
    0x00,0x00,0x00,0x00,0x00,0x00,0x00,0x00,0x00,0x00,0x00,0x00,0x00,0x00,0x00,0x00,0x00,0x00,0x00,0x00,0x00,0x00,0x00,0x00,0x00,0x00,0x00,0x00,0x00,0x00,0x00,0x00,
    0x00,0x00,0x00,0x00,0x00,0x00,0x00,0x00,0x00,0x00,0x00,0x00,0x00,0x00,0x00,0x00,0x00,0x00,0x00,0x00,0x00,0x00,0x00,0x00,0x00,0x00,0x00,0x00,0x00,0x00,0x00,0x00,
    0x00,0x00,0x00,0x00,0x00,0x00,0x00,0x00,0x00,0x00,0x00,0x00,0x00,0x00,0x00,0x00,0x00,0x00,0x00,0x00,0x00,0x00,0x00,0x00,0x00,0x00,0x00,0x00,0x00,0x00,0x00,0x00,
    0x00,0x00,0x00,0x00,0x00,0x00,0x00,0x00,0x00,0x00,0x00,0x00,0x00,0x00,0x00,0x00,0x00,0x00,0x00,0x00,0x00,0x00,0x00,0x00,0x00,0x00,0x00,0x00,0x00,0x00,0x00,0x00,
    0x00,0x00,0x00,0x00,0x00,0x00,0x00,0x00,0x00,0x00,0x00,0x00,0x00,0x00,0x00,0x00,0x00,0x00,0x00,0x00,0x00,0x00,0x00,0x00,0x00,0x00,0x00,0x00,0x00,0x00,0x00,0x00,
    0x00,0x00,0x00,0x00,0x00,0x00,0x00,0x00,0x00,0x00,0x00,0x00,0x00,0x00,0x00,0x00,0x00,0x00,0x00,0x00,0x00,0x00,0x00,0x00,0x00,0x00,0x00,0x00,0x00,0x00,0x00,0x00,
    0x00,0x00,0x00,0x00,0x00,0x00,0x00,0x00,0x00,0x00,0x00,0x00,0x00,0x00,0x00,0x00,0x00,0x00,0x00,0x00,0x00,0x00,0x00,0x00,0x00,0x00,0x00,0x00,0x00,0x00,0x00,0x00,
    0x00,0x00,0x00,0x00,0x00,0x00,0x00,0x00,0x00,0x00,0x00,0x00,0x00,0x00,0x00,0x00,0x00,0x00,0x00,0x00,0x00,0x00,0x00,0x00,0x00,0x00,0x00,0x00,0x00,0x00,0x00,0x00,
    0x00,0x00,0x00,0x00,0x00,0x00,0x00,0x00,0x00,0x00,0x00,0x00,0x00,0x00,0x00,0x00,0x00,0x00,0x00,0x00,0x00,0x00,0x00,0x00,0x00,0x00,0x00,0x00,0x00,0x00,0x00,0x00,
    0x00,0x00,0x00,0x00,0x00,0x00,0x00,0x00,0x00,0x00,0x00,0x00,0x00,0x00,0x00,0x00,0x00,0x00,0x00,0x00,0x00,0x00,0x00,0x00,0x00,0x00,0x00,0x00,0x00,0x00,0x00,0x00,
    0x00,0x00,0x00,0x00,0x00,0x00,0x00,0x00,0x00,0x00,0x00,0x00,0x00,0x00,0x00,0x00,0x00,0x00,0x00,0x00,0x00,0x00,0x00,0x00,0x00,0x00,0x00,0x00,0x00,0x00,0x00,0x00,
    0x00,0x00,0x00,0x00,0x00,0x00,0x00,0x00,0x00,0x00,0x00,0x00,0x00,0x00,0x00,0x00,0x00,0x00,0x00,0x00,0x00,0x00,0x00,0x00,0x00,0x00,0x00,0x00,0x00,0x00,0x00,0x00,
    0x00,0x00,0x00,0x00,0x00,0x00,0x00,0x00,0x00,0x00,0x00,0x00,0x00,0x00,0x00,0x00,0x00,0x00,0x00,0x00,0x00,0x00,0x00,0x00,0x00,0x00,0x00,0x00,0x00,0x00,0x00,0x00,
    0x00,0x00,0x00,0x00,0x00,0x00,0x00,0x00,0x00,0x00,0x00,0x00,0x00,0x00,0x00,0x00,0x00,0x00,0x00,0x00,0x00,0x00,0x00,0x00,0x00,0x00,0x00,0x00,0x00,0x00,0x00,0x00,
    0x00,0x00,0x00,0x00,0x00,0x00,0x00,0x00,0x00,0x00,0x00,0x00,0x00,0x00,0x00,0x00,0x00,0x00,0x00,0x00,0x00,0x00,0x00,0x00,0x00,0x00,0x00,0x00,0x00,0x00,0x00,0x00,
    0x00,0x00,0x00,0x00,0x00,0x00,0x00,0x00,0x00,0x00,0x00,0x00,0x00,0x00,0x00,0x00,0x00,0x00,0x00,0x00,0x00,0x00,0x00,0x00,0x00,0x00,0x00,0x00,0x00,0x00,0x00,0x00,
    0x00,0x00,0x00,0x00,0x00,0x00,0x00,0x00,0x00,0x00,0x00,0x00,0x00,0x00,0x00,0x00,0x00,0x00,0x00,0x00,0x00,0x00,0x00,0x00,0x00,0x00,0x00,0x00,0x00,0x00,0x00,0x00,
    0x00,0x00,0x00,0x00,0x00,0x00,0x00,0x00,0x00,0x00,0x00,0x00,0x00,0x00,0x00,0x00,0x00,0x00,0x00,0x00,0x00,0x00,0x00,0x00,0x00,0x00,0x00,0x00,0x00,0x00,0x00,0x00,
    0x00,0x00,0x00,0x00,0x00,0x00,0x00,0x00,0x00,0x00,0x00,0x00,0x00,0x00,0x00,0x00,0x00,0x00,0x00,0x00,0x00,0x00,0x00,0x00,0x00,0x00,0x00,0x00,0x00,0x00,0x00,0x00,
    0x00,0x00,0x00,0x00,0x00,0x00,0x00,0x00,0x00,0x00,0x00,0x00,0x00,0x00,0x00,0x00,0x00,0x00,0x00,0x00,0x00,0x00,0x00,0x00,0x00,0x00,0x00,0x00,0x00,0x00,0x00,0x00,
    0x00,0x00,0x00,0x00,0x00,0x00,0x00,0x00,0x00,0x00,0x00,0x00,0x00,0x00,0x00,0x00,0x00,0x00,0x00,0x00,0x00,0x00,0x00,0x00,0x00,0x00,0x00,0x00,0x00,0x00,0x00,0x00,
    0x00,0x00,0x00,0x00,0x00,0x00,0x00,0x00,0x00,0x00,0x00,0x00,0x00,0x00,0x00,0x00,0x00,0x00,0x00,0x00,0x00,0x00,0x00,0x00,0x00,0x00,0x00,0x00,0x00,0x00,0x00,0x00,
    0x00,0x00,0x00,0x00,0x00,0x00,0x00,0x00,0x00,0x00,0x00,0x00,0x00,0x00,0x00,0x00,0x00,0x00,0x00,0x00,0x00,0x00,0x00,0x00,0x00,0x00,0x00,0x00,0x00,0x00,0x00,0x00,
    0x00,0x00,0x00,0x00,0x00,0x00,0x00,0x00,0x00,0x00,0x00,0x00,0x00,0x00,0x00,0x00,0x00,0x00,0x00,0x00,0x00,0x00,0x00,0x00,0x00,0x00,0x00,0x00,0x00,0x00,0x00,0x00,
    0x00,0x00,0x00,0x00,0x00,0x00,0x00,0x00,0x00,0x00,0x00,0x00,0x00,0x00,0x00,0x00,0x00,0x00,0x00,0x00,0x00,0x00,0x00,0x00,0x00,0x00,0x00,0x00,0x00,0x00,0x00,0x00,
    0x00,0x00,0x00,0x00,0x00,0x00,0x00,0x00,0x00,0x00,0x00,0x00,0x00,0x00,0x00,0x00,0x00,0x00,0x00,0x00,0x00,0x00,0x00,0x00,0x00,0x00,0x00,0x00,0x00,0x00,0x00,0x00,
    0x00,0x00,0x00,0x00,0x00,0x00,0x00,0x00,0x00,0x00,0x00,0x00,0x00,0x00,0x00,0x00,0x00,0x00,0x00,0x00,0x00,0x00,0x00,0x00,0x00,0x00,0x00,0x00,0x00,0x00,0x00,0x00,
    0x00,0x00,0x00,0x00,0x00,0x00,0x00,0x00,0x00,0x00,0x00,0x00,0x00,0x00,0x00,0x00,0x00,0x00,0x00,0x00,0x00,0x00,0x00,0x00,0x00,0x00,0x00,0x00,0x00,0x00,0x00,0x00,
    0x00,0x00,0x00,0x00,0x00,0x00,0x00,0x00,0x00,0x00,0x00,0x00,0x00,0x00,0x00,0x00,0x00,0x00,0x00,0x00,0x00,0x00,0x00,0x00,0x00,0x00,0x00,0x00,0x00,0x00,0x00,0x00,
    0x00,0x00,0x00,0x00,0x00,0x00,0x00,0x00,0x00,0x00,0x00,0x00,0x00,0x00,0x00,0x00,0x00,0x00,0x00,0x00,0x00,0x00,0x00,0x00,0x00,0x00,0x00,0x00,0x00,0x00,0x00,0x00,
    0x00,0x00,0x00,0x00,0x00,0x00,0x00,0x00,0x00,0x00,0x00,0x00,0x00,0x00,0x00,0x00,0x00,0x00,0x00,0x00,0x00,0x00,0x00,0x00,0x00,0x00,0x00,0x00,0x00,0x00,0x00,0x00,
    0x00,0x00,0x00,0x00,0x00,0x00,0x00,0x00,0x00,0x00,0x00,0x00,0x00,0x00,0x00,0x00,0x00,0x00,0x00,0x00,0x00,0x00,0x00,0x00,0x00,0x00,0x00,0x00,0x00,0x00,0x00,0x00,
    0x00,0x00,0x00,0x00,0x00,0x00,0x00,0x00,0x00,0x00,0x00,0x00,0x00,0x00,0x00,0x00,0x00,0x00,0x00,0x00,0x00,0x00,0x00,0x00,0x00,0x00,0x00,0x00,0x00,0x00,0x00,0x00,
    0x00,0x00,0x00,0x00,0x00,0x00,0x00,0x00,0x00,0x00,0x00,0x00,0x00,0x00,0x00,0x00,0x00,0x00,0x00,0x00,0x00,0x00,0x00,0x00,0x00,0x00,0x00,0x00,0x00,0x00,0x00,0x00,
    0x00,0x00,0x00,0x00,0x00,0x00,0x00,0x00,0x00,0x00,0x00,0x00,0x00,0x00,0x00,0x00,0x00,0x00,0x00,0x00,0x00,0x00,0x00,0x00,0x00,0x00,0x00,0x00,0x00,0x00,0x00,0x00,
    0x00,0x00,0x00,0x00,0x00,0x00,0x00,0x00,0x00,0x00,0x00,0x00,0x00,0x00,0x00,0x00,0x00,0x00,0x00,0x00,0x00,0x00,0x00,0x00,0x00,0x00,0x00,0x00,0x00,0x00,0x00,0x00,
    0x00,0x00,0x00,0x00,0x00,0x00,0x00,0x00,0x00,0x00,0x00,0x00,0x00,0x00,0x00,0x00,0x00,0x00,0x00,0x00,0x00,0x00,0x00,0x00,0x00,0x00,0x00,0x00,0x00,0x00,0x00,0x00,
    0x00,0x00,0x00,0x00,0x00,0x00,0x00,0x00,0x00,0x00,0x00,0x00,0x00,0x00,0x00,0x00,0x00,0x00,0x00,0x00,0x00,0x00,0x00,0x00,0x00,0x00,0x00,0x00,0x00,0x00,0x00,0x00,
    0x00,0x00,0x00,0x00,0x00,0x00,0x00,0x00,0x00,0x00,0x00,0x00,0x00,0x00,0x00,0x00,0x00,0x00,0x00,0x00,0x00,0x00,0x00,0x00,0x00,0x00,0x00,0x00,0x00,0x00,0x00,0x00,
    0x00,0x00,0x00,0x00,0x00,0x00,0x00,0x00,0x00,0x00,0x00,0x00,0x00,0x00,0x00,0x00,0x00,0x00,0x00,0x00,0x00,0x00,0x00,0x00,0x00,0x00,0x00,0x00,0x00,0x00,0x00,0x00,
    0x00,0x00,0x00,0x00,0x00,0x00,0x00,0x00,0x00,0x00,0x00,0x00,0x00,0x00,0x00,0x00,0x00,0x00,0x00,0x00,0x00,0x00,0x00,0x00,0x00,0x00,0x00,0x00,0x00,0x00,0x00,0x00,
    0x00,0x00,0x00,0x00,0x00,0x00,0x00,0x00,0x00,0x00,0x00,0x00,0x00,0x00,0x00,0x00,0x00,0x00,0x00,0x00,0x00,0x00,0x00,0x00,0x00,0x00,0x00,0x00,0x00,0x00,0x00,0x00,
    0x00,0x00,0x00,0x00,0x00,0x00,0x00,0x00,0x00,0x00,0x00,0x00,0x00,0x00,0x00,0x00,0x00,0x00,0x00,0x00,0x00,0x00,0x00,0x00,0x00,0x00,0x00,0x00,0x00,0x00,0x00,0x00,
    0x00,0x00,0x00,0x00,0x00,0x00,0x00,0x00,0x00,0x00,0x00,0x00,0x00,0x00,0x00,0x00,0x00,0x00,0x00,0x00,0x00,0x00,0x00,0x00,0x00,0x00,0x00,0x00,0x00,0x00,0x00,0x00,
    0x00,0x00,0x00,0x00,0x00,0x00,0x00,0x00,0x00,0x00,0x00,0x00,0x00,0x00,0x00,0x00,0x00,0x00,0x00,0x00,0x00,0x00,0x00,0x00,0x00,0x00,0x00,0x00,0x00,0x00,0x00,0x00,
    0x00,0x00,0x00,0x00,0x00,0x00,0x00,0x00,0x00,0x00,0x00,0x00,0x00,0x00,0x00,0x00,0x00,0x00,0x00,0x00,0x00,0x00,0x00,0x00,0x00,0x00,0x00,0x00,0x00,0x00,0x00,0x00,
    0x00,0x00,0x00,0x00,0x00,0x00,0x00,0x00,0x00,0x00,0x00,0x00,0x00,0x00,0x00,0x00,0x00,0x00,0x00,0x00,0x00,0x00,0x00,0x00,0x00,0x00,0x00,0x00,0x00,0x00,0x00,0x00,
    0x00,0x00,0x00,0x00,0x00,0x00,0x00,0x00,0x00,0x00,0x00,0x00,0x00,0x00,0x00,0x00,0x00,0x00,0x00,0x00,0x00,0x00,0x00,0x00,0x00,0x00,0x00,0x00,0x00,0x00,0x00,0x00,
    0x00,0x00,0x00,0x00,0x00,0x00,0x00,0x00,0x00,0x00,0x00,0x00,0x00,0x00,0x00,0x00,0x00,0x00,0x00,0x00,0x00,0x00,0x00,0x00,0x00,0x00,0x00,0x00,0x00,0x00,0x00,0x00,
    0x00,0x00,0x00,0x00,0x00,0x00,0x00,0x00,0x00,0x00,0x00,0x00,0x00,0x00,0x00,0x00,0x00,0x00,0x00,0x00,0x00,0x00,0x00,0x00,0x00,0x00,0x00,0x00,0x00,0x00,0x00,0x00,
    0x00,0x00,0x00,0x00,0x00,0x00,0x00,0x00,0x00,0x00,0x00,0x00,0x00,0x00,0x00,0x00,0x00,0x00,0x00,0x00,0x00,0x00,0x00,0x00,0x00,0x00,0x00,0x00,0x00,0x00,0x00,0x00,
    0x00,0x00,0x00,0x00,0x00,0x00,0x00,0x00,0x00,0x00,0x00,0x00,0x00,0x00,0x00,0x00,0x00,0x00,0x00,0x00,0x00,0x00,0x00,0x00,0x00,0x00,0x00,0x00,0x00,0x00,0x00,0x00,
    0x00,0x00,0x00,0x00,0x00,0x00,0x00,0x00,0x00,0x00,0x00,0x00,0x00,0x00,0x00,0x00,0x00,0x00,0x00,0x00,0x00,0x00,0x00,0x00,0x00,0x00,0x00,0x00,0x00,0x00,0x00,0x00,
    0x00,0x00,0x00,0x00,0x00,0x00,0x00,0x00,0x00,0x00,0x00,0x00,0x00,0x00,0x00,0x00,0x00,0x00,0x00,0x00,0x00,0x00,0x00,0x00,0x00,0x00,0x00,0x00,0x00,0x00,0x00,0x00,
    0x00,0x00,0x00,0x00,0x00,0x00,0x00,0x00,0x00,0x00,0x00,0x00,0x00,0x00,0x00,0x00,0x00,0x00,0x00,0x00,0x00,0x00,0x00,0x00,0x00,0x00,0x00,0x00,0x00,0x00,0x00,0x00,
    0x00,0x00,0x00,0x00,0x00,0x00,0x00,0x00,0x00,0x00,0x00,0x00,0x00,0x00,0x00,0x00,0x00,0x00,0x00,0x00,0x00,0x00,0x00,0x00,0x00,0x00,0x00,0x00,0x00,0x00,0x00,0x00,
    0x00,0x00,0x00,0x00,0x00,0x00,0x00,0x00,0x00,0x00,0x00,0x00,0x00,0x00,0x00,0x00,0x00,0x00,0x00,0x00,0x00,0x00,0x00,0x00,0x00,0x00,0x00,0x00,0x00,0x00,0x00,0x00,
    0x00,0x00,0x00,0x00,0x00,0x00,0x00,0x00,0x00,0x00,0x00,0x00,0x00,0x00,0x00,0x00,0x00,0x00,0x00,0x00,0x00,0x00,0x00,0x00,0x00,0x00,0x00,0x00,0x00,0x00,0x00,0x00,
    0x00,0x00,0x00,0x00,0x00,0x00,0x00,0x00,0x00,0x00,0x00,0x00,0x00,0x00,0x00,0x00,0x00,0x00,0x00,0x00,0x00,0x00,0x00,0x00,0x00,0x00,0x00,0x00,0x00,0x00,0x00,0x00,
    0x00,0x00,0x00,0x00,0x00,0x00,0x00,0x00,0x00,0x00,0x00,0x00,0x00,0x00,0x00,0x00,0x00,0x00,0x00,0x00,0x00,0x00,0x00,0x00,0x00,0x00,0x00,0x00,0x00,0x00,0x00,0x00,
    0x00,0x00,0x00,0x00,0x00,0x00,0x00,0x00,0x00,0x00,0x00,0x00,0x00,0x00,0x00,0x00,0x00,0x00,0x00,0x00,0x00,0x00,0x00,0x00,0x00,0x00,0x00,0x00,0x00,0x00,0x00,0x00,
    0x00,0x00,0x00,0x00,0x00,0x00,0x00,0x00,0x00,0x00,0x00,0x00,0x00,0x00,0x00,0x00,0x00,0x00,0x00,0x00,0x00,0x00,0x00,0x00,0x00,0x00,0x00,0x00,0x00,0x00,0x00,0x00,
    0x00,0x00,0x00,0x00,0x00,0x00,0x00,0x00,0x00,0x00,0x00,0x00,0x00,0x00,0x00,0x00,0x00,0x00,0x00,0x00,0x00,0x00,0x00,0x00,0x00,0x00,0x00,0x00,0x00,0x00,0x00,0x00,
    0x00,0x00,0x00,0x00,0x00,0x00,0x00,0x00,0x00,0x00,0x00,0x00,0x00,0x00,0x00,0x00,0x00,0x00,0x00,0x00,0x00,0x00,0x00,0x00,0x00,0x00,0x00,0x00,0x00,0x00,0x00,0x00,
    0x00,0x00,0x00,0x00,0x00,0x00,0x00,0x00,0x00,0x00,0x00,0x00,0x00,0x00,0x00,0x00,0x00,0x00,0x00,0x00,0x00,0x00,0x00,0x00,0x00,0x00,0x00,0x00,0x00,0x00,0x00,0x00,
    0x00,0x00,0x00,0x00,0x00,0x00,0x00,0x00,0x00,0x00,0x00,0x00,0x00,0x00,0x00,0x00,0x00,0x00,0x00,0x00,0x00,0x00,0x00,0x00,0x00,0x00,0x00,0x00,0x00,0x00,0x00,0x00,
    0x00,0x00,0x00,0x00,0x00,0x00,0x00,0x00,0x00,0x00,0x00,0x00,0x00,0x00,0x00,0x00,0x00,0x00,0x00,0x00,0x00,0x00,0x00,0x00,0x00,0x00,0x00,0x00,0x00,0x00,0x00,0x00,
    0x00,0x00,0x00,0x00,0x00,0x00,0x00,0x00,0x00,0x00,0x00,0x00,0x00,0x00,0x00,0x00,0x00,0x00,0x00,0x00,0x00,0x00,0x00,0x00,0x00,0x00,0x00,0x00,0x00,0x00,0x00,0x00,
    0x00,0x00,0x00,0x00,0x00,0x00,0x00,0x00,0x00,0x00,0x00,0x00,0x00,0x00,0x00,0x00,0x00,0x00,0x00,0x00,0x00,0x00,0x00,0x00,0x00,0x00,0x00,0x00,0x00,0x00,0x00,0x00,
    0x00,0x00,0x00,0x00,0x00,0x00,0x00,0x00,0x00,0x00,0x00,0x00,0x00,0x00,0x00,0x00,0x00,0x00,0x00,0x00,0x00,0x00,0x00,0x00,0x00,0x00,0x00,0x00,0x00,0x00,0x00,0x00,
    0x00,0x00,0x00,0x00,0x00,0x00,0x00,0x00,0x00,0x00,0x00,0x00,0x00,0x00,0x00,0x00,0x00,0x00,0x00,0x00,0x00,0x00,0x00,0x00,0x00,0x00,0x00,0x00,0x00,0x00,0x00,0x00,
    0x00,0x00,0x00,0x00,0x00,0x00,0x00,0x00,0x00,0x00,0x00,0x00,0x00,0x00,0x00,0x00,0x00,0x00,0x00,0x00,0x00,0x00,0x00,0x00,0x00,0x00,0x00,0x00,0x00,0x00,0x00,0x00,
    0x00,0x00,0x00,0x00,0x00,0x00,0x00,0x00,0x00,0x00,0x00,0x00,0x00,0x00,0x00,0x00,0x00,0x00,0x00,0x00,0x00,0x00,0x00,0x00,0x00,0x00,0x00,0x00,0x00,0x00,0x00,0x00,
    0x00,0x00,0x00,0x00,0x00,0x00,0x00,0x00,0x00,0x00,0x00,0x00,0x00,0x00,0x00,0x00,0x00,0x00,0x00,0x00,0x00,0x00,0x00,0x00,0x00,0x00,0x00,0x00,0x00,0x00,0x00,0x00,
    0x00,0x00,0x00,0x00,0x00,0x00,0x00,0x00,0x00,0x00,0x00,0x00,0x00,0x00,0x00,0x00,0x00,0x00,0x00,0x00,0x00,0x00,0x00,0x00,0x00,0x00,0x00,0x00,0x00,0x00,0x00,0x00,
    0x00,0x00,0x00,0x00,0x00,0x00,0x00,0x00,0x00,0x00,0x00,0x00,0x00,0x00,0x00,0x00,0x00,0x00,0x00,0x00,0x00,0x00,0x00,0x00,0x00,0x00,0x00,0x00,0x00,0x00,0x00,0x00,
    0x00,0x00,0x00,0x00,0x00,0x00,0x00,0x00,0x00,0x00,0x00,0x00,0x00,0x00,0x00,0x00,0x00,0x00,0x00,0x00,0x00,0x00,0x00,0x00,0x00,0x00,0x00,0x00,0x00,0x00,0x00,0x00,
    0x00,0x00,0x00,0x00,0x00,0x00,0x00,0x00,0x00,0x00,0x00,0x00,0x00,0x00,0x00,0x00,0x00,0x00,0x00,0x00,0x00,0x00,0x00,0x00,0x00,0x00,0x00,0x00,0x00,0x00,0x00,0x00,
    0x00,0x00,0x00,0x00,0x00,0x00,0x00,0x00,0x00,0x00,0x00,0x00,0x00,0x00,0x00,0x00,0x00,0x00,0x00,0x00,0x00,0x00,0x00,0x00,0x00,0x00,0x00,0x00,0x00,0x00,0x00,0x00,
    0x00,0x00,0x00,0x00,0x00,0x00,0x00,0x00,0x00,0x00,0x00,0x00,0x00,0x00,0x00,0x00,0x00,0x00,0x00,0x00,0x00,0x00,0x00,0x00,0x00,0x00,0x00,0x00,0x00,0x00,0x00,0x00,
    0x00,0x00,0x00,0x00,0x00,0x00,0x00,0x00,0x00,0x00,0x00,0x00,0x00,0x00,0x00,0x00,0x00,0x00,0x00,0x00,0x00,0x00,0x00,0x00,0x00,0x00,0x00,0x00,0x00,0x00,0x00,0x00,
    0x00,0x00,0x00,0x00,0x00,0x00,0x00,0x00,0x00,0x00,0x00,0x00,0x00,0x00,0x00,0x00,0x00,0x00,0x00,0x00,0x00,0x00,0x00,0x00,0x00,0x00,0x00,0x00,0x00,0x00,0x00,0x00,
    0x00,0x00,0x00,0x00,0x00,0x00,0x00,0x00,0x00,0x00,0x00,0x00,0x00,0x00,0x00,0x00,0x00,0x00,0x00,0x00,0x00,0x00,0x00,0x00,0x00,0x00,0x00,0x00,0x00,0x00,0x00,0x00,
    0x00,0x00,0x00,0x00,0x00,0x00,0x00,0x00,0x00,0x00,0x00,0x00,0x00,0x00,0x00,0x00,0x00,0x00,0x00,0x00,0x00,0x00,0x00,0x00,0x00,0x00,0x00,0x00,0x00,0x00,0x00,0x00,
    0x00,0x00,0x00,0x00,0x00,0x00,0x00,0x00,0x00,0x00,0x00,0x00,0x00,0x00,0x00,0x00,0x00,0x00,0x00,0x00,0x00,0x00,0x00,0x00,0x00,0x00,0x00,0x00,0x00,0x00,0x00,0x00,
    0x00,0x00,0x00,0x00,0x00,0x00,0x00,0x00,0x00,0x00,0x00,0x00,0x00,0x00,0x00,0x00,0x00,0x00,0x00,0x00,0x00,0x00,0x00,0x00,0x00,0x00,0x00,0x00,0x00,0x00,0x00,0x00,
    0x00,0x00,0x00,0x00,0x00,0x00,0x00,0x00,0x00,0x00,0x00,0x00,0x00,0x00,0x00,0x00,0x00,0x00,0x00,0x00,0x00,0x00,0x00,0x00,0x00,0x00,0x00,0x00,0x00,0x00,0x00,0x00,
    0x00,0x00,0x00,0x00,0x00,0x00,0x00,0x00,0x00,0x00,0x00,0x00,0x00,0x00,0x00,0x00,0x00,0x00,0x00,0x00,0x00,0x00,0x00,0x00,0x00,0x00,0x00,0x00,0x00,0x00,0x00,0x00,
    0x00,0x00,0x00,0x00,0x00,0x00,0x00,0x00,0x00,0x00,0x00,0x00,0x00,0x00,0x00,0x00,0x00,0x00,0x00,0x00,0x00,0x00,0x00,0x00,0x00,0x00,0x00,0x00,0x00,0x00,0x00,0x00,
    0x00,0x00,0x00,0x00,0x00,0x00,0x00,0x00,0x00,0x00,0x00,0x00,0x00,0x00,0x00,0x00,0x00,0x00,0x00,0x00,0x00,0x00,0x00,0x00,0x00,0x00,0x00,0x00,0x00,0x00,0x00,0x00,
    0x00,0x00,0x00,0x00,0x00,0x00,0x00,0x00,0x00,0x00,0x00,0x00,0x00,0x00,0x00,0x00,0x00,0x00,0x00,0x00,0x00,0x00,0x00,0x00,0x00,0x00,0x00,0x00,0x00,0x00,0x00,0x00,
    0x00,0x00,0x00,0x00,0x00,0x00,0x00,0x00,0x00,0x00,0x00,0x00,0x00,0x00,0x00,0x00,0x00,0x00,0x00,0x00,0x00,0x00,0x00,0x00,0x00,0x00,0x00,0x00,0x00,0x00,0x00,0x00,
    0x00,0x00,0x00,0x00,0x00,0x00,0x00,0x00,0x00,0x00,0x00,0x00,0x00,0x00,0x00,0x00,0x00,0x00,0x00,0x00,0x00,0x00,0x00,0x00,0x00,0x00,0x00,0x00,0x00,0x00,0x00,0x00,
    0x00,0x00,0x00,0x00,0x00,0x00,0x00,0x00,0x00,0x00,0x00,0x00,0x00,0x00,0x00,0x00,0x00,0x00,0x00,0x00,0x00,0x00,0x00,0x00,0x00,0x00,0x00,0x00,0x00,0x00,0x00,0x00,
    0x00,0x00,0x00,0x00,0x00,0x00,0x00,0x00,0x00,0x00,0x00,0x00,0x00,0x00,0x00,0x00,0x00,0x00,0x00,0x00,0x00,0x00,0x00,0x00,0x00,0x00,0x00,0x00,0x00,0x00,0x00,0x00,
    0x00,0x00,0x00,0x00,0x00,0x00,0x00,0x00,0x00,0x00,0x00,0x00,0x00,0x00,0x00,0x00,0x00,0x00,0x00,0x00,0x00,0x00,0x00,0x00,0x00,0x00,0x00,0x00,0x00,0x00,0x00,0x00,
    0x00,0x00,0x00,0x00,0x00,0x00,0x00,0x00,0x00,0x00,0x00,0x00,0x00,0x00,0x00,0x00,0x00,0x00,0x00,0x00,0x00,0x00,0x00,0x00,0x00,0x00,0x00,0x00,0x00,0x00,0x00,0x00,
    0x00,0x00,0x00,0x00,0x00,0x00,0x00,0x00,0x00,0x00,0x00,0x00,0x00,0x00,0x00,0x00,0x00,0x00,0x00,0x00,0x00,0x00,0x00,0x00,0x00,0x00,0x00,0x00,0x00,0x00,0x00,0x00,
    0x00,0x00,0x00,0x00,0x00,0x00,0x00,0x00,0x00,0x00,0x00,0x00,0x00,0x00,0x00,0x00,0x00,0x00,0x00,0x00,0x00,0x00,0x00,0x00,0x00,0x00,0x00,0x00,0x00,0x00,0x00,0x00,
    0x00,0x00,0x00,0x00,0x00,0x00,0x00,0x00,0x00,0x00,0x00,0x00,0x00,0x00,0x00,0x00,0x00,0x00,0x00,0x00,0x00,0x00,0x00,0x00,0x00,0x00,0x00,0x00,0x00,0x00,0x00,0x00,
    0x00,0x00,0x00,0x00,0x00,0x00,0x00,0x00,0x00,0x00,0x00,0x00,0x00,0x00,0x00,0x00,0x00,0x00,0x00,0x00,0x00,0x00,0x00,0x00,0x00,0x00,0x00,0x00,0x00,0x00,0x00,0x00,
    0x00,0x00,0x00,0x00,0x00,0x00,0x00,0x00,0x00,0x00,0x00,0x00,0x00,0x00,0x00,0x00,0x00,0x00,0x00,0x00,0x00,0x00,0x00,0x00,0x00,0x00,0x00,0x00,0x00,0x00,0x00,0x00,
    0x00,0x00,0x00,0x00,0x00,0x00,0x00,0x00,0x00,0x00,0x00,0x00,0x00,0x00,0x00,0x00,0x00,0x00,0x00,0x00,0x00,0x00,0x00,0x00,0x00,0x00,0x00,0x00,0x00,0x00,0x00,0x00,
    0x00,0x00,0x00,0x00,0x00,0x00,0x00,0x00,0x00,0x00,0x00,0x00,0x00,0x00,0x00,0x00,0x00,0x00,0x00,0x00,0x00,0x00,0x00,0x00,0x00,0x00,0x00,0x00,0x00,0x00,0x00,0x00,
    0x00,0x00,0x00,0x00,0x00,0x00,0x00,0x00,0x00,0x00,0x00,0x00,0x00,0x00,0x00,0x00,0x00,0x00,0x00,0x00,0x00,0x00,0x00,0x00,0x00,0x00,0x00,0x00,0x00,0x00,0x00,0x00,
    0x00,0x00,0x00,0x00,0x00,0x00,0x00,0x00,0x00,0x00,0x00,0x00,0x00,0x00,0x00,0x00,0x00,0x00,0x00,0x00,0x00,0x00,0x00,0x00,0x00,0x00,0x00,0x00,0x00,0x00,0x00,0x00,
    0x00,0x00,0x00,0x00,0x00,0x00,0x00,0x00,0x00,0x00,0x00,0x00,0x00,0x00,0x00,0x00,0x00,0x00,0x00,0x00,0x00,0x00,0x00,0x00,0x00,0x00,0x00,0x00,0x00,0x00,0x00,0x00,
    0x00,0x00,0x00,0x00,0x00,0x00,0x00,0x00,0x00,0x00,0x00,0x00,0x00,0x00,0x00,0x00,0x00,0x00,0x00,0x00,0x00,0x00,0x00,0x00,0x00,0x00,0x00,0x00,0x00,0x00,0x00,0x00,
    0x00,0x00,0x00,0x00,0x00,0x00,0x00,0x00,0x00,0x00,0x00,0x00,0x00,0x00,0x00,0x00,0x00,0x00,0x00,0x00,0x00,0x00,0x00,0x00,0x00,0x00,0x00,0x00,0x00,0x00,0x00,0x00,
    0x00,0x00,0x00,0x00,0x00,0x00,0x00,0x00,0x00,0x00,0x00,0x00,0x00,0x00,0x00,0x00,0x00,0x00,0x00,0x00,0x00,0x00,0x00,0x00,0x00,0x00,0x00,0x00,0x00,0x00,0x00,0x00,
    0x00,0x00,0x00,0x00,0x00,0x00,0x00,0x00,0x00,0x00,0x00,0x00,0x00,0x00,0x00,0x00,0x00,0x00,0x00,0x00,0x00,0x00,0x00,0x00,0x00,0x00,0x00,0x00,0x00,0x00,0x00,0x00,
    0x00,0x00,0x00,0x00,0x00,0x00,0x00,0x00,0x00,0x00,0x00,0x00,0x00,0x00,0x00,0x00,0x00,0x00,0x00,0x00,0x00,0x00,0x00,0x00,0x00,0x00,0x00,0x00,0x00,0x00,0x00,0x00,
    0x00,0x00,0x00,0x00,0x00,0x00,0x00,0x00,0x00,0x00,0x00,0x00,0x00,0x00,0x00,0x00,0x00,0x00,0x00,0x00,0x00,0x00,0x00,0x00,0x00,0x00,0x00,0x00,0x00,0x00,0x00,0x00,
    0x00,0x00,0x00,0x00,0x00,0x00,0x00,0x00,0x00,0x00,0x00,0x00,0x00,0x00,0x00,0x00,0x00,0x00,0x00,0x00,0x00,0x00,0x00,0x00,0x00,0x00,0x00,0x00,0x00,0x00,0x00,0x00,
    0x00,0x00,0x00,0x00,0x00,0x00,0x00,0x00,0x00,0x00,0x00,0x00,0x00,0x00,0x00,0x00,0x00,0x00,0x00,0x00,0x00,0x00,0x00,0x00,0x00,0x00,0x00,0x00,0x00,0x00,0x00,0x00,
    0x00,0x00,0x00,0x00,0x00,0x00,0x00,0x00,0x00,0x00,0x00,0x00,0x00,0x00,0x00,0x00,0x00,0x00,0x00,0x00,0x00,0x00,0x00,0x00,0x00,0x00,0x00,0x00,0x00,0x00,0x00,0x00,
    0x00,0x00,0x00,0x00,0x00,0x00,0x00,0x00,0x00,0x00,0x00,0x00,0x00,0x00,0x00,0x00,0x00,0x00,0x00,0x00,0x00,0x00,0x00,0x00,0x00,0x00,0x00,0x00,0x00,0x00,0x00,0x00,
    0x00,0x00,0x00,0x00,0x00,0x00,0x00,0x00,0x00,0x00,0x00,0x00,0x00,0x00,0x00,0x00,0x00,0x00,0x00,0x00,0x00,0x00,0x00,0x00,0x00,0x00,0x00,0x00,0x00,0x00,0x00,0x00,
    0x00,0x00,0x00,0x00,0x00,0x00,0x00,0x00,0x00,0x00,0x00,0x00,0x00,0x00,0x00,0x00,0x00,0x00,0x00,0x00,0x00,0x00,0x00,0x00,0x00,0x00,0x00,0x00,0x00,0x00,0x00,0x00,
    0x00,0x00,0x00,0x00,0x00,0x00,0x00,0x00,0x00,0x00,0x00,0x00,0x00,0x00,0x00,0x00,0x00,0x00,0x00,0x00,0x00,0x00,0x00,0x00,0x00,0x00,0x00,0x00,0x00,0x00,0x00,0x00,
    0x00,0x00,0x00,0x00,0x00,0x00,0x00,0x00,0x00,0x00,0x00,0x00,0x00,0x00,0x00,0x00,0x00,0x00,0x00,0x00,0x00,0x00,0x00,0x00,0x00,0x00,0x00,0x00,0x00,0x00,0x00,0x00,
    0x00,0x00,0x00,0x00,0x00,0x00,0x00,0x00,0x00,0x00,0x00,0x00,0x00,0x00,0x00,0x00,0x00,0x00,0x00,0x00,0x00,0x00,0x00,0x00,0x00,0x00,0x00,0x00,0x00,0x00,0x00,0x00,
    0x00,0x00,0x00,0x00,0x00,0x00,0x00,0x00,0x00,0x00,0x00,0x00,0x00,0x00,0x00,0x00,0x00,0x00,0x00,0x00,0x00,0x00,0x00,0x00,0x00,0x00,0x00,0x00,0x00,0x00,0x00,0x00,
    0x00,0x00,0x00,0x00,0x00,0x00,0x00,0x00,0x00,0x00,0x00,0x00,0x00,0x00,0x00,0x00,0x00,0x00,0x00,0x00,0x00,0x00,0x00,0x00,0x00,0x00,0x00,0x00,0x00,0x00,0x00,0x00,
    0x00,0x00,0x00,0x00,0x00,0x00,0x00,0x00,0x00,0x00,0x00,0x00,0x00,0x00,0x00,0x00,0x00,0x00,0x00,0x00,0x00,0x00,0x00,0x00,0x00,0x00,0x00,0x00,0x00,0x00,0x00,0x00,
    0x00,0x00,0x00,0x00,0x00,0x00,0x00,0x00,0x00,0x00,0x00,0x00,0x00,0x00,0x00,0x00,0x00,0x00,0x00,0x00,0x00,0x00,0x00,0x00,0x00,0x00,0x00,0x00,0x00,0x00,0x00,0x00,
    0x00,0x00,0x00,0x00,0x00,0x00,0x00,0x00,0x00,0x00,0x00,0x00,0x00,0x00,0x00,0x00,0x00,0x00,0x00,0x00,0x00,0x00,0x00,0x00,0x00,0x00,0x00,0x00,0x00,0x00,0x00,0x00,
    0x00,0x00,0x00,0x00,0x00,0x00,0x00,0x00,0x00,0x00,0x00,0x00,0x00,0x00,0x00,0x00,0x00,0x00,0x00,0x00,0x00,0x00,0x00,0x00,0x00,0x00,0x00,0x00,0x00,0x00,0x00,0x00,
    0x00,0x00,0x00,0x00,0x00,0x00,0x00,0x00,0x00,0x00,0x00,0x00,0x00,0x00,0x00,0x00,0x00,0x00,0x00,0x00,0x00,0x00,0x00,0x00,0x00,0x00,0x00,0x00,0x00,0x00,0x00,0x00,
    0x00,0x00,0x00,0x00,0x00,0x00,0x00,0x00,0x00,0x00,0x00,0x00,0x00,0x00,0x00,0x00,0x00,0x00,0x00,0x00,0x00,0x00,0x00,0x00,0x00,0x00,0x00,0x00,0x00,0x00,0x00,0x00,
    0x00,0x00,0x00,0x00,0x00,0x00,0x00,0x00,0x00,0x00,0x00,0x00,0x00,0x00,0x00,0x00,0x00,0x00,0x00,0x00,0x00,0x00,0x00,0x00,0x00,0x00,0x00,0x00,0x00,0x00,0x00,0x00,
    0x00,0x00,0x00,0x00,0x00,0x00,0x00,0x00,0x00,0x00,0x00,0x00,0x00,0x00,0x00,0x00,0x00,0x00,0x00,0x00,0x00,0x00,0x00,0x00,0x00,0x00,0x00,0x00,0x00,0x00,0x00,0x00,
    0x00,0x00,0x00,0x00,0x00,0x00,0x00,0x00,0x00,0x00,0x00,0x00,0x00,0x00,0x00,0x00,0x00,0x00,0x00,0x00,0x00,0x00,0x00,0x00,0x00,0x00,0x00,0x00,0x00,0x00,0x00,0x00,
    0x00,0x00,0x00,0x00,0x00,0x00,0x00,0x00,0x00,0x00,0x00,0x00,0x00,0x00,0x00,0x00,0x00,0x00,0x00,0x00,0x00,0x00,0x00,0x00,0x00,0x00,0x00,0x00,0x00,0x00,0x00,0x00,
    0x00,0x00,0x00,0x00,0x00,0x00,0x00,0x00,0x00,0x00,0x00,0x00,0x00,0x00,0x00,0x00,0x00,0x00,0x00,0x00,0x00,0x00,0x00,0x00,0x00,0x00,0x00,0x00,0x00,0x00,0x00,0x00,
    0x00,0x00,0x00,0x00,0x00,0x00,0x00,0x00,0x00,0x00,0x00,0x00,0x00,0x00,0x00,0x00,0x00,0x00,0x00,0x00,0x00,0x00,0x00,0x00,0x00,0x00,0x00,0x00,0x00,0x00,0x00,0x00,
    0x00,0x00,0x00,0x00,0x00,0x00,0x00,0x00,0x00,0x00,0x00,0x00,0x00,0x00,0x00,0x00,0x00,0x00,0x00,0x00,0x00,0x00,0x00,0x00,0x00,0x00,0x00,0x00,0x00,0x00,0x00,0x00,
    0x00,0x00,0x00,0x00,0x00,0x00,0x00,0x00,0x00,0x00,0x00,0x00,0x00,0x00,0x00,0x00,0x00,0x00,0x00,0x00,0x00,0x00,0x00,0x00,0x00,0x00,0x00,0x00,0x00,0x00,0x00,0x00,
    0x00,0x00,0x00,0x00,0x00,0x00,0x00,0x00,0x00,0x00,0x00,0x00,0x00,0x00,0x00,0x00,0x00,0x00,0x00,0x00,0x00,0x00,0x00,0x00,0x00,0x00,0x00,0x00,0x00,0x00,0x00,0x00,
    0x00,0x00,0x00,0x00,0x00,0x00,0x00,0x00,0x00,0x00,0x00,0x00,0x00,0x00,0x00,0x00,0x00,0x00,0x00,0x00,0x00,0x00,0x00,0x00,0x00,0x00,0x00,0x00,0x00,0x00,0x00,0x00,
    0x00,0x00,0x00,0x00,0x00,0x00,0x00,0x00,0x00,0x00,0x00,0x00,0x00,0x00,0x00,0x00,0x00,0x00,0x00,0x00,0x00,0x00,0x00,0x00,0x00,0x00,0x00,0x00,0x00,0x00,0x00,0x00,
    0x00,0x00,0x00,0x00,0x00,0x00,0x00,0x00,0x00,0x00,0x00,0x00,0x00,0x00,0x00,0x00,0x00,0x00,0x00,0x00,0x00,0x00,0x00,0x00,0x00,0x00,0x00,0x00,0x00,0x00,0x00,0x00,
    0x00,0x00,0x00,0x00,0x00,0x00,0x00,0x00,0x00,0x00,0x00,0x00,0x00,0x00,0x00,0x00,0x00,0x00,0x00,0x00,0x00,0x00,0x00,0x00,0x00,0x00,0x00,0x00,0x00,0x00,0x00,0x00,
    0x00,0x00,0x00,0x00,0x00,0x00,0x00,0x00,0x00,0x00,0x00,0x00,0x00,0x00,0x00,0x00,0x00,0x00,0x00,0x00,0x00,0x00,0x00,0x00,0x00,0x00,0x00,0x00,0x00,0x00,0x00,0x00,
    0x00,0x00,0x00,0x00,0x00,0x00,0x00,0x00,0x00,0x00,0x00,0x00,0x00,0x00,0x00,0x00,0x00,0x00,0x00,0x00,0x00,0x00,0x00,0x00,0x00,0x00,0x00,0x00,0x00,0x00,0x00,0x00,
    0x00,0x00,0x00,0x00,0x00,0x00,0x00,0x00,0x00,0x00,0x00,0x00,0x00,0x00,0x00,0x00,0x00,0x00,0x00,0x00,0x00,0x00,0x00,0x00,0x00,0x00,0x00,0x00,0x00,0x00,0x00,0x00,
    0x00,0x00,0x00,0x00,0x00,0x00,0x00,0x00,0x00,0x00,0x00,0x00,0x00,0x00,0x00,0x00,0x00,0x00,0x00,0x00,0x00,0x00,0x00,0x00,0x00,0x00,0x00,0x00,0x00,0x00,0x00,0x00,
    0x00,0x00,0x00,0x00,0x00,0x00,0x00,0x00,0x00,0x00,0x00,0x00,0x00,0x00,0x00,0x00,0x00,0x00,0x00,0x00,0x00,0x00,0x00,0x00,0x00,0x00,0x00,0x00,0x00,0x00,0x00,0x00,
    0x00,0x00,0x00,0x00,0x00,0x00,0x00,0x00,0x00,0x00,0x00,0x00,0x00,0x00,0x00,0x00,0x00,0x00,0x00,0x00,0x00,0x00,0x00,0x00,0x00,0x00,0x00,0x00,0x00,0x00,0x00,0x00,
    0x00,0x00,0x00,0x00,0x00,0x00,0x00,0x00,0x00,0x00,0x00,0x00,0x00,0x00,0x00,0x00,0x00,0x00,0x00,0x00,0x00,0x00,0x00,0x00,0x00,0x00,0x00,0x00,0x00,0x00,0x00,0x00,
    0x00,0x00,0x00,0x00,0x00,0x00,0x00,0x00,0x00,0x00,0x00,0x00,0x00,0x00,0x00,0x00,0x00,0x00,0x00,0x00,0x00,0x00,0x00,0x00,0x00,0x00,0x00,0x00,0x00,0x00,0x00,0x00,
    0x00,0x00,0x00,0x00,0x00,0x00,0x00,0x00,0x00,0x00,0x00,0x00,0x00,0x00,0x00,0x00,0x00,0x00,0x00,0x00,0x00,0x00,0x00,0x00,0x00,0x00,0x00,0x00,0x00,0x00,0x00,0x00,
    0x00,0x00,0x00,0x00,0x00,0x00,0x00,0x00,0x00,0x00,0x00,0x00,0x00,0x00,0x00,0x00,0x00,0x00,0x00,0x00,0x00,0x00,0x00,0x00,0x00,0x00,0x00,0x00,0x00,0x00,0x00,0x00,
    0x00,0x00,0x00,0x00,0x00,0x00,0x00,0x00,0x00,0x00,0x00,0x00,0x00,0x00,0x00,0x00,0x00,0x00,0x00,0x00,0x00,0x00,0x00,0x00,0x00,0x00,0x00,0x00,0x00,0x00,0x00,0x00,
    0x00,0x00,0x00,0x00,0x00,0x00,0x00,0x00,0x00,0x00,0x00,0x00,0x00,0x00,0x00,0x00,0x00,0x00,0x00,0x00,0x00,0x00,0x00,0x00,0xff,0xff,0xff,0x01,0xaa,0xaa,0xaa,0x03,
    0xff,0xff,0xff,0x03,0xff,0xff,0xaa,0x03,0xff,0xff,0xaa,0x03,0xff,0xaa,0xaa,0x03,0xff,0xff,0xff,0x01,0xff,0xff,0xff,0x01,0x00,0x00,0x00,0x00,0x00,0x00,0x00,0x00,
    0x00,0x00,0x00,0x00,0x00,0x00,0x00,0x00,0x00,0x00,0x00,0x00,0x00,0x00,0x00,0x00,0x00,0x00,0x00,0x00,0x00,0x00,0x00,0x00,0x00,0x00,0x00,0x00,0x00,0x00,0x00,0x00,
    0x00,0x00,0x00,0x00,0x00,0x00,0x00,0x00,0x00,0x00,0x00,0x00,0x00,0x00,0x00,0x00,0x00,0x00,0x00,0x00,0x00,0x00,0x00,0x00,0x00,0x00,0x00,0x00,0x00,0x00,0x00,0x00,
    0x00,0x00,0x00,0x00,0x00,0x00,0x00,0x00,0x00,0x00,0x00,0x00,0x00,0x00,0x00,0x00,0x00,0x00,0x00,0x00,0x00,0x00,0x00,0x00,0x00,0x00,0x00,0x00,0x00,0x00,0x00,0x00,
    0x00,0x00,0x00,0x00,0x00,0x00,0x00,0x00,0x00,0x00,0x00,0x00,0x00,0x00,0x00,0x00,0x00,0x00,0x00,0x00,0x00,0x00,0x00,0x00,0x00,0x00,0x00,0x00,0x00,0x00,0x00,0x00,
    0x00,0x00,0x00,0x00,0x00,0x00,0x00,0x00,0x00,0x00,0x00,0x00,0x00,0x00,0x00,0x00,0x00,0x00,0x00,0x00,0x00,0x00,0x00,0x00,0x00,0x00,0x00,0x00,0x00,0x00,0x00,0x00,
    0x00,0x00,0x00,0x00,0x00,0x00,0x00,0x00,0x00,0x00,0x00,0x00,0x00,0x00,0x00,0x00,0x00,0x00,0x00,0x00,0x00,0x00,0x00,0x00,0x00,0x00,0x00,0x00,0x00,0x00,0x00,0x00,
    0x00,0x00,0x00,0x00,0x00,0x00,0x00,0x00,0x00,0x00,0x00,0x00,0x00,0x00,0x00,0x00,0x00,0x00,0x00,0x00,0x00,0x00,0x00,0x00,0x00,0x00,0x00,0x00,0x00,0x00,0x00,0x00,
    0x00,0x00,0x00,0x00,0x00,0x00,0x00,0x00,0x00,0x00,0x00,0x00,0x00,0x00,0x00,0x00,0x00,0x00,0x00,0x00,0x00,0x00,0x00,0x00,0x00,0x00,0x00,0x00,0x00,0x00,0x00,0x00,
    0x00,0x00,0x00,0x00,0x00,0x00,0x00,0x00,0x00,0x00,0x00,0x00,0x00,0x00,0x00,0x00,0x00,0x00,0x00,0x00,0x00,0x00,0x00,0x00,0x00,0x00,0x00,0x00,0x00,0x00,0x00,0x00,
    0x00,0x00,0x00,0x00,0x00,0x00,0x00,0x00,0x00,0x00,0x00,0x00,0x00,0x00,0x00,0x00,0x00,0x00,0x00,0x00,0x00,0x00,0x00,0x00,0x00,0x00,0x00,0x00,0x00,0x00,0x00,0x00,
    0x00,0x00,0x00,0x00,0x00,0x00,0x00,0x00,0x00,0x00,0x00,0x00,0x00,0x00,0x00,0x00,0x00,0x00,0x00,0x00,0x00,0x00,0x00,0x00,0x00,0x00,0x00,0x00,0x00,0x00,0x00,0x00,
    0x00,0x00,0x00,0x00,0x00,0x00,0x00,0x00,0x00,0x00,0x00,0x00,0x00,0x00,0x00,0x00,0x00,0x00,0x00,0x00,0x00,0x00,0x00,0x00,0x00,0x00,0x00,0x00,0x00,0x00,0x00,0x00,
    0x00,0x00,0x00,0x00,0x00,0x00,0x00,0x00,0xff,0xff,0xff,0x01,0xff,0xff,0xff,0x03,0xff,0xff,0xff,0x03,0x00,0x00,0x00,0x01,0x00,0x00,0x00,0x00,0x00,0x00,0x00,0x00,
    0x00,0x00,0x00,0x00,0x00,0x00,0x00,0x00,0x00,0x00,0x00,0x00,0x00,0x00,0x00,0x00,0x00,0x00,0x00,0x00,0x00,0x00,0x00,0x00,0xff,0xaa,0xaa,0x03,0xbf,0xbf,0xbf,0x04,
    0xff,0xff,0xff,0x02,0x00,0x00,0x00,0x00,0x00,0x00,0x00,0x00,0x00,0x00,0x00,0x00,0x00,0x00,0x00,0x00,0x00,0x00,0x00,0x00,0x00,0x00,0x00,0x00,0x00,0x00,0x00,0x00,
    0x00,0x00,0x00,0x00,0x00,0x00,0x00,0x00,0x00,0x00,0x00,0x00,0x00,0x00,0x00,0x00,0x00,0x00,0x00,0x00,0x00,0x00,0x00,0x00,0x00,0x00,0x00,0x00,0x00,0x00,0x00,0x00,
    0x00,0x00,0x00,0x00,0x00,0x00,0x00,0x00,0x00,0x00,0x00,0x00,0x00,0x00,0x00,0x00,0x00,0x00,0x00,0x00,0x00,0x00,0x00,0x00,0x00,0x00,0x00,0x00,0x00,0x00,0x00,0x00,
    0x00,0x00,0x00,0x00,0x00,0x00,0x00,0x00,0x00,0x00,0x00,0x00,0x00,0x00,0x00,0x00,0x00,0x00,0x00,0x00,0x00,0x00,0x00,0x00,0x00,0x00,0x00,0x00,0x00,0x00,0x00,0x00,
    0x00,0x00,0x00,0x00,0x00,0x00,0x00,0x00,0x00,0x00,0x00,0x00,0x00,0x00,0x00,0x00,0x00,0x00,0x00,0x00,0x00,0x00,0x00,0x00,0x00,0x00,0x00,0x00,0x00,0x00,0x00,0x00,
    0x00,0x00,0x00,0x00,0x00,0x00,0x00,0x00,0x00,0x00,0x00,0x00,0x00,0x00,0x00,0x00,0x00,0x00,0x00,0x00,0x00,0x00,0x00,0x00,0x00,0x00,0x00,0x00,0x00,0x00,0x00,0x00,
    0x00,0x00,0x00,0x00,0x00,0x00,0x00,0x00,0x00,0x00,0x00,0x00,0x00,0x00,0x00,0x00,0x00,0x00,0x00,0x00,0x00,0x00,0x00,0x00,0x00,0x00,0x00,0x00,0x00,0x00,0x00,0x00,
    0x00,0x00,0x00,0x00,0x00,0x00,0x00,0x00,0x00,0x00,0x00,0x00,0x00,0x00,0x00,0x00,0x00,0x00,0x00,0x00,0x00,0x00,0x00,0x00,0x00,0x00,0x00,0x00,0x00,0x00,0x00,0x00,
    0x00,0x00,0x00,0x00,0x00,0x00,0x00,0x00,0x00,0x00,0x00,0x00,0x00,0x00,0x00,0x00,0x00,0x00,0x00,0x00,0x00,0x00,0x00,0x00,0x00,0x00,0x00,0x00,0x00,0x00,0x00,0x00,
    0x00,0x00,0x00,0x00,0x00,0x00,0x00,0x00,0x00,0x00,0x00,0x00,0x00,0x00,0x00,0x00,0x00,0x00,0x00,0x00,0x00,0x00,0x00,0x00,0x00,0x00,0x00,0x00,0x00,0x00,0x00,0x00,
    0x00,0x00,0x00,0x00,0x00,0x00,0x00,0x00,0x00,0x00,0x00,0x00,0x00,0x00,0x00,0x00,0x00,0x00,0x00,0x00,0x00,0x00,0x00,0x00,0x00,0x00,0x00,0x00,0x00,0x00,0x00,0x00,
    0x00,0x00,0x00,0x00,0x00,0x00,0x00,0x00,0x00,0x00,0x00,0x00,0x00,0x00,0x00,0x00,0x00,0x00,0x00,0x00,0x00,0x00,0x00,0x00,0x00,0x00,0x00,0x00,0x00,0x00,0x00,0x00,
    0xff,0xff,0xff,0x02,0xff,0xff,0xff,0x03,0x00,0x00,0x00,0x00,0x00,0x00,0x00,0x00,0x00,0x00,0x00,0x00,0x00,0x00,0x00,0x00,0xff,0xef,0xdf,0x10,0xe2,0xd3,0xca,0x35,
    0xef,0xdf,0xd7,0x41,0xe3,0xd3,0xcc,0x41,0xe7,0xdb,0xd3,0x41,0xe2,0xd5,0xcd,0x3e,0xf2,0xe5,0xd8,0x14,0xff,0xff,0xaa,0x03,0x00,0x00,0x00,0x00,0x00,0x00,0x00,0x00,
    0x00,0x00,0x00,0x00,0xff,0xff,0xff,0x02,0xaa,0xaa,0xaa,0x03,0x00,0x00,0x00,0x00,0x00,0x00,0x00,0x00,0x00,0x00,0x00,0x00,0x00,0x00,0x00,0x00,0x00,0x00,0x00,0x00,
    0x00,0x00,0x00,0x00,0x00,0x00,0x00,0x00,0x00,0x00,0x00,0x00,0x00,0x00,0x00,0x00,0x00,0x00,0x00,0x00,0x00,0x00,0x00,0x00,0x00,0x00,0x00,0x00,0x00,0x00,0x00,0x00,
    0x00,0x00,0x00,0x00,0x00,0x00,0x00,0x00,0x00,0x00,0x00,0x00,0x00,0x00,0x00,0x00,0x00,0x00,0x00,0x00,0x00,0x00,0x00,0x00,0x00,0x00,0x00,0x00,0x00,0x00,0x00,0x00,
    0x00,0x00,0x00,0x00,0x00,0x00,0x00,0x00,0x00,0x00,0x00,0x00,0x00,0x00,0x00,0x00,0x00,0x00,0x00,0x00,0x00,0x00,0x00,0x00,0x00,0x00,0x00,0x00,0x00,0x00,0x00,0x00,
    0x00,0x00,0x00,0x00,0x00,0x00,0x00,0x00,0x00,0x00,0x00,0x00,0x00,0x00,0x00,0x00,0x00,0x00,0x00,0x00,0x00,0x00,0x00,0x00,0x00,0x00,0x00,0x00,0x00,0x00,0x00,0x00,
    0x00,0x00,0x00,0x00,0x00,0x00,0x00,0x00,0x00,0x00,0x00,0x00,0x00,0x00,0x00,0x00,0x00,0x00,0x00,0x00,0x00,0x00,0x00,0x00,0x00,0x00,0x00,0x00,0x00,0x00,0x00,0x00,
    0x00,0x00,0x00,0x00,0x00,0x00,0x00,0x00,0x00,0x00,0x00,0x00,0x00,0x00,0x00,0x00,0x00,0x00,0x00,0x00,0x00,0x00,0x00,0x00,0x00,0x00,0x00,0x00,0x00,0x00,0x00,0x00,
    0x00,0x00,0x00,0x00,0x00,0x00,0x00,0x00,0x00,0x00,0x00,0x00,0x00,0x00,0x00,0x00,0x00,0x00,0x00,0x00,0x00,0x00,0x00,0x00,0x00,0x00,0x00,0x00,0x00,0x00,0x00,0x00,
    0x00,0x00,0x00,0x00,0x00,0x00,0x00,0x00,0x00,0x00,0x00,0x00,0x00,0x00,0x00,0x00,0x00,0x00,0x00,0x00,0x00,0x00,0x00,0x00,0x00,0x00,0x00,0x00,0x00,0x00,0x00,0x00,
    0x00,0x00,0x00,0x00,0x00,0x00,0x00,0x00,0x00,0x00,0x00,0x00,0x00,0x00,0x00,0x00,0x00,0x00,0x00,0x00,0x00,0x00,0x00,0x00,0x00,0x00,0x00,0x00,0x00,0x00,0x00,0x00,
    0x00,0x00,0x00,0x00,0x00,0x00,0x00,0x00,0x00,0x00,0x00,0x00,0x00,0x00,0x00,0x00,0x00,0x00,0x00,0x00,0x00,0x00,0x00,0x00,0x00,0x00,0x00,0x00,0x00,0x00,0x00,0x00,
    0x00,0x00,0x00,0x00,0x00,0x00,0x00,0x00,0x00,0x00,0x00,0x00,0x00,0x00,0x00,0x00,0x00,0x00,0x00,0x00,0x00,0x00,0x00,0x00,0xff,0xff,0xff,0x01,0xff,0xff,0xff,0x03,
    0x00,0x00,0x00,0x00,0x00,0x00,0x00,0x00,0xe8,0xdd,0xd2,0x17,0xec,0xdf,0xd6,0x52,0xe6,0xd9,0xd1,0x9e,0xe9,0xda,0xd2,0xca,0xe5,0xd7,0xce,0xee,0xe8,0xd9,0xd1,0xff,
    0xf0,0xe1,0xd9,0xff,0xee,0xe0,0xd7,0xff,0xef,0xe0,0xd8,0xff,0xec,0xde,0xd5,0xff,0xe6,0xd8,0xd1,0xf0,0xe7,0xd9,0xd1,0xd5,0xea,0xdb,0xd2,0xad,0xef,0xdf,0xd7,0x61,
    0xe5,0xd8,0xd2,0x28,0x00,0x00,0x00,0x00,0x00,0x00,0x00,0x00,0xff,0xff,0xff,0x01,0xff,0xff,0xff,0x02,0x00,0x00,0x00,0x00,0x00,0x00,0x00,0x00,0x00,0x00,0x00,0x00,
    0x00,0x00,0x00,0x00,0x00,0x00,0x00,0x00,0x00,0x00,0x00,0x00,0x00,0x00,0x00,0x00,0x00,0x00,0x00,0x00,0x00,0x00,0x00,0x00,0x00,0x00,0x00,0x00,0x00,0x00,0x00,0x00,
    0x00,0x00,0x00,0x00,0x00,0x00,0x00,0x00,0x00,0x00,0x00,0x00,0x00,0x00,0x00,0x00,0x00,0x00,0x00,0x00,0x00,0x00,0x00,0x00,0x00,0x00,0x00,0x00,0x00,0x00,0x00,0x00,
    0x00,0x00,0x00,0x00,0x00,0x00,0x00,0x00,0x00,0x00,0x00,0x00,0x00,0x00,0x00,0x00,0x00,0x00,0x00,0x00,0x00,0x00,0x00,0x00,0x00,0x00,0x00,0x00,0x00,0x00,0x00,0x00,
    0x00,0x00,0x00,0x00,0x00,0x00,0x00,0x00,0x00,0x00,0x00,0x00,0x00,0x00,0x00,0x00,0x00,0x00,0x00,0x00,0x00,0x00,0x00,0x00,0x00,0x00,0x00,0x00,0x00,0x00,0x00,0x00,
    0x00,0x00,0x00,0x00,0x00,0x00,0x00,0x00,0x00,0x00,0x00,0x00,0x00,0x00,0x00,0x00,0x00,0x00,0x00,0x00,0x00,0x00,0x00,0x00,0x00,0x00,0x00,0x00,0x00,0x00,0x00,0x00,
    0x00,0x00,0x00,0x00,0x00,0x00,0x00,0x00,0x00,0x00,0x00,0x00,0x00,0x00,0x00,0x00,0x00,0x00,0x00,0x00,0x00,0x00,0x00,0x00,0x00,0x00,0x00,0x00,0x00,0x00,0x00,0x00,
    0x00,0x00,0x00,0x00,0x00,0x00,0x00,0x00,0x00,0x00,0x00,0x00,0x00,0x00,0x00,0x00,0x00,0x00,0x00,0x00,0x00,0x00,0x00,0x00,0x00,0x00,0x00,0x00,0x00,0x00,0x00,0x00,
    0x00,0x00,0x00,0x00,0x00,0x00,0x00,0x00,0x00,0x00,0x00,0x00,0x00,0x00,0x00,0x00,0x00,0x00,0x00,0x00,0x00,0x00,0x00,0x00,0x00,0x00,0x00,0x00,0x00,0x00,0x00,0x00,
    0x00,0x00,0x00,0x00,0x00,0x00,0x00,0x00,0x00,0x00,0x00,0x00,0x00,0x00,0x00,0x00,0x00,0x00,0x00,0x00,0x00,0x00,0x00,0x00,0x00,0x00,0x00,0x00,0x00,0x00,0x00,0x00,
    0x00,0x00,0x00,0x00,0x00,0x00,0x00,0x00,0x00,0x00,0x00,0x00,0x00,0x00,0x00,0x00,0x00,0x00,0x00,0x00,0x00,0x00,0x00,0x00,0x00,0x00,0x00,0x00,0x00,0x00,0x00,0x00,
    0x00,0x00,0x00,0x00,0x00,0x00,0x00,0x00,0x00,0x00,0x00,0x00,0x00,0x00,0x00,0x00,0x00,0x00,0x00,0x00,0xff,0xff,0xff,0x03,0x00,0x00,0x00,0x00,0x00,0x00,0x00,0x00,
    0xe7,0xdc,0xd0,0x2c,0xe9,0xda,0xd2,0x9b,0xea,0xdb,0xd3,0xe8,0xf2,0xe3,0xdb,0xff,0xf3,0xe4,0xdb,0xff,0xee,0xdf,0xd7,0xff,0xe7,0xd9,0xd1,0xff,0xe3,0xd5,0xcd,0xfe,
    0xe2,0xd3,0xcb,0xfd,0xe2,0xd4,0xcc,0xfd,0xe2,0xd4,0xcb,0xfd,0xe3,0xd5,0xcd,0xfd,0xe7,0xd8,0xd0,0xff,0xec,0xdd,0xd5,0xff,0xf2,0xe3,0xda,0xff,0xf4,0xe5,0xdc,0xff,
    0xe7,0xd8,0xd0,0xf8,0xea,0xdc,0xd3,0xb1,0xec,0xdd,0xd6,0x45,0x00,0x00,0x00,0x00,0x00,0x00,0x00,0x00,0xff,0xff,0xff,0x03,0x00,0x00,0x00,0x01,0x00,0x00,0x00,0x00,
    0x00,0x00,0x00,0x00,0x00,0x00,0x00,0x00,0x00,0x00,0x00,0x00,0x00,0x00,0x00,0x00,0x00,0x00,0x00,0x00,0x00,0x00,0x00,0x00,0x00,0x00,0x00,0x00,0x00,0x00,0x00,0x00,
    0x00,0x00,0x00,0x00,0x00,0x00,0x00,0x00,0x00,0x00,0x00,0x00,0x00,0x00,0x00,0x00,0x00,0x00,0x00,0x00,0x00,0x00,0x00,0x00,0x00,0x00,0x00,0x00,0x00,0x00,0x00,0x00,
    0x00,0x00,0x00,0x00,0x00,0x00,0x00,0x00,0x00,0x00,0x00,0x00,0x00,0x00,0x00,0x00,0x00,0x00,0x00,0x00,0x00,0x00,0x00,0x00,0x00,0x00,0x00,0x00,0x00,0x00,0x00,0x00,
    0x00,0x00,0x00,0x00,0x00,0x00,0x00,0x00,0x00,0x00,0x00,0x00,0x00,0x00,0x00,0x00,0x00,0x00,0x00,0x00,0x00,0x00,0x00,0x00,0x00,0x00,0x00,0x00,0x00,0x00,0x00,0x00,
    0x00,0x00,0x00,0x00,0x00,0x00,0x00,0x00,0x00,0x00,0x00,0x00,0x00,0x00,0x00,0x00,0x00,0x00,0x00,0x00,0x00,0x00,0x00,0x00,0x00,0x00,0x00,0x00,0x00,0x00,0x00,0x00,
    0x00,0x00,0x00,0x00,0x00,0x00,0x00,0x00,0x00,0x00,0x00,0x00,0x00,0x00,0x00,0x00,0x00,0x00,0x00,0x00,0x00,0x00,0x00,0x00,0x00,0x00,0x00,0x00,0x00,0x00,0x00,0x00,
    0x00,0x00,0x00,0x00,0x00,0x00,0x00,0x00,0x00,0x00,0x00,0x00,0x00,0x00,0x00,0x00,0x00,0x00,0x00,0x00,0x00,0x00,0x00,0x00,0x00,0x00,0x00,0x00,0x00,0x00,0x00,0x00,
    0x00,0x00,0x00,0x00,0x00,0x00,0x00,0x00,0x00,0x00,0x00,0x00,0x00,0x00,0x00,0x00,0x00,0x00,0x00,0x00,0x00,0x00,0x00,0x00,0x00,0x00,0x00,0x00,0x00,0x00,0x00,0x00,
    0x00,0x00,0x00,0x00,0x00,0x00,0x00,0x00,0x00,0x00,0x00,0x00,0x00,0x00,0x00,0x00,0x00,0x00,0x00,0x00,0x00,0x00,0x00,0x00,0x00,0x00,0x00,0x00,0x00,0x00,0x00,0x00,
    0x00,0x00,0x00,0x00,0x00,0x00,0x00,0x00,0x00,0x00,0x00,0x00,0x00,0x00,0x00,0x00,0x00,0x00,0x00,0x00,0x00,0x00,0x00,0x00,0x00,0x00,0x00,0x00,0x00,0x00,0x00,0x00,
    0x00,0x00,0x00,0x00,0x00,0x00,0x00,0x00,0x00,0x00,0x00,0x00,0x00,0x00,0x00,0x00,0xff,0xff,0xff,0x02,0x00,0x00,0x00,0x00,0xd7,0xcd,0xc4,0x1a,0xe8,0xdb,0xd3,0x9e,
    0xe9,0xdb,0xd2,0xf9,0xf4,0xe5,0xdc,0xff,0xe8,0xda,0xd2,0xff,0xe2,0xd5,0xcd,0xfc,0xe3,0xd4,0xcc,0xfb,0xe3,0xd5,0xcd,0xfc,0xe4,0xd6,0xce,0xfe,0xe6,0xd8,0xd1,0xff,
    0xe8,0xdc,0xd5,0xff,0xe8,0xdc,0xd4,0xff,0xe8,0xdc,0xd5,0xff,0xe7,0xda,0xd2,0xff,0xe4,0xd6,0xce,0xfe,0xe3,0xd4,0xcc,0xfd,0xe2,0xd4,0xcb,0xfc,0xe2,0xd4,0xcc,0xfc,
    0xe5,0xd7,0xcf,0xff,0xf2,0xe3,0xdb,0xff,0xed,0xdf,0xd6,0xff,0xed,0xde,0xd5,0xba,0xe3,0xd9,0xd0,0x37,0x00,0x00,0x00,0x00,0x01,0x01,0x00,0x00,0xff,0xff,0xff,0x01,
    0x00,0x00,0x00,0x00,0x00,0x00,0x00,0x00,0x00,0x00,0x00,0x00,0x00,0x00,0x00,0x00,0x00,0x00,0x00,0x00,0x00,0x00,0x00,0x00,0x00,0x00,0x00,0x00,0x00,0x00,0x00,0x00,
    0x00,0x00,0x00,0x00,0x00,0x00,0x00,0x00,0x00,0x00,0x00,0x00,0x00,0x00,0x00,0x00,0x00,0x00,0x00,0x00,0x00,0x00,0x00,0x00,0x00,0x00,0x00,0x00,0x00,0x00,0x00,0x00,
    0x00,0x00,0x00,0x00,0x00,0x00,0x00,0x00,0x00,0x00,0x00,0x00,0x00,0x00,0x00,0x00,0x00,0x00,0x00,0x00,0x00,0x00,0x00,0x00,0x00,0x00,0x00,0x00,0x00,0x00,0x00,0x00,
    0x00,0x00,0x00,0x00,0x00,0x00,0x00,0x00,0x00,0x00,0x00,0x00,0x00,0x00,0x00,0x00,0x00,0x00,0x00,0x00,0x00,0x00,0x00,0x00,0x00,0x00,0x00,0x00,0x00,0x00,0x00,0x00,
    0x00,0x00,0x00,0x00,0x00,0x00,0x00,0x00,0x00,0x00,0x00,0x00,0x00,0x00,0x00,0x00,0x00,0x00,0x00,0x00,0x00,0x00,0x00,0x00,0x00,0x00,0x00,0x00,0x00,0x00,0x00,0x00,
    0x00,0x00,0x00,0x00,0x00,0x00,0x00,0x00,0x00,0x00,0x00,0x00,0x00,0x00,0x00,0x00,0x00,0x00,0x00,0x00,0x00,0x00,0x00,0x00,0x00,0x00,0x00,0x00,0x00,0x00,0x00,0x00,
    0x00,0x00,0x00,0x00,0x00,0x00,0x00,0x00,0x00,0x00,0x00,0x00,0x00,0x00,0x00,0x00,0x00,0x00,0x00,0x00,0x00,0x00,0x00,0x00,0x00,0x00,0x00,0x00,0x00,0x00,0x00,0x00,
    0x00,0x00,0x00,0x00,0x00,0x00,0x00,0x00,0x00,0x00,0x00,0x00,0x00,0x00,0x00,0x00,0x00,0x00,0x00,0x00,0x00,0x00,0x00,0x00,0x00,0x00,0x00,0x00,0x00,0x00,0x00,0x00,
    0x00,0x00,0x00,0x00,0x00,0x00,0x00,0x00,0x00,0x00,0x00,0x00,0x00,0x00,0x00,0x00,0x00,0x00,0x00,0x00,0x00,0x00,0x00,0x00,0x00,0x00,0x00,0x00,0x00,0x00,0x00,0x00,
    0x00,0x00,0x00,0x00,0x00,0x00,0x00,0x00,0x00,0x00,0x00,0x00,0x00,0x00,0x00,0x00,0x00,0x00,0x00,0x00,0x00,0x00,0x00,0x00,0x00,0x00,0x00,0x00,0x00,0x00,0x00,0x00,
    0x00,0x00,0x00,0x00,0x00,0x00,0x00,0x00,0x7f,0x7f,0x7f,0x02,0xff,0xff,0xff,0x03,0x00,0x00,0x00,0x00,0xe7,0xd9,0xd0,0x58,0xea,0xdc,0xd4,0xe5,0xf5,0xe6,0xdd,0xff,
    0xe4,0xd6,0xcf,0xff,0xe3,0xd5,0xcd,0xfb,0xe2,0xd3,0xcb,0xfe,0xe5,0xd8,0xd0,0xff,0xeb,0xdf,0xd8,0xff,0xf0,0xe6,0xe0,0xff,0xf3,0xea,0xe5,0xff,0xf5,0xec,0xe7,0xff,
    0xf6,0xee,0xe9,0xff,0xf6,0xee,0xe9,0xff,0xf6,0xee,0xe9,0xff,0xf5,0xed,0xe8,0xff,0xf4,0xeb,0xe6,0xff,0xf1,0xe7,0xe1,0xff,0xec,0xe1,0xda,0xff,0xe7,0xda,0xd2,0xff,
    0xe2,0xd4,0xcc,0xfe,0xe2,0xd4,0xcc,0xfc,0xe3,0xd5,0xcd,0xfd,0xf1,0xe2,0xda,0xff,0xe9,0xdb,0xd3,0xfb,0xe7,0xd9,0xd1,0x80,0x99,0x99,0x99,0x05,0x00,0x00,0x00,0x00,
    0xff,0xaa,0xaa,0x03,0x00,0x00,0x00,0x00,0x00,0x00,0x00,0x00,0x00,0x00,0x00,0x00,0x00,0x00,0x00,0x00,0x00,0x00,0x00,0x00,0x00,0x00,0x00,0x00,0x00,0x00,0x00,0x00,
    0x00,0x00,0x00,0x00,0x00,0x00,0x00,0x00,0x00,0x00,0x00,0x00,0x00,0x00,0x00,0x00,0x00,0x00,0x00,0x00,0x00,0x00,0x00,0x00,0x00,0x00,0x00,0x00,0x00,0x00,0x00,0x00,
    0x00,0x00,0x00,0x00,0x00,0x00,0x00,0x00,0x00,0x00,0x00,0x00,0x00,0x00,0x00,0x00,0x00,0x00,0x00,0x00,0x00,0x00,0x00,0x00,0x00,0x00,0x00,0x00,0x00,0x00,0x00,0x00,
    0x00,0x00,0x00,0x00,0x00,0x00,0x00,0x00,0x00,0x00,0x00,0x00,0x00,0x00,0x00,0x00,0x00,0x00,0x00,0x00,0x00,0x00,0x00,0x00,0x00,0x00,0x00,0x00,0x00,0x00,0x00,0x00,
    0x00,0x00,0x00,0x00,0x00,0x00,0x00,0x00,0x00,0x00,0x00,0x00,0x00,0x00,0x00,0x00,0x00,0x00,0x00,0x00,0x00,0x00,0x00,0x00,0x00,0x00,0x00,0x00,0x00,0x00,0x00,0x00,
    0x00,0x00,0x00,0x00,0x00,0x00,0x00,0x00,0x00,0x00,0x00,0x00,0x00,0x00,0x00,0x00,0x00,0x00,0x00,0x00,0x00,0x00,0x00,0x00,0x00,0x00,0x00,0x00,0x00,0x00,0x00,0x00,
    0x00,0x00,0x00,0x00,0x00,0x00,0x00,0x00,0x00,0x00,0x00,0x00,0x00,0x00,0x00,0x00,0x00,0x00,0x00,0x00,0x00,0x00,0x00,0x00,0x00,0x00,0x00,0x00,0x00,0x00,0x00,0x00,
    0x00,0x00,0x00,0x00,0x00,0x00,0x00,0x00,0x00,0x00,0x00,0x00,0x00,0x00,0x00,0x00,0x00,0x00,0x00,0x00,0x00,0x00,0x00,0x00,0x00,0x00,0x00,0x00,0x00,0x00,0x00,0x00,
    0x00,0x00,0x00,0x00,0x00,0x00,0x00,0x00,0x00,0x00,0x00,0x00,0x00,0x00,0x00,0x00,0x00,0x00,0x00,0x00,0x00,0x00,0x00,0x00,0x00,0x00,0x00,0x00,0x00,0x00,0x00,0x00,
    0x00,0x00,0x00,0x00,0x00,0x00,0x00,0x00,0x00,0x00,0x00,0x00,0x00,0x00,0x00,0x00,0x00,0x00,0x00,0x00,0x00,0x00,0x00,0x00,0x00,0x00,0x00,0x00,0x00,0x00,0x00,0x00,
    0x00,0x00,0x00,0x00,0xff,0xff,0xff,0x01,0x00,0x00,0x00,0x00,0x00,0x00,0x00,0x00,0xe5,0xd8,0xd0,0x98,0xf4,0xe6,0xdd,0xff,0xe8,0xda,0xd2,0xff,0xe3,0xd5,0xcd,0xfb,
    0xe2,0xd4,0xcc,0xfe,0xe4,0xd7,0xcf,0xff,0xec,0xe2,0xdb,0xff,0xf4,0xeb,0xe6,0xff,0xf6,0xef,0xea,0xff,0xf6,0xee,0xea,0xff,0xf5,0xee,0xe9,0xff,0xf5,0xed,0xe8,0xff,
    0xf5,0xed,0xe8,0xff,0xf5,0xed,0xe8,0xff,0xf5,0xed,0xe8,0xff,0xf5,0xed,0xe8,0xff,0xf5,0xed,0xe9,0xff,0xf6,0xee,0xe9,0xff,0xf6,0xef,0xea,0xff,0xf5,0xed,0xe8,0xff,
    0xef,0xe5,0xde,0xff,0xe6,0xd9,0xd1,0xff,0xe3,0xd4,0xcc,0xff,0xe3,0xd5,0xcd,0xfc,0xe4,0xd6,0xce,0xfe,0xf6,0xe7,0xdf,0xff,0xea,0xdb,0xd2,0xc4,0xd2,0xc3,0xc3,0x11,
    0x00,0x00,0x00,0x00,0xff,0xff,0xff,0x02,0x00,0x00,0x00,0x00,0x00,0x00,0x00,0x00,0x00,0x00,0x00,0x00,0x00,0x00,0x00,0x00,0x00,0x00,0x00,0x00,0x00,0x00,0x00,0x00,
    0x00,0x00,0x00,0x00,0x00,0x00,0x00,0x00,0x00,0x00,0x00,0x00,0x00,0x00,0x00,0x00,0x00,0x00,0x00,0x00,0x00,0x00,0x00,0x00,0x00,0x00,0x00,0x00,0x00,0x00,0x00,0x00,
    0x00,0x00,0x00,0x00,0x00,0x00,0x00,0x00,0x00,0x00,0x00,0x00,0x00,0x00,0x00,0x00,0x00,0x00,0x00,0x00,0x00,0x00,0x00,0x00,0x00,0x00,0x00,0x00,0x00,0x00,0x00,0x00,
    0x00,0x00,0x00,0x00,0x00,0x00,0x00,0x00,0x00,0x00,0x00,0x00,0x00,0x00,0x00,0x00,0x00,0x00,0x00,0x00,0x00,0x00,0x00,0x00,0x00,0x00,0x00,0x00,0x00,0x00,0x00,0x00,
    0x00,0x00,0x00,0x00,0x00,0x00,0x00,0x00,0x00,0x00,0x00,0x00,0x00,0x00,0x00,0x00,0x00,0x00,0x00,0x00,0x00,0x00,0x00,0x00,0x00,0x00,0x00,0x00,0x00,0x00,0x00,0x00,
    0x00,0x00,0x00,0x00,0x00,0x00,0x00,0x00,0x00,0x00,0x00,0x00,0x00,0x00,0x00,0x00,0x00,0x00,0x00,0x00,0x00,0x00,0x00,0x00,0x00,0x00,0x00,0x00,0x00,0x00,0x00,0x00,
    0x00,0x00,0x00,0x00,0x00,0x00,0x00,0x00,0x00,0x00,0x00,0x00,0x00,0x00,0x00,0x00,0x00,0x00,0x00,0x00,0x00,0x00,0x00,0x00,0x00,0x00,0x00,0x00,0x00,0x00,0x00,0x00,
    0x00,0x00,0x00,0x00,0x00,0x00,0x00,0x00,0x00,0x00,0x00,0x00,0x00,0x00,0x00,0x00,0x00,0x00,0x00,0x00,0x00,0x00,0x00,0x00,0x00,0x00,0x00,0x00,0x00,0x00,0x00,0x00,
    0x00,0x00,0x00,0x00,0x00,0x00,0x00,0x00,0x00,0x00,0x00,0x00,0x00,0x00,0x00,0x00,0x00,0x00,0x00,0x00,0x00,0x00,0x00,0x00,0x00,0x00,0x00,0x00,0x00,0x00,0x00,0x00,
    0x00,0x00,0x00,0x00,0x00,0x00,0x00,0x00,0x00,0x00,0x00,0x00,0x00,0x00,0x00,0x00,0x00,0x00,0x00,0x00,0x00,0x00,0x00,0x00,0x00,0x00,0x00,0x00,0x00,0x00,0x00,0x00,
    0xff,0xff,0x7f,0x02,0xff,0xff,0xff,0x02,0xe1,0xd2,0xd2,0x11,0xe9,0xda,0xd3,0xa9,0xf3,0xe5,0xdc,0xff,0xe3,0xd5,0xcd,0xfc,0xe2,0xd4,0xcc,0xfe,0xe3,0xd5,0xcc,0xff,
    0xe8,0xdc,0xd5,0xff,0xf3,0xea,0xe5,0xff,0xf6,0xef,0xea,0xff,0xf5,0xed,0xe9,0xff,0xf5,0xed,0xe8,0xff,0xf5,0xed,0xe8,0xff,0xf5,0xed,0xe8,0xff,0xf5,0xed,0xe8,0xff,
    0xf5,0xed,0xe8,0xff,0xf5,0xed,0xe8,0xff,0xf5,0xed,0xe8,0xff,0xf5,0xed,0xe8,0xff,0xf5,0xed,0xe8,0xff,0xf5,0xed,0xe8,0xff,0xf5,0xed,0xe8,0xff,0xf5,0xed,0xe8,0xff,
    0xf6,0xef,0xea,0xff,0xf5,0xec,0xe7,0xff,0xeb,0xe0,0xd9,0xff,0xe3,0xd5,0xcd,0xff,0xe3,0xd5,0xcd,0xfe,0xe3,0xd5,0xce,0xfa,0xf2,0xe3,0xdb,0xff,0xed,0xde,0xd6,0xce,
    0xdf,0xcf,0xc9,0x30,0x00,0x00,0x00,0x00,0xff,0xff,0xaa,0x03,0x00,0x00,0x00,0x00,0x00,0x00,0x00,0x00,0x00,0x00,0x00,0x00,0x00,0x00,0x00,0x00,0x00,0x00,0x00,0x00,
    0x00,0x00,0x00,0x00,0x00,0x00,0x00,0x00,0x00,0x00,0x00,0x00,0x00,0x00,0x00,0x00,0x00,0x00,0x00,0x00,0x00,0x00,0x00,0x00,0x00,0x00,0x00,0x00,0x00,0x00,0x00,0x00,
    0x00,0x00,0x00,0x00,0x00,0x00,0x00,0x00,0x00,0x00,0x00,0x00,0x00,0x00,0x00,0x00,0x00,0x00,0x00,0x00,0x00,0x00,0x00,0x00,0x00,0x00,0x00,0x00,0x00,0x00,0x00,0x00,
    0x00,0x00,0x00,0x00,0x00,0x00,0x00,0x00,0x00,0x00,0x00,0x00,0x00,0x00,0x00,0x00,0x00,0x00,0x00,0x00,0x00,0x00,0x00,0x00,0x00,0x00,0x00,0x00,0x00,0x00,0x00,0x00,
    0x00,0x00,0x00,0x00,0x00,0x00,0x00,0x00,0x00,0x00,0x00,0x00,0x00,0x00,0x00,0x00,0x00,0x00,0x00,0x00,0x00,0x00,0x00,0x00,0x00,0x00,0x00,0x00,0x00,0x00,0x00,0x00,
    0x00,0x00,0x00,0x00,0x00,0x00,0x00,0x00,0x00,0x00,0x00,0x00,0x00,0x00,0x00,0x00,0x00,0x00,0x00,0x00,0x00,0x00,0x00,0x00,0x00,0x00,0x00,0x00,0x00,0x00,0x00,0x00,
    0x00,0x00,0x00,0x00,0x00,0x00,0x00,0x00,0x00,0x00,0x00,0x00,0x00,0x00,0x00,0x00,0x00,0x00,0x00,0x00,0x00,0x00,0x00,0x00,0x00,0x00,0x00,0x00,0x00,0x00,0x00,0x00,
    0x00,0x00,0x00,0x00,0x00,0x00,0x00,0x00,0x00,0x00,0x00,0x00,0x00,0x00,0x00,0x00,0x00,0x00,0x00,0x00,0x00,0x00,0x00,0x00,0x00,0x00,0x00,0x00,0x00,0x00,0x00,0x00,
    0x00,0x00,0x00,0x00,0x00,0x00,0x00,0x00,0x00,0x00,0x00,0x00,0x00,0x00,0x00,0x00,0x00,0x00,0x00,0x00,0x00,0x00,0x00,0x00,0x00,0x00,0x00,0x00,0x00,0x00,0x00,0x00,
    0x00,0x00,0x00,0x00,0x00,0x00,0x00,0x00,0x00,0x00,0x00,0x00,0x00,0x00,0x00,0x00,0x00,0x00,0x00,0x00,0x00,0x00,0x00,0x00,0x00,0x00,0x00,0x00,0xff,0xff,0x00,0x01,
    0xff,0xff,0xff,0x04,0x00,0x00,0x00,0x00,0xe5,0xd6,0xcf,0xac,0xfc,0xed,0xe3,0xff,0xe3,0xd5,0xcd,0xfa,0xe4,0xd6,0xce,0xff,0xe3,0xd5,0xcd,0xff,0xec,0xe1,0xdb,0xff,
    0xf6,0xee,0xe9,0xff,0xf6,0xee,0xe9,0xff,0xf5,0xed,0xe8,0xff,0xf5,0xed,0xe8,0xff,0xf5,0xed,0xe8,0xff,0xf5,0xed,0xe8,0xff,0xf5,0xed,0xe8,0xff,0xf5,0xed,0xe8,0xff,
    0xf5,0xed,0xe8,0xff,0xf5,0xed,0xe8,0xff,0xf5,0xed,0xe8,0xff,0xf5,0xed,0xe8,0xff,0xf5,0xed,0xe8,0xff,0xf5,0xed,0xe8,0xff,0xf5,0xed,0xe8,0xff,0xf5,0xed,0xe8,0xff,
    0xf5,0xed,0xe8,0xff,0xf5,0xed,0xe8,0xff,0xf6,0xef,0xea,0xff,0xf0,0xe6,0xe0,0xff,0xe5,0xd7,0xcf,0xff,0xe4,0xd6,0xce,0xff,0xe2,0xd4,0xcd,0xfb,0xf3,0xe5,0xdc,0xff,
    0xe9,0xda,0xd2,0xde,0xe1,0xd2,0xc3,0x11,0x00,0x00,0x00,0x00,0xff,0xff,0x7f,0x02,0x00,0x00,0x00,0x00,0x00,0x00,0x00,0x00,0x00,0x00,0x00,0x00,0x00,0x00,0x00,0x00,
    0x00,0x00,0x00,0x00,0x00,0x00,0x00,0x00,0x00,0x00,0x00,0x00,0x00,0x00,0x00,0x00,0x00,0x00,0x00,0x00,0x00,0x00,0x00,0x00,0x00,0x00,0x00,0x00,0x00,0x00,0x00,0x00,
    0x00,0x00,0x00,0x00,0x00,0x00,0x00,0x00,0x00,0x00,0x00,0x00,0x00,0x00,0x00,0x00,0x00,0x00,0x00,0x00,0x00,0x00,0x00,0x00,0x00,0x00,0x00,0x00,0x00,0x00,0x00,0x00,
    0x00,0x00,0x00,0x00,0x00,0x00,0x00,0x00,0x00,0x00,0x00,0x00,0x00,0x00,0x00,0x00,0x00,0x00,0x00,0x00,0x00,0x00,0x00,0x00,0x00,0x00,0x00,0x00,0x00,0x00,0x00,0x00,
    0x00,0x00,0x00,0x00,0x00,0x00,0x00,0x00,0x00,0x00,0x00,0x00,0x00,0x00,0x00,0x00,0x00,0x00,0x00,0x00,0x00,0x00,0x00,0x00,0x00,0x00,0x00,0x00,0x00,0x00,0x00,0x00,
    0x00,0x00,0x00,0x00,0x00,0x00,0x00,0x00,0x00,0x00,0x00,0x00,0x00,0x00,0x00,0x00,0x00,0x00,0x00,0x00,0x00,0x00,0x00,0x00,0x00,0x00,0x00,0x00,0x00,0x00,0x00,0x00,
    0x00,0x00,0x00,0x00,0x00,0x00,0x00,0x00,0x00,0x00,0x00,0x00,0x00,0x00,0x00,0x00,0x00,0x00,0x00,0x00,0x00,0x00,0x00,0x00,0x00,0x00,0x00,0x00,0x00,0x00,0x00,0x00,
    0x00,0x00,0x00,0x00,0x00,0x00,0x00,0x00,0x00,0x00,0x00,0x00,0x00,0x00,0x00,0x00,0x00,0x00,0x00,0x00,0x00,0x00,0x00,0x00,0x00,0x00,0x00,0x00,0x00,0x00,0x00,0x00,
    0x00,0x00,0x00,0x00,0x00,0x00,0x00,0x00,0x00,0x00,0x00,0x00,0x00,0x00,0x00,0x00,0x00,0x00,0x00,0x00,0x00,0x00,0x00,0x00,0x00,0x00,0x00,0x00,0x00,0x00,0x00,0x00,
    0x00,0x00,0x00,0x00,0x00,0x00,0x00,0x00,0x00,0x00,0x00,0x00,0x00,0x00,0x00,0x00,0x00,0x00,0x00,0x00,0x00,0x00,0x00,0x00,0x00,0x00,0x00,0x00,0xff,0xff,0xff,0x03,
    0x00,0x00,0x00,0x00,0xe2,0xd5,0xcc,0x98,0xf4,0xe5,0xdc,0xff,0xe2,0xd5,0xcd,0xfa,0xe4,0xd6,0xce,0xff,0xe3,0xd5,0xcd,0xff,0xee,0xe4,0xde,0xff,0xf7,0xef,0xea,0xff,
    0xf5,0xed,0xe8,0xff,0xf5,0xed,0xe8,0xff,0xf5,0xed,0xe8,0xff,0xf5,0xed,0xe8,0xff,0xf5,0xed,0xe8,0xff,0xf5,0xed,0xe8,0xff,0xf5,0xed,0xe8,0xff,0xf5,0xed,0xe8,0xff,
    0xf5,0xed,0xe8,0xff,0xf5,0xed,0xe8,0xff,0xf5,0xed,0xe8,0xff,0xf5,0xed,0xe8,0xff,0xf5,0xed,0xe8,0xff,0xf5,0xed,0xe8,0xff,0xf5,0xed,0xe8,0xff,0xf5,0xed,0xe8,0xff,
    0xf5,0xed,0xe8,0xff,0xf5,0xed,0xe8,0xff,0xf5,0xed,0xe8,0xff,0xf6,0xef,0xea,0xff,0xf2,0xe9,0xe3,0xff,0xe4,0xd7,0xcf,0xff,0xe4,0xd6,0xce,0xff,0xe2,0xd4,0xcd,0xfb,
    0xef,0xe1,0xd8,0xff,0xe7,0xd9,0xd1,0xca,0xe7,0xd0,0xd0,0x0b,0xff,0xff,0xff,0x02,0xff,0xff,0xff,0x01,0x00,0x00,0x00,0x00,0x00,0x00,0x00,0x00,0x00,0x00,0x00,0x00,
    0x00,0x00,0x00,0x00,0x00,0x00,0x00,0x00,0x00,0x00,0x00,0x00,0x00,0x00,0x00,0x00,0x00,0x00,0x00,0x00,0x00,0x00,0x00,0x00,0x00,0x00,0x00,0x00,0x00,0x00,0x00,0x00,
    0x00,0x00,0x00,0x00,0x00,0x00,0x00,0x00,0x00,0x00,0x00,0x00,0x00,0x00,0x00,0x00,0x00,0x00,0x00,0x00,0x00,0x00,0x00,0x00,0x00,0x00,0x00,0x00,0x00,0x00,0x00,0x00,
    0x00,0x00,0x00,0x00,0x00,0x00,0x00,0x00,0x00,0x00,0x00,0x00,0x00,0x00,0x00,0x00,0x00,0x00,0x00,0x00,0x00,0x00,0x00,0x00,0x00,0x00,0x00,0x00,0x00,0x00,0x00,0x00,
    0x00,0x00,0x00,0x00,0x00,0x00,0x00,0x00,0x00,0x00,0x00,0x00,0x00,0x00,0x00,0x00,0x00,0x00,0x00,0x00,0x00,0x00,0x00,0x00,0x00,0x00,0x00,0x00,0x00,0x00,0x00,0x00,
    0x00,0x00,0x00,0x00,0x00,0x00,0x00,0x00,0x00,0x00,0x00,0x00,0x00,0x00,0x00,0x00,0x00,0x00,0x00,0x00,0x00,0x00,0x00,0x00,0x00,0x00,0x00,0x00,0x00,0x00,0x00,0x00,
    0x00,0x00,0x00,0x00,0x00,0x00,0x00,0x00,0x00,0x00,0x00,0x00,0x00,0x00,0x00,0x00,0x00,0x00,0x00,0x00,0x00,0x00,0x00,0x00,0x00,0x00,0x00,0x00,0x00,0x00,0x00,0x00,
    0x00,0x00,0x00,0x00,0x00,0x00,0x00,0x00,0x00,0x00,0x00,0x00,0x00,0x00,0x00,0x00,0x00,0x00,0x00,0x00,0x00,0x00,0x00,0x00,0x00,0x00,0x00,0x00,0x00,0x00,0x00,0x00,
    0x00,0x00,0x00,0x00,0x00,0x00,0x00,0x00,0x00,0x00,0x00,0x00,0x00,0x00,0x00,0x00,0x00,0x00,0x00,0x00,0x00,0x00,0x00,0x00,0x00,0x00,0x00,0x00,0x00,0x00,0x00,0x00,
    0x00,0x00,0x00,0x00,0x00,0x00,0x00,0x00,0x00,0x00,0x00,0x00,0x00,0x00,0x00,0x00,0x00,0x00,0x00,0x00,0x00,0x00,0x00,0x00,0xff,0xff,0xaa,0x03,0x00,0x00,0x00,0x00,
    0xe2,0xd4,0xcd,0x61,0xf4,0xe6,0xdd,0xff,0xe4,0xd6,0xcf,0xfb,0xe4,0xd6,0xce,0xff,0xe3,0xd4,0xcc,0xff,0xeb,0xe0,0xd9,0xff,0xf7,0xef,0xea,0xff,0xf5,0xed,0xe8,0xff,
    0xf5,0xed,0xe8,0xff,0xf5,0xed,0xe8,0xff,0xf5,0xed,0xe8,0xff,0xf5,0xed,0xe8,0xff,0xf5,0xed,0xe8,0xff,0xf5,0xed,0xe8,0xff,0xf5,0xed,0xe8,0xff,0xf5,0xed,0xe8,0xff,
    0xf5,0xed,0xe8,0xff,0xf5,0xed,0xe8,0xff,0xf5,0xed,0xe8,0xff,0xf5,0xed,0xe8,0xff,0xf5,0xed,0xe8,0xff,0xf5,0xed,0xe8,0xff,0xf5,0xed,0xe8,0xff,0xf5,0xed,0xe8,0xff,
    0xf5,0xed,0xe8,0xff,0xf5,0xed,0xe8,0xff,0xf5,0xed,0xe8,0xff,0xf5,0xed,0xe8,0xff,0xf6,0xef,0xea,0xff,0xf0,0xe6,0xe0,0xff,0xe3,0xd5,0xcd,0xff,0xe4,0xd7,0xce,0xff,
    0xe2,0xd4,0xcd,0xfb,0xf7,0xe8,0xdf,0xff,0xe1,0xd3,0xcc,0x9e,0x00,0x00,0x00,0x00,0xff,0xff,0xaa,0x03,0x00,0x00,0x00,0x00,0x00,0x00,0x00,0x00,0x00,0x00,0x00,0x00,
    0x00,0x00,0x00,0x00,0x00,0x00,0x00,0x00,0x00,0x00,0x00,0x00,0x00,0x00,0x00,0x00,0x00,0x00,0x00,0x00,0x00,0x00,0x00,0x00,0x00,0x00,0x00,0x00,0x00,0x00,0x00,0x00,
    0x00,0x00,0x00,0x00,0x00,0x00,0x00,0x00,0x00,0x00,0x00,0x00,0x00,0x00,0x00,0x00,0x00,0x00,0x00,0x00,0x00,0x00,0x00,0x00,0x00,0x00,0x00,0x00,0x00,0x00,0x00,0x00,
    0x00,0x00,0x00,0x00,0x00,0x00,0x00,0x00,0x00,0x00,0x00,0x00,0x00,0x00,0x00,0x00,0x00,0x00,0x00,0x00,0x00,0x00,0x00,0x00,0x00,0x00,0x00,0x00,0x00,0x00,0x00,0x00,
    0x00,0x00,0x00,0x00,0x00,0x00,0x00,0x00,0x00,0x00,0x00,0x00,0x00,0x00,0x00,0x00,0x00,0x00,0x00,0x00,0x00,0x00,0x00,0x00,0x00,0x00,0x00,0x00,0x00,0x00,0x00,0x00,
    0x00,0x00,0x00,0x00,0x00,0x00,0x00,0x00,0x00,0x00,0x00,0x00,0x00,0x00,0x00,0x00,0x00,0x00,0x00,0x00,0x00,0x00,0x00,0x00,0x00,0x00,0x00,0x00,0x00,0x00,0x00,0x00,
    0x00,0x00,0x00,0x00,0x00,0x00,0x00,0x00,0x00,0x00,0x00,0x00,0x00,0x00,0x00,0x00,0x00,0x00,0x00,0x00,0x00,0x00,0x00,0x00,0x00,0x00,0x00,0x00,0x00,0x00,0x00,0x00,
    0x00,0x00,0x00,0x00,0x00,0x00,0x00,0x00,0x00,0x00,0x00,0x00,0x00,0x00,0x00,0x00,0x00,0x00,0x00,0x00,0x00,0x00,0x00,0x00,0x00,0x00,0x00,0x00,0x00,0x00,0x00,0x00,
    0x00,0x00,0x00,0x00,0x00,0x00,0x00,0x00,0x00,0x00,0x00,0x00,0x00,0x00,0x00,0x00,0x00,0x00,0x00,0x00,0x00,0x00,0x00,0x00,0x00,0x00,0x00,0x00,0x00,0x00,0x00,0x00,
    0x00,0x00,0x00,0x00,0x00,0x00,0x00,0x00,0x00,0x00,0x00,0x00,0x00,0x00,0x00,0x00,0x00,0x00,0x00,0x00,0xff,0xff,0xff,0x02,0xff,0xff,0xff,0x01,0xe2,0xd4,0xcd,0x24,
    0xea,0xdc,0xd3,0xf4,0xe8,0xda,0xd2,0xfc,0xe3,0xd5,0xcd,0xfe,0xe3,0xd5,0xcd,0xff,0xe7,0xda,0xd3,0xff,0xf5,0xee,0xe8,0xff,0xf5,0xed,0xe8,0xff,0xf5,0xed,0xe8,0xff,
    0xf5,0xed,0xe8,0xff,0xf5,0xed,0xe8,0xff,0xf5,0xed,0xe8,0xff,0xf5,0xed,0xe8,0xff,0xf5,0xed,0xe8,0xff,0xf5,0xed,0xe8,0xff,0xf5,0xed,0xe8,0xff,0xf5,0xed,0xe8,0xff,
    0xf5,0xed,0xe8,0xff,0xf5,0xed,0xe8,0xff,0xf5,0xed,0xe8,0xff,0xf5,0xed,0xe8,0xff,0xf5,0xed,0xe8,0xff,0xf5,0xed,0xe8,0xff,0xf5,0xed,0xe8,0xff,0xf5,0xed,0xe8,0xff,
    0xf5,0xed,0xe8,0xff,0xf5,0xed,0xe8,0xff,0xf5,0xed,0xe8,0xff,0xf5,0xed,0xe8,0xff,0xf5,0xed,0xe8,0xff,0xf6,0xef,0xea,0xff,0xeb,0xe0,0xd9,0xff,0xe3,0xd4,0xcc,0xff,
    0xe4,0xd6,0xce,0xff,0xe4,0xd6,0xcf,0xfa,0xf4,0xe5,0xdc,0xff,0xe4,0xd5,0xcc,0x55,0x00,0x00,0x00,0x00,0xff,0xff,0xff,0x03,0x00,0x00,0x00,0x00,0x00,0x00,0x00,0x00,
    0x00,0x00,0x00,0x00,0x00,0x00,0x00,0x00,0x00,0x00,0x00,0x00,0x00,0x00,0x00,0x00,0x00,0x00,0x00,0x00,0x00,0x00,0x00,0x00,0x00,0x00,0x00,0x00,0x00,0x00,0x00,0x00,
    0x00,0x00,0x00,0x00,0x00,0x00,0x00,0x00,0x00,0x00,0x00,0x00,0x00,0x00,0x00,0x00,0x00,0x00,0x00,0x00,0x00,0x00,0x00,0x00,0x00,0x00,0x00,0x00,0x00,0x00,0x00,0x00,
    0x00,0x00,0x00,0x00,0x00,0x00,0x00,0x00,0x00,0x00,0x00,0x00,0x00,0x00,0x00,0x00,0x00,0x00,0x00,0x00,0x00,0x00,0x00,0x00,0x00,0x00,0x00,0x00,0x00,0x00,0x00,0x00,
    0x00,0x00,0x00,0x00,0x00,0x00,0x00,0x00,0x00,0x00,0x00,0x00,0x00,0x00,0x00,0x00,0x00,0x00,0x00,0x00,0x00,0x00,0x00,0x00,0x00,0x00,0x00,0x00,0x00,0x00,0x00,0x00,
    0x00,0x00,0x00,0x00,0x00,0x00,0x00,0x00,0x00,0x00,0x00,0x00,0x00,0x00,0x00,0x00,0x00,0x00,0x00,0x00,0x00,0x00,0x00,0x00,0x00,0x00,0x00,0x00,0x00,0x00,0x00,0x00,
    0x00,0x00,0x00,0x00,0x00,0x00,0x00,0x00,0x00,0x00,0x00,0x00,0x00,0x00,0x00,0x00,0x00,0x00,0x00,0x00,0x00,0x00,0x00,0x00,0x00,0x00,0x00,0x00,0x00,0x00,0x00,0x00,
    0x00,0x00,0x00,0x00,0x00,0x00,0x00,0x00,0x00,0x00,0x00,0x00,0x00,0x00,0x00,0x00,0x00,0x00,0x00,0x00,0x00,0x00,0x00,0x00,0x00,0x00,0x00,0x00,0x00,0x00,0x00,0x00,
    0x00,0x00,0x00,0x00,0x00,0x00,0x00,0x00,0x00,0x00,0x00,0x00,0x00,0x00,0x00,0x00,0x00,0x00,0x00,0x00,0x00,0x00,0x00,0x00,0x00,0x00,0x00,0x00,0x00,0x00,0x00,0x00,
    0x00,0x00,0x00,0x00,0x00,0x00,0x00,0x00,0x00,0x00,0x00,0x00,0x00,0x00,0x00,0x00,0x00,0x00,0x00,0x00,0xff,0xff,0xff,0x03,0x00,0x00,0x00,0x00,0xe2,0xd4,0xcc,0xa1,
    0xf4,0xe6,0xdd,0xff,0xe2,0xd5,0xcd,0xfb,0xe4,0xd6,0xce,0xff,0xe4,0xd5,0xce,0xff,0xf2,0xe9,0xe3,0xff,0xf6,0xee,0xe9,0xff,0xf5,0xed,0xe8,0xff,0xf5,0xed,0xe8,0xff,
    0xf5,0xed,0xe8,0xff,0xf5,0xed,0xe8,0xff,0xf5,0xed,0xe8,0xff,0xf5,0xed,0xe8,0xff,0xf5,0xed,0xe8,0xff,0xf5,0xed,0xe8,0xff,0xf5,0xed,0xe8,0xff,0xf5,0xed,0xe8,0xff,
    0xf5,0xed,0xe8,0xff,0xf5,0xed,0xe8,0xff,0xf5,0xed,0xe8,0xff,0xf5,0xed,0xe8,0xff,0xf5,0xed,0xe8,0xff,0xf5,0xed,0xe8,0xff,0xf5,0xed,0xe8,0xff,0xf5,0xed,0xe8,0xff,
    0xf5,0xed,0xe8,0xff,0xf5,0xed,0xe8,0xff,0xf5,0xed,0xe8,0xff,0xf5,0xed,0xe8,0xff,0xf5,0xed,0xe8,0xff,0xf5,0xed,0xe8,0xff,0xf5,0xed,0xe7,0xff,0xe6,0xd9,0xd2,0xff,
    0xe4,0xd5,0xcd,0xff,0xe3,0xd5,0xcd,0xfd,0xec,0xde,0xd5,0xfe,0xe4,0xd6,0xcd,0xda,0xda,0xda,0xb6,0x07,0xff,0xff,0xff,0x02,0xff,0xff,0x00,0x01,0x00,0x00,0x00,0x00,
    0x00,0x00,0x00,0x00,0x00,0x00,0x00,0x00,0x00,0x00,0x00,0x00,0x00,0x00,0x00,0x00,0x00,0x00,0x00,0x00,0x00,0x00,0x00,0x00,0x00,0x00,0x00,0x00,0x00,0x00,0x00,0x00,
    0x00,0x00,0x00,0x00,0x00,0x00,0x00,0x00,0x00,0x00,0x00,0x00,0x00,0x00,0x00,0x00,0x00,0x00,0x00,0x00,0x00,0x00,0x00,0x00,0x00,0x00,0x00,0x00,0x00,0x00,0x00,0x00,
    0x00,0x00,0x00,0x00,0x00,0x00,0x00,0x00,0x00,0x00,0x00,0x00,0x00,0x00,0x00,0x00,0x00,0x00,0x00,0x00,0x00,0x00,0x00,0x00,0x00,0x00,0x00,0x00,0x00,0x00,0x00,0x00,
    0x00,0x00,0x00,0x00,0x00,0x00,0x00,0x00,0x00,0x00,0x00,0x00,0x00,0x00,0x00,0x00,0x00,0x00,0x00,0x00,0x00,0x00,0x00,0x00,0x00,0x00,0x00,0x00,0x00,0x00,0x00,0x00,
    0x00,0x00,0x00,0x00,0x00,0x00,0x00,0x00,0x00,0x00,0x00,0x00,0x00,0x00,0x00,0x00,0x00,0x00,0x00,0x00,0x00,0x00,0x00,0x00,0x00,0x00,0x00,0x00,0x00,0x00,0x00,0x00,
    0x00,0x00,0x00,0x00,0x00,0x00,0x00,0x00,0x00,0x00,0x00,0x00,0x00,0x00,0x00,0x00,0x00,0x00,0x00,0x00,0x00,0x00,0x00,0x00,0x00,0x00,0x00,0x00,0x00,0x00,0x00,0x00,
    0x00,0x00,0x00,0x00,0x00,0x00,0x00,0x00,0x00,0x00,0x00,0x00,0x00,0x00,0x00,0x00,0x00,0x00,0x00,0x00,0x00,0x00,0x00,0x00,0x00,0x00,0x00,0x00,0x00,0x00,0x00,0x00,
    0x00,0x00,0x00,0x00,0x00,0x00,0x00,0x00,0x00,0x00,0x00,0x00,0x00,0x00,0x00,0x00,0x00,0x00,0x00,0x00,0x00,0x00,0x00,0x00,0x00,0x00,0x00,0x00,0x00,0x00,0x00,0x00,
    0x00,0x00,0x00,0x00,0x00,0x00,0x00,0x00,0x00,0x00,0x00,0x00,0x00,0x00,0x00,0x00,0xff,0xff,0xff,0x02,0x00,0x00,0x00,0x00,0xe4,0xd7,0xca,0x27,0xea,0xdc,0xd3,0xf8,
    0xe5,0xd7,0xcf,0xfd,0xe4,0xd6,0xce,0xfe,0xe3,0xd5,0xcc,0xff,0xeb,0xdf,0xd8,0xff,0xf6,0xef,0xea,0xff,0xf5,0xed,0xe8,0xff,0xf5,0xed,0xe8,0xff,0xf5,0xed,0xe8,0xff,
    0xf5,0xed,0xe8,0xff,0xf5,0xed,0xe8,0xff,0xf5,0xed,0xe8,0xff,0xf5,0xed,0xe8,0xff,0xf5,0xed,0xe8,0xff,0xf5,0xed,0xe8,0xff,0xf5,0xed,0xe8,0xff,0xf5,0xed,0xe8,0xff,
    0xf5,0xed,0xe8,0xff,0xf5,0xed,0xe8,0xff,0xf5,0xed,0xe8,0xff,0xf5,0xed,0xe8,0xff,0xf5,0xed,0xe8,0xff,0xf5,0xed,0xe8,0xff,0xf5,0xed,0xe8,0xff,0xf5,0xed,0xe8,0xff,
    0xf5,0xed,0xe8,0xff,0xf5,0xed,0xe8,0xff,0xf5,0xed,0xe8,0xff,0xf5,0xed,0xe8,0xff,0xf5,0xed,0xe8,0xff,0xf5,0xed,0xe8,0xff,0xf6,0xef,0xea,0xff,0xef,0xe5,0xde,0xff,
    0xe3,0xd4,0xcc,0xff,0xe4,0xd6,0xce,0xff,0xe2,0xd4,0xcc,0xfc,0xf3,0xe4,0xdb,0xff,0xe1,0xd4,0xcc,0x5f,0x00,0x00,0x00,0x00,0xff,0xff,0xff,0x03,0x00,0x00,0x00,0x00,
    0x00,0x00,0x00,0x00,0x00,0x00,0x00,0x00,0x00,0x00,0x00,0x00,0x00,0x00,0x00,0x00,0x00,0x00,0x00,0x00,0x00,0x00,0x00,0x00,0x00,0x00,0x00,0x00,0x00,0x00,0x00,0x00,
    0x00,0x00,0x00,0x00,0x00,0x00,0x00,0x00,0x00,0x00,0x00,0x00,0x00,0x00,0x00,0x00,0x00,0x00,0x00,0x00,0x00,0x00,0x00,0x00,0x00,0x00,0x00,0x00,0x00,0x00,0x00,0x00,
    0x00,0x00,0x00,0x00,0x00,0x00,0x00,0x00,0x00,0x00,0x00,0x00,0x00,0x00,0x00,0x00,0x00,0x00,0x00,0x00,0x00,0x00,0x00,0x00,0x00,0x00,0x00,0x00,0x00,0x00,0x00,0x00,
    0x00,0x00,0x00,0x00,0x00,0x00,0x00,0x00,0x00,0x00,0x00,0x00,0x00,0x00,0x00,0x00,0x00,0x00,0x00,0x00,0x00,0x00,0x00,0x00,0x00,0x00,0x00,0x00,0x00,0x00,0x00,0x00,
    0x00,0x00,0x00,0x00,0x00,0x00,0x00,0x00,0x00,0x00,0x00,0x00,0x00,0x00,0x00,0x00,0x00,0x00,0x00,0x00,0x00,0x00,0x00,0x00,0x00,0x00,0x00,0x00,0x00,0x00,0x00,0x00,
    0x00,0x00,0x00,0x00,0x00,0x00,0x00,0x00,0x00,0x00,0x00,0x00,0x00,0x00,0x00,0x00,0x00,0x00,0x00,0x00,0x00,0x00,0x00,0x00,0x00,0x00,0x00,0x00,0x00,0x00,0x00,0x00,
    0x00,0x00,0x00,0x00,0x00,0x00,0x00,0x00,0x00,0x00,0x00,0x00,0x00,0x00,0x00,0x00,0x00,0x00,0x00,0x00,0x00,0x00,0x00,0x00,0x00,0x00,0x00,0x00,0x00,0x00,0x00,0x00,
    0x00,0x00,0x00,0x00,0x00,0x00,0x00,0x00,0x00,0x00,0x00,0x00,0x00,0x00,0x00,0x00,0x00,0x00,0x00,0x00,0x00,0x00,0x00,0x00,0x00,0x00,0x00,0x00,0x00,0x00,0x00,0x00,
    0x00,0x00,0x00,0x00,0x00,0x00,0x00,0x00,0x00,0x00,0x00,0x00,0x00,0x00,0x00,0x00,0xff,0xff,0xff,0x03,0x00,0x00,0x00,0x00,0xe2,0xd4,0xcc,0xa1,0xf3,0xe5,0xdc,0xff,
    0xe2,0xd5,0xcd,0xfc,0xe4,0xd6,0xce,0xff,0xe4,0xd6,0xce,0xff,0xf3,0xea,0xe3,0xff,0xf5,0xee,0xe9,0xff,0xf5,0xed,0xe8,0xff,0xf5,0xed,0xe8,0xff,0xf5,0xed,0xe8,0xff,
    0xf5,0xed,0xe8,0xff,0xf5,0xed,0xe8,0xff,0xf5,0xed,0xe8,0xff,0xf5,0xed,0xe8,0xff,0xf5,0xed,0xe8,0xff,0xf5,0xed,0xe8,0xff,0xf5,0xed,0xe8,0xff,0xf5,0xed,0xe8,0xff,
    0xf5,0xed,0xe8,0xff,0xf5,0xed,0xe8,0xff,0xf5,0xed,0xe8,0xff,0xf5,0xed,0xe8,0xff,0xf5,0xed,0xe8,0xff,0xf5,0xed,0xe8,0xff,0xf5,0xed,0xe8,0xff,0xf5,0xed,0xe8,0xff,
    0xf5,0xed,0xe8,0xff,0xf5,0xed,0xe8,0xff,0xf5,0xed,0xe8,0xff,0xf5,0xed,0xe8,0xff,0xf5,0xed,0xe8,0xff,0xf5,0xed,0xe8,0xff,0xf5,0xed,0xe8,0xff,0xf5,0xed,0xe8,0xff,
    0xe6,0xd9,0xd2,0xff,0xe3,0xd6,0xce,0xff,0xe3,0xd5,0xcd,0xfd,0xec,0xde,0xd5,0xfe,0xe5,0xd6,0xce,0xd8,0xe2,0xe2,0xc6,0x09,0xff,0xff,0xff,0x01,0xff,0xff,0x00,0x01,
    0x00,0x00,0x00,0x00,0x00,0x00,0x00,0x00,0x00,0x00,0x00,0x00,0x00,0x00,0x00,0x00,0x00,0x00,0x00,0x00,0x00,0x00,0x00,0x00,0x00,0x00,0x00,0x00,0x00,0x00,0x00,0x00,
    0x00,0x00,0x00,0x00,0x00,0x00,0x00,0x00,0x00,0x00,0x00,0x00,0x00,0x00,0x00,0x00,0x00,0x00,0x00,0x00,0x00,0x00,0x00,0x00,0x00,0x00,0x00,0x00,0x00,0x00,0x00,0x00,
    0x00,0x00,0x00,0x00,0x00,0x00,0x00,0x00,0x00,0x00,0x00,0x00,0x00,0x00,0x00,0x00,0x00,0x00,0x00,0x00,0x00,0x00,0x00,0x00,0x00,0x00,0x00,0x00,0x00,0x00,0x00,0x00,
    0x00,0x00,0x00,0x00,0x00,0x00,0x00,0x00,0x00,0x00,0x00,0x00,0x00,0x00,0x00,0x00,0x00,0x00,0x00,0x00,0x00,0x00,0x00,0x00,0x00,0x00,0x00,0x00,0x00,0x00,0x00,0x00,
    0x00,0x00,0x00,0x00,0x00,0x00,0x00,0x00,0x00,0x00,0x00,0x00,0x00,0x00,0x00,0x00,0x00,0x00,0x00,0x00,0x00,0x00,0x00,0x00,0x00,0x00,0x00,0x00,0x00,0x00,0x00,0x00,
    0x00,0x00,0x00,0x00,0x00,0x00,0x00,0x00,0x00,0x00,0x00,0x00,0x00,0x00,0x00,0x00,0x00,0x00,0x00,0x00,0x00,0x00,0x00,0x00,0x00,0x00,0x00,0x00,0x00,0x00,0x00,0x00,
    0x00,0x00,0x00,0x00,0x00,0x00,0x00,0x00,0x00,0x00,0x00,0x00,0x00,0x00,0x00,0x00,0x00,0x00,0x00,0x00,0x00,0x00,0x00,0x00,0x00,0x00,0x00,0x00,0x00,0x00,0x00,0x00,
    0x00,0x00,0x00,0x00,0x00,0x00,0x00,0x00,0x00,0x00,0x00,0x00,0x00,0x00,0x00,0x00,0x00,0x00,0x00,0x00,0x00,0x00,0x00,0x00,0x00,0x00,0x00,0x00,0x00,0x00,0x00,0x00,
    0x00,0x00,0x00,0x00,0x00,0x00,0x00,0x00,0x00,0x00,0x00,0x00,0xff,0xff,0xff,0x01,0x00,0x00,0x00,0x00,0xe0,0xd6,0xcc,0x19,0xe5,0xd8,0xcf,0xf4,0xe6,0xd8,0xd0,0xfe,
    0xe3,0xd5,0xcd,0xfe,0xe3,0xd5,0xcd,0xff,0xe8,0xdb,0xd4,0xff,0xf6,0xee,0xe9,0xff,0xf5,0xed,0xe8,0xff,0xf5,0xed,0xe8,0xff,0xf5,0xed,0xe8,0xff,0xf5,0xed,0xe8,0xff,
    0xf5,0xed,0xe8,0xff,0xf5,0xed,0xe8,0xff,0xf5,0xed,0xe8,0xff,0xf5,0xed,0xe8,0xff,0xf5,0xed,0xe8,0xff,0xf5,0xed,0xe8,0xff,0xf5,0xed,0xe8,0xff,0xf5,0xed,0xe8,0xff,
    0xf5,0xed,0xe8,0xff,0xf5,0xed,0xe8,0xff,0xf5,0xed,0xe8,0xff,0xf5,0xed,0xe8,0xff,0xf5,0xed,0xe8,0xff,0xf5,0xed,0xe8,0xff,0xf5,0xed,0xe8,0xff,0xf5,0xed,0xe8,0xff,
    0xf5,0xed,0xe8,0xff,0xf5,0xed,0xe8,0xff,0xf5,0xed,0xe8,0xff,0xf5,0xed,0xe8,0xff,0xf5,0xed,0xe8,0xff,0xf5,0xed,0xe8,0xff,0xf5,0xed,0xe8,0xff,0xf6,0xef,0xea,0xff,
    0xec,0xe1,0xda,0xff,0xe3,0xd4,0xcc,0xff,0xe4,0xd6,0xce,0xff,0xe2,0xd4,0xcc,0xfd,0xf1,0xe3,0xda,0xff,0xe3,0xd9,0xcf,0x4b,0x00,0x00,0x00,0x00,0xff,0xff,0xff,0x03,
    0x00,0x00,0x00,0x00,0x00,0x00,0x00,0x00,0x00,0x00,0x00,0x00,0x00,0x00,0x00,0x00,0x00,0x00,0x00,0x00,0x00,0x00,0x00,0x00,0x00,0x00,0x00,0x00,0x00,0x00,0x00,0x00,
    0x00,0x00,0x00,0x00,0x00,0x00,0x00,0x00,0x00,0x00,0x00,0x00,0x00,0x00,0x00,0x00,0x00,0x00,0x00,0x00,0x00,0x00,0x00,0x00,0x00,0x00,0x00,0x00,0x00,0x00,0x00,0x00,
    0x00,0x00,0x00,0x00,0x00,0x00,0x00,0x00,0x00,0x00,0x00,0x00,0x00,0x00,0x00,0x00,0x00,0x00,0x00,0x00,0x00,0x00,0x00,0x00,0x00,0x00,0x00,0x00,0x00,0x00,0x00,0x00,
    0x00,0x00,0x00,0x00,0x00,0x00,0x00,0x00,0x00,0x00,0x00,0x00,0x00,0x00,0x00,0x00,0x00,0x00,0x00,0x00,0x00,0x00,0x00,0x00,0x00,0x00,0x00,0x00,0x00,0x00,0x00,0x00,
    0x00,0x00,0x00,0x00,0x00,0x00,0x00,0x00,0x00,0x00,0x00,0x00,0x00,0x00,0x00,0x00,0x00,0x00,0x00,0x00,0x00,0x00,0x00,0x00,0x00,0x00,0x00,0x00,0x00,0x00,0x00,0x00,
    0x00,0x00,0x00,0x00,0x00,0x00,0x00,0x00,0x00,0x00,0x00,0x00,0x00,0x00,0x00,0x00,0x00,0x00,0x00,0x00,0x00,0x00,0x00,0x00,0x00,0x00,0x00,0x00,0x00,0x00,0x00,0x00,
    0x00,0x00,0x00,0x00,0x00,0x00,0x00,0x00,0x00,0x00,0x00,0x00,0x00,0x00,0x00,0x00,0x00,0x00,0x00,0x00,0x00,0x00,0x00,0x00,0x00,0x00,0x00,0x00,0x00,0x00,0x00,0x00,
    0x00,0x00,0x00,0x00,0x00,0x00,0x00,0x00,0x00,0x00,0x00,0x00,0x00,0x00,0x00,0x00,0x00,0x00,0x00,0x00,0x00,0x00,0x00,0x00,0x00,0x00,0x00,0x00,0x00,0x00,0x00,0x00,
    0x00,0x00,0x00,0x00,0x00,0x00,0x00,0x00,0x00,0x00,0x00,0x00,0xff,0xff,0xbf,0x04,0x00,0x00,0x00,0x00,0xe4,0xd6,0xce,0x5f,0xf2,0xe4,0xdb,0xff,0xe3,0xd5,0xcd,0xfc,
    0xe4,0xd6,0xce,0xff,0xe3,0xd4,0xcc,0xff,0xed,0xe2,0xdb,0xff,0xf6,0xef,0xea,0xff,0xf5,0xed,0xe8,0xff,0xf5,0xed,0xe8,0xff,0xf5,0xed,0xe8,0xff,0xf5,0xed,0xe8,0xff,
    0xf5,0xed,0xe8,0xff,0xf5,0xed,0xe8,0xff,0xf5,0xed,0xe8,0xff,0xf5,0xed,0xe8,0xff,0xf5,0xed,0xe8,0xff,0xf5,0xed,0xe8,0xff,0xf5,0xed,0xe8,0xff,0xf5,0xed,0xe8,0xff,
    0xf5,0xed,0xe8,0xff,0xf5,0xed,0xe8,0xff,0xf5,0xed,0xe8,0xff,0xf5,0xed,0xe8,0xff,0xf5,0xed,0xe8,0xff,0xf5,0xed,0xe8,0xff,0xf5,0xed,0xe8,0xff,0xf5,0xed,0xe8,0xff,
    0xf5,0xed,0xe8,0xff,0xf5,0xed,0xe8,0xff,0xf5,0xed,0xe8,0xff,0xf5,0xed,0xe8,0xff,0xf5,0xed,0xe8,0xff,0xf5,0xed,0xe8,0xff,0xf5,0xed,0xe8,0xff,0xf6,0xee,0xe9,0xff,
    0xf1,0xe7,0xe1,0xff,0xe3,0xd5,0xcd,0xff,0xe4,0xd6,0xce,0xff,0xe3,0xd5,0xce,0xfb,0xf3,0xe4,0xdb,0xfe,0xe3,0xd5,0xcd,0x9f,0xff,0xff,0xff,0x02,0xff,0xff,0xff,0x07,
    0xff,0xff,0xff,0x02,0xff,0xff,0xff,0x01,0x00,0x00,0x00,0x00,0x00,0x00,0x00,0x00,0x00,0x00,0x00,0x00,0x00,0x00,0x00,0x00,0x00,0x00,0x00,0x00,0x00,0x00,0x00,0x00,
    0x00,0x00,0x00,0x00,0x00,0x00,0x00,0x00,0x00,0x00,0x00,0x00,0x00,0x00,0x00,0x00,0x00,0x00,0x00,0x00,0x00,0x00,0x00,0x00,0x00,0x00,0x00,0x00,0x00,0x00,0x00,0x00,
    0x00,0x00,0x00,0x00,0x00,0x00,0x00,0x00,0x00,0x00,0x00,0x00,0x00,0x00,0x00,0x00,0x00,0x00,0x00,0x00,0x00,0x00,0x00,0x00,0x00,0x00,0x00,0x00,0x00,0x00,0x00,0x00,
    0x00,0x00,0x00,0x00,0x00,0x00,0x00,0x00,0x00,0x00,0x00,0x00,0x00,0x00,0x00,0x00,0x00,0x00,0x00,0x00,0x00,0x00,0x00,0x00,0x00,0x00,0x00,0x00,0x00,0x00,0x00,0x00,
    0x00,0x00,0x00,0x00,0x00,0x00,0x00,0x00,0x00,0x00,0x00,0x00,0x00,0x00,0x00,0x00,0x00,0x00,0x00,0x00,0x00,0x00,0x00,0x00,0x00,0x00,0x00,0x00,0x00,0x00,0x00,0x00,
    0x00,0x00,0x00,0x00,0x00,0x00,0x00,0x00,0x00,0x00,0x00,0x00,0x00,0x00,0x00,0x00,0x00,0x00,0x00,0x00,0x00,0x00,0x00,0x00,0x00,0x00,0x00,0x00,0x00,0x00,0x00,0x00,
    0x00,0x00,0x00,0x00,0x00,0x00,0x00,0x00,0x00,0x00,0x00,0x00,0x00,0x00,0x00,0x00,0x00,0x00,0x00,0x00,0x00,0x00,0x00,0x00,0x00,0x00,0x00,0x00,0x00,0x00,0x00,0x00,
    0x00,0x00,0x00,0x00,0x00,0x00,0x00,0x00,0x00,0x00,0x00,0x00,0x00,0x00,0x00,0x00,0x00,0x00,0x00,0x00,0x00,0x00,0x00,0x00,0x00,0x00,0x00,0x00,0x00,0x00,0x00,0x00,
    0x7f,0x7f,0x7f,0x02,0xff,0xff,0xff,0x03,0xff,0xff,0xbf,0x04,0xff,0xff,0xff,0x06,0xff,0xff,0xff,0x01,0xe3,0xd5,0xcc,0xa0,0xf3,0xe5,0xdc,0xff,0xe3,0xd5,0xce,0xfb,
    0xe4,0xd6,0xce,0xff,0xe3,0xd5,0xcd,0xff,0xf1,0xe6,0xe0,0xff,0xf6,0xee,0xe9,0xff,0xf5,0xed,0xe8,0xff,0xf5,0xed,0xe8,0xff,0xf5,0xed,0xe8,0xff,0xf5,0xed,0xe8,0xff,
    0xf5,0xed,0xe8,0xff,0xf5,0xed,0xe8,0xff,0xf5,0xed,0xe8,0xff,0xf5,0xed,0xe8,0xff,0xf5,0xed,0xe8,0xff,0xf5,0xed,0xe8,0xff,0xf5,0xed,0xe8,0xff,0xf5,0xed,0xe8,0xff,
    0xf5,0xed,0xe8,0xff,0xf5,0xed,0xe8,0xff,0xf5,0xed,0xe8,0xff,0xf5,0xed,0xe8,0xff,0xf5,0xed,0xe8,0xff,0xf5,0xed,0xe8,0xff,0xf5,0xed,0xe8,0xff,0xf5,0xed,0xe8,0xff,
    0xf5,0xed,0xe8,0xff,0xf5,0xed,0xe8,0xff,0xf5,0xed,0xe8,0xff,0xf5,0xed,0xe8,0xff,0xf5,0xed,0xe8,0xff,0xf5,0xed,0xe8,0xff,0xf5,0xed,0xe8,0xff,0xf5,0xed,0xe8,0xff,
    0xf4,0xec,0xe5,0xff,0xe5,0xd7,0xcf,0xff,0xe4,0xd6,0xce,0xff,0xe3,0xd6,0xce,0xfd,0xec,0xde,0xd5,0xff,0xe5,0xd5,0xce,0xd9,0x00,0x00,0x00,0x00,0x00,0x00,0x00,0x00,
    0x00,0x00,0x00,0x00,0x00,0x00,0x00,0x00,0xff,0xff,0xff,0x03,0xff,0xff,0xff,0x01,0x00,0x00,0x00,0x00,0x00,0x00,0x00,0x00,0x00,0x00,0x00,0x00,0x00,0x00,0x00,0x00,
    0x00,0x00,0x00,0x00,0x00,0x00,0x00,0x00,0x00,0x00,0x00,0x00,0x00,0x00,0x00,0x00,0x00,0x00,0x00,0x00,0x00,0x00,0x00,0x00,0x00,0x00,0x00,0x00,0x00,0x00,0x00,0x00,
    0x00,0x00,0x00,0x00,0x00,0x00,0x00,0x00,0x00,0x00,0x00,0x00,0x00,0x00,0x00,0x00,0x00,0x00,0x00,0x00,0x00,0x00,0x00,0x00,0x00,0x00,0x00,0x00,0x00,0x00,0x00,0x00,
    0x00,0x00,0x00,0x00,0x00,0x00,0x00,0x00,0x00,0x00,0x00,0x00,0x00,0x00,0x00,0x00,0x00,0x00,0x00,0x00,0x00,0x00,0x00,0x00,0x00,0x00,0x00,0x00,0x00,0x00,0x00,0x00,
    0x00,0x00,0x00,0x00,0x00,0x00,0x00,0x00,0x00,0x00,0x00,0x00,0x00,0x00,0x00,0x00,0x00,0x00,0x00,0x00,0x00,0x00,0x00,0x00,0x00,0x00,0x00,0x00,0x00,0x00,0x00,0x00,
    0x00,0x00,0x00,0x00,0x00,0x00,0x00,0x00,0x00,0x00,0x00,0x00,0x00,0x00,0x00,0x00,0x00,0x00,0x00,0x00,0x00,0x00,0x00,0x00,0x00,0x00,0x00,0x00,0x00,0x00,0x00,0x00,
    0x00,0x00,0x00,0x00,0x00,0x00,0x00,0x00,0x00,0x00,0x00,0x00,0x00,0x00,0x00,0x00,0x00,0x00,0x00,0x00,0x00,0x00,0x00,0x00,0x00,0x00,0x00,0x00,0x00,0x00,0x00,0x00,
    0x00,0x00,0x00,0x00,0x00,0x00,0x00,0x00,0x00,0x00,0x00,0x00,0x00,0x00,0x00,0x00,0x00,0x00,0x00,0x00,0x00,0x00,0x00,0x00,0xff,0xaa,0xaa,0x03,0xff,0xff,0xff,0x02,
    0x00,0x00,0x00,0x00,0x00,0x00,0x00,0x00,0x00,0x00,0x00,0x00,0x00,0x00,0x00,0x00,0x00,0x00,0x00,0x00,0xe3,0xd5,0xcd,0xd9,0xec,0xde,0xd5,0xff,0xe3,0xd5,0xce,0xfd,
    0xe4,0xd6,0xce,0xff,0xe4,0xd6,0xcf,0xff,0xf3,0xea,0xe4,0xff,0xf6,0xed,0xe8,0xff,0xf5,0xed,0xe8,0xff,0xf5,0xed,0xe8,0xff,0xf5,0xed,0xe8,0xff,0xf5,0xed,0xe8,0xff,
    0xf5,0xed,0xe8,0xff,0xf5,0xed,0xe8,0xff,0xf5,0xed,0xe8,0xff,0xf5,0xed,0xe8,0xff,0xf5,0xed,0xe8,0xff,0xf5,0xed,0xe8,0xff,0xf5,0xed,0xe8,0xff,0xf5,0xed,0xe8,0xff,
    0xf5,0xed,0xe8,0xff,0xf5,0xed,0xe8,0xff,0xf5,0xed,0xe8,0xff,0xf5,0xed,0xe8,0xff,0xf5,0xed,0xe8,0xff,0xf5,0xed,0xe8,0xff,0xf5,0xed,0xe8,0xff,0xf5,0xed,0xe8,0xff,
    0xf5,0xed,0xe8,0xff,0xf5,0xed,0xe8,0xff,0xf5,0xed,0xe8,0xff,0xf5,0xed,0xe8,0xff,0xf5,0xed,0xe8,0xff,0xf5,0xed,0xe8,0xff,0xf5,0xed,0xe8,0xff,0xf5,0xed,0xe8,0xff,
    0xf5,0xed,0xe8,0xff,0xe7,0xda,0xd3,0xff,0xe4,0xd6,0xce,0xff,0xe4,0xd6,0xce,0xff,0xe4,0xd6,0xce,0xff,0xe6,0xd8,0xd1,0xfc,0xe8,0xda,0xd3,0x94,0xea,0xda,0xd3,0x6f,
    0xec,0xdd,0xd4,0x36,0xff,0xff,0xff,0x03,0x00,0x00,0x00,0x00,0x00,0x00,0x00,0x00,0xff,0xff,0xff,0x03,0x00,0x00,0x00,0x00,0x00,0x00,0x00,0x00,0x00,0x00,0x00,0x00,
    0x00,0x00,0x00,0x00,0x00,0x00,0x00,0x00,0x00,0x00,0x00,0x00,0x00,0x00,0x00,0x00,0x00,0x00,0x00,0x00,0x00,0x00,0x00,0x00,0x00,0x00,0x00,0x00,0x00,0x00,0x00,0x00,
    0x00,0x00,0x00,0x00,0x00,0x00,0x00,0x00,0x00,0x00,0x00,0x00,0x00,0x00,0x00,0x00,0x00,0x00,0x00,0x00,0x00,0x00,0x00,0x00,0x00,0x00,0x00,0x00,0x00,0x00,0x00,0x00,
    0x00,0x00,0x00,0x00,0x00,0x00,0x00,0x00,0x00,0x00,0x00,0x00,0x00,0x00,0x00,0x00,0x00,0x00,0x00,0x00,0x00,0x00,0x00,0x00,0x00,0x00,0x00,0x00,0x00,0x00,0x00,0x00,
    0x00,0x00,0x00,0x00,0x00,0x00,0x00,0x00,0x00,0x00,0x00,0x00,0x00,0x00,0x00,0x00,0x00,0x00,0x00,0x00,0x00,0x00,0x00,0x00,0x00,0x00,0x00,0x00,0x00,0x00,0x00,0x00,
    0x00,0x00,0x00,0x00,0x00,0x00,0x00,0x00,0x00,0x00,0x00,0x00,0x00,0x00,0x00,0x00,0x00,0x00,0x00,0x00,0x00,0x00,0x00,0x00,0x00,0x00,0x00,0x00,0x00,0x00,0x00,0x00,
    0x00,0x00,0x00,0x00,0x00,0x00,0x00,0x00,0x00,0x00,0x00,0x00,0x00,0x00,0x00,0x00,0x00,0x00,0x00,0x00,0x00,0x00,0x00,0x00,0x00,0x00,0x00,0x00,0x00,0x00,0x00,0x00,
    0x00,0x00,0x00,0x00,0x00,0x00,0x00,0x00,0x00,0x00,0x00,0x00,0x00,0x00,0x00,0x00,0xff,0x7f,0x7f,0x02,0xff,0xff,0xff,0x01,0x00,0x00,0x00,0x00,0x00,0x00,0x00,0x00,
    0xec,0xd9,0xd9,0x1b,0xe9,0xdc,0xd3,0x52,0xe8,0xda,0xd2,0x7f,0xe4,0xd5,0xce,0xad,0xe7,0xda,0xd1,0xc3,0xe4,0xd6,0xce,0xfc,0xe5,0xd6,0xcf,0xff,0xe4,0xd6,0xce,0xff,
    0xe4,0xd6,0xce,0xff,0xe5,0xd7,0xd0,0xff,0xf4,0xec,0xe6,0xff,0xf5,0xed,0xe8,0xff,0xf5,0xed,0xe8,0xff,0xf5,0xed,0xe8,0xff,0xf5,0xed,0xe8,0xff,0xf5,0xed,0xe8,0xff,
    0xf5,0xed,0xe8,0xff,0xf5,0xed,0xe8,0xff,0xf5,0xed,0xe8,0xff,0xf5,0xed,0xe8,0xff,0xf5,0xed,0xe8,0xff,0xf5,0xed,0xe8,0xff,0xf5,0xed,0xe8,0xff,0xf5,0xed,0xe8,0xff,
    0xf5,0xed,0xe8,0xff,0xf5,0xed,0xe8,0xff,0xf5,0xed,0xe8,0xff,0xf5,0xed,0xe8,0xff,0xf5,0xed,0xe8,0xff,0xf5,0xed,0xe8,0xff,0xf5,0xed,0xe8,0xff,0xf5,0xed,0xe8,0xff,
    0xf5,0xed,0xe8,0xff,0xf5,0xed,0xe8,0xff,0xf5,0xed,0xe8,0xff,0xf5,0xed,0xe8,0xff,0xf5,0xed,0xe8,0xff,0xf5,0xed,0xe8,0xff,0xf5,0xed,0xe8,0xff,0xf5,0xed,0xe8,0xff,
    0xf6,0xee,0xe9,0xff,0xe8,0xdc,0xd5,0xff,0xe3,0xd5,0xcd,0xff,0xe4,0xd6,0xce,0xff,0xe4,0xd6,0xce,0xff,0xe4,0xd6,0xce,0xff,0xf3,0xe4,0xdc,0xff,0xf4,0xe5,0xdc,0xff,
    0xea,0xdb,0xd3,0xff,0xe9,0xdb,0xd2,0xd6,0xeb,0xdd,0xd3,0x80,0xdd,0xd2,0xc7,0x17,0x00,0x00,0x00,0x00,0xff,0xff,0xff,0x01,0xff,0xff,0xff,0x01,0x00,0x00,0x00,0x00,
    0x00,0x00,0x00,0x00,0x00,0x00,0x00,0x00,0x00,0x00,0x00,0x00,0x00,0x00,0x00,0x00,0x00,0x00,0x00,0x00,0x00,0x00,0x00,0x00,0x00,0x00,0x00,0x00,0x00,0x00,0x00,0x00,
    0x00,0x00,0x00,0x00,0x00,0x00,0x00,0x00,0x00,0x00,0x00,0x00,0x00,0x00,0x00,0x00,0x00,0x00,0x00,0x00,0x00,0x00,0x00,0x00,0x00,0x00,0x00,0x00,0x00,0x00,0x00,0x00,
    0x00,0x00,0x00,0x00,0x00,0x00,0x00,0x00,0x00,0x00,0x00,0x00,0x00,0x00,0x00,0x00,0x00,0x00,0x00,0x00,0x00,0x00,0x00,0x00,0x00,0x00,0x00,0x00,0x00,0x00,0x00,0x00,
    0x00,0x00,0x00,0x00,0x00,0x00,0x00,0x00,0x00,0x00,0x00,0x00,0x00,0x00,0x00,0x00,0x00,0x00,0x00,0x00,0x00,0x00,0x00,0x00,0x00,0x00,0x00,0x00,0x00,0x00,0x00,0x00,
    0x00,0x00,0x00,0x00,0x00,0x00,0x00,0x00,0x00,0x00,0x00,0x00,0x00,0x00,0x00,0x00,0x00,0x00,0x00,0x00,0x00,0x00,0x00,0x00,0x00,0x00,0x00,0x00,0x00,0x00,0x00,0x00,
    0x00,0x00,0x00,0x00,0x00,0x00,0x00,0x00,0x00,0x00,0x00,0x00,0x00,0x00,0x00,0x00,0x00,0x00,0x00,0x00,0x00,0x00,0x00,0x00,0x00,0x00,0x00,0x00,0x00,0x00,0x00,0x00,
    0x00,0x00,0x00,0x00,0x00,0x00,0x00,0x00,0x00,0x00,0x00,0x00,0xff,0xff,0xff,0x03,0x00,0x00,0x00,0x00,0x00,0x00,0x00,0x00,0xe8,0xdd,0xd2,0x45,0xea,0xdc,0xd3,0xb1,
    0xe7,0xd8,0xd1,0xf1,0xf1,0xe2,0xda,0xff,0xf5,0xe6,0xdd,0xff,0xf2,0xe3,0xda,0xff,0xef,0xe0,0xd8,0xff,0xe4,0xd6,0xce,0xff,0xe4,0xd6,0xce,0xff,0xe4,0xd6,0xce,0xff,
    0xe4,0xd6,0xce,0xff,0xe5,0xd7,0xd0,0xff,0xf4,0xec,0xe6,0xff,0xf5,0xed,0xe8,0xff,0xf5,0xed,0xe8,0xff,0xf5,0xed,0xe8,0xff,0xf5,0xed,0xe8,0xff,0xf5,0xed,0xe8,0xff,
    0xf5,0xed,0xe8,0xff,0xf5,0xed,0xe8,0xff,0xf5,0xed,0xe8,0xff,0xf5,0xed,0xe8,0xff,0xf5,0xed,0xe8,0xff,0xf5,0xed,0xe8,0xff,0xf5,0xed,0xe8,0xff,0xf5,0xed,0xe8,0xff,
    0xf5,0xed,0xe8,0xff,0xf5,0xed,0xe8,0xff,0xf5,0xed,0xe8,0xff,0xf5,0xed,0xe8,0xff,0xf5,0xed,0xe8,0xff,0xf5,0xed,0xe8,0xff,0xf5,0xed,0xe8,0xff,0xf5,0xed,0xe8,0xff,
    0xf5,0xed,0xe8,0xff,0xf5,0xed,0xe8,0xff,0xf5,0xed,0xe8,0xff,0xf5,0xed,0xe8,0xff,0xf5,0xed,0xe8,0xff,0xf5,0xed,0xe8,0xff,0xf5,0xed,0xe8,0xff,0xf5,0xed,0xe8,0xff,
    0xf6,0xee,0xe9,0xff,0xe8,0xdc,0xd5,0xff,0xe3,0xd5,0xcd,0xff,0xe4,0xd6,0xce,0xff,0xe4,0xd6,0xce,0xff,0xe4,0xd6,0xce,0xff,0xe4,0xd6,0xce,0xfb,0xe3,0xd6,0xce,0xfb,
    0xe3,0xd5,0xcd,0xfe,0xeb,0xdd,0xd5,0xff,0xf4,0xe5,0xdc,0xff,0xeb,0xdd,0xd5,0xe9,0xe7,0xd9,0xd2,0x6d,0x00,0x00,0x00,0x00,0x00,0x00,0x00,0x00,0xaa,0xaa,0xaa,0x03,
    0x00,0x00,0x00,0x00,0x00,0x00,0x00,0x00,0x00,0x00,0x00,0x00,0x00,0x00,0x00,0x00,0x00,0x00,0x00,0x00,0x00,0x00,0x00,0x00,0x00,0x00,0x00,0x00,0x00,0x00,0x00,0x00,
    0x00,0x00,0x00,0x00,0x00,0x00,0x00,0x00,0x00,0x00,0x00,0x00,0x00,0x00,0x00,0x00,0x00,0x00,0x00,0x00,0x00,0x00,0x00,0x00,0x00,0x00,0x00,0x00,0x00,0x00,0x00,0x00,
    0x00,0x00,0x00,0x00,0x00,0x00,0x00,0x00,0x00,0x00,0x00,0x00,0x00,0x00,0x00,0x00,0x00,0x00,0x00,0x00,0x00,0x00,0x00,0x00,0x00,0x00,0x00,0x00,0x00,0x00,0x00,0x00,
    0x00,0x00,0x00,0x00,0x00,0x00,0x00,0x00,0x00,0x00,0x00,0x00,0x00,0x00,0x00,0x00,0x00,0x00,0x00,0x00,0x00,0x00,0x00,0x00,0x00,0x00,0x00,0x00,0x00,0x00,0x00,0x00,
    0x00,0x00,0x00,0x00,0x00,0x00,0x00,0x00,0x00,0x00,0x00,0x00,0x00,0x00,0x00,0x00,0x00,0x00,0x00,0x00,0x00,0x00,0x00,0x00,0x00,0x00,0x00,0x00,0x00,0x00,0x00,0x00,
    0x00,0x00,0x00,0x00,0x00,0x00,0x00,0x00,0x00,0x00,0x00,0x00,0x00,0x00,0x00,0x00,0x00,0x00,0x00,0x00,0x00,0x00,0x00,0x00,0x00,0x00,0x00,0x00,0x00,0x00,0x00,0x00,
    0x00,0x00,0x00,0x00,0x00,0x00,0x00,0x00,0xff,0xff,0xff,0x02,0x00,0x00,0x00,0x00,0xe4,0xd6,0xc9,0x26,0xeb,0xdb,0xd3,0xb6,0xee,0xe0,0xd7,0xff,0xf1,0xe2,0xda,0xff,
    0xe6,0xd8,0xd0,0xff,0xe3,0xd5,0xcd,0xfc,0xe3,0xd5,0xce,0xfb,0xe3,0xd5,0xcd,0xfc,0xe4,0xd6,0xce,0xfc,0xe4,0xd6,0xce,0xff,0xe4,0xd6,0xce,0xff,0xe4,0xd6,0xce,0xff,
    0xe4,0xd6,0xce,0xff,0xe5,0xd7,0xd0,0xff,0xf4,0xec,0xe6,0xff,0xf5,0xed,0xe8,0xff,0xf5,0xed,0xe8,0xff,0xf5,0xed,0xe8,0xff,0xf5,0xed,0xe8,0xff,0xf5,0xed,0xe8,0xff,
    0xf5,0xed,0xe8,0xff,0xf5,0xed,0xe8,0xff,0xf5,0xed,0xe8,0xff,0xf5,0xed,0xe8,0xff,0xf5,0xed,0xe8,0xff,0xf5,0xed,0xe8,0xff,0xf5,0xed,0xe8,0xff,0xf5,0xed,0xe8,0xff,
    0xf5,0xed,0xe8,0xff,0xf5,0xed,0xe8,0xff,0xf5,0xed,0xe8,0xff,0xf5,0xed,0xe8,0xff,0xf5,0xed,0xe8,0xff,0xf5,0xed,0xe8,0xff,0xf5,0xed,0xe8,0xff,0xf5,0xed,0xe8,0xff,
    0xf5,0xed,0xe8,0xff,0xf5,0xed,0xe8,0xff,0xf5,0xed,0xe8,0xff,0xf5,0xed,0xe8,0xff,0xf5,0xed,0xe8,0xff,0xf5,0xed,0xe8,0xff,0xf5,0xed,0xe8,0xff,0xf5,0xed,0xe8,0xff,
    0xf6,0xee,0xe9,0xff,0xe8,0xdc,0xd5,0xff,0xe3,0xd5,0xcd,0xff,0xe4,0xd6,0xce,0xff,0xe4,0xd6,0xce,0xff,0xe4,0xd6,0xce,0xff,0xe4,0xd6,0xce,0xff,0xe4,0xd6,0xce,0xff,
    0xe4,0xd6,0xce,0xff,0xe3,0xd5,0xcd,0xfd,0xe3,0xd5,0xcd,0xfb,0xe8,0xda,0xd2,0xff,0xf4,0xe5,0xdd,0xff,0xe8,0xda,0xd2,0xb8,0xe0,0xcc,0xc1,0x19,0x00,0x00,0x00,0x00,
    0xff,0xff,0xff,0x02,0x00,0x00,0x00,0x00,0x00,0x00,0x00,0x00,0x00,0x00,0x00,0x00,0x00,0x00,0x00,0x00,0x00,0x00,0x00,0x00,0x00,0x00,0x00,0x00,0x00,0x00,0x00,0x00,
    0x00,0x00,0x00,0x00,0x00,0x00,0x00,0x00,0x00,0x00,0x00,0x00,0x00,0x00,0x00,0x00,0x00,0x00,0x00,0x00,0x00,0x00,0x00,0x00,0x00,0x00,0x00,0x00,0x00,0x00,0x00,0x00,
    0x00,0x00,0x00,0x00,0x00,0x00,0x00,0x00,0x00,0x00,0x00,0x00,0x00,0x00,0x00,0x00,0x00,0x00,0x00,0x00,0x00,0x00,0x00,0x00,0x00,0x00,0x00,0x00,0x00,0x00,0x00,0x00,
    0x00,0x00,0x00,0x00,0x00,0x00,0x00,0x00,0x00,0x00,0x00,0x00,0x00,0x00,0x00,0x00,0x00,0x00,0x00,0x00,0x00,0x00,0x00,0x00,0x00,0x00,0x00,0x00,0x00,0x00,0x00,0x00,
    0x00,0x00,0x00,0x00,0x00,0x00,0x00,0x00,0x00,0x00,0x00,0x00,0x00,0x00,0x00,0x00,0x00,0x00,0x00,0x00,0x00,0x00,0x00,0x00,0x00,0x00,0x00,0x00,0x00,0x00,0x00,0x00,
    0x00,0x00,0x00,0x00,0x00,0x00,0x00,0x00,0x00,0x00,0x00,0x00,0x00,0x00,0x00,0x00,0x00,0x00,0x00,0x00,0x00,0x00,0x00,0x00,0x00,0x00,0x00,0x00,0x00,0x00,0x00,0x00,
    0x00,0x00,0x00,0x01,0xff,0xff,0xff,0x02,0x00,0x00,0x00,0x00,0xe5,0xd8,0xd1,0x64,0xee,0xdf,0xd6,0xf0,0xf1,0xe2,0xda,0xff,0xe2,0xd5,0xcd,0xfd,0xe3,0xd5,0xcd,0xfc,
    0xe3,0xd5,0xcd,0xfe,0xe4,0xd6,0xce,0xff,0xe4,0xd6,0xce,0xff,0xe4,0xd6,0xce,0xff,0xe4,0xd6,0xce,0xff,0xe4,0xd6,0xce,0xff,0xe4,0xd6,0xce,0xff,0xe4,0xd6,0xce,0xff,
    0xe4,0xd6,0xce,0xff,0xe4,0xd6,0xce,0xff,0xf2,0xe8,0xe3,0xff,0xf6,0xee,0xe9,0xff,0xf5,0xed,0xe8,0xff,0xf5,0xed,0xe8,0xff,0xf5,0xed,0xe8,0xff,0xf5,0xed,0xe8,0xff,
    0xf5,0xed,0xe8,0xff,0xf5,0xed,0xe8,0xff,0xf5,0xed,0xe8,0xff,0xf5,0xed,0xe8,0xff,0xf5,0xed,0xe8,0xff,0xf5,0xed,0xe8,0xff,0xf5,0xed,0xe8,0xff,0xf5,0xed,0xe8,0xff,
    0xf5,0xed,0xe8,0xff,0xf5,0xed,0xe8,0xff,0xf5,0xed,0xe8,0xff,0xf5,0xed,0xe8,0xff,0xf5,0xed,0xe8,0xff,0xf5,0xed,0xe8,0xff,0xf5,0xed,0xe8,0xff,0xf5,0xed,0xe8,0xff,
    0xf5,0xed,0xe8,0xff,0xf5,0xed,0xe8,0xff,0xf5,0xed,0xe8,0xff,0xf5,0xed,0xe8,0xff,0xf5,0xed,0xe8,0xff,0xf5,0xed,0xe8,0xff,0xf5,0xed,0xe8,0xff,0xf5,0xed,0xe8,0xff,
    0xf5,0xed,0xe7,0xff,0xe6,0xd8,0xd1,0xff,0xe4,0xd6,0xce,0xff,0xe4,0xd6,0xce,0xff,0xe4,0xd6,0xce,0xff,0xe4,0xd6,0xce,0xff,0xe4,0xd6,0xce,0xff,0xe4,0xd6,0xce,0xff,
    0xe4,0xd6,0xce,0xff,0xe4,0xd6,0xce,0xff,0xe4,0xd6,0xce,0xff,0xe3,0xd5,0xcd,0xfe,0xe3,0xd5,0xce,0xfb,0xf1,0xe3,0xda,0xff,0xec,0xdd,0xd4,0xe6,0xdd,0xce,0xca,0x35,
    0x00,0x00,0x00,0x00,0xff,0xff,0xff,0x02,0x00,0x00,0x00,0x00,0x00,0x00,0x00,0x00,0x00,0x00,0x00,0x00,0x00,0x00,0x00,0x00,0x00,0x00,0x00,0x00,0x00,0x00,0x00,0x00,
    0x00,0x00,0x00,0x00,0x00,0x00,0x00,0x00,0x00,0x00,0x00,0x00,0x00,0x00,0x00,0x00,0x00,0x00,0x00,0x00,0x00,0x00,0x00,0x00,0x00,0x00,0x00,0x00,0x00,0x00,0x00,0x00,
    0x00,0x00,0x00,0x00,0x00,0x00,0x00,0x00,0x00,0x00,0x00,0x00,0x00,0x00,0x00,0x00,0x00,0x00,0x00,0x00,0x00,0x00,0x00,0x00,0x00,0x00,0x00,0x00,0x00,0x00,0x00,0x00,
    0x00,0x00,0x00,0x00,0x00,0x00,0x00,0x00,0x00,0x00,0x00,0x00,0x00,0x00,0x00,0x00,0x00,0x00,0x00,0x00,0x00,0x00,0x00,0x00,0x00,0x00,0x00,0x00,0x00,0x00,0x00,0x00,
    0x00,0x00,0x00,0x00,0x00,0x00,0x00,0x00,0x00,0x00,0x00,0x00,0x00,0x00,0x00,0x00,0x00,0x00,0x00,0x00,0x00,0x00,0x00,0x00,0x00,0x00,0x00,0x00,0x00,0x00,0x00,0x00,
    0x00,0x00,0x00,0x00,0x00,0x00,0x00,0x00,0x00,0x00,0x00,0x00,0x00,0x00,0x00,0x00,0x00,0x00,0x00,0x00,0x00,0x00,0x00,0x00,0x00,0x00,0x00,0x00,0xff,0xff,0x00,0x01,
    0xbf,0xbf,0xbf,0x04,0x00,0x00,0x00,0x00,0xe4,0xd6,0xce,0x98,0xf4,0xe5,0xdc,0xff,0xe6,0xd8,0xd0,0xff,0xe2,0xd4,0xcd,0xfc,0xe4,0xd6,0xce,0xff,0xe4,0xd6,0xce,0xff,
    0xe4,0xd6,0xce,0xff,0xe4,0xd6,0xce,0xff,0xe4,0xd6,0xce,0xff,0xe4,0xd6,0xce,0xff,0xe4,0xd6,0xce,0xff,0xe4,0xd6,0xce,0xff,0xe4,0xd6,0xce,0xff,0xe4,0xd6,0xce,0xff,
    0xe4,0xd6,0xce,0xff,0xe3,0xd5,0xcd,0xff,0xf0,0xe6,0xdf,0xff,0xf6,0xee,0xe9,0xff,0xf5,0xed,0xe8,0xff,0xf5,0xed,0xe8,0xff,0xf5,0xed,0xe8,0xff,0xf5,0xed,0xe8,0xff,
    0xf5,0xed,0xe8,0xff,0xf5,0xed,0xe8,0xff,0xf5,0xed,0xe8,0xff,0xf5,0xed,0xe8,0xff,0xf5,0xed,0xe8,0xff,0xf5,0xed,0xe8,0xff,0xf5,0xed,0xe8,0xff,0xf5,0xed,0xe8,0xff,
    0xf5,0xed,0xe8,0xff,0xf5,0xed,0xe8,0xff,0xf5,0xed,0xe8,0xff,0xf5,0xed,0xe8,0xff,0xf5,0xed,0xe8,0xff,0xf5,0xed,0xe8,0xff,0xf5,0xed,0xe8,0xff,0xf5,0xed,0xe8,0xff,
    0xf5,0xed,0xe8,0xff,0xf5,0xed,0xe8,0xff,0xf5,0xed,0xe8,0xff,0xf5,0xed,0xe8,0xff,0xf5,0xed,0xe8,0xff,0xf5,0xed,0xe8,0xff,0xf5,0xed,0xe8,0xff,0xf5,0xed,0xe8,0xff,
    0xf3,0xeb,0xe5,0xff,0xe4,0xd6,0xcf,0xff,0xe4,0xd6,0xce,0xff,0xe4,0xd6,0xce,0xff,0xe4,0xd6,0xce,0xff,0xe4,0xd6,0xce,0xff,0xe4,0xd6,0xce,0xff,0xe4,0xd6,0xce,0xff,
    0xe4,0xd6,0xce,0xff,0xe4,0xd6,0xce,0xff,0xe4,0xd6,0xce,0xff,0xe4,0xd6,0xce,0xff,0xe4,0xd6,0xce,0xff,0xe2,0xd5,0xcd,0xfb,0xed,0xde,0xd6,0xff,0xea,0xdc,0xd4,0xee,
    0xe1,0xd2,0xca,0x22,0x00,0x00,0x00,0x00,0xff,0xff,0xff,0x02,0x00,0x00,0x00,0x00,0x00,0x00,0x00,0x00,0x00,0x00,0x00,0x00,0x00,0x00,0x00,0x00,0x00,0x00,0x00,0x00,
    0x00,0x00,0x00,0x00,0x00,0x00,0x00,0x00,0x00,0x00,0x00,0x00,0x00,0x00,0x00,0x00,0x00,0x00,0x00,0x00,0x00,0x00,0x00,0x00,0x00,0x00,0x00,0x00,0x00,0x00,0x00,0x00,
    0x00,0x00,0x00,0x00,0x00,0x00,0x00,0x00,0x00,0x00,0x00,0x00,0x00,0x00,0x00,0x00,0x00,0x00,0x00,0x00,0x00,0x00,0x00,0x00,0x00,0x00,0x00,0x00,0x00,0x00,0x00,0x00,
    0x00,0x00,0x00,0x00,0x00,0x00,0x00,0x00,0x00,0x00,0x00,0x00,0x00,0x00,0x00,0x00,0x00,0x00,0x00,0x00,0x00,0x00,0x00,0x00,0x00,0x00,0x00,0x00,0x00,0x00,0x00,0x00,
    0x00,0x00,0x00,0x00,0x00,0x00,0x00,0x00,0x00,0x00,0x00,0x00,0x00,0x00,0x00,0x00,0x00,0x00,0x00,0x00,0x00,0x00,0x00,0x00,0x00,0x00,0x00,0x00,0x00,0x00,0x00,0x00,
    0x00,0x00,0x00,0x00,0x00,0x00,0x00,0x00,0x00,0x00,0x00,0x00,0x00,0x00,0x00,0x00,0x00,0x00,0x00,0x00,0x00,0x00,0x00,0x00,0x00,0x00,0x00,0x00,0xbf,0xbf,0xbf,0x04,
    0x00,0x00,0x00,0x00,0xe2,0xd4,0xcb,0x8f,0xf9,0xea,0xe1,0xff,0xe3,0xd5,0xce,0xfb,0xe3,0xd5,0xcd,0xfe,0xe4,0xd6,0xce,0xff,0xe4,0xd6,0xce,0xff,0xe4,0xd6,0xce,0xff,
    0xe4,0xd6,0xce,0xff,0xe4,0xd6,0xce,0xff,0xe4,0xd6,0xce,0xff,0xe4,0xd6,0xce,0xff,0xe4,0xd6,0xce,0xff,0xe4,0xd6,0xce,0xff,0xe4,0xd6,0xce,0xff,0xe4,0xd6,0xce,0xff,
    0xe4,0xd6,0xce,0xff,0xe3,0xd4,0xcc,0xff,0xec,0xe1,0xda,0xff,0xf6,0xef,0xea,0xff,0xf5,0xed,0xe8,0xff,0xf5,0xed,0xe8,0xff,0xf5,0xed,0xe8,0xff,0xf5,0xed,0xe8,0xff,
    0xf5,0xed,0xe8,0xff,0xf5,0xed,0xe8,0xff,0xf5,0xed,0xe8,0xff,0xf5,0xed,0xe8,0xff,0xf5,0xed,0xe8,0xff,0xf5,0xed,0xe8,0xff,0xf5,0xed,0xe8,0xff,0xf5,0xed,0xe8,0xff,
    0xf5,0xed,0xe8,0xff,0xf5,0xed,0xe8,0xff,0xf5,0xed,0xe8,0xff,0xf5,0xed,0xe8,0xff,0xf5,0xed,0xe8,0xff,0xf5,0xed,0xe8,0xff,0xf5,0xed,0xe8,0xff,0xf5,0xed,0xe8,0xff,
    0xf5,0xed,0xe8,0xff,0xf5,0xed,0xe8,0xff,0xf5,0xed,0xe8,0xff,0xf5,0xed,0xe8,0xff,0xf5,0xed,0xe8,0xff,0xf5,0xed,0xe8,0xff,0xf5,0xed,0xe8,0xff,0xf6,0xee,0xe9,0xff,
    0xf0,0xe6,0xe0,0xff,0xe3,0xd5,0xcd,0xff,0xe4,0xd6,0xce,0xff,0xe4,0xd6,0xce,0xff,0xe4,0xd6,0xce,0xff,0xe4,0xd6,0xce,0xff,0xe4,0xd6,0xce,0xff,0xe4,0xd6,0xce,0xff,
    0xe4,0xd6,0xce,0xff,0xe4,0xd6,0xce,0xff,0xe4,0xd6,0xce,0xff,0xe4,0xd6,0xce,0xff,0xe4,0xd6,0xce,0xff,0xe4,0xd6,0xce,0xff,0xe2,0xd5,0xcd,0xfb,0xf0,0xe2,0xd9,0xff,
    0xe4,0xd6,0xce,0xc8,0xcc,0xcc,0xcc,0x05,0xff,0xff,0xff,0x02,0xff,0xff,0xff,0x01,0x00,0x00,0x00,0x00,0x00,0x00,0x00,0x00,0x00,0x00,0x00,0x00,0x00,0x00,0x00,0x00,
    0x00,0x00,0x00,0x00,0x00,0x00,0x00,0x00,0x00,0x00,0x00,0x00,0x00,0x00,0x00,0x00,0x00,0x00,0x00,0x00,0x00,0x00,0x00,0x00,0x00,0x00,0x00,0x00,0x00,0x00,0x00,0x00,
    0x00,0x00,0x00,0x00,0x00,0x00,0x00,0x00,0x00,0x00,0x00,0x00,0x00,0x00,0x00,0x00,0x00,0x00,0x00,0x00,0x00,0x00,0x00,0x00,0x00,0x00,0x00,0x00,0x00,0x00,0x00,0x00,
    0x00,0x00,0x00,0x00,0x00,0x00,0x00,0x00,0x00,0x00,0x00,0x00,0x00,0x00,0x00,0x00,0x00,0x00,0x00,0x00,0x00,0x00,0x00,0x00,0x00,0x00,0x00,0x00,0x00,0x00,0x00,0x00,
    0x00,0x00,0x00,0x00,0x00,0x00,0x00,0x00,0x00,0x00,0x00,0x00,0x00,0x00,0x00,0x00,0x00,0x00,0x00,0x00,0x00,0x00,0x00,0x00,0x00,0x00,0x00,0x00,0x00,0x00,0x00,0x00,
    0x00,0x00,0x00,0x00,0x00,0x00,0x00,0x00,0x00,0x00,0x00,0x00,0x00,0x00,0x00,0x00,0x00,0x00,0x00,0x00,0x00,0x00,0x00,0x00,0xff,0xff,0xff,0x03,0x00,0x00,0x00,0x00,
    0xe0,0xd4,0xcb,0x54,0xf1,0xe2,0xd9,0xff,0xe5,0xd7,0xcf,0xfa,0xe3,0xd5,0xcd,0xfe,0xe4,0xd6,0xce,0xff,0xe4,0xd6,0xce,0xff,0xe4,0xd6,0xce,0xff,0xe4,0xd6,0xce,0xff,
    0xe4,0xd6,0xce,0xff,0xe4,0xd6,0xce,0xff,0xe4,0xd6,0xce,0xff,0xe4,0xd6,0xce,0xff,0xe4,0xd6,0xce,0xff,0xe4,0xd6,0xce,0xff,0xe4,0xd6,0xce,0xff,0xe4,0xd6,0xce,0xff,
    0xe4,0xd6,0xce,0xff,0xe4,0xd6,0xce,0xff,0xe6,0xd9,0xd2,0xff,0xf5,0xed,0xe8,0xff,0xf5,0xed,0xe8,0xff,0xf5,0xed,0xe8,0xff,0xf5,0xed,0xe8,0xff,0xf5,0xed,0xe8,0xff,
    0xf5,0xed,0xe8,0xff,0xf5,0xed,0xe8,0xff,0xf5,0xed,0xe8,0xff,0xf5,0xed,0xe8,0xff,0xf5,0xed,0xe8,0xff,0xf5,0xed,0xe8,0xff,0xf5,0xed,0xe8,0xff,0xf5,0xed,0xe8,0xff,
    0xf5,0xed,0xe8,0xff,0xf5,0xed,0xe8,0xff,0xf5,0xed,0xe8,0xff,0xf5,0xed,0xe8,0xff,0xf5,0xed,0xe8,0xff,0xf5,0xed,0xe8,0xff,0xf5,0xed,0xe8,0xff,0xf5,0xed,0xe8,0xff,
    0xf5,0xed,0xe8,0xff,0xf5,0xed,0xe8,0xff,0xf5,0xed,0xe8,0xff,0xf5,0xed,0xe8,0xff,0xf5,0xed,0xe8,0xff,0xf5,0xed,0xe8,0xff,0xf5,0xed,0xe8,0xff,0xf6,0xef,0xea,0xff,
    0xeb,0xdf,0xd8,0xff,0xe3,0xd4,0xcc,0xff,0xe4,0xd6,0xce,0xff,0xe4,0xd6,0xce,0xff,0xe4,0xd6,0xce,0xff,0xe4,0xd6,0xce,0xff,0xe4,0xd6,0xce,0xff,0xe4,0xd6,0xce,0xff,
    0xe4,0xd6,0xce,0xff,0xe4,0xd6,0xce,0xff,0xe4,0xd6,0xce,0xff,0xe4,0xd6,0xce,0xff,0xe4,0xd6,0xce,0xff,0xe4,0xd6,0xce,0xff,0xe4,0xd6,0xce,0xff,0xe2,0xd4,0xcd,0xfb,
    0xf7,0xe8,0xdf,0xff,0xe1,0xd3,0xcb,0x80,0x00,0x00,0x00,0x00,0xff,0xff,0xff,0x03,0x00,0x00,0x00,0x00,0x00,0x00,0x00,0x00,0x00,0x00,0x00,0x00,0x00,0x00,0x00,0x00,
    0x00,0x00,0x00,0x00,0x00,0x00,0x00,0x00,0x00,0x00,0x00,0x00,0x00,0x00,0x00,0x00,0x00,0x00,0x00,0x00,0x00,0x00,0x00,0x00,0x00,0x00,0x00,0x00,0x00,0x00,0x00,0x00,
    0x00,0x00,0x00,0x00,0x00,0x00,0x00,0x00,0x00,0x00,0x00,0x00,0x00,0x00,0x00,0x00,0x00,0x00,0x00,0x00,0x00,0x00,0x00,0x00,0x00,0x00,0x00,0x00,0x00,0x00,0x00,0x00,
    0x00,0x00,0x00,0x00,0x00,0x00,0x00,0x00,0x00,0x00,0x00,0x00,0x00,0x00,0x00,0x00,0x00,0x00,0x00,0x00,0x00,0x00,0x00,0x00,0x00,0x00,0x00,0x00,0x00,0x00,0x00,0x00,
    0x00,0x00,0x00,0x00,0x00,0x00,0x00,0x00,0x00,0x00,0x00,0x00,0x00,0x00,0x00,0x00,0x00,0x00,0x00,0x00,0x00,0x00,0x00,0x00,0x00,0x00,0x00,0x00,0x00,0x00,0x00,0x00,
    0x00,0x00,0x00,0x00,0x00,0x00,0x00,0x00,0x00,0x00,0x00,0x00,0x00,0x00,0x00,0x00,0x00,0x00,0x00,0x00,0xff,0xff,0x7f,0x02,0xff,0xff,0xff,0x02,0xdf,0xd4,0xc9,0x18,
    0xe7,0xd8,0xd1,0xea,0xe9,0xdb,0xd3,0xfe,0xe3,0xd5,0xcd,0xfd,0xe4,0xd6,0xce,0xff,0xe4,0xd6,0xce,0xff,0xe4,0xd6,0xce,0xff,0xe4,0xd6,0xce,0xff,0xe4,0xd6,0xce,0xff,
    0xe4,0xd6,0xce,0xff,0xe4,0xd6,0xce,0xff,0xe4,0xd6,0xce,0xff,0xe4,0xd6,0xce,0xff,0xe4,0xd6,0xce,0xff,0xe4,0xd6,0xce,0xff,0xe4,0xd6,0xce,0xff,0xe4,0xd6,0xce,0xff,
    0xe4,0xd6,0xce,0xff,0xe4,0xd6,0xce,0xff,0xe3,0xd5,0xcd,0xff,0xf1,0xe7,0xe1,0xff,0xf6,0xee,0xe9,0xff,0xf5,0xed,0xe8,0xff,0xf5,0xed,0xe8,0xff,0xf5,0xed,0xe8,0xff,
    0xf5,0xed,0xe8,0xff,0xf5,0xed,0xe8,0xff,0xf5,0xed,0xe8,0xff,0xf5,0xed,0xe8,0xff,0xf5,0xed,0xe8,0xff,0xf5,0xed,0xe8,0xff,0xf5,0xed,0xe8,0xff,0xf5,0xed,0xe8,0xff,
    0xf5,0xed,0xe8,0xff,0xf5,0xed,0xe8,0xff,0xf5,0xed,0xe8,0xff,0xf5,0xed,0xe8,0xff,0xf5,0xed,0xe8,0xff,0xf5,0xed,0xe8,0xff,0xf5,0xed,0xe8,0xff,0xf5,0xed,0xe8,0xff,
    0xf5,0xed,0xe8,0xff,0xf5,0xed,0xe8,0xff,0xf5,0xed,0xe8,0xff,0xf5,0xed,0xe8,0xff,0xf5,0xed,0xe8,0xff,0xf5,0xed,0xe8,0xff,0xf5,0xed,0xe8,0xff,0xf4,0xec,0xe6,0xff,
    0xe5,0xd7,0xd0,0xff,0xe4,0xd6,0xce,0xff,0xe4,0xd6,0xce,0xff,0xe4,0xd6,0xce,0xff,0xe4,0xd6,0xce,0xff,0xe4,0xd6,0xce,0xff,0xe4,0xd6,0xce,0xff,0xe4,0xd6,0xce,0xff,
    0xe4,0xd6,0xce,0xff,0xe4,0xd6,0xce,0xff,0xe4,0xd6,0xce,0xff,0xe4,0xd6,0xce,0xff,0xe4,0xd6,0xce,0xff,0xe4,0xd6,0xce,0xff,0xe4,0xd6,0xce,0xff,0xe3,0xd5,0xcd,0xfe,
    0xe6,0xd8,0xd0,0xfc,0xea,0xdc,0xd4,0xfa,0xe4,0xd7,0xca,0x27,0x00,0x00,0x00,0x00,0xff,0xff,0xff,0x02,0x00,0x00,0x00,0x00,0x00,0x00,0x00,0x00,0x00,0x00,0x00,0x00,
    0x00,0x00,0x00,0x00,0x00,0x00,0x00,0x00,0x00,0x00,0x00,0x00,0x00,0x00,0x00,0x00,0x00,0x00,0x00,0x00,0x00,0x00,0x00,0x00,0x00,0x00,0x00,0x00,0x00,0x00,0x00,0x00,
    0x00,0x00,0x00,0x00,0x00,0x00,0x00,0x00,0x00,0x00,0x00,0x00,0x00,0x00,0x00,0x00,0x00,0x00,0x00,0x00,0x00,0x00,0x00,0x00,0x00,0x00,0x00,0x00,0x00,0x00,0x00,0x00,
    0x00,0x00,0x00,0x00,0x00,0x00,0x00,0x00,0x00,0x00,0x00,0x00,0x00,0x00,0x00,0x00,0x00,0x00,0x00,0x00,0x00,0x00,0x00,0x00,0x00,0x00,0x00,0x00,0x00,0x00,0x00,0x00,
    0x00,0x00,0x00,0x00,0x00,0x00,0x00,0x00,0x00,0x00,0x00,0x00,0x00,0x00,0x00,0x00,0x00,0x00,0x00,0x00,0x00,0x00,0x00,0x00,0x00,0x00,0x00,0x00,0x00,0x00,0x00,0x00,
    0x00,0x00,0x00,0x00,0x00,0x00,0x00,0x00,0x00,0x00,0x00,0x00,0x00,0x00,0x00,0x00,0x00,0x00,0x00,0x00,0xff,0xff,0xff,0x03,0x00,0x00,0x00,0x00,0xe2,0xd3,0xcc,0xa0,
    0xf5,0xe6,0xdd,0xff,0xe2,0xd4,0xcd,0xfb,0xe4,0xd6,0xce,0xff,0xe4,0xd6,0xce,0xff,0xe4,0xd6,0xce,0xff,0xe4,0xd6,0xce,0xff,0xe4,0xd6,0xce,0xff,0xe4,0xd6,0xce,0xff,
    0xe4,0xd6,0xce,0xff,0xe4,0xd6,0xce,0xff,0xe4,0xd6,0xce,0xff,0xe4,0xd6,0xce,0xff,0xe4,0xd6,0xce,0xff,0xe4,0xd6,0xce,0xff,0xe4,0xd6,0xce,0xff,0xe4,0xd6,0xce,0xff,
    0xe4,0xd6,0xce,0xff,0xe4,0xd6,0xce,0xff,0xe3,0xd5,0xcd,0xff,0xe8,0xdc,0xd5,0xff,0xf6,0xee,0xe9,0xff,0xf5,0xed,0xe8,0xff,0xf5,0xed,0xe8,0xff,0xf5,0xed,0xe8,0xff,
    0xf5,0xed,0xe8,0xff,0xf5,0xed,0xe8,0xff,0xf5,0xed,0xe8,0xff,0xf5,0xed,0xe8,0xff,0xf5,0xed,0xe8,0xff,0xf5,0xed,0xe8,0xff,0xf5,0xed,0xe8,0xff,0xf5,0xed,0xe8,0xff,
    0xf5,0xed,0xe8,0xff,0xf5,0xed,0xe8,0xff,0xf5,0xed,0xe8,0xff,0xf5,0xed,0xe8,0xff,0xf5,0xed,0xe8,0xff,0xf5,0xed,0xe8,0xff,0xf5,0xed,0xe8,0xff,0xf5,0xed,0xe8,0xff,
    0xf5,0xed,0xe8,0xff,0xf5,0xed,0xe8,0xff,0xf5,0xed,0xe8,0xff,0xf5,0xed,0xe8,0xff,0xf5,0xed,0xe8,0xff,0xf5,0xed,0xe8,0xff,0xf6,0xef,0xea,0xff,0xed,0xe2,0xdb,0xff,
    0xe3,0xd4,0xcc,0xff,0xe4,0xd6,0xce,0xff,0xe4,0xd6,0xce,0xff,0xe4,0xd6,0xce,0xff,0xe4,0xd6,0xce,0xff,0xe4,0xd6,0xce,0xff,0xe4,0xd6,0xce,0xff,0xe4,0xd6,0xce,0xff,
    0xe4,0xd6,0xce,0xff,0xe4,0xd6,0xce,0xff,0xe4,0xd6,0xce,0xff,0xe4,0xd6,0xce,0xff,0xe4,0xd6,0xce,0xff,0xe4,0xd6,0xce,0xff,0xe4,0xd6,0xce,0xff,0xe4,0xd6,0xce,0xff,
    0xe3,0xd5,0xcd,0xfb,0xf3,0xe5,0xdc,0xff,0xe2,0xd4,0xcc,0xa1,0x00,0x00,0x00,0x00,0xff,0xff,0xff,0x03,0x00,0x00,0x00,0x00,0x00,0x00,0x00,0x00,0x00,0x00,0x00,0x00,
    0x00,0x00,0x00,0x00,0x00,0x00,0x00,0x00,0x00,0x00,0x00,0x00,0x00,0x00,0x00,0x00,0x00,0x00,0x00,0x00,0x00,0x00,0x00,0x00,0x00,0x00,0x00,0x00,0x00,0x00,0x00,0x00,
    0x00,0x00,0x00,0x00,0x00,0x00,0x00,0x00,0x00,0x00,0x00,0x00,0x00,0x00,0x00,0x00,0x00,0x00,0x00,0x00,0x00,0x00,0x00,0x00,0x00,0x00,0x00,0x00,0x00,0x00,0x00,0x00,
    0x00,0x00,0x00,0x00,0x00,0x00,0x00,0x00,0x00,0x00,0x00,0x00,0x00,0x00,0x00,0x00,0x00,0x00,0x00,0x00,0x00,0x00,0x00,0x00,0x00,0x00,0x00,0x00,0x00,0x00,0x00,0x00,
    0x00,0x00,0x00,0x00,0x00,0x00,0x00,0x00,0x00,0x00,0x00,0x00,0x00,0x00,0x00,0x00,0x00,0x00,0x00,0x00,0x00,0x00,0x00,0x00,0x00,0x00,0x00,0x00,0x00,0x00,0x00,0x00,
    0x00,0x00,0x00,0x00,0x00,0x00,0x00,0x00,0x00,0x00,0x00,0x00,0x00,0x00,0x00,0x00,0xff,0xff,0xff,0x02,0x00,0x00,0x00,0x00,0xe6,0xd9,0xcd,0x29,0xea,0xdc,0xd3,0xf8,
    0xe5,0xd7,0xcf,0xfd,0xe4,0xd6,0xce,0xfe,0xe4,0xd6,0xce,0xff,0xe4,0xd6,0xce,0xff,0xe4,0xd6,0xce,0xff,0xe4,0xd6,0xce,0xff,0xe4,0xd6,0xce,0xff,0xe4,0xd6,0xce,0xff,
    0xe4,0xd6,0xce,0xff,0xe4,0xd6,0xce,0xff,0xe4,0xd6,0xce,0xff,0xe4,0xd6,0xce,0xff,0xe4,0xd6,0xce,0xff,0xe4,0xd6,0xce,0xff,0xe4,0xd6,0xce,0xff,0xe4,0xd6,0xce,0xff,
    0xe4,0xd6,0xce,0xff,0xe4,0xd6,0xce,0xff,0xe4,0xd6,0xce,0xff,0xe3,0xd5,0xcd,0xff,0xf0,0xe6,0xdf,0xff,0xf6,0xee,0xea,0xff,0xf5,0xed,0xe8,0xff,0xf5,0xed,0xe8,0xff,
    0xf5,0xed,0xe8,0xff,0xf5,0xed,0xe8,0xff,0xf5,0xed,0xe8,0xff,0xf5,0xed,0xe8,0xff,0xf5,0xed,0xe8,0xff,0xf5,0xed,0xe8,0xff,0xf5,0xed,0xe8,0xff,0xf5,0xed,0xe8,0xff,
    0xf5,0xed,0xe8,0xff,0xf5,0xed,0xe8,0xff,0xf5,0xed,0xe8,0xff,0xf5,0xed,0xe8,0xff,0xf5,0xed,0xe8,0xff,0xf5,0xed,0xe8,0xff,0xf5,0xed,0xe8,0xff,0xf5,0xed,0xe8,0xff,
    0xf5,0xed,0xe8,0xff,0xf5,0xed,0xe8,0xff,0xf5,0xed,0xe8,0xff,0xf5,0xed,0xe8,0xff,0xf5,0xed,0xe8,0xff,0xf6,0xee,0xe9,0xff,0xf3,0xea,0xe4,0xff,0xe4,0xd7,0xcf,0xff,
    0xe4,0xd6,0xce,0xff,0xe4,0xd6,0xce,0xff,0xe4,0xd6,0xce,0xff,0xe4,0xd6,0xce,0xff,0xe4,0xd6,0xce,0xff,0xe4,0xd6,0xce,0xff,0xe4,0xd6,0xce,0xff,0xe4,0xd6,0xce,0xff,
    0xe4,0xd6,0xce,0xff,0xe4,0xd6,0xce,0xff,0xe4,0xd6,0xce,0xff,0xe4,0xd6,0xce,0xff,0xe4,0xd6,0xce,0xff,0xe4,0xd6,0xce,0xff,0xe4,0xd6,0xce,0xff,0xe4,0xd6,0xce,0xff,
    0xe3,0xd5,0xcd,0xfe,0xe6,0xd8,0xd0,0xfe,0xe5,0xd8,0xcf,0xf4,0xe0,0xd6,0xcc,0x19,0x00,0x00,0x00,0x00,0xff,0xff,0xff,0x01,0x00,0x00,0x00,0x00,0x00,0x00,0x00,0x00,
    0x00,0x00,0x00,0x00,0x00,0x00,0x00,0x00,0x00,0x00,0x00,0x00,0x00,0x00,0x00,0x00,0x00,0x00,0x00,0x00,0x00,0x00,0x00,0x00,0x00,0x00,0x00,0x00,0x00,0x00,0x00,0x00,
    0x00,0x00,0x00,0x00,0x00,0x00,0x00,0x00,0x00,0x00,0x00,0x00,0x00,0x00,0x00,0x00,0x00,0x00,0x00,0x00,0x00,0x00,0x00,0x00,0x00,0x00,0x00,0x00,0x00,0x00,0x00,0x00,
    0x00,0x00,0x00,0x00,0x00,0x00,0x00,0x00,0x00,0x00,0x00,0x00,0x00,0x00,0x00,0x00,0x00,0x00,0x00,0x00,0x00,0x00,0x00,0x00,0x00,0x00,0x00,0x00,0x00,0x00,0x00,0x00,
    0x00,0x00,0x00,0x00,0x00,0x00,0x00,0x00,0x00,0x00,0x00,0x00,0x00,0x00,0x00,0x00,0x00,0x00,0x00,0x00,0x00,0x00,0x00,0x00,0x00,0x00,0x00,0x00,0x00,0x00,0x00,0x00,
    0x00,0x00,0x00,0x00,0x00,0x00,0x00,0x00,0x00,0x00,0x00,0x00,0x00,0x00,0x00,0x00,0xff,0xff,0xff,0x04,0x00,0x00,0x00,0x00,0xe3,0xd6,0xcd,0x8c,0xf5,0xe6,0xdd,0xff,
    0xe3,0xd5,0xcd,0xfb,0xe4,0xd6,0xce,0xff,0xe4,0xd6,0xce,0xff,0xe4,0xd6,0xce,0xff,0xe4,0xd6,0xce,0xff,0xe4,0xd6,0xce,0xff,0xe4,0xd6,0xce,0xff,0xe4,0xd6,0xce,0xff,
    0xe4,0xd6,0xce,0xff,0xe4,0xd6,0xce,0xff,0xe4,0xd6,0xce,0xff,0xe4,0xd6,0xce,0xff,0xe4,0xd6,0xce,0xff,0xe4,0xd6,0xce,0xff,0xe4,0xd6,0xce,0xff,0xe4,0xd6,0xce,0xff,
    0xe4,0xd6,0xce,0xff,0xe4,0xd6,0xce,0xff,0xe4,0xd6,0xce,0xff,0xe4,0xd6,0xce,0xff,0xe5,0xd7,0xd0,0xff,0xf4,0xec,0xe6,0xff,0xf5,0xed,0xe8,0xff,0xf5,0xed,0xe8,0xff,
    0xf5,0xed,0xe8,0xff,0xf5,0xed,0xe8,0xff,0xf5,0xed,0xe8,0xff,0xf5,0xed,0xe8,0xff,0xf5,0xed,0xe8,0xff,0xf5,0xed,0xe8,0xff,0xf5,0xed,0xe8,0xff,0xf5,0xed,0xe8,0xff,
    0xf5,0xed,0xe8,0xff,0xf5,0xed,0xe8,0xff,0xf5,0xed,0xe8,0xff,0xf5,0xed,0xe8,0xff,0xf5,0xed,0xe8,0xff,0xf5,0xed,0xe8,0xff,0xf5,0xed,0xe8,0xff,0xf5,0xed,0xe8,0xff,
    0xf5,0xed,0xe8,0xff,0xf5,0xed,0xe8,0xff,0xf5,0xed,0xe8,0xff,0xf5,0xed,0xe8,0xff,0xf5,0xed,0xe8,0xff,0xf6,0xee,0xe9,0xff,0xe8,0xdc,0xd5,0xff,0xe3,0xd5,0xcd,0xff,
    0xe4,0xd6,0xce,0xff,0xe4,0xd6,0xce,0xff,0xe4,0xd6,0xce,0xff,0xe4,0xd6,0xce,0xff,0xe4,0xd6,0xce,0xff,0xe4,0xd6,0xce,0xff,0xe4,0xd6,0xce,0xff,0xe4,0xd6,0xce,0xff,
    0xe4,0xd6,0xce,0xff,0xe4,0xd6,0xce,0xff,0xe4,0xd6,0xce,0xff,0xe4,0xd6,0xce,0xff,0xe4,0xd6,0xce,0xff,0xe4,0xd6,0xce,0xff,0xe4,0xd6,0xce,0xff,0xe4,0xd6,0xce,0xff,
    0xe4,0xd6,0xce,0xff,0xe3,0xd5,0xcd,0xfc,0xf2,0xe4,0xdb,0xff,0xe3,0xd6,0xce,0x5e,0x00,0x00,0x00,0x00,0xff,0xff,0xbf,0x04,0x00,0x00,0x00,0x00,0x00,0x00,0x00,0x00,
    0x00,0x00,0x00,0x00,0x00,0x00,0x00,0x00,0x00,0x00,0x00,0x00,0x00,0x00,0x00,0x00,0x00,0x00,0x00,0x00,0x00,0x00,0x00,0x00,0x00,0x00,0x00,0x00,0x00,0x00,0x00,0x00,
    0x00,0x00,0x00,0x00,0x00,0x00,0x00,0x00,0x00,0x00,0x00,0x00,0x00,0x00,0x00,0x00,0x00,0x00,0x00,0x00,0x00,0x00,0x00,0x00,0x00,0x00,0x00,0x00,0x00,0x00,0x00,0x00,
    0x00,0x00,0x00,0x00,0x00,0x00,0x00,0x00,0x00,0x00,0x00,0x00,0x00,0x00,0x00,0x00,0x00,0x00,0x00,0x00,0x00,0x00,0x00,0x00,0x00,0x00,0x00,0x00,0x00,0x00,0x00,0x00,
    0x00,0x00,0x00,0x00,0x00,0x00,0x00,0x00,0x00,0x00,0x00,0x00,0x00,0x00,0x00,0x00,0x00,0x00,0x00,0x00,0x00,0x00,0x00,0x00,0x00,0x00,0x00,0x00,0x00,0x00,0x00,0x00,
    0x00,0x00,0x00,0x00,0x00,0x00,0x00,0x00,0x00,0x00,0x00,0x00,0x00,0x00,0x00,0x00,0xff,0xff,0xff,0x01,0xff,0xcc,0xcc,0x05,0xe2,0xd4,0xcd,0xd8,0xec,0xde,0xd5,0xff,
    0xe3,0xd5,0xce,0xfd,0xe4,0xd6,0xce,0xff,0xe4,0xd6,0xce,0xff,0xe4,0xd6,0xce,0xff,0xe4,0xd6,0xce,0xff,0xe4,0xd6,0xce,0xff,0xe4,0xd6,0xce,0xff,0xe4,0xd6,0xce,0xff,
    0xe4,0xd6,0xce,0xff,0xe4,0xd6,0xce,0xff,0xe4,0xd6,0xce,0xff,0xe4,0xd6,0xce,0xff,0xe4,0xd6,0xce,0xff,0xe4,0xd6,0xce,0xff,0xe4,0xd6,0xce,0xff,0xe4,0xd6,0xce,0xff,
    0xe4,0xd6,0xce,0xff,0xe4,0xd6,0xce,0xff,0xe4,0xd6,0xce,0xff,0xe4,0xd6,0xce,0xff,0xe3,0xd5,0xcd,0xff,0xe8,0xdc,0xd5,0xff,0xf6,0xee,0xe9,0xff,0xf5,0xed,0xe8,0xff,
    0xf5,0xed,0xe8,0xff,0xf5,0xed,0xe8,0xff,0xf5,0xed,0xe8,0xff,0xf5,0xed,0xe8,0xff,0xf5,0xed,0xe8,0xff,0xf5,0xed,0xe8,0xff,0xf5,0xed,0xe8,0xff,0xf5,0xed,0xe8,0xff,
    0xf5,0xed,0xe8,0xff,0xf5,0xed,0xe8,0xff,0xf5,0xed,0xe8,0xff,0xf5,0xed,0xe8,0xff,0xf5,0xed,0xe8,0xff,0xf5,0xed,0xe8,0xff,0xf5,0xed,0xe8,0xff,0xf5,0xed,0xe8,0xff,
    0xf5,0xed,0xe8,0xff,0xf5,0xed,0xe8,0xff,0xf5,0xed,0xe8,0xff,0xf5,0xed,0xe8,0xff,0xf7,0xef,0xea,0xff,0xed,0xe2,0xdb,0xff,0xe3,0xd4,0xcc,0xff,0xe4,0xd6,0xce,0xff,
    0xe4,0xd6,0xce,0xff,0xe4,0xd6,0xce,0xff,0xe4,0xd6,0xce,0xff,0xe4,0xd6,0xce,0xff,0xe4,0xd6,0xce,0xff,0xe4,0xd6,0xce,0xff,0xe4,0xd6,0xce,0xff,0xe4,0xd6,0xce,0xff,
    0xe4,0xd6,0xce,0xff,0xe4,0xd6,0xce,0xff,0xe4,0xd6,0xce,0xff,0xe4,0xd6,0xce,0xff,0xe4,0xd6,0xce,0xff,0xe4,0xd6,0xce,0xff,0xe4,0xd6,0xce,0xff,0xe4,0xd6,0xce,0xff,
    0xe4,0xd6,0xce,0xff,0xe3,0xd5,0xce,0xfb,0xf3,0xe4,0xdb,0xff,0xe4,0xd6,0xce,0xa2,0x00,0x00,0x00,0x00,0xff,0xff,0xff,0x03,0x00,0x00,0x00,0x00,0x00,0x00,0x00,0x00,
    0x00,0x00,0x00,0x00,0x00,0x00,0x00,0x00,0x00,0x00,0x00,0x00,0x00,0x00,0x00,0x00,0x00,0x00,0x00,0x00,0x00,0x00,0x00,0x00,0x00,0x00,0x00,0x00,0x00,0x00,0x00,0x00,
    0x00,0x00,0x00,0x00,0x00,0x00,0x00,0x00,0x00,0x00,0x00,0x00,0x00,0x00,0x00,0x00,0x00,0x00,0x00,0x00,0x00,0x00,0x00,0x00,0x00,0x00,0x00,0x00,0x00,0x00,0x00,0x00,
    0x00,0x00,0x00,0x00,0x00,0x00,0x00,0x00,0x00,0x00,0x00,0x00,0x00,0x00,0x00,0x00,0x00,0x00,0x00,0x00,0x00,0x00,0x00,0x00,0x00,0x00,0x00,0x00,0x00,0x00,0x00,0x00,
    0x00,0x00,0x00,0x00,0x00,0x00,0x00,0x00,0x00,0x00,0x00,0x00,0x00,0x00,0x00,0x00,0x00,0x00,0x00,0x00,0x00,0x00,0x00,0x00,0x00,0x00,0x00,0x00,0x00,0x00,0x00,0x00,
    0x00,0x00,0x00,0x00,0x00,0x00,0x00,0x00,0x00,0x00,0x00,0x00,0xff,0xff,0xff,0x02,0x00,0x00,0x00,0x00,0xe6,0xd9,0xcd,0x29,0xe9,0xdb,0xd2,0xf9,0xe4,0xd6,0xcf,0xfe,
    0xe4,0xd6,0xce,0xff,0xe4,0xd6,0xce,0xff,0xe4,0xd6,0xce,0xff,0xe4,0xd6,0xce,0xff,0xe4,0xd6,0xce,0xff,0xe4,0xd6,0xce,0xff,0xe4,0xd6,0xce,0xff,0xe4,0xd6,0xce,0xff,
    0xe4,0xd6,0xce,0xff,0xe4,0xd6,0xce,0xff,0xe4,0xd6,0xce,0xff,0xe4,0xd6,0xce,0xff,0xe4,0xd6,0xce,0xff,0xe4,0xd6,0xce,0xff,0xe4,0xd6,0xce,0xff,0xe4,0xd6,0xce,0xff,
    0xe4,0xd6,0xce,0xff,0xe4,0xd6,0xce,0xff,0xe4,0xd6,0xce,0xff,0xe4,0xd6,0xce,0xff,0xe4,0xd6,0xce,0xff,0xe3,0xd5,0xcd,0xff,0xeb,0xdf,0xd8,0xff,0xf6,0xee,0xe9,0xff,
    0xf5,0xee,0xe9,0xff,0xf5,0xed,0xe8,0xff,0xf5,0xed,0xe8,0xff,0xf5,0xed,0xe8,0xff,0xf5,0xed,0xe8,0xff,0xf5,0xed,0xe8,0xff,0xf5,0xed,0xe8,0xff,0xf5,0xed,0xe8,0xff,
    0xf5,0xed,0xe8,0xff,0xf5,0xed,0xe8,0xff,0xf5,0xed,0xe8,0xff,0xf5,0xed,0xe8,0xff,0xf5,0xed,0xe8,0xff,0xf5,0xed,0xe8,0xff,0xf5,0xed,0xe8,0xff,0xf5,0xed,0xe8,0xff,
    0xf5,0xed,0xe8,0xff,0xf5,0xed,0xe8,0xff,0xf5,0xed,0xe8,0xff,0xf7,0xef,0xea,0xff,0xee,0xe4,0xde,0xff,0xe3,0xd5,0xcd,0xff,0xe4,0xd6,0xce,0xff,0xe4,0xd6,0xce,0xff,
    0xe4,0xd6,0xce,0xff,0xe4,0xd6,0xce,0xff,0xe4,0xd6,0xce,0xff,0xe4,0xd6,0xce,0xff,0xe4,0xd6,0xce,0xff,0xe4,0xd6,0xce,0xff,0xe4,0xd6,0xce,0xff,0xe4,0xd6,0xce,0xff,
    0xe4,0xd6,0xce,0xff,0xe4,0xd6,0xce,0xff,0xe4,0xd6,0xce,0xff,0xe4,0xd6,0xce,0xff,0xe4,0xd6,0xce,0xff,0xe4,0xd6,0xce,0xff,0xe4,0xd6,0xce,0xff,0xe4,0xd6,0xce,0xff,
    0xe4,0xd6,0xce,0xff,0xe3,0xd5,0xce,0xfc,0xef,0xe1,0xd8,0xff,0xe3,0xd5,0xcc,0xc5,0xff,0xff,0xff,0x01,0xff,0xff,0xff,0x02,0x00,0x00,0x00,0x00,0x00,0x00,0x00,0x00,
    0x00,0x00,0x00,0x00,0x00,0x00,0x00,0x00,0x00,0x00,0x00,0x00,0x00,0x00,0x00,0x00,0x00,0x00,0x00,0x00,0x00,0x00,0x00,0x00,0x00,0x00,0x00,0x00,0x00,0x00,0x00,0x00,
    0x00,0x00,0x00,0x00,0x00,0x00,0x00,0x00,0x00,0x00,0x00,0x00,0x00,0x00,0x00,0x00,0x00,0x00,0x00,0x00,0x00,0x00,0x00,0x00,0x00,0x00,0x00,0x00,0x00,0x00,0x00,0x00,
    0x00,0x00,0x00,0x00,0x00,0x00,0x00,0x00,0x00,0x00,0x00,0x00,0x00,0x00,0x00,0x00,0x00,0x00,0x00,0x00,0x00,0x00,0x00,0x00,0x00,0x00,0x00,0x00,0x00,0x00,0x00,0x00,
    0x00,0x00,0x00,0x00,0x00,0x00,0x00,0x00,0x00,0x00,0x00,0x00,0x00,0x00,0x00,0x00,0x00,0x00,0x00,0x00,0x00,0x00,0x00,0x00,0x00,0x00,0x00,0x00,0x00,0x00,0x00,0x00,
    0x00,0x00,0x00,0x00,0x00,0x00,0x00,0x00,0x00,0x00,0x00,0x00,0xff,0xff,0xaa,0x03,0x00,0x00,0x00,0x00,0xe6,0xd8,0xd0,0x48,0xf0,0xe1,0xd8,0xff,0xe3,0xd5,0xcd,0xfd,
    0xe4,0xd6,0xce,0xff,0xe4,0xd6,0xce,0xff,0xe4,0xd6,0xce,0xff,0xe4,0xd6,0xce,0xff,0xe4,0xd6,0xce,0xff,0xe4,0xd6,0xce,0xff,0xe4,0xd6,0xce,0xff,0xe4,0xd6,0xce,0xff,
    0xe4,0xd6,0xce,0xff,0xe4,0xd6,0xce,0xff,0xe4,0xd6,0xce,0xff,0xe4,0xd6,0xce,0xff,0xe4,0xd6,0xce,0xff,0xe4,0xd6,0xce,0xff,0xe4,0xd6,0xce,0xff,0xe4,0xd6,0xce,0xff,
    0xe4,0xd6,0xce,0xff,0xe4,0xd6,0xce,0xff,0xe4,0xd6,0xce,0xff,0xe4,0xd6,0xce,0xff,0xe4,0xd6,0xce,0xff,0xe4,0xd6,0xce,0xff,0xe3,0xd5,0xcd,0xff,0xe8,0xdc,0xd5,0xff,
    0xf4,0xeb,0xe6,0xff,0xf6,0xef,0xea,0xff,0xf5,0xed,0xe8,0xff,0xf5,0xed,0xe8,0xff,0xf5,0xed,0xe8,0xff,0xf5,0xed,0xe8,0xff,0xf5,0xed,0xe8,0xff,0xf5,0xed,0xe8,0xff,
    0xf5,0xed,0xe8,0xff,0xf5,0xed,0xe8,0xff,0xf5,0xed,0xe8,0xff,0xf5,0xed,0xe8,0xff,0xf5,0xed,0xe8,0xff,0xf5,0xed,0xe8,0xff,0xf5,0xed,0xe8,0xff,0xf5,0xed,0xe8,0xff,
    0xf5,0xed,0xe8,0xff,0xf6,0xee,0xe9,0xff,0xf5,0xee,0xe8,0xff,0xec,0xe0,0xd9,0xff,0xe3,0xd5,0xcd,0xff,0xe4,0xd6,0xce,0xff,0xe4,0xd6,0xce,0xff,0xe4,0xd6,0xce,0xff,
    0xe4,0xd6,0xce,0xff,0xe4,0xd6,0xce,0xff,0xe4,0xd6,0xce,0xff,0xe4,0xd6,0xce,0xff,0xe4,0xd6,0xce,0xff,0xe4,0xd6,0xce,0xff,0xe4,0xd6,0xce,0xff,0xe4,0xd6,0xce,0xff,
    0xe4,0xd6,0xce,0xff,0xe4,0xd6,0xce,0xff,0xe4,0xd6,0xce,0xff,0xe4,0xd6,0xce,0xff,0xe4,0xd6,0xce,0xff,0xe4,0xd6,0xce,0xff,0xe4,0xd6,0xce,0xff,0xe4,0xd6,0xce,0xff,
    0xe4,0xd6,0xce,0xff,0xe3,0xd5,0xcd,0xfe,0xe9,0xdb,0xd3,0xff,0xe3,0xd5,0xcf,0xea,0xdf,0xcf,0xbf,0x10,0x00,0x00,0x00,0x00,0xff,0xff,0xff,0x01,0x00,0x00,0x00,0x00,
    0x00,0x00,0x00,0x00,0x00,0x00,0x00,0x00,0x00,0x00,0x00,0x00,0x00,0x00,0x00,0x00,0x00,0x00,0x00,0x00,0x00,0x00,0x00,0x00,0x00,0x00,0x00,0x00,0x00,0x00,0x00,0x00,
    0x00,0x00,0x00,0x00,0x00,0x00,0x00,0x00,0x00,0x00,0x00,0x00,0x00,0x00,0x00,0x00,0x00,0x00,0x00,0x00,0x00,0x00,0x00,0x00,0x00,0x00,0x00,0x00,0x00,0x00,0x00,0x00,
    0x00,0x00,0x00,0x00,0x00,0x00,0x00,0x00,0x00,0x00,0x00,0x00,0x00,0x00,0x00,0x00,0x00,0x00,0x00,0x00,0x00,0x00,0x00,0x00,0x00,0x00,0x00,0x00,0x00,0x00,0x00,0x00,
    0x00,0x00,0x00,0x00,0x00,0x00,0x00,0x00,0x00,0x00,0x00,0x00,0x00,0x00,0x00,0x00,0x00,0x00,0x00,0x00,0x00,0x00,0x00,0x00,0x00,0x00,0x00,0x00,0x00,0x00,0x00,0x00,
    0x00,0x00,0x00,0x00,0x00,0x00,0x00,0x00,0x00,0x00,0x00,0x00,0xff,0xff,0xff,0x04,0x00,0x00,0x00,0x00,0xe4,0xd5,0xcd,0x7b,0xf4,0xe5,0xdc,0xff,0xe3,0xd5,0xcd,0xfb,
    0xe4,0xd6,0xce,0xff,0xe4,0xd6,0xce,0xff,0xe4,0xd6,0xce,0xff,0xe4,0xd6,0xce,0xff,0xe4,0xd6,0xce,0xff,0xe4,0xd6,0xce,0xff,0xe4,0xd6,0xce,0xff,0xe4,0xd6,0xce,0xff,
    0xe4,0xd6,0xce,0xff,0xe4,0xd6,0xce,0xff,0xe4,0xd6,0xce,0xff,0xe4,0xd6,0xce,0xff,0xe4,0xd6,0xce,0xff,0xe4,0xd6,0xce,0xff,0xe4,0xd6,0xce,0xff,0xe4,0xd6,0xce,0xff,
    0xe4,0xd6,0xce,0xff,0xe4,0xd6,0xce,0xff,0xe4,0xd6,0xce,0xff,0xe4,0xd6,0xce,0xff,0xe4,0xd6,0xce,0xff,0xe4,0xd6,0xce,0xff,0xe4,0xd6,0xce,0xff,0xe3,0xd5,0xcd,0xff,
    0xe5,0xd7,0xd0,0xff,0xef,0xe5,0xdf,0xff,0xf6,0xee,0xe9,0xff,0xf6,0xee,0xe9,0xff,0xf5,0xed,0xe8,0xff,0xf5,0xed,0xe8,0xff,0xf5,0xed,0xe8,0xff,0xf5,0xed,0xe8,0xff,
    0xf5,0xed,0xe8,0xff,0xf5,0xed,0xe8,0xff,0xf5,0xed,0xe8,0xff,0xf5,0xed,0xe8,0xff,0xf5,0xed,0xe8,0xff,0xf5,0xed,0xe8,0xff,0xf5,0xed,0xe8,0xff,0xf6,0xee,0xe9,0xff,
    0xf6,0xef,0xea,0xff,0xf2,0xe9,0xe3,0xff,0xe7,0xdb,0xd3,0xff,0xe3,0xd4,0xcc,0xff,0xe4,0xd6,0xce,0xff,0xe4,0xd6,0xce,0xff,0xe4,0xd6,0xce,0xff,0xe4,0xd6,0xce,0xff,
    0xe4,0xd6,0xce,0xff,0xe4,0xd6,0xce,0xff,0xe4,0xd6,0xce,0xff,0xe4,0xd6,0xce,0xff,0xe4,0xd6,0xce,0xff,0xe4,0xd6,0xce,0xff,0xe4,0xd6,0xce,0xff,0xe4,0xd6,0xce,0xff,
    0xe4,0xd6,0xce,0xff,0xe4,0xd6,0xce,0xff,0xe4,0xd6,0xce,0xff,0xe4,0xd6,0xce,0xff,0xe4,0xd6,0xce,0xff,0xe4,0xd6,0xce,0xff,0xe4,0xd6,0xce,0xff,0xe4,0xd6,0xce,0xff,
    0xe4,0xd6,0xce,0xff,0xe3,0xd5,0xcd,0xfe,0xe8,0xda,0xd2,0xff,0xe4,0xd6,0xce,0xee,0xe1,0xd2,0xc3,0x11,0x00,0x00,0x00,0x00,0xff,0xff,0xff,0x01,0x00,0x00,0x00,0x00,
    0x00,0x00,0x00,0x00,0x00,0x00,0x00,0x00,0x00,0x00,0x00,0x00,0x00,0x00,0x00,0x00,0x00,0x00,0x00,0x00,0x00,0x00,0x00,0x00,0x00,0x00,0x00,0x00,0x00,0x00,0x00,0x00,
    0x00,0x00,0x00,0x00,0x00,0x00,0x00,0x00,0x00,0x00,0x00,0x00,0x00,0x00,0x00,0x00,0x00,0x00,0x00,0x00,0x00,0x00,0x00,0x00,0x00,0x00,0x00,0x00,0x00,0x00,0x00,0x00,
    0x00,0x00,0x00,0x00,0x00,0x00,0x00,0x00,0x00,0x00,0x00,0x00,0x00,0x00,0x00,0x00,0x00,0x00,0x00,0x00,0x00,0x00,0x00,0x00,0x00,0x00,0x00,0x00,0x00,0x00,0x00,0x00,
    0x00,0x00,0x00,0x00,0x00,0x00,0x00,0x00,0x00,0x00,0x00,0x00,0x00,0x00,0x00,0x00,0x00,0x00,0x00,0x00,0x00,0x00,0x00,0x00,0x00,0x00,0x00,0x00,0x00,0x00,0x00,0x00,
    0x00,0x00,0x00,0x00,0x00,0x00,0x00,0x00,0x00,0x00,0x00,0x00,0xff,0xff,0xff,0x04,0x00,0x00,0x00,0x00,0xe3,0xd5,0xcd,0x82,0xf5,0xe6,0xdd,0xff,0xe3,0xd5,0xcd,0xfb,
    0xe4,0xd6,0xce,0xff,0xe4,0xd6,0xce,0xff,0xe4,0xd6,0xce,0xff,0xe4,0xd6,0xce,0xff,0xe4,0xd6,0xce,0xff,0xe4,0xd6,0xce,0xff,0xe4,0xd6,0xce,0xff,0xe4,0xd6,0xce,0xff,
    0xe4,0xd6,0xce,0xff,0xe4,0xd6,0xce,0xff,0xe4,0xd6,0xce,0xff,0xe4,0xd6,0xce,0xff,0xe4,0xd6,0xce,0xff,0xe4,0xd6,0xce,0xff,0xe4,0xd6,0xce,0xff,0xe4,0xd6,0xce,0xff,
    0xe4,0xd6,0xce,0xff,0xe4,0xd6,0xce,0xff,0xe4,0xd6,0xce,0xff,0xe4,0xd6,0xce,0xff,0xe4,0xd6,0xce,0xff,0xe4,0xd6,0xce,0xff,0xe4,0xd6,0xce,0xff,0xe4,0xd6,0xce,0xff,
    0xe4,0xd5,0xcd,0xff,0xe3,0xd5,0xcd,0xff,0xe8,0xdc,0xd5,0xff,0xf1,0xe7,0xe1,0xff,0xf5,0xed,0xe8,0xff,0xf6,0xef,0xea,0xff,0xf6,0xee,0xea,0xff,0xf6,0xee,0xe9,0xff,
    0xf5,0xed,0xe8,0xff,0xf5,0xed,0xe8,0xff,0xf5,0xed,0xe8,0xff,0xf6,0xee,0xe9,0xff,0xf6,0xee,0xea,0xff,0xf6,0xef,0xea,0xff,0xf6,0xee,0xe9,0xff,0xf2,0xea,0xe4,0xff,
    0xeb,0xdf,0xd8,0xff,0xe4,0xd6,0xce,0xff,0xe3,0xd5,0xcd,0xff,0xe4,0xd6,0xce,0xff,0xe4,0xd6,0xce,0xff,0xe4,0xd6,0xce,0xff,0xe4,0xd6,0xce,0xff,0xe4,0xd6,0xce,0xff,
    0xe4,0xd6,0xce,0xff,0xe4,0xd6,0xce,0xff,0xe4,0xd6,0xce,0xff,0xe4,0xd6,0xce,0xff,0xe4,0xd6,0xce,0xff,0xe4,0xd6,0xce,0xff,0xe4,0xd6,0xce,0xff,0xe4,0xd6,0xce,0xff,
    0xe4,0xd6,0xce,0xff,0xe4,0xd6,0xce,0xff,0xe4,0xd6,0xce,0xff,0xe4,0xd6,0xce,0xff,0xe4,0xd6,0xce,0xff,0xe4,0xd6,0xce,0xff,0xe4,0xd6,0xce,0xff,0xe4,0xd6,0xce,0xff,
    0xe4,0xd6,0xce,0xff,0xe3,0xd5,0xcd,0xfe,0xe8,0xda,0xd2,0xff,0xe4,0xd6,0xcf,0xf0,0xe2,0xd4,0xc6,0x12,0x00,0x00,0x00,0x00,0xff,0xff,0xff,0x01,0x00,0x00,0x00,0x00,
    0x00,0x00,0x00,0x00,0x00,0x00,0x00,0x00,0x00,0x00,0x00,0x00,0x00,0x00,0x00,0x00,0x00,0x00,0x00,0x00,0x00,0x00,0x00,0x00,0x00,0x00,0x00,0x00,0x00,0x00,0x00,0x00,
    0x00,0x00,0x00,0x00,0x00,0x00,0x00,0x00,0x00,0x00,0x00,0x00,0x00,0x00,0x00,0x00,0x00,0x00,0x00,0x00,0x00,0x00,0x00,0x00,0x00,0x00,0x00,0x00,0x00,0x00,0x00,0x00,
    0x00,0x00,0x00,0x00,0x00,0x00,0x00,0x00,0x00,0x00,0x00,0x00,0x00,0x00,0x00,0x00,0x00,0x00,0x00,0x00,0x00,0x00,0x00,0x00,0x00,0x00,0x00,0x00,0x00,0x00,0x00,0x00,
    0x00,0x00,0x00,0x00,0x00,0x00,0x00,0x00,0x00,0x00,0x00,0x00,0x00,0x00,0x00,0x00,0x00,0x00,0x00,0x00,0x00,0x00,0x00,0x00,0x00,0x00,0x00,0x00,0x00,0x00,0x00,0x00,
    0x00,0x00,0x00,0x00,0x00,0x00,0x00,0x00,0x00,0x00,0x00,0x00,0xff,0xff,0xff,0x04,0x00,0x00,0x00,0x00,0xe1,0xd3,0xcd,0x7b,0xf6,0xe7,0xdd,0xff,0xe3,0xd5,0xcd,0xfb,
    0xe4,0xd6,0xce,0xff,0xe4,0xd6,0xce,0xff,0xe4,0xd6,0xce,0xff,0xe4,0xd6,0xce,0xff,0xe4,0xd6,0xce,0xff,0xe4,0xd6,0xce,0xff,0xe4,0xd6,0xce,0xff,0xe4,0xd6,0xce,0xff,
    0xe4,0xd6,0xce,0xff,0xe4,0xd6,0xce,0xff,0xe4,0xd6,0xce,0xff,0xe4,0xd6,0xce,0xff,0xe4,0xd6,0xce,0xff,0xe4,0xd6,0xce,0xff,0xe4,0xd6,0xce,0xff,0xe4,0xd6,0xce,0xff,
    0xe4,0xd6,0xce,0xff,0xe4,0xd6,0xce,0xff,0xe4,0xd6,0xce,0xff,0xe4,0xd6,0xce,0xff,0xe4,0xd6,0xce,0xff,0xe4,0xd6,0xce,0xff,0xe4,0xd6,0xce,0xff,0xe4,0xd6,0xce,0xff,
    0xe4,0xd6,0xce,0xff,0xe4,0xd6,0xce,0xff,0xe3,0xd5,0xcd,0xff,0xe3,0xd5,0xcd,0xff,0xe7,0xda,0xd2,0xff,0xeb,0xe0,0xd9,0xff,0xf0,0xe6,0xe0,0xff,0xf2,0xe8,0xe3,0xff,
    0xf4,0xec,0xe7,0xff,0xf4,0xeb,0xe6,0xff,0xf4,0xec,0xe7,0xff,0xf2,0xe9,0xe4,0xff,0xf0,0xe6,0xe0,0xff,0xed,0xe2,0xdb,0xff,0xe8,0xdb,0xd4,0xff,0xe4,0xd6,0xce,0xff,
    0xe3,0xd4,0xcc,0xff,0xe4,0xd6,0xce,0xff,0xe4,0xd6,0xce,0xff,0xe4,0xd6,0xce,0xff,0xe4,0xd6,0xce,0xff,0xe4,0xd6,0xce,0xff,0xe4,0xd6,0xce,0xff,0xe4,0xd6,0xce,0xff,
    0xe4,0xd6,0xce,0xff,0xe4,0xd6,0xce,0xff,0xe4,0xd6,0xce,0xff,0xe4,0xd6,0xce,0xff,0xe4,0xd6,0xce,0xff,0xe4,0xd6,0xce,0xff,0xe4,0xd6,0xce,0xff,0xe4,0xd6,0xce,0xff,
    0xe4,0xd6,0xce,0xff,0xe4,0xd6,0xce,0xff,0xe4,0xd6,0xce,0xff,0xe4,0xd6,0xce,0xff,0xe4,0xd6,0xce,0xff,0xe4,0xd6,0xce,0xff,0xe4,0xd6,0xce,0xff,0xe4,0xd6,0xce,0xff,
    0xe4,0xd6,0xce,0xff,0xe3,0xd5,0xce,0xfd,0xea,0xdc,0xd4,0xff,0xe4,0xd6,0xce,0xe1,0xd7,0xc4,0xc4,0x0d,0xff,0xff,0xff,0x01,0xff,0xff,0xff,0x01,0x00,0x00,0x00,0x00,
    0x00,0x00,0x00,0x00,0x00,0x00,0x00,0x00,0x00,0x00,0x00,0x00,0x00,0x00,0x00,0x00,0x00,0x00,0x00,0x00,0x00,0x00,0x00,0x00,0x00,0x00,0x00,0x00,0x00,0x00,0x00,0x00,
    0x00,0x00,0x00,0x00,0x00,0x00,0x00,0x00,0x00,0x00,0x00,0x00,0x00,0x00,0x00,0x00,0x00,0x00,0x00,0x00,0x00,0x00,0x00,0x00,0x00,0x00,0x00,0x00,0x00,0x00,0x00,0x00,
    0x00,0x00,0x00,0x00,0x00,0x00,0x00,0x00,0x00,0x00,0x00,0x00,0x00,0x00,0x00,0x00,0x00,0x00,0x00,0x00,0x00,0x00,0x00,0x00,0x00,0x00,0x00,0x00,0x00,0x00,0x00,0x00,
    0x00,0x00,0x00,0x00,0x00,0x00,0x00,0x00,0x00,0x00,0x00,0x00,0x00,0x00,0x00,0x00,0x00,0x00,0x00,0x00,0x00,0x00,0x00,0x00,0x00,0x00,0x00,0x00,0x00,0x00,0x00,0x00,
    0x00,0x00,0x00,0x00,0x00,0x00,0x00,0x00,0x00,0x00,0x00,0x00,0xff,0xff,0xff,0x02,0xff,0x7f,0x7f,0x02,0xe2,0xd4,0xcc,0xba,0xf0,0xe1,0xd9,0xff,0xe3,0xd5,0xce,0xfc,
    0xe4,0xd6,0xce,0xff,0xe4,0xd6,0xce,0xff,0xe4,0xd6,0xce,0xff,0xe4,0xd6,0xce,0xff,0xe4,0xd6,0xce,0xff,0xe4,0xd6,0xce,0xff,0xe4,0xd6,0xce,0xff,0xe4,0xd6,0xce,0xff,
    0xe4,0xd6,0xce,0xff,0xe4,0xd6,0xce,0xff,0xe4,0xd6,0xce,0xff,0xe4,0xd6,0xce,0xff,0xe4,0xd6,0xce,0xff,0xe4,0xd6,0xce,0xff,0xe4,0xd6,0xce,0xff,0xe4,0xd6,0xce,0xff,
    0xe4,0xd6,0xce,0xff,0xe4,0xd6,0xce,0xff,0xe4,0xd6,0xce,0xff,0xe4,0xd6,0xce,0xff,0xe4,0xd6,0xce,0xff,0xe4,0xd6,0xce,0xff,0xe4,0xd6,0xce,0xff,0xe4,0xd6,0xce,0xff,
    0xe4,0xd6,0xce,0xff,0xe4,0xd6,0xce,0xff,0xe4,0xd6,0xce,0xff,0xe4,0xd6,0xce,0xff,0xe3,0xd5,0xcd,0xff,0xe3,0xd4,0xcc,0xff,0xe3,0xd5,0xcc,0xff,0xe4,0xd6,0xce,0xff,
    0xe5,0xd8,0xd0,0xff,0xe5,0xd7,0xd0,0xff,0xe5,0xd8,0xd0,0xff,0xe4,0xd6,0xce,0xff,0xe3,0xd5,0xcd,0xff,0xe3,0xd4,0xcc,0xff,0xe3,0xd5,0xcd,0xff,0xe4,0xd6,0xce,0xff,
    0xe4,0xd6,0xce,0xff,0xe4,0xd6,0xce,0xff,0xe4,0xd6,0xce,0xff,0xe4,0xd6,0xce,0xff,0xe4,0xd6,0xce,0xff,0xe4,0xd6,0xce,0xff,0xe4,0xd6,0xce,0xff,0xe4,0xd6,0xce,0xff,
    0xe4,0xd6,0xce,0xff,0xe4,0xd6,0xce,0xff,0xe4,0xd6,0xce,0xff,0xe4,0xd6,0xce,0xff,0xe4,0xd6,0xce,0xff,0xe4,0xd6,0xce,0xff,0xe4,0xd6,0xce,0xff,0xe4,0xd6,0xce,0xff,
    0xe4,0xd6,0xce,0xff,0xe4,0xd6,0xce,0xff,0xe4,0xd6,0xce,0xff,0xe4,0xd6,0xce,0xff,0xe4,0xd6,0xce,0xff,0xe4,0xd6,0xce,0xff,0xe4,0xd6,0xce,0xff,0xe4,0xd6,0xce,0xff,
    0xe4,0xd6,0xce,0xff,0xe3,0xd5,0xce,0xfc,0xf0,0xe2,0xd9,0xff,0xe4,0xd5,0xcd,0xbe,0x00,0x00,0x00,0x00,0xff,0xff,0xff,0x02,0x00,0x00,0x00,0x00,0x00,0x00,0x00,0x00,
    0x00,0x00,0x00,0x00,0x00,0x00,0x00,0x00,0x00,0x00,0x00,0x00,0x00,0x00,0x00,0x00,0x00,0x00,0x00,0x00,0x00,0x00,0x00,0x00,0x00,0x00,0x00,0x00,0x00,0x00,0x00,0x00,
    0x00,0x00,0x00,0x00,0x00,0x00,0x00,0x00,0x00,0x00,0x00,0x00,0x00,0x00,0x00,0x00,0x00,0x00,0x00,0x00,0x00,0x00,0x00,0x00,0x00,0x00,0x00,0x00,0x00,0x00,0x00,0x00,
    0x00,0x00,0x00,0x00,0x00,0x00,0x00,0x00,0x00,0x00,0x00,0x00,0x00,0x00,0x00,0x00,0x00,0x00,0x00,0x00,0x00,0x00,0x00,0x00,0x00,0x00,0x00,0x00,0x00,0x00,0x00,0x00,
    0x00,0x00,0x00,0x00,0x00,0x00,0x00,0x00,0x00,0x00,0x00,0x00,0x00,0x00,0x00,0x00,0x00,0x00,0x00,0x00,0x00,0x00,0x00,0x00,0x00,0x00,0x00,0x00,0x00,0x00,0x00,0x00,
    0x00,0x00,0x00,0x00,0x00,0x00,0x00,0x00,0xff,0xff,0xaa,0x03,0x00,0x00,0x00,0x00,0xe3,0xd5,0xcc,0x37,0xed,0xdf,0xd6,0xff,0xe4,0xd6,0xce,0xfd,0xe4,0xd6,0xce,0xff,
    0xe4,0xd6,0xce,0xff,0xe4,0xd6,0xce,0xff,0xe4,0xd6,0xce,0xff,0xe4,0xd6,0xce,0xff,0xe4,0xd6,0xce,0xff,0xe4,0xd6,0xce,0xff,0xe4,0xd6,0xce,0xff,0xe4,0xd6,0xce,0xff,
    0xe4,0xd6,0xce,0xff,0xe4,0xd6,0xce,0xff,0xe4,0xd6,0xce,0xff,0xe4,0xd6,0xce,0xff,0xe4,0xd6,0xce,0xff,0xe4,0xd6,0xce,0xff,0xe4,0xd6,0xce,0xff,0xe4,0xd6,0xce,0xff,
    0xe4,0xd6,0xce,0xff,0xe4,0xd6,0xce,0xff,0xe4,0xd6,0xce,0xff,0xe4,0xd6,0xce,0xff,0xe4,0xd6,0xce,0xff,0xe4,0xd6,0xce,0xff,0xe4,0xd6,0xce,0xff,0xe4,0xd6,0xce,0xff,
    0xe4,0xd6,0xce,0xff,0xe4,0xd6,0xce,0xff,0xe4,0xd6,0xce,0xff,0xe4,0xd6,0xce,0xff,0xe4,0xd6,0xce,0xff,0xe4,0xd6,0xce,0xff,0xe4,0xd6,0xce,0xff,0xe4,0xd6,0xce,0xff,
    0xe4,0xd6,0xce,0xff,0xe4,0xd6,0xce,0xff,0xe4,0xd6,0xce,0xff,0xe4,0xd6,0xce,0xff,0xe4,0xd6,0xce,0xff,0xe4,0xd6,0xce,0xff,0xe4,0xd6,0xce,0xff,0xe4,0xd6,0xce,0xff,
    0xe4,0xd6,0xce,0xff,0xe4,0xd6,0xce,0xff,0xe4,0xd6,0xce,0xff,0xe4,0xd6,0xce,0xff,0xe4,0xd6,0xce,0xff,0xe4,0xd6,0xce,0xff,0xe4,0xd6,0xce,0xff,0xe4,0xd6,0xce,0xff,
    0xe4,0xd6,0xce,0xff,0xe4,0xd6,0xce,0xff,0xe4,0xd6,0xce,0xff,0xe4,0xd6,0xce,0xff,0xe4,0xd6,0xce,0xff,0xe4,0xd6,0xce,0xff,0xe4,0xd6,0xce,0xff,0xe4,0xd6,0xce,0xff,
    0xe4,0xd6,0xce,0xff,0xe4,0xd6,0xce,0xff,0xe4,0xd6,0xce,0xff,0xe4,0xd6,0xce,0xff,0xe4,0xd6,0xce,0xff,0xe4,0xd6,0xce,0xff,0xe4,0xd6,0xce,0xff,0xe4,0xd6,0xce,0xff,
    0xe4,0xd6,0xce,0xff,0xe3,0xd5,0xce,0xfb,0xf4,0xe5,0xdc,0xff,0xe3,0xd5,0xce,0x92,0x00,0x00,0x00,0x00,0xff,0xff,0xff,0x03,0x00,0x00,0x00,0x00,0x00,0x00,0x00,0x00,
    0x00,0x00,0x00,0x00,0x00,0x00,0x00,0x00,0x00,0x00,0x00,0x00,0x00,0x00,0x00,0x00,0x00,0x00,0x00,0x00,0x00,0x00,0x00,0x00,0x00,0x00,0x00,0x00,0x00,0x00,0x00,0x00,
    0x00,0x00,0x00,0x00,0x00,0x00,0x00,0x00,0x00,0x00,0x00,0x00,0x00,0x00,0x00,0x00,0x00,0x00,0x00,0x00,0x00,0x00,0x00,0x00,0x00,0x00,0x00,0x00,0x00,0x00,0x00,0x00,
    0x00,0x00,0x00,0x00,0x00,0x00,0x00,0x00,0x00,0x00,0x00,0x00,0x00,0x00,0x00,0x00,0x00,0x00,0x00,0x00,0x00,0x00,0x00,0x00,0x00,0x00,0x00,0x00,0x00,0x00,0x00,0x00,
    0x00,0x00,0x00,0x00,0x00,0x00,0x00,0x00,0x00,0x00,0x00,0x00,0x00,0x00,0x00,0x00,0x00,0x00,0x00,0x00,0x00,0x00,0x00,0x00,0x00,0x00,0x00,0x00,0x00,0x00,0x00,0x00,
    0x00,0x00,0x00,0x00,0x00,0x00,0x00,0x00,0xff,0xff,0xff,0x04,0x00,0x00,0x00,0x00,0xe3,0xd5,0xcc,0x8c,0xf4,0xe5,0xdc,0xff,0xe3,0xd5,0xcd,0xfb,0xe4,0xd6,0xce,0xff,
    0xe4,0xd6,0xce,0xff,0xe4,0xd6,0xce,0xff,0xe4,0xd6,0xce,0xff,0xe4,0xd6,0xce,0xff,0xe4,0xd6,0xce,0xff,0xe4,0xd6,0xce,0xff,0xe4,0xd6,0xce,0xff,0xe4,0xd6,0xce,0xff,
    0xe4,0xd6,0xce,0xff,0xe4,0xd6,0xce,0xff,0xe4,0xd6,0xce,0xff,0xe4,0xd6,0xce,0xff,0xe4,0xd6,0xce,0xff,0xe4,0xd6,0xce,0xff,0xe4,0xd6,0xce,0xff,0xe4,0xd6,0xce,0xff,
    0xe4,0xd6,0xce,0xff,0xe4,0xd6,0xce,0xff,0xe4,0xd6,0xce,0xff,0xe4,0xd6,0xce,0xff,0xe4,0xd6,0xce,0xff,0xe4,0xd6,0xce,0xff,0xe4,0xd6,0xce,0xff,0xe4,0xd6,0xce,0xff,
    0xe4,0xd6,0xce,0xff,0xe4,0xd6,0xce,0xff,0xe4,0xd6,0xce,0xff,0xe4,0xd6,0xce,0xff,0xe4,0xd6,0xce,0xff,0xe4,0xd6,0xce,0xff,0xe4,0xd6,0xce,0xff,0xe4,0xd6,0xce,0xff,
    0xe4,0xd6,0xce,0xff,0xe4,0xd6,0xce,0xff,0xe4,0xd6,0xce,0xff,0xe4,0xd6,0xce,0xff,0xe4,0xd6,0xce,0xff,0xe4,0xd6,0xce,0xff,0xe4,0xd6,0xce,0xff,0xe4,0xd6,0xce,0xff,
    0xe4,0xd6,0xce,0xff,0xe4,0xd6,0xce,0xff,0xe4,0xd6,0xce,0xff,0xe4,0xd6,0xce,0xff,0xe4,0xd6,0xce,0xff,0xe4,0xd6,0xce,0xff,0xe4,0xd6,0xce,0xff,0xe4,0xd6,0xce,0xff,
    0xe4,0xd6,0xce,0xff,0xe4,0xd6,0xce,0xff,0xe4,0xd6,0xce,0xff,0xe4,0xd6,0xce,0xff,0xe4,0xd6,0xce,0xff,0xe4,0xd6,0xce,0xff,0xe4,0xd6,0xce,0xff,0xe4,0xd6,0xce,0xff,
    0xe4,0xd6,0xce,0xff,0xe4,0xd6,0xce,0xff,0xe4,0xd6,0xce,0xff,0xe4,0xd6,0xce,0xff,0xe4,0xd6,0xce,0xff,0xe4,0xd6,0xce,0xff,0xe4,0xd6,0xce,0xff,0xe4,0xd6,0xce,0xff,
    0xe4,0xd6,0xce,0xff,0xe3,0xd5,0xce,0xfc,0xef,0xe1,0xd8,0xff,0xe3,0xd4,0xcd,0xc2,0xff,0x7f,0x7f,0x02,0xff,0xff,0xff,0x02,0x00,0x00,0x00,0x00,0x00,0x00,0x00,0x00,
    0x00,0x00,0x00,0x00,0x00,0x00,0x00,0x00,0x00,0x00,0x00,0x00,0x00,0x00,0x00,0x00,0x00,0x00,0x00,0x00,0x00,0x00,0x00,0x00,0x00,0x00,0x00,0x00,0x00,0x00,0x00,0x00,
    0x00,0x00,0x00,0x00,0x00,0x00,0x00,0x00,0x00,0x00,0x00,0x00,0x00,0x00,0x00,0x00,0x00,0x00,0x00,0x00,0x00,0x00,0x00,0x00,0x00,0x00,0x00,0x00,0x00,0x00,0x00,0x00,
    0x00,0x00,0x00,0x00,0x00,0x00,0x00,0x00,0x00,0x00,0x00,0x00,0x00,0x00,0x00,0x00,0x00,0x00,0x00,0x00,0x00,0x00,0x00,0x00,0x00,0x00,0x00,0x00,0x00,0x00,0x00,0x00,
    0x00,0x00,0x00,0x00,0x00,0x00,0x00,0x00,0x00,0x00,0x00,0x00,0x00,0x00,0x00,0x00,0x00,0x00,0x00,0x00,0x00,0x00,0x00,0x00,0x00,0x00,0x00,0x00,0x00,0x00,0x00,0x00,
    0x00,0x00,0x00,0x00,0x00,0x00,0x00,0x00,0xff,0xff,0xff,0x01,0xff,0xff,0xbf,0x04,0xe3,0xd4,0xcd,0xce,0xee,0xe0,0xd7,0xff,0xe3,0xd5,0xcd,0xfd,0xe4,0xd6,0xce,0xff,
    0xe4,0xd6,0xce,0xff,0xe4,0xd6,0xce,0xff,0xe4,0xd6,0xce,0xff,0xe4,0xd6,0xce,0xff,0xe4,0xd6,0xce,0xff,0xe4,0xd6,0xce,0xff,0xe4,0xd6,0xce,0xff,0xe4,0xd6,0xce,0xff,
    0xe4,0xd6,0xce,0xff,0xe4,0xd6,0xce,0xff,0xe4,0xd6,0xce,0xff,0xe4,0xd6,0xce,0xff,0xe4,0xd6,0xce,0xff,0xe4,0xd6,0xce,0xff,0xe4,0xd6,0xce,0xff,0xe4,0xd6,0xce,0xff,
    0xe4,0xd6,0xce,0xff,0xe4,0xd6,0xce,0xff,0xe4,0xd6,0xce,0xff,0xe4,0xd6,0xce,0xff,0xe4,0xd6,0xce,0xff,0xe4,0xd6,0xce,0xff,0xe4,0xd6,0xce,0xff,0xe4,0xd6,0xce,0xff,
    0xe4,0xd6,0xce,0xff,0xe4,0xd6,0xce,0xff,0xe4,0xd6,0xce,0xff,0xe4,0xd6,0xce,0xff,0xe4,0xd6,0xce,0xff,0xe4,0xd6,0xce,0xff,0xe4,0xd6,0xce,0xff,0xe4,0xd6,0xce,0xff,
    0xe4,0xd6,0xce,0xff,0xe4,0xd6,0xce,0xff,0xe4,0xd6,0xce,0xff,0xe4,0xd6,0xce,0xff,0xe4,0xd6,0xce,0xff,0xe4,0xd6,0xce,0xff,0xe4,0xd6,0xce,0xff,0xe4,0xd6,0xce,0xff,
    0xe4,0xd6,0xce,0xff,0xe4,0xd6,0xce,0xff,0xe4,0xd6,0xce,0xff,0xe4,0xd6,0xce,0xff,0xe4,0xd6,0xce,0xff,0xe4,0xd6,0xce,0xff,0xe4,0xd6,0xce,0xff,0xe4,0xd6,0xce,0xff,
    0xe4,0xd6,0xce,0xff,0xe4,0xd6,0xce,0xff,0xe4,0xd6,0xce,0xff,0xe4,0xd6,0xce,0xff,0xe4,0xd6,0xce,0xff,0xe4,0xd6,0xce,0xff,0xe4,0xd6,0xce,0xff,0xe4,0xd6,0xce,0xff,
    0xe4,0xd6,0xce,0xff,0xe4,0xd6,0xce,0xff,0xe4,0xd6,0xce,0xff,0xe4,0xd6,0xce,0xff,0xe4,0xd6,0xce,0xff,0xe4,0xd6,0xce,0xff,0xe4,0xd6,0xce,0xff,0xe4,0xd6,0xce,0xff,
    0xe4,0xd6,0xce,0xff,0xe3,0xd5,0xcd,0xfe,0xe6,0xd8,0xd0,0xfe,0xe7,0xd9,0xd1,0xf6,0xe5,0xd4,0xcc,0x1e,0x00,0x00,0x00,0x00,0xff,0xff,0x7f,0x02,0x00,0x00,0x00,0x00,
    0x00,0x00,0x00,0x00,0x00,0x00,0x00,0x00,0x00,0x00,0x00,0x00,0x00,0x00,0x00,0x00,0x00,0x00,0x00,0x00,0x00,0x00,0x00,0x00,0x00,0x00,0x00,0x00,0x00,0x00,0x00,0x00,
    0x00,0x00,0x00,0x00,0x00,0x00,0x00,0x00,0x00,0x00,0x00,0x00,0x00,0x00,0x00,0x00,0x00,0x00,0x00,0x00,0x00,0x00,0x00,0x00,0x00,0x00,0x00,0x00,0x00,0x00,0x00,0x00,
    0x00,0x00,0x00,0x00,0x00,0x00,0x00,0x00,0x00,0x00,0x00,0x00,0x00,0x00,0x00,0x00,0x00,0x00,0x00,0x00,0x00,0x00,0x00,0x00,0x00,0x00,0x00,0x00,0x00,0x00,0x00,0x00,
    0x00,0x00,0x00,0x00,0x00,0x00,0x00,0x00,0x00,0x00,0x00,0x00,0x00,0x00,0x00,0x00,0x00,0x00,0x00,0x00,0x00,0x00,0x00,0x00,0x00,0x00,0x00,0x00,0x00,0x00,0x00,0x00,
    0x00,0x00,0x00,0x00,0xff,0xff,0xff,0x01,0x00,0x00,0x00,0x00,0xd4,0xc6,0xb8,0x12,0xe4,0xd6,0xce,0xef,0xe8,0xda,0xd2,0xff,0xe3,0xd5,0xcd,0xfe,0xe4,0xd6,0xce,0xff,
    0xe4,0xd6,0xce,0xff,0xe4,0xd6,0xce,0xff,0xe4,0xd6,0xce,0xff,0xe4,0xd6,0xce,0xff,0xe4,0xd6,0xce,0xff,0xe4,0xd6,0xce,0xff,0xe4,0xd6,0xce,0xff,0xe4,0xd6,0xce,0xff,
    0xe4,0xd6,0xce,0xff,0xe4,0xd6,0xce,0xff,0xe4,0xd6,0xce,0xff,0xe4,0xd6,0xce,0xff,0xe4,0xd6,0xce,0xff,0xe4,0xd6,0xce,0xff,0xe4,0xd6,0xce,0xff,0xe4,0xd6,0xce,0xff,
    0xe4,0xd6,0xce,0xff,0xe4,0xd6,0xce,0xff,0xe4,0xd6,0xce,0xff,0xe4,0xd6,0xce,0xff,0xe4,0xd6,0xce,0xff,0xe4,0xd6,0xce,0xff,0xe4,0xd6,0xce,0xff,0xe4,0xd6,0xce,0xff,
    0xe4,0xd6,0xce,0xff,0xe4,0xd6,0xce,0xff,0xe4,0xd6,0xce,0xff,0xe4,0xd6,0xce,0xff,0xe4,0xd6,0xce,0xff,0xe4,0xd6,0xce,0xff,0xe4,0xd6,0xce,0xff,0xe4,0xd6,0xce,0xff,
    0xe4,0xd6,0xce,0xff,0xe4,0xd6,0xce,0xff,0xe4,0xd6,0xce,0xff,0xe4,0xd6,0xce,0xff,0xe4,0xd6,0xce,0xff,0xe4,0xd6,0xce,0xff,0xe4,0xd6,0xce,0xff,0xe4,0xd6,0xce,0xff,
    0xe4,0xd6,0xce,0xff,0xe4,0xd6,0xce,0xff,0xe4,0xd6,0xce,0xff,0xe4,0xd6,0xce,0xff,0xe4,0xd6,0xce,0xff,0xe4,0xd6,0xce,0xff,0xe4,0xd6,0xce,0xff,0xe4,0xd6,0xce,0xff,
    0xe4,0xd6,0xce,0xff,0xe4,0xd6,0xce,0xff,0xe4,0xd6,0xce,0xff,0xe4,0xd6,0xce,0xff,0xe4,0xd6,0xce,0xff,0xe4,0xd6,0xce,0xff,0xe4,0xd6,0xce,0xff,0xe4,0xd6,0xce,0xff,
    0xe4,0xd6,0xce,0xff,0xe4,0xd6,0xce,0xff,0xe4,0xd6,0xce,0xff,0xe4,0xd6,0xce,0xff,0xe4,0xd6,0xce,0xff,0xe4,0xd6,0xce,0xff,0xe4,0xd6,0xce,0xff,0xe4,0xd6,0xce,0xff,
    0xe4,0xd6,0xce,0xff,0xe4,0xd6,0xce,0xff,0xe3,0xd5,0xcd,0xfd,0xee,0xe0,0xd7,0xff,0xe3,0xd8,0xd0,0x42,0x00,0x00,0x00,0x00,0xff,0xff,0xaa,0x03,0x00,0x00,0x00,0x00,
    0x00,0x00,0x00,0x00,0x00,0x00,0x00,0x00,0x00,0x00,0x00,0x00,0x00,0x00,0x00,0x00,0x00,0x00,0x00,0x00,0x00,0x00,0x00,0x00,0x00,0x00,0x00,0x00,0x00,0x00,0x00,0x00,
    0x00,0x00,0x00,0x00,0x00,0x00,0x00,0x00,0x00,0x00,0x00,0x00,0x00,0x00,0x00,0x00,0x00,0x00,0x00,0x00,0x00,0x00,0x00,0x00,0x00,0x00,0x00,0x00,0x00,0x00,0x00,0x00,
    0x00,0x00,0x00,0x00,0x00,0x00,0x00,0x00,0x00,0x00,0x00,0x00,0x00,0x00,0x00,0x00,0x00,0x00,0x00,0x00,0x00,0x00,0x00,0x00,0x00,0x00,0x00,0x00,0x00,0x00,0x00,0x00,
    0x00,0x00,0x00,0x00,0x00,0x00,0x00,0x00,0x00,0x00,0x00,0x00,0x00,0x00,0x00,0x00,0x00,0x00,0x00,0x00,0x00,0x00,0x00,0x00,0x00,0x00,0x00,0x00,0x00,0x00,0x00,0x00,
    0x00,0x00,0x00,0x00,0xff,0xff,0xff,0x01,0x00,0x00,0x00,0x00,0xe2,0xd4,0xc6,0x12,0xe4,0xd6,0xce,0xef,0xe8,0xda,0xd2,0xff,0xe3,0xd5,0xcd,0xfe,0xe4,0xd6,0xce,0xff,
    0xe4,0xd6,0xce,0xff,0xe4,0xd6,0xce,0xff,0xe4,0xd6,0xce,0xff,0xe4,0xd6,0xce,0xff,0xe4,0xd6,0xce,0xff,0xe4,0xd6,0xce,0xff,0xe4,0xd6,0xce,0xff,0xe4,0xd6,0xce,0xff,
    0xe4,0xd6,0xce,0xff,0xe4,0xd6,0xce,0xff,0xe4,0xd6,0xce,0xff,0xe4,0xd6,0xce,0xff,0xe4,0xd6,0xce,0xff,0xe4,0xd6,0xce,0xff,0xe4,0xd6,0xce,0xff,0xe4,0xd6,0xce,0xff,
    0xe4,0xd6,0xce,0xff,0xe4,0xd6,0xce,0xff,0xe4,0xd6,0xce,0xff,0xe4,0xd6,0xce,0xff,0xe4,0xd6,0xce,0xff,0xe4,0xd6,0xce,0xff,0xe4,0xd6,0xce,0xff,0xe4,0xd6,0xce,0xff,
    0xe4,0xd6,0xce,0xff,0xe4,0xd6,0xce,0xff,0xe4,0xd6,0xce,0xff,0xe4,0xd6,0xce,0xff,0xe4,0xd6,0xce,0xff,0xe4,0xd6,0xce,0xff,0xe4,0xd6,0xce,0xff,0xe4,0xd6,0xce,0xff,
    0xe4,0xd6,0xce,0xff,0xe4,0xd6,0xce,0xff,0xe4,0xd6,0xce,0xff,0xe4,0xd6,0xce,0xff,0xe4,0xd6,0xce,0xff,0xe4,0xd6,0xce,0xff,0xe4,0xd6,0xce,0xff,0xe4,0xd6,0xce,0xff,
    0xe4,0xd6,0xce,0xff,0xe4,0xd6,0xce,0xff,0xe4,0xd6,0xce,0xff,0xe4,0xd6,0xce,0xff,0xe4,0xd6,0xce,0xff,0xe4,0xd6,0xce,0xff,0xe4,0xd6,0xce,0xff,0xe4,0xd6,0xce,0xff,
    0xe4,0xd6,0xce,0xff,0xe4,0xd6,0xce,0xff,0xe4,0xd6,0xce,0xff,0xe4,0xd6,0xce,0xff,0xe4,0xd6,0xce,0xff,0xe4,0xd6,0xce,0xff,0xe4,0xd6,0xce,0xff,0xe4,0xd6,0xce,0xff,
    0xe4,0xd6,0xce,0xff,0xe4,0xd6,0xce,0xff,0xe4,0xd6,0xce,0xff,0xe4,0xd6,0xce,0xff,0xe4,0xd6,0xce,0xff,0xe4,0xd6,0xce,0xff,0xe4,0xd6,0xce,0xff,0xe4,0xd6,0xce,0xff,
    0xe4,0xd6,0xce,0xff,0xe4,0xd6,0xce,0xff,0xe3,0xd5,0xcd,0xfd,0xef,0xe1,0xd7,0xff,0xe4,0xd8,0xd1,0x43,0x00,0x00,0x00,0x00,0xff,0xff,0xaa,0x03,0x00,0x00,0x00,0x00,
    0x00,0x00,0x00,0x00,0x00,0x00,0x00,0x00,0x00,0x00,0x00,0x00,0x00,0x00,0x00,0x00,0x00,0x00,0x00,0x00,0x00,0x00,0x00,0x00,0x00,0x00,0x00,0x00,0x00,0x00,0x00,0x00,
    0x00,0x00,0x00,0x00,0x00,0x00,0x00,0x00,0x00,0x00,0x00,0x00,0x00,0x00,0x00,0x00,0x00,0x00,0x00,0x00,0x00,0x00,0x00,0x00,0x00,0x00,0x00,0x00,0x00,0x00,0x00,0x00,
    0x00,0x00,0x00,0x00,0x00,0x00,0x00,0x00,0x00,0x00,0x00,0x00,0x00,0x00,0x00,0x00,0x00,0x00,0x00,0x00,0x00,0x00,0x00,0x00,0x00,0x00,0x00,0x00,0x00,0x00,0x00,0x00,
    0x00,0x00,0x00,0x00,0x00,0x00,0x00,0x00,0x00,0x00,0x00,0x00,0x00,0x00,0x00,0x00,0x00,0x00,0x00,0x00,0x00,0x00,0x00,0x00,0x00,0x00,0x00,0x00,0x00,0x00,0x00,0x00,
    0x00,0x00,0x00,0x00,0xff,0xff,0xff,0x01,0x00,0x00,0x00,0x00,0xd7,0xc4,0xc4,0x0d,0xe4,0xd5,0xce,0xe4,0xea,0xdc,0xd3,0xff,0xe3,0xd5,0xcd,0xfe,0xe4,0xd6,0xce,0xff,
    0xe4,0xd6,0xce,0xff,0xe4,0xd6,0xce,0xff,0xe4,0xd6,0xce,0xff,0xe4,0xd6,0xce,0xff,0xe4,0xd6,0xce,0xff,0xe4,0xd6,0xce,0xff,0xe4,0xd6,0xce,0xff,0xe4,0xd6,0xce,0xff,
    0xe4,0xd6,0xce,0xff,0xe4,0xd6,0xce,0xff,0xe4,0xd6,0xce,0xff,0xe4,0xd6,0xce,0xff,0xe4,0xd6,0xce,0xff,0xe4,0xd6,0xce,0xff,0xe4,0xd6,0xce,0xff,0xe4,0xd6,0xce,0xff,
    0xe4,0xd6,0xce,0xff,0xe4,0xd6,0xce,0xff,0xe4,0xd6,0xce,0xff,0xe4,0xd6,0xce,0xff,0xe4,0xd6,0xce,0xff,0xe4,0xd6,0xce,0xff,0xe4,0xd6,0xce,0xff,0xe4,0xd6,0xce,0xff,
    0xe4,0xd6,0xce,0xff,0xe4,0xd6,0xce,0xff,0xe4,0xd6,0xce,0xff,0xe4,0xd6,0xce,0xff,0xe4,0xd6,0xce,0xff,0xe4,0xd6,0xce,0xff,0xe4,0xd6,0xce,0xff,0xe4,0xd6,0xce,0xff,
    0xe4,0xd6,0xce,0xff,0xe4,0xd6,0xce,0xff,0xe4,0xd6,0xce,0xff,0xe4,0xd6,0xce,0xff,0xe4,0xd6,0xce,0xff,0xe4,0xd6,0xce,0xff,0xe4,0xd6,0xce,0xff,0xe4,0xd6,0xce,0xff,
    0xe4,0xd6,0xce,0xff,0xe4,0xd6,0xce,0xff,0xe4,0xd6,0xce,0xff,0xe4,0xd6,0xce,0xff,0xe4,0xd6,0xce,0xff,0xe4,0xd6,0xce,0xff,0xe4,0xd6,0xce,0xff,0xe4,0xd6,0xce,0xff,
    0xe4,0xd6,0xce,0xff,0xe4,0xd6,0xce,0xff,0xe4,0xd6,0xce,0xff,0xe4,0xd6,0xce,0xff,0xe4,0xd6,0xce,0xff,0xe4,0xd6,0xce,0xff,0xe4,0xd6,0xce,0xff,0xe4,0xd6,0xce,0xff,
    0xe4,0xd6,0xce,0xff,0xe4,0xd6,0xce,0xff,0xe4,0xd6,0xce,0xff,0xe4,0xd6,0xce,0xff,0xe4,0xd6,0xce,0xff,0xe4,0xd6,0xce,0xff,0xe4,0xd6,0xce,0xff,0xe4,0xd6,0xce,0xff,
    0xe4,0xd6,0xce,0xff,0xe4,0xd6,0xce,0xff,0xe3,0xd5,0xcd,0xfe,0xeb,0xdd,0xd5,0xfc,0xe2,0xd4,0xcb,0x36,0x00,0x00,0x00,0x00,0xff,0xff,0xaa,0x03,0x00,0x00,0x00,0x00,
    0x00,0x00,0x00,0x00,0x00,0x00,0x00,0x00,0x00,0x00,0x00,0x00,0x00,0x00,0x00,0x00,0x00,0x00,0x00,0x00,0x00,0x00,0x00,0x00,0x00,0x00,0x00,0x00,0x00,0x00,0x00,0x00,
    0x00,0x00,0x00,0x00,0x00,0x00,0x00,0x00,0x00,0x00,0x00,0x00,0x00,0x00,0x00,0x00,0x00,0x00,0x00,0x00,0x00,0x00,0x00,0x00,0x00,0x00,0x00,0x00,0x00,0x00,0x00,0x00,
    0x00,0x00,0x00,0x00,0x00,0x00,0x00,0x00,0x00,0x00,0x00,0x00,0x00,0x00,0x00,0x00,0x00,0x00,0x00,0x00,0x00,0x00,0x00,0x00,0x00,0x00,0x00,0x00,0x00,0x00,0x00,0x00,
    0x00,0x00,0x00,0x00,0x00,0x00,0x00,0x00,0x00,0x00,0x00,0x00,0x00,0x00,0x00,0x00,0x00,0x00,0x00,0x00,0x00,0x00,0x00,0x00,0x00,0x00,0x00,0x00,0x00,0x00,0x00,0x00,
    0x00,0x00,0x00,0x00,0x00,0x00,0x00,0x00,0xff,0xff,0xff,0x03,0x00,0x00,0x00,0x00,0xe3,0xd4,0xcd,0xb0,0xf1,0xe3,0xda,0xfe,0xe3,0xd5,0xcd,0xfc,0xe4,0xd6,0xce,0xff,
    0xe4,0xd6,0xce,0xff,0xe4,0xd6,0xce,0xff,0xe4,0xd6,0xce,0xff,0xe4,0xd6,0xce,0xff,0xe4,0xd6,0xce,0xff,0xe4,0xd6,0xce,0xff,0xe4,0xd6,0xce,0xff,0xe4,0xd6,0xce,0xff,
    0xe4,0xd6,0xce,0xff,0xe4,0xd6,0xce,0xff,0xe4,0xd6,0xce,0xff,0xe4,0xd6,0xce,0xff,0xe4,0xd6,0xce,0xff,0xe4,0xd6,0xce,0xff,0xe4,0xd6,0xce,0xff,0xe4,0xd6,0xce,0xff,
    0xe4,0xd6,0xce,0xff,0xe4,0xd6,0xce,0xff,0xe4,0xd6,0xce,0xff,0xe4,0xd6,0xce,0xff,0xe4,0xd6,0xce,0xff,0xe4,0xd6,0xce,0xff,0xe4,0xd6,0xce,0xff,0xe4,0xd6,0xce,0xff,
    0xe4,0xd6,0xce,0xff,0xe4,0xd6,0xce,0xff,0xe4,0xd6,0xce,0xff,0xe4,0xd6,0xce,0xff,0xe4,0xd6,0xce,0xff,0xe4,0xd6,0xce,0xff,0xe4,0xd6,0xce,0xff,0xe4,0xd6,0xce,0xff,
    0xe4,0xd6,0xce,0xff,0xe4,0xd6,0xce,0xff,0xe4,0xd6,0xce,0xff,0xe4,0xd6,0xce,0xff,0xe4,0xd6,0xce,0xff,0xe4,0xd6,0xce,0xff,0xe4,0xd6,0xce,0xff,0xe4,0xd6,0xce,0xff,
    0xe4,0xd6,0xce,0xff,0xe4,0xd6,0xce,0xff,0xe4,0xd6,0xce,0xff,0xe4,0xd6,0xce,0xff,0xe4,0xd6,0xce,0xff,0xe4,0xd6,0xce,0xff,0xe4,0xd6,0xce,0xff,0xe4,0xd6,0xce,0xff,
    0xe4,0xd6,0xce,0xff,0xe4,0xd6,0xce,0xff,0xe4,0xd6,0xce,0xff,0xe4,0xd6,0xce,0xff,0xe4,0xd6,0xce,0xff,0xe4,0xd6,0xce,0xff,0xe4,0xd6,0xce,0xff,0xe4,0xd6,0xce,0xff,
    0xe4,0xd6,0xce,0xff,0xe4,0xd6,0xce,0xff,0xe4,0xd6,0xce,0xff,0xe4,0xd6,0xce,0xff,0xe4,0xd6,0xce,0xff,0xe4,0xd6,0xce,0xff,0xe4,0xd6,0xce,0xff,0xe4,0xd6,0xce,0xff,
    0xe4,0xd6,0xce,0xff,0xe3,0xd5,0xcd,0xfe,0xea,0xdc,0xd3,0xff,0xe4,0xd5,0xce,0xe4,0xe5,0xe5,0xcc,0x0a,0x00,0x00,0x00,0x00,0xff,0xff,0xff,0x01,0x00,0x00,0x00,0x00,
    0x00,0x00,0x00,0x00,0x00,0x00,0x00,0x00,0x00,0x00,0x00,0x00,0x00,0x00,0x00,0x00,0x00,0x00,0x00,0x00,0x00,0x00,0x00,0x00,0x00,0x00,0x00,0x00,0x00,0x00,0x00,0x00,
    0x00,0x00,0x00,0x00,0x00,0x00,0x00,0x00,0x00,0x00,0x00,0x00,0x00,0x00,0x00,0x00,0x00,0x00,0x00,0x00,0x00,0x00,0x00,0x00,0x00,0x00,0x00,0x00,0x00,0x00,0x00,0x00,
    0x00,0x00,0x00,0x00,0x00,0x00,0x00,0x00,0x00,0x00,0x00,0x00,0x00,0x00,0x00,0x00,0x00,0x00,0x00,0x00,0x00,0x00,0x00,0x00,0x00,0x00,0x00,0x00,0x00,0x00,0x00,0x00,
    0x00,0x00,0x00,0x00,0x00,0x00,0x00,0x00,0x00,0x00,0x00,0x00,0x00,0x00,0x00,0x00,0x00,0x00,0x00,0x00,0x00,0x00,0x00,0x00,0x00,0x00,0x00,0x00,0x00,0x00,0x00,0x00,
    0x00,0x00,0x00,0x00,0x00,0x00,0x00,0x00,0xff,0xff,0xbf,0x04,0x00,0x00,0x00,0x00,0xe4,0xd7,0xcf,0x61,0xf3,0xe5,0xdb,0xff,0xe2,0xd4,0xcc,0xfc,0xe4,0xd6,0xce,0xff,
    0xe4,0xd6,0xce,0xff,0xe4,0xd6,0xce,0xff,0xe4,0xd6,0xce,0xff,0xe4,0xd6,0xce,0xff,0xe4,0xd6,0xce,0xff,0xe4,0xd6,0xce,0xff,0xe4,0xd6,0xce,0xff,0xe4,0xd6,0xce,0xff,
    0xe4,0xd6,0xce,0xff,0xe4,0xd6,0xce,0xff,0xe4,0xd6,0xce,0xff,0xe4,0xd6,0xce,0xff,0xe4,0xd6,0xce,0xff,0xe4,0xd6,0xce,0xff,0xe4,0xd6,0xce,0xff,0xe4,0xd6,0xce,0xff,
    0xe4,0xd6,0xce,0xff,0xe4,0xd6,0xce,0xff,0xe4,0xd6,0xce,0xff,0xe4,0xd6,0xce,0xff,0xe4,0xd6,0xce,0xff,0xe4,0xd6,0xce,0xff,0xe4,0xd6,0xce,0xff,0xe4,0xd6,0xce,0xff,
    0xe4,0xd6,0xce,0xff,0xe4,0xd6,0xce,0xff,0xe4,0xd6,0xce,0xff,0xe4,0xd6,0xce,0xff,0xe4,0xd6,0xce,0xff,0xe4,0xd6,0xce,0xff,0xe4,0xd6,0xce,0xff,0xe4,0xd6,0xce,0xff,
    0xe4,0xd6,0xce,0xff,0xe4,0xd6,0xce,0xff,0xe4,0xd6,0xce,0xff,0xe4,0xd6,0xce,0xff,0xe4,0xd6,0xce,0xff,0xe4,0xd6,0xce,0xff,0xe4,0xd6,0xce,0xff,0xe4,0xd6,0xce,0xff,
    0xe4,0xd6,0xce,0xff,0xe4,0xd6,0xce,0xff,0xe4,0xd6,0xce,0xff,0xe4,0xd6,0xce,0xff,0xe4,0xd6,0xce,0xff,0xe4,0xd6,0xce,0xff,0xe4,0xd6,0xce,0xff,0xe4,0xd6,0xce,0xff,
    0xe4,0xd6,0xce,0xff,0xe4,0xd6,0xce,0xff,0xe4,0xd6,0xce,0xff,0xe4,0xd6,0xce,0xff,0xe4,0xd6,0xce,0xff,0xe4,0xd6,0xce,0xff,0xe4,0xd6,0xce,0xff,0xe4,0xd6,0xce,0xff,
    0xe4,0xd6,0xce,0xff,0xe4,0xd6,0xce,0xff,0xe4,0xd6,0xce,0xff,0xe4,0xd6,0xce,0xff,0xe4,0xd6,0xce,0xff,0xe4,0xd6,0xce,0xff,0xe4,0xd6,0xce,0xff,0xe4,0xd6,0xce,0xff,
    0xe4,0xd6,0xce,0xff,0xe3,0xd5,0xce,0xfb,0xf2,0xe4,0xdb,0xfe,0xe4,0xd6,0xce,0xa2,0x00,0x00,0x00,0x00,0xff,0xff,0xff,0x03,0x00,0x00,0x00,0x00,0x00,0x00,0x00,0x00,
    0x00,0x00,0x00,0x00,0x00,0x00,0x00,0x00,0x00,0x00,0x00,0x00,0x00,0x00,0x00,0x00,0x00,0x00,0x00,0x00,0x00,0x00,0x00,0x00,0x00,0x00,0x00,0x00,0x00,0x00,0x00,0x00,
    0x00,0x00,0x00,0x00,0x00,0x00,0x00,0x00,0x00,0x00,0x00,0x00,0x00,0x00,0x00,0x00,0x00,0x00,0x00,0x00,0x00,0x00,0x00,0x00,0x00,0x00,0x00,0x00,0x00,0x00,0x00,0x00,
    0x00,0x00,0x00,0x00,0x00,0x00,0x00,0x00,0x00,0x00,0x00,0x00,0x00,0x00,0x00,0x00,0x00,0x00,0x00,0x00,0x00,0x00,0x00,0x00,0x00,0x00,0x00,0x00,0x00,0x00,0x00,0x00,
    0x00,0x00,0x00,0x00,0x00,0x00,0x00,0x00,0x00,0x00,0x00,0x00,0x00,0x00,0x00,0x00,0x00,0x00,0x00,0x00,0x00,0x00,0x00,0x00,0x00,0x00,0x00,0x00,0x00,0x00,0x00,0x00,
    0x00,0x00,0x00,0x00,0x00,0x00,0x00,0x00,0xff,0xff,0xff,0x01,0xff,0xff,0xff,0x01,0xe6,0xda,0xce,0x15,0xe6,0xd7,0xd0,0xf0,0xe9,0xdb,0xd3,0xfd,0xe3,0xd5,0xce,0xfd,
    0xe4,0xd6,0xce,0xff,0xe4,0xd6,0xce,0xff,0xe4,0xd6,0xce,0xff,0xe4,0xd6,0xce,0xff,0xe4,0xd6,0xce,0xff,0xe4,0xd6,0xce,0xff,0xe4,0xd6,0xce,0xff,0xe4,0xd6,0xce,0xff,
    0xe4,0xd6,0xce,0xff,0xe4,0xd6,0xce,0xff,0xe4,0xd6,0xce,0xff,0xe4,0xd6,0xce,0xff,0xe4,0xd6,0xce,0xff,0xe4,0xd6,0xce,0xff,0xe4,0xd6,0xce,0xff,0xe4,0xd6,0xce,0xff,
    0xe4,0xd6,0xce,0xff,0xe4,0xd6,0xce,0xff,0xe4,0xd6,0xce,0xff,0xe4,0xd6,0xce,0xff,0xe4,0xd6,0xce,0xff,0xe4,0xd6,0xce,0xff,0xe4,0xd6,0xce,0xff,0xe4,0xd6,0xce,0xff,
    0xe4,0xd6,0xce,0xff,0xe4,0xd6,0xce,0xff,0xe4,0xd6,0xce,0xff,0xe4,0xd6,0xce,0xff,0xe4,0xd6,0xce,0xff,0xe4,0xd6,0xce,0xff,0xe4,0xd6,0xce,0xff,0xe4,0xd6,0xce,0xff,
    0xe4,0xd6,0xce,0xff,0xe4,0xd6,0xce,0xff,0xe4,0xd6,0xce,0xff,0xe4,0xd6,0xce,0xff,0xe4,0xd6,0xce,0xff,0xe4,0xd6,0xce,0xff,0xe4,0xd6,0xce,0xff,0xe4,0xd6,0xce,0xff,
    0xe4,0xd6,0xce,0xff,0xe4,0xd6,0xce,0xff,0xe4,0xd6,0xce,0xff,0xe4,0xd6,0xce,0xff,0xe4,0xd6,0xce,0xff,0xe4,0xd6,0xce,0xff,0xe4,0xd6,0xce,0xff,0xe4,0xd6,0xce,0xff,
    0xe4,0xd6,0xce,0xff,0xe4,0xd6,0xce,0xff,0xe4,0xd6,0xce,0xff,0xe4,0xd6,0xce,0xff,0xe4,0xd6,0xce,0xff,0xe4,0xd6,0xce,0xff,0xe4,0xd6,0xce,0xff,0xe4,0xd6,0xce,0xff,
    0xe4,0xd6,0xce,0xff,0xe4,0xd6,0xce,0xff,0xe4,0xd6,0xce,0xff,0xe4,0xd6,0xce,0xff,0xe4,0xd6,0xce,0xff,0xe4,0xd6,0xce,0xff,0xe4,0xd6,0xce,0xff,0xe4,0xd6,0xce,0xff,
    0xe4,0xd6,0xce,0xff,0xe4,0xd6,0xce,0xfb,0xf2,0xe4,0xdb,0xff,0xe3,0xd7,0xcf,0x41,0x00,0x00,0x00,0x00,0xff,0xff,0xaa,0x03,0x00,0x00,0x00,0x00,0x00,0x00,0x00,0x00,
    0x00,0x00,0x00,0x00,0x00,0x00,0x00,0x00,0x00,0x00,0x00,0x00,0x00,0x00,0x00,0x00,0x00,0x00,0x00,0x00,0x00,0x00,0x00,0x00,0x00,0x00,0x00,0x00,0x00,0x00,0x00,0x00,
    0x00,0x00,0x00,0x00,0x00,0x00,0x00,0x00,0x00,0x00,0x00,0x00,0x00,0x00,0x00,0x00,0x00,0x00,0x00,0x00,0x00,0x00,0x00,0x00,0x00,0x00,0x00,0x00,0x00,0x00,0x00,0x00,
    0x00,0x00,0x00,0x00,0x00,0x00,0x00,0x00,0x00,0x00,0x00,0x00,0x00,0x00,0x00,0x00,0x00,0x00,0x00,0x00,0x00,0x00,0x00,0x00,0x00,0x00,0x00,0x00,0x00,0x00,0x00,0x00,
    0x00,0x00,0x00,0x00,0x00,0x00,0x00,0x00,0x00,0x00,0x00,0x00,0x00,0x00,0x00,0x00,0x00,0x00,0x00,0x00,0x00,0x00,0x00,0x00,0x00,0x00,0x00,0x00,0x00,0x00,0x00,0x00,
    0x00,0x00,0x00,0x00,0x00,0x00,0x00,0x00,0x00,0x00,0x00,0x00,0xff,0xff,0xaa,0x03,0x00,0x00,0x00,0x00,0xe2,0xd2,0xca,0x62,0xf4,0xe6,0xdd,0xff,0xe4,0xd6,0xcf,0xfa,
    0xe3,0xd5,0xcd,0xfe,0xe4,0xd6,0xce,0xff,0xe4,0xd6,0xce,0xff,0xe4,0xd6,0xce,0xff,0xe4,0xd6,0xce,0xff,0xe4,0xd6,0xce,0xff,0xe4,0xd6,0xce,0xff,0xe4,0xd6,0xce,0xff,
    0xe4,0xd6,0xce,0xff,0xe4,0xd6,0xce,0xff,0xe4,0xd6,0xce,0xff,0xe4,0xd6,0xce,0xff,0xe4,0xd6,0xce,0xff,0xe4,0xd6,0xce,0xff,0xe4,0xd6,0xce,0xff,0xe4,0xd6,0xce,0xff,
    0xe4,0xd6,0xce,0xff,0xe4,0xd6,0xce,0xff,0xe4,0xd6,0xce,0xff,0xe4,0xd6,0xce,0xff,0xe4,0xd6,0xce,0xff,0xe4,0xd6,0xce,0xff,0xe4,0xd6,0xce,0xff,0xe4,0xd6,0xce,0xff,
    0xe4,0xd6,0xce,0xff,0xe4,0xd6,0xce,0xff,0xe4,0xd6,0xce,0xff,0xe4,0xd6,0xce,0xff,0xe4,0xd6,0xce,0xff,0xe4,0xd6,0xce,0xff,0xe4,0xd6,0xce,0xff,0xe4,0xd6,0xce,0xff,
    0xe4,0xd6,0xce,0xff,0xe4,0xd6,0xce,0xff,0xe4,0xd6,0xce,0xff,0xe4,0xd6,0xce,0xff,0xe4,0xd6,0xce,0xff,0xe4,0xd6,0xce,0xff,0xe4,0xd6,0xce,0xff,0xe4,0xd6,0xce,0xff,
    0xe4,0xd6,0xce,0xff,0xe4,0xd6,0xce,0xff,0xe4,0xd6,0xce,0xff,0xe4,0xd6,0xce,0xff,0xe4,0xd6,0xce,0xff,0xe4,0xd6,0xce,0xff,0xe4,0xd6,0xce,0xff,0xe4,0xd6,0xce,0xff,
    0xe4,0xd6,0xce,0xff,0xe4,0xd6,0xce,0xff,0xe4,0xd6,0xce,0xff,0xe4,0xd6,0xce,0xff,0xe4,0xd6,0xce,0xff,0xe4,0xd6,0xce,0xff,0xe4,0xd6,0xce,0xff,0xe4,0xd6,0xce,0xff,
    0xe4,0xd6,0xce,0xff,0xe4,0xd6,0xce,0xff,0xe4,0xd6,0xce,0xff,0xe4,0xd6,0xce,0xff,0xe4,0xd6,0xce,0xff,0xe4,0xd6,0xce,0xff,0xe4,0xd6,0xce,0xff,0xe4,0xd6,0xce,0xff,
    0xe2,0xd4,0xcd,0xfa,0xf7,0xe8,0xdf,0xff,0xe1,0xd5,0xcc,0x9e,0x00,0x00,0x00,0x00,0xff,0xff,0xff,0x02,0x00,0x00,0x00,0x00,0x00,0x00,0x00,0x00,0x00,0x00,0x00,0x00,
    0x00,0x00,0x00,0x00,0x00,0x00,0x00,0x00,0x00,0x00,0x00,0x00,0x00,0x00,0x00,0x00,0x00,0x00,0x00,0x00,0x00,0x00,0x00,0x00,0x00,0x00,0x00,0x00,0x00,0x00,0x00,0x00,
    0x00,0x00,0x00,0x00,0x00,0x00,0x00,0x00,0x00,0x00,0x00,0x00,0x00,0x00,0x00,0x00,0x00,0x00,0x00,0x00,0x00,0x00,0x00,0x00,0x00,0x00,0x00,0x00,0x00,0x00,0x00,0x00,
    0x00,0x00,0x00,0x00,0x00,0x00,0x00,0x00,0x00,0x00,0x00,0x00,0x00,0x00,0x00,0x00,0x00,0x00,0x00,0x00,0x00,0x00,0x00,0x00,0x00,0x00,0x00,0x00,0x00,0x00,0x00,0x00,
    0x00,0x00,0x00,0x00,0x00,0x00,0x00,0x00,0x00,0x00,0x00,0x00,0x00,0x00,0x00,0x00,0x00,0x00,0x00,0x00,0x00,0x00,0x00,0x00,0x00,0x00,0x00,0x00,0x00,0x00,0x00,0x00,
    0x00,0x00,0x00,0x00,0x00,0x00,0x00,0x00,0x00,0x00,0x00,0x00,0x00,0x00,0x00,0x00,0xff,0xff,0xff,0x03,0x00,0x00,0x00,0x00,0xe2,0xd5,0xcc,0x98,0xf9,0xea,0xe1,0xff,
    0xe3,0xd5,0xce,0xfc,0xe2,0xd4,0xcd,0xfd,0xe4,0xd6,0xce,0xff,0xe4,0xd6,0xce,0xff,0xe4,0xd6,0xce,0xff,0xe4,0xd6,0xce,0xff,0xe4,0xd6,0xce,0xff,0xe4,0xd6,0xce,0xff,
    0xe4,0xd6,0xce,0xff,0xe4,0xd6,0xce,0xff,0xe4,0xd6,0xce,0xff,0xe4,0xd6,0xce,0xff,0xe4,0xd6,0xce,0xff,0xe4,0xd6,0xce,0xff,0xe4,0xd6,0xce,0xff,0xe4,0xd6,0xce,0xff,
    0xe4,0xd6,0xce,0xff,0xe4,0xd6,0xce,0xff,0xe4,0xd6,0xce,0xff,0xe4,0xd6,0xce,0xff,0xe4,0xd6,0xce,0xff,0xe4,0xd6,0xce,0xff,0xe4,0xd6,0xce,0xff,0xe4,0xd6,0xce,0xff,
    0xe4,0xd6,0xce,0xff,0xe4,0xd6,0xce,0xff,0xe4,0xd6,0xce,0xff,0xe4,0xd6,0xce,0xff,0xe4,0xd6,0xce,0xff,0xe3,0xd6,0xce,0xff,0xe1,0xd5,0xcf,0xff,0xe1,0xd5,0xcf,0xff,
    0xe1,0xd5,0xcf,0xff,0xe1,0xd5,0xcf,0xff,0xe1,0xd5,0xcf,0xff,0xe1,0xd5,0xcf,0xff,0xe1,0xd5,0xcf,0xff,0xe1,0xd5,0xcf,0xff,0xe1,0xd5,0xcf,0xff,0xe1,0xd5,0xcf,0xff,
    0xe1,0xd5,0xcf,0xff,0xe1,0xd5,0xcf,0xff,0xe1,0xd5,0xcf,0xff,0xe4,0xd6,0xce,0xff,0xe4,0xd6,0xce,0xff,0xe4,0xd6,0xce,0xff,0xe4,0xd6,0xce,0xff,0xe4,0xd6,0xce,0xff,
    0xe4,0xd6,0xce,0xff,0xe4,0xd6,0xce,0xff,0xe4,0xd6,0xce,0xff,0xe4,0xd6,0xce,0xff,0xe4,0xd6,0xce,0xff,0xe4,0xd6,0xce,0xff,0xe4,0xd6,0xce,0xff,0xe4,0xd6,0xce,0xff,
    0xe4,0xd6,0xce,0xff,0xe4,0xd6,0xce,0xff,0xe4,0xd6,0xce,0xff,0xe4,0xd6,0xce,0xff,0xe4,0xd6,0xce,0xff,0xe4,0xd6,0xce,0xff,0xe3,0xd5,0xcd,0xfe,0xe3,0xd5,0xcd,0xfa,
    0xf6,0xe7,0xde,0xff,0xe7,0xd9,0xd1,0xca,0xe7,0xd0,0xd0,0x0b,0xff,0xff,0xff,0x02,0xff,0xff,0xff,0x01,0x00,0x00,0x00,0x00,0x00,0x00,0x00,0x00,0x00,0x00,0x00,0x00,
    0x00,0x00,0x00,0x00,0x00,0x00,0x00,0x00,0x00,0x00,0x00,0x00,0x00,0x00,0x00,0x00,0x00,0x00,0x00,0x00,0x00,0x00,0x00,0x00,0x00,0x00,0x00,0x00,0x00,0x00,0x00,0x00,
    0x00,0x00,0x00,0x00,0x00,0x00,0x00,0x00,0x00,0x00,0x00,0x00,0x00,0x00,0x00,0x00,0x00,0x00,0x00,0x00,0x00,0x00,0x00,0x00,0x00,0x00,0x00,0x00,0x00,0x00,0x00,0x00,
    0x00,0x00,0x00,0x00,0x00,0x00,0x00,0x00,0x00,0x00,0x00,0x00,0x00,0x00,0x00,0x00,0x00,0x00,0x00,0x00,0x00,0x00,0x00,0x00,0x00,0x00,0x00,0x00,0x00,0x00,0x00,0x00,
    0x00,0x00,0x00,0x00,0x00,0x00,0x00,0x00,0x00,0x00,0x00,0x00,0x00,0x00,0x00,0x00,0x00,0x00,0x00,0x00,0x00,0x00,0x00,0x00,0x00,0x00,0x00,0x00,0x00,0x00,0x00,0x00,
    0x00,0x00,0x00,0x00,0x00,0x00,0x00,0x00,0x00,0x00,0x00,0x00,0x00,0x00,0x00,0x00,0xff,0xff,0x00,0x01,0xff,0xff,0xff,0x03,0x00,0x00,0x00,0x00,0xe6,0xd7,0xce,0x8f,
    0xf0,0xe1,0xd9,0xff,0xed,0xdf,0xd6,0xff,0xe2,0xd4,0xcc,0xfe,0xe3,0xd5,0xce,0xfb,0xe3,0xd5,0xcd,0xfc,0xe3,0xd5,0xce,0xfc,0xe3,0xd5,0xce,0xfc,0xe3,0xd5,0xce,0xfc,
    0xe3,0xd5,0xce,0xfc,0xe3,0xd5,0xce,0xfc,0xe3,0xd5,0xce,0xfc,0xe3,0xd5,0xce,0xfc,0xe3,0xd5,0xce,0xfc,0xe3,0xd5,0xce,0xfc,0xe3,0xd5,0xce,0xfc,0xe3,0xd5,0xce,0xfc,
    0xe3,0xd5,0xce,0xfc,0xe3,0xd5,0xce,0xfc,0xe3,0xd5,0xce,0xfc,0xe3,0xd5,0xce,0xfc,0xe3,0xd5,0xce,0xfc,0xe3,0xd5,0xce,0xfc,0xe3,0xd5,0xce,0xfc,0xe3,0xd5,0xce,0xfc,
    0xe3,0xd5,0xce,0xfc,0xe3,0xd5,0xce,0xfc,0xe3,0xd5,0xce,0xfc,0xe4,0xd6,0xcd,0xfc,0xe2,0xd5,0xce,0xfc,0xe9,0xd7,0xcc,0xff,0xf2,0xd9,0xca,0xff,0xf1,0xd8,0xca,0xff,
    0xf1,0xd8,0xca,0xff,0xf1,0xd8,0xca,0xff,0xf1,0xd8,0xca,0xff,0xf1,0xd8,0xca,0xff,0xf1,0xd8,0xca,0xff,0xf1,0xd8,0xca,0xff,0xf1,0xd8,0xca,0xff,0xf1,0xd8,0xca,0xff,
    0xf1,0xd8,0xca,0xff,0xf1,0xd9,0xca,0xff,0xf1,0xd8,0xca,0xfd,0xe5,0xd6,0xcd,0xfc,0xe3,0xd5,0xce,0xfc,0xe3,0xd5,0xce,0xfc,0xe3,0xd5,0xce,0xfc,0xe3,0xd5,0xce,0xfc,
    0xe3,0xd5,0xce,0xfc,0xe3,0xd5,0xce,0xfc,0xe3,0xd5,0xce,0xfc,0xe3,0xd5,0xce,0xfc,0xe3,0xd5,0xce,0xfc,0xe3,0xd5,0xce,0xfc,0xe3,0xd5,0xce,0xfc,0xe3,0xd5,0xce,0xfc,
    0xe3,0xd5,0xce,0xfc,0xe3,0xd5,0xce,0xfc,0xe3,0xd5,0xce,0xfc,0xe3,0xd6,0xce,0xfc,0xe3,0xd6,0xce,0xfb,0xe3,0xd5,0xcd,0xfc,0xe9,0xdb,0xd3,0xff,0xf5,0xe7,0xde,0xff,
    0xea,0xda,0xd2,0xb8,0xd4,0xc6,0xb8,0x12,0x00,0x00,0x00,0x00,0xff,0xff,0x7f,0x02,0x00,0x00,0x00,0x00,0x00,0x00,0x00,0x00,0x00,0x00,0x00,0x00,0x00,0x00,0x00,0x00,
    0x00,0x00,0x00,0x00,0x00,0x00,0x00,0x00,0x00,0x00,0x00,0x00,0x00,0x00,0x00,0x00,0x00,0x00,0x00,0x00,0x00,0x00,0x00,0x00,0x00,0x00,0x00,0x00,0x00,0x00,0x00,0x00,
    0x00,0x00,0x00,0x00,0x00,0x00,0x00,0x00,0x00,0x00,0x00,0x00,0x00,0x00,0x00,0x00,0x00,0x00,0x00,0x00,0x00,0x00,0x00,0x00,0x00,0x00,0x00,0x00,0x00,0x00,0x00,0x00,
    0x00,0x00,0x00,0x00,0x00,0x00,0x00,0x00,0x00,0x00,0x00,0x00,0x00,0x00,0x00,0x00,0x00,0x00,0x00,0x00,0x00,0x00,0x00,0x00,0x00,0x00,0x00,0x00,0x00,0x00,0x00,0x00,
    0x00,0x00,0x00,0x00,0x00,0x00,0x00,0x00,0x00,0x00,0x00,0x00,0x00,0x00,0x00,0x00,0x00,0x00,0x00,0x00,0x00,0x00,0x00,0x00,0x00,0x00,0x00,0x00,0x00,0x00,0x00,0x00,
    0x00,0x00,0x00,0x00,0x00,0x00,0x00,0x00,0x00,0x00,0x00,0x00,0x00,0x00,0x00,0x00,0x00,0x00,0x00,0x00,0x00,0x00,0x00,0x00,0xff,0xff,0xff,0x02,0x00,0x00,0x00,0x00,
    0xe4,0xd5,0xcd,0x57,0xec,0xde,0xd5,0xd2,0xeb,0xdc,0xd4,0xff,0xf5,0xe6,0xdd,0xff,0xf0,0xe2,0xd9,0xff,0xf0,0xe1,0xd9,0xff,0xf0,0xe2,0xd9,0xff,0xf0,0xe2,0xd9,0xff,
    0xf0,0xe2,0xd9,0xff,0xf0,0xe2,0xd9,0xff,0xf0,0xe2,0xd9,0xff,0xf0,0xe2,0xd9,0xff,0xf0,0xe2,0xd9,0xff,0xf0,0xe2,0xd9,0xff,0xf0,0xe2,0xd9,0xff,0xf0,0xe2,0xd9,0xff,
    0xf0,0xe2,0xd9,0xff,0xf0,0xe2,0xd9,0xff,0xf0,0xe2,0xd9,0xff,0xf0,0xe2,0xd9,0xff,0xf0,0xe2,0xd9,0xff,0xf0,0xe2,0xd9,0xff,0xf0,0xe2,0xd9,0xff,0xf0,0xe2,0xd9,0xff,
    0xf0,0xe2,0xd9,0xff,0xf0,0xe2,0xd9,0xff,0xf0,0xe2,0xd9,0xff,0xef,0xe1,0xda,0xff,0xf7,0xe3,0xd7,0xff,0xc7,0xd2,0xd7,0xff,0x87,0xc5,0xe6,0xff,0x8e,0xc7,0xe6,0xff,
    0x8d,0xc7,0xe7,0xff,0x8d,0xc7,0xe7,0xff,0x8d,0xc7,0xe7,0xff,0x8d,0xc7,0xe7,0xff,0x8d,0xc7,0xe7,0xff,0x8d,0xc7,0xe7,0xff,0x8d,0xc7,0xe7,0xff,0x8d,0xc6,0xe6,0xff,
    0x8d,0xc7,0xe7,0xff,0x8c,0xc5,0xe6,0xff,0x90,0xcb,0xeb,0xff,0xe2,0xdf,0xdd,0xff,0xf3,0xe2,0xd8,0xff,0xf0,0xe2,0xd9,0xff,0xf0,0xe2,0xd9,0xff,0xf0,0xe2,0xd9,0xff,
    0xf0,0xe2,0xd9,0xff,0xf0,0xe2,0xd9,0xff,0xf0,0xe2,0xd9,0xff,0xf0,0xe2,0xd9,0xff,0xf0,0xe2,0xd9,0xff,0xf0,0xe2,0xd9,0xff,0xf0,0xe2,0xd9,0xff,0xf0,0xe2,0xd9,0xff,
    0xf0,0xe2,0xd9,0xff,0xf0,0xe2,0xd9,0xff,0xf0,0xe2,0xd9,0xff,0xf0,0xe1,0xd9,0xff,0xf4,0xe5,0xdd,0xff,0xef,0xe1,0xd8,0xff,0xea,0xdc,0xd3,0xe4,0xe6,0xd8,0xd0,0x7d,
    0x00,0x00,0x00,0x00,0x00,0x00,0x00,0x00,0xff,0xff,0xff,0x01,0x00,0x00,0x00,0x00,0x00,0x00,0x00,0x00,0x00,0x00,0x00,0x00,0x00,0x00,0x00,0x00,0x00,0x00,0x00,0x00,
    0x00,0x00,0x00,0x00,0x00,0x00,0x00,0x00,0x00,0x00,0x00,0x00,0x00,0x00,0x00,0x00,0x00,0x00,0x00,0x00,0x00,0x00,0x00,0x00,0x00,0x00,0x00,0x00,0x00,0x00,0x00,0x00,
    0x00,0x00,0x00,0x00,0x00,0x00,0x00,0x00,0x00,0x00,0x00,0x00,0x00,0x00,0x00,0x00,0x00,0x00,0x00,0x00,0x00,0x00,0x00,0x00,0x00,0x00,0x00,0x00,0x00,0x00,0x00,0x00,
    0x00,0x00,0x00,0x00,0x00,0x00,0x00,0x00,0x00,0x00,0x00,0x00,0x00,0x00,0x00,0x00,0x00,0x00,0x00,0x00,0x00,0x00,0x00,0x00,0x00,0x00,0x00,0x00,0x00,0x00,0x00,0x00,
    0x00,0x00,0x00,0x00,0x00,0x00,0x00,0x00,0x00,0x00,0x00,0x00,0x00,0x00,0x00,0x00,0x00,0x00,0x00,0x00,0x00,0x00,0x00,0x00,0x00,0x00,0x00,0x00,0x00,0x00,0x00,0x00,
    0x00,0x00,0x00,0x00,0x00,0x00,0x00,0x00,0x00,0x00,0x00,0x00,0x00,0x00,0x00,0x00,0x00,0x00,0x00,0x00,0x00,0x00,0x00,0x00,0x00,0x00,0x00,0x00,0xff,0xff,0xaa,0x03,
    0x00,0x00,0x00,0x00,0x7f,0x7f,0x7f,0x02,0xed,0xdf,0xd6,0x39,0xe8,0xda,0xd2,0x7f,0xe4,0xd7,0xd0,0xb9,0xe5,0xd7,0xcf,0xbd,0xe4,0xd6,0xce,0xbd,0xe4,0xd5,0xcd,0xbe,
    0xe4,0xd5,0xcd,0xbe,0xe4,0xd5,0xcd,0xbe,0xe4,0xd5,0xcd,0xbe,0xe4,0xd5,0xcd,0xbe,0xe4,0xd5,0xcd,0xbe,0xe4,0xd5,0xcd,0xbe,0xe4,0xd5,0xcd,0xbe,0xe4,0xd5,0xcd,0xbe,
    0xe4,0xd5,0xcd,0xbe,0xe4,0xd5,0xcd,0xbe,0xe4,0xd5,0xcd,0xbe,0xe4,0xd5,0xcd,0xbe,0xe4,0xd5,0xcd,0xbe,0xe4,0xd5,0xcd,0xbe,0xe4,0xd5,0xcd,0xbe,0xe4,0xd5,0xcd,0xbe,
    0xe4,0xd5,0xcd,0xbe,0xe4,0xd5,0xcd,0xbe,0xe2,0xd5,0xcd,0xbe,0xe1,0xd5,0xce,0xbe,0xed,0xd6,0xca,0xbe,0x5d,0xbd,0xf3,0xfa,0x21,0xb4,0xff,0xff,0x2b,0xb5,0xff,0xff,
    0x29,0xb5,0xff,0xff,0x29,0xb5,0xff,0xff,0x29,0xb5,0xff,0xff,0x29,0xb5,0xff,0xff,0x29,0xb5,0xff,0xff,0x29,0xb5,0xff,0xff,0x29,0xb5,0xff,0xff,0x29,0xb5,0xff,0xff,
    0x2a,0xb4,0xff,0xfe,0x25,0xb7,0xff,0xff,0x43,0xb9,0xfa,0xe4,0xe2,0xd5,0xce,0xbe,0xe2,0xd5,0xcd,0xbf,0xe2,0xd5,0xcd,0xbe,0xe4,0xd5,0xcd,0xbe,0xe4,0xd5,0xcd,0xbe,
    0xe4,0xd5,0xcd,0xbe,0xe4,0xd5,0xcd,0xbe,0xe4,0xd5,0xcd,0xbe,0xe4,0xd5,0xcd,0xbe,0xe4,0xd5,0xcd,0xbe,0xe4,0xd5,0xcd,0xbe,0xe4,0xd5,0xcd,0xbe,0xe4,0xd5,0xcd,0xbe,
    0xe4,0xd5,0xcd,0xbe,0xe4,0xd5,0xcd,0xbe,0xe4,0xd6,0xce,0xbd,0xe6,0xd9,0xd1,0xbd,0xe9,0xdb,0xd4,0x8f,0xe8,0xdb,0xd1,0x4e,0xeb,0xd7,0xc4,0x0d,0x00,0x00,0x00,0x00,
    0xff,0xff,0xff,0x01,0xff,0xff,0xff,0x01,0x00,0x00,0x00,0x00,0x00,0x00,0x00,0x00,0x00,0x00,0x00,0x00,0x00,0x00,0x00,0x00,0x00,0x00,0x00,0x00,0x00,0x00,0x00,0x00,
    0x00,0x00,0x00,0x00,0x00,0x00,0x00,0x00,0x00,0x00,0x00,0x00,0x00,0x00,0x00,0x00,0x00,0x00,0x00,0x00,0x00,0x00,0x00,0x00,0x00,0x00,0x00,0x00,0x00,0x00,0x00,0x00,
    0x00,0x00,0x00,0x00,0x00,0x00,0x00,0x00,0x00,0x00,0x00,0x00,0x00,0x00,0x00,0x00,0x00,0x00,0x00,0x00,0x00,0x00,0x00,0x00,0x00,0x00,0x00,0x00,0x00,0x00,0x00,0x00,
    0x00,0x00,0x00,0x00,0x00,0x00,0x00,0x00,0x00,0x00,0x00,0x00,0x00,0x00,0x00,0x00,0x00,0x00,0x00,0x00,0x00,0x00,0x00,0x00,0x00,0x00,0x00,0x00,0x00,0x00,0x00,0x00,
    0x00,0x00,0x00,0x00,0x00,0x00,0x00,0x00,0x00,0x00,0x00,0x00,0x00,0x00,0x00,0x00,0x00,0x00,0x00,0x00,0x00,0x00,0x00,0x00,0x00,0x00,0x00,0x00,0x00,0x00,0x00,0x00,
    0x00,0x00,0x00,0x00,0x00,0x00,0x00,0x00,0x00,0x00,0x00,0x00,0x00,0x00,0x00,0x00,0x00,0x00,0x00,0x00,0x00,0x00,0x00,0x00,0x00,0x00,0x00,0x00,0x00,0x00,0x00,0x00,
    0xff,0xaa,0xaa,0x03,0x00,0x00,0x00,0x00,0x00,0x00,0x00,0x00,0x00,0x00,0x00,0x00,0x00,0x00,0x00,0x00,0x00,0x00,0x00,0x00,0x00,0x00,0x00,0x00,0x00,0x00,0x00,0x00,
    0x00,0x00,0x00,0x00,0x00,0x00,0x00,0x00,0x00,0x00,0x00,0x00,0x00,0x00,0x00,0x00,0x00,0x00,0x00,0x00,0x00,0x00,0x00,0x00,0x00,0x00,0x00,0x00,0x00,0x00,0x00,0x00,
    0x00,0x00,0x00,0x00,0x00,0x00,0x00,0x00,0x00,0x00,0x00,0x00,0x00,0x00,0x00,0x00,0x00,0x00,0x00,0x00,0x00,0x00,0x00,0x00,0x00,0x00,0x00,0x00,0x00,0x00,0x00,0x00,
    0x00,0x00,0x00,0x00,0x00,0x00,0x00,0x00,0x00,0x00,0x00,0x00,0x00,0x00,0x00,0x00,0x09,0xb2,0xff,0x35,0x35,0xbe,0xff,0xfa,0x39,0xb8,0xfd,0xfd,0x39,0xb7,0xfe,0xff,
    0x39,0xb8,0xfe,0xff,0x39,0xb8,0xfe,0xff,0x39,0xb8,0xfe,0xff,0x39,0xb8,0xfe,0xff,0x39,0xb8,0xfe,0xff,0x39,0xb8,0xfe,0xff,0x39,0xb8,0xfe,0xff,0x39,0xb7,0xfe,0xff,
    0x38,0xb7,0xfd,0xfd,0x3b,0xc0,0xfe,0xff,0x3f,0xb7,0xfb,0x40,0x00,0x00,0x00,0x00,0x00,0x00,0x00,0x00,0x00,0x00,0x00,0x00,0x00,0x00,0x00,0x00,0x00,0x00,0x00,0x00,
    0x00,0x00,0x00,0x00,0x00,0x00,0x00,0x00,0x00,0x00,0x00,0x00,0x00,0x00,0x00,0x00,0x00,0x00,0x00,0x00,0x00,0x00,0x00,0x00,0x00,0x00,0x00,0x00,0x00,0x00,0x00,0x00,
    0x00,0x00,0x00,0x00,0x00,0x00,0x00,0x00,0x00,0x00,0x00,0x00,0x00,0x00,0x00,0x00,0x00,0x00,0x00,0x00,0x00,0x00,0x00,0x00,0x00,0x00,0x00,0x00,0xff,0xff,0xff,0x03,
    0x00,0x00,0x00,0x00,0x00,0x00,0x00,0x00,0x00,0x00,0x00,0x00,0x00,0x00,0x00,0x00,0x00,0x00,0x00,0x00,0x00,0x00,0x00,0x00,0x00,0x00,0x00,0x00,0x00,0x00,0x00,0x00,
    0x00,0x00,0x00,0x00,0x00,0x00,0x00,0x00,0x00,0x00,0x00,0x00,0x00,0x00,0x00,0x00,0x00,0x00,0x00,0x00,0x00,0x00,0x00,0x00,0x00,0x00,0x00,0x00,0x00,0x00,0x00,0x00,
    0x00,0x00,0x00,0x00,0x00,0x00,0x00,0x00,0x00,0x00,0x00,0x00,0x00,0x00,0x00,0x00,0x00,0x00,0x00,0x00,0x00,0x00,0x00,0x00,0x00,0x00,0x00,0x00,0x00,0x00,0x00,0x00,
    0x00,0x00,0x00,0x00,0x00,0x00,0x00,0x00,0x00,0x00,0x00,0x00,0x00,0x00,0x00,0x00,0x00,0x00,0x00,0x00,0x00,0x00,0x00,0x00,0x00,0x00,0x00,0x00,0x00,0x00,0x00,0x00,
    0x00,0x00,0x00,0x00,0x00,0x00,0x00,0x00,0x00,0x00,0x00,0x00,0x00,0x00,0x00,0x00,0x00,0x00,0x00,0x00,0x00,0x00,0x00,0x00,0x00,0x00,0x00,0x00,0x00,0x00,0x00,0x00,
    0x00,0x00,0x00,0x00,0x00,0x00,0x00,0x00,0x00,0x00,0x00,0x00,0x00,0x00,0x00,0x00,0x00,0x00,0x00,0x00,0x00,0x00,0x00,0x00,0x00,0x00,0x00,0x00,0x00,0x00,0x00,0x00,
    0x00,0x00,0x00,0x00,0xff,0xff,0x00,0x01,0xaa,0xaa,0xaa,0x03,0xff,0xff,0xbf,0x04,0xaa,0xaa,0xaa,0x03,0xff,0xff,0xff,0x02,0xff,0xff,0xff,0x02,0xff,0xff,0xff,0x02,
    0xff,0xff,0xff,0x02,0xff,0xff,0xff,0x02,0xff,0xff,0xff,0x02,0xff,0xff,0xff,0x02,0xff,0xff,0xff,0x02,0xff,0xff,0xff,0x02,0xff,0xff,0xff,0x02,0xff,0xff,0xff,0x02,
    0xff,0xff,0xff,0x02,0xff,0xff,0xff,0x02,0xff,0xff,0xff,0x02,0xff,0xff,0xff,0x02,0xff,0xff,0xff,0x02,0xff,0xff,0xff,0x02,0xff,0xff,0xff,0x02,0xff,0xff,0xff,0x02,
    0xff,0xff,0xff,0x02,0xaa,0xaa,0xaa,0x03,0x99,0xcc,0xff,0x05,0xff,0xff,0xff,0x01,0x38,0xb6,0xff,0xc1,0x3a,0xc2,0xff,0xff,0x35,0xb7,0xff,0xfc,0x36,0xb7,0xff,0xff,
    0x36,0xb7,0xff,0xff,0x36,0xb7,0xff,0xff,0x36,0xb7,0xff,0xff,0x36,0xb7,0xff,0xff,0x36,0xb7,0xff,0xff,0x36,0xb7,0xff,0xff,0x36,0xb7,0xff,0xff,0x35,0xb7,0xff,0xfc,
    0x39,0xc1,0xff,0xfe,0x35,0xb5,0xff,0xbf,0x00,0x00,0x00,0x00,0x99,0xcc,0xcc,0x05,0xff,0xff,0xff,0x02,0xff,0xff,0xff,0x02,0xff,0xff,0xff,0x02,0xff,0xff,0xff,0x02,
    0xff,0xff,0xff,0x02,0xff,0xff,0xff,0x02,0xff,0xff,0xff,0x02,0xff,0xff,0xff,0x02,0xff,0xff,0xff,0x02,0xff,0xff,0xff,0x02,0xff,0xff,0xff,0x02,0xff,0xff,0xff,0x02,
    0xff,0xff,0xff,0x02,0xff,0xff,0xff,0x02,0xff,0xff,0xff,0x02,0xff,0xff,0xff,0x02,0xff,0xbf,0xbf,0x04,0xff,0xff,0xff,0x03,0xff,0xff,0xff,0x01,0x00,0x00,0x00,0x00,
    0x00,0x00,0x00,0x00,0x00,0x00,0x00,0x00,0x00,0x00,0x00,0x00,0x00,0x00,0x00,0x00,0x00,0x00,0x00,0x00,0x00,0x00,0x00,0x00,0x00,0x00,0x00,0x00,0x00,0x00,0x00,0x00,
    0x00,0x00,0x00,0x00,0x00,0x00,0x00,0x00,0x00,0x00,0x00,0x00,0x00,0x00,0x00,0x00,0x00,0x00,0x00,0x00,0x00,0x00,0x00,0x00,0x00,0x00,0x00,0x00,0x00,0x00,0x00,0x00,
    0x00,0x00,0x00,0x00,0x00,0x00,0x00,0x00,0x00,0x00,0x00,0x00,0x00,0x00,0x00,0x00,0x00,0x00,0x00,0x00,0x00,0x00,0x00,0x00,0x00,0x00,0x00,0x00,0x00,0x00,0x00,0x00,
    0x00,0x00,0x00,0x00,0x00,0x00,0x00,0x00,0x00,0x00,0x00,0x00,0x00,0x00,0x00,0x00,0x00,0x00,0x00,0x00,0x00,0x00,0x00,0x00,0x00,0x00,0x00,0x00,0x00,0x00,0x00,0x00,
    0x00,0x00,0x00,0x00,0x00,0x00,0x00,0x00,0x00,0x00,0x00,0x00,0x00,0x00,0x00,0x00,0x00,0x00,0x00,0x00,0x00,0x00,0x00,0x00,0x00,0x00,0x00,0x00,0x00,0x00,0x00,0x00,
    0x00,0x00,0x00,0x00,0x00,0x00,0x00,0x00,0x00,0x00,0x00,0x00,0x00,0x00,0x00,0x00,0x00,0x00,0x00,0x00,0x00,0x00,0x00,0x00,0x00,0x00,0x00,0x00,0x00,0x00,0x00,0x00,
    0x00,0x00,0x00,0x00,0x00,0x00,0x00,0x00,0x00,0x00,0x00,0x00,0x00,0x00,0x00,0x00,0x00,0x00,0x00,0x00,0x00,0x00,0x00,0x00,0x00,0x00,0x00,0x00,0x00,0x00,0x00,0x00,
    0x00,0x00,0x00,0x00,0x00,0x00,0x00,0x00,0x00,0x00,0x00,0x00,0x00,0x00,0x00,0x00,0x00,0x00,0x00,0x00,0x00,0x00,0x00,0x00,0x00,0x00,0x00,0x00,0x00,0x00,0x00,0x00,
    0x00,0x00,0x00,0x00,0x00,0x00,0x00,0x00,0x00,0x00,0x00,0x00,0x00,0x00,0x00,0x00,0x00,0x00,0x00,0x00,0x00,0x00,0x00,0x00,0x00,0x00,0x00,0x00,0x00,0x00,0x00,0x00,
    0x00,0x00,0x00,0x00,0x55,0xaa,0xff,0x03,0x00,0x00,0x00,0x00,0x36,0xb6,0xff,0x46,0x38,0xbf,0xff,0xff,0x35,0xb6,0xff,0xfd,0x36,0xb7,0xff,0xff,0x36,0xb7,0xff,0xff,
    0x36,0xb7,0xff,0xff,0x36,0xb7,0xff,0xff,0x36,0xb7,0xff,0xff,0x36,0xb7,0xff,0xff,0x36,0xb7,0xff,0xff,0x36,0xb7,0xff,0xff,0x36,0xb7,0xff,0xff,0x35,0xb7,0xff,0xfc,
    0x39,0xc1,0xff,0xff,0x37,0xb7,0xff,0x40,0x00,0x00,0x00,0x00,0x55,0xaa,0xff,0x03,0x00,0x00,0x00,0x00,0x00,0x00,0x00,0x00,0x00,0x00,0x00,0x00,0x00,0x00,0x00,0x00,
    0x00,0x00,0x00,0x00,0x00,0x00,0x00,0x00,0x00,0x00,0x00,0x00,0x00,0x00,0x00,0x00,0x00,0x00,0x00,0x00,0x00,0x00,0x00,0x00,0x00,0x00,0x00,0x00,0x00,0x00,0x00,0x00,
    0x00,0x00,0x00,0x00,0x00,0x00,0x00,0x00,0x00,0x00,0x00,0x00,0x00,0x00,0x00,0x00,0x00,0x00,0x00,0x00,0x00,0x00,0x00,0x00,0x00,0x00,0x00,0x00,0x00,0x00,0x00,0x00,
    0x00,0x00,0x00,0x00,0x00,0x00,0x00,0x00,0x00,0x00,0x00,0x00,0x00,0x00,0x00,0x00,0x00,0x00,0x00,0x00,0x00,0x00,0x00,0x00,0x00,0x00,0x00,0x00,0x00,0x00,0x00,0x00,
    0x00,0x00,0x00,0x00,0x00,0x00,0x00,0x00,0x00,0x00,0x00,0x00,0x00,0x00,0x00,0x00,0x00,0x00,0x00,0x00,0x00,0x00,0x00,0x00,0x00,0x00,0x00,0x00,0x00,0x00,0x00,0x00,
    0x00,0x00,0x00,0x00,0x00,0x00,0x00,0x00,0x00,0x00,0x00,0x00,0x00,0x00,0x00,0x00,0x00,0x00,0x00,0x00,0x00,0x00,0x00,0x00,0x00,0x00,0x00,0x00,0x00,0x00,0x00,0x00,
    0x00,0x00,0x00,0x00,0x00,0x00,0x00,0x00,0x00,0x00,0x00,0x00,0x00,0x00,0x00,0x00,0x00,0x00,0x00,0x00,0x00,0x00,0x00,0x00,0x00,0x00,0x00,0x00,0x00,0x00,0x00,0x00,
    0x00,0x00,0x00,0x00,0x00,0x00,0x00,0x00,0x00,0x00,0x00,0x00,0x00,0x00,0x00,0x00,0x00,0x00,0x00,0x00,0x00,0x00,0x00,0x00,0x00,0x00,0x00,0x00,0x00,0x00,0x00,0x00,
    0x00,0x00,0x00,0x00,0x00,0x00,0x00,0x00,0x00,0x00,0x00,0x00,0x00,0x00,0x00,0x00,0x00,0x00,0x00,0x00,0x00,0x00,0x00,0x00,0x00,0x00,0x00,0x00,0x00,0x00,0x00,0x00,
    0x00,0x00,0x00,0x00,0x00,0x00,0x00,0x00,0x00,0x00,0x00,0x00,0x00,0x00,0x00,0x00,0x00,0x00,0x00,0x00,0x00,0x00,0x00,0x00,0x00,0x00,0x00,0x00,0x00,0x00,0x00,0x00,
    0x00,0x00,0x00,0x00,0x00,0x00,0x00,0x00,0x00,0x00,0x00,0x00,0x00,0x00,0x00,0x00,0x00,0x00,0x00,0x00,0x00,0x00,0x00,0x00,0x00,0x00,0x00,0x00,0x00,0x00,0x00,0x00,
    0x00,0x00,0x00,0x00,0x00,0x00,0x00,0x00,0x00,0x00,0x00,0x00,0x00,0x00,0x00,0x00,0x00,0x00,0x00,0x00,0x00,0x00,0x00,0x00,0x00,0x00,0x00,0x00,0x00,0x00,0x00,0x00,
    0x00,0x00,0xff,0x01,0x7f,0xff,0xff,0x02,0x24,0xb6,0xff,0x07,0x36,0xb6,0xff,0xd8,0x38,0xbe,0xff,0xff,0x35,0xb6,0xff,0xfd,0x36,0xb7,0xff,0xff,0x36,0xb7,0xff,0xff,
    0x36,0xb7,0xff,0xff,0x36,0xb7,0xff,0xff,0x36,0xb7,0xff,0xff,0x36,0xb7,0xff,0xff,0x36,0xb7,0xff,0xff,0x36,0xb7,0xff,0xff,0x35,0xb6,0xff,0xfc,0x39,0xc2,0xff,0xff,
    0x36,0xb7,0xff,0xaa,0x00,0x00,0x00,0x00,0x55,0xaa,0xff,0x03,0x00,0x00,0x00,0x00,0x00,0x00,0x00,0x00,0x00,0x00,0x00,0x00,0x00,0x00,0x00,0x00,0x00,0x00,0x00,0x00,
    0x00,0x00,0x00,0x00,0x00,0x00,0x00,0x00,0x00,0x00,0x00,0x00,0x00,0x00,0x00,0x00,0x00,0x00,0x00,0x00,0x00,0x00,0x00,0x00,0x00,0x00,0x00,0x00,0x00,0x00,0x00,0x00,
    0x00,0x00,0x00,0x00,0x00,0x00,0x00,0x00,0x00,0x00,0x00,0x00,0x00,0x00,0x00,0x00,0x00,0x00,0x00,0x00,0x00,0x00,0x00,0x00,0x00,0x00,0x00,0x00,0x00,0x00,0x00,0x00,
    0x00,0x00,0x00,0x00,0x00,0x00,0x00,0x00,0x00,0x00,0x00,0x00,0x00,0x00,0x00,0x00,0x00,0x00,0x00,0x00,0x00,0x00,0x00,0x00,0x00,0x00,0x00,0x00,0x00,0x00,0x00,0x00,
    0x00,0x00,0x00,0x00,0x00,0x00,0x00,0x00,0x00,0x00,0x00,0x00,0x00,0x00,0x00,0x00,0x00,0x00,0x00,0x00,0x00,0x00,0x00,0x00,0x00,0x00,0x00,0x00,0x00,0x00,0x00,0x00,
    0x00,0x00,0x00,0x00,0x00,0x00,0x00,0x00,0x00,0x00,0x00,0x00,0x00,0x00,0x00,0x00,0x00,0x00,0x00,0x00,0x00,0x00,0x00,0x00,0x00,0x00,0x00,0x00,0x00,0x00,0x00,0x00,
    0x00,0x00,0x00,0x00,0x00,0x00,0x00,0x00,0x00,0x00,0x00,0x00,0x00,0x00,0x00,0x00,0x00,0x00,0x00,0x00,0x00,0x00,0x00,0x00,0x00,0x00,0x00,0x00,0x00,0x00,0x00,0x00,
    0x00,0x00,0x00,0x00,0x00,0x00,0x00,0x00,0x00,0x00,0x00,0x00,0x00,0x00,0x00,0x00,0x00,0x00,0x00,0x00,0x00,0x00,0x00,0x00,0x00,0x00,0x00,0x00,0x00,0x00,0x00,0x00,
    0x00,0x00,0x00,0x00,0x00,0x00,0x00,0x00,0x00,0x00,0x00,0x00,0x00,0x00,0x00,0x00,0x00,0x00,0x00,0x00,0x00,0x00,0x00,0x00,0x00,0x00,0x00,0x00,0x00,0x00,0x00,0x00,
    0x00,0x00,0x00,0x00,0x00,0x00,0x00,0x00,0x00,0x00,0x00,0x00,0x00,0x00,0x00,0x00,0x00,0x00,0x00,0x00,0x00,0x00,0x00,0x00,0x00,0x00,0x00,0x00,0x00,0x00,0x00,0x00,
    0x00,0x00,0x00,0x00,0x00,0x00,0x00,0x00,0x00,0x00,0x00,0x00,0x00,0x00,0x00,0x00,0x00,0x00,0x00,0x00,0x00,0x00,0x00,0x00,0x00,0x00,0x00,0x00,0x00,0x00,0x00,0x00,
    0x00,0x00,0x00,0x00,0x00,0x00,0x00,0x00,0x00,0x00,0x00,0x00,0x00,0x00,0x00,0x00,0x00,0x00,0x00,0x00,0x00,0x00,0x00,0x00,0x00,0x00,0x00,0x00,0x00,0x00,0x00,0x00,
    0x55,0xff,0xff,0x03,0x00,0x00,0x00,0x00,0x35,0xb6,0xff,0x5f,0x3a,0xc4,0xff,0xff,0x35,0xb6,0xff,0xfc,0x36,0xb7,0xff,0xff,0x36,0xb7,0xff,0xff,0x36,0xb7,0xff,0xff,
    0x36,0xb7,0xff,0xff,0x36,0xb7,0xff,0xff,0x36,0xb7,0xff,0xff,0x36,0xb7,0xff,0xff,0x36,0xb7,0xff,0xff,0x36,0xb7,0xff,0xfe,0x36,0xb8,0xff,0xfd,0x37,0xbc,0xff,0xf8,
    0x37,0xba,0xff,0x25,0x00,0x00,0x00,0x00,0x7f,0xff,0xff,0x02,0x00,0x00,0x00,0x00,0x00,0x00,0x00,0x00,0x00,0x00,0x00,0x00,0x00,0x00,0x00,0x00,0x00,0x00,0x00,0x00,
    0x00,0x00,0x00,0x00,0x00,0x00,0x00,0x00,0x00,0x00,0x00,0x00,0x00,0x00,0x00,0x00,0x00,0x00,0x00,0x00,0x00,0x00,0x00,0x00,0x00,0x00,0x00,0x00,0x00,0x00,0x00,0x00,
    0x00,0x00,0x00,0x00,0x00,0x00,0x00,0x00,0x00,0x00,0x00,0x00,0x00,0x00,0x00,0x00,0x00,0x00,0x00,0x00,0x00,0x00,0x00,0x00,0x00,0x00,0x00,0x00,0x00,0x00,0x00,0x00,
    0x00,0x00,0x00,0x00,0x00,0x00,0x00,0x00,0x00,0x00,0x00,0x00,0x00,0x00,0x00,0x00,0x00,0x00,0x00,0x00,0x00,0x00,0x00,0x00,0x00,0x00,0x00,0x00,0x00,0x00,0x00,0x00,
    0x00,0x00,0x00,0x00,0x00,0x00,0x00,0x00,0x00,0x00,0x00,0x00,0x00,0x00,0x00,0x00,0x00,0x00,0x00,0x00,0x00,0x00,0x00,0x00,0x00,0x00,0x00,0x00,0x00,0x00,0x00,0x00,
    0x00,0x00,0x00,0x00,0x00,0x00,0x00,0x00,0x00,0x00,0x00,0x00,0x00,0x00,0x00,0x00,0x00,0x00,0x00,0x00,0x00,0x00,0x00,0x00,0x00,0x00,0x00,0x00,0x00,0x00,0x00,0x00,
    0x00,0x00,0x00,0x00,0x00,0x00,0x00,0x00,0x00,0x00,0x00,0x00,0x00,0x00,0x00,0x00,0x00,0x00,0x00,0x00,0x00,0x00,0x00,0x00,0x00,0x00,0x00,0x00,0x00,0x00,0x00,0x00,
    0x00,0x00,0x00,0x00,0x00,0x00,0x00,0x00,0x00,0x00,0x00,0x00,0x00,0x00,0x00,0x00,0x00,0x00,0x00,0x00,0x00,0x00,0x00,0x00,0x00,0x00,0x00,0x00,0x00,0x00,0x00,0x00,
    0x00,0x00,0x00,0x00,0x00,0x00,0x00,0x00,0x00,0x00,0x00,0x00,0x00,0x00,0x00,0x00,0x00,0x00,0x00,0x00,0x00,0x00,0x00,0x00,0x00,0x00,0x00,0x00,0x00,0x00,0x00,0x00,
    0x00,0x00,0x00,0x00,0x00,0x00,0x00,0x00,0x00,0x00,0x00,0x00,0x00,0x00,0x00,0x00,0x00,0x00,0x00,0x00,0x00,0x00,0x00,0x00,0x00,0x00,0x00,0x00,0x00,0x00,0x00,0x00,
    0x00,0x00,0x00,0x00,0x00,0x00,0x00,0x00,0x00,0x00,0x00,0x00,0x00,0x00,0x00,0x00,0x00,0x00,0x00,0x00,0x00,0x00,0x00,0x00,0x00,0x00,0x00,0x00,0x00,0x00,0x00,0x00,
    0x00,0x00,0x00,0x00,0x00,0x00,0x00,0x00,0x00,0x00,0x00,0x00,0x00,0x00,0x00,0x00,0x00,0x00,0x00,0x00,0x00,0x00,0x00,0x00,0x00,0x00,0x00,0x00,0x00,0x00,0xff,0x01,
    0x7f,0xff,0xff,0x02,0x24,0xb6,0xff,0x07,0x36,0xb6,0xff,0xd8,0x38,0xbd,0xff,0xfe,0x36,0xb6,0xff,0xfd,0x36,0xb7,0xff,0xff,0x36,0xb7,0xff,0xff,0x36,0xb7,0xff,0xff,
    0x36,0xb7,0xff,0xff,0x36,0xb7,0xff,0xff,0x36,0xb7,0xff,0xff,0x36,0xb7,0xff,0xff,0x36,0xb7,0xff,0xff,0x35,0xb6,0xff,0xfc,0x3a,0xc4,0xff,0xff,0x35,0xb4,0xff,0xa1,
    0x00,0x00,0x00,0x00,0x55,0xff,0xff,0x03,0x00,0x00,0x00,0x00,0x00,0x00,0x00,0x00,0x00,0x00,0x00,0x00,0x00,0x00,0x00,0x00,0x00,0x00,0x00,0x00,0x00,0x00,0x00,0x00,
    0x00,0x00,0x00,0x00,0x00,0x00,0x00,0x00,0x00,0x00,0x00,0x00,0x00,0x00,0x00,0x00,0x00,0x00,0x00,0x00,0x00,0x00,0x00,0x00,0x00,0x00,0x00,0x00,0x00,0x00,0x00,0x00,
    0x00,0x00,0x00,0x00,0x00,0x00,0x00,0x00,0x00,0x00,0x00,0x00,0x00,0x00,0x00,0x00,0x00,0x00,0x00,0x00,0x00,0x00,0x00,0x00,0x00,0x00,0x00,0x00,0x00,0x00,0x00,0x00,
    0x00,0x00,0x00,0x00,0x00,0x00,0x00,0x00,0x00,0x00,0x00,0x00,0x00,0x00,0x00,0x00,0x00,0x00,0x00,0x00,0x00,0x00,0x00,0x00,0x00,0x00,0x00,0x00,0x00,0x00,0x00,0x00,
    0x00,0x00,0x00,0x00,0x00,0x00,0x00,0x00,0x00,0x00,0x00,0x00,0x00,0x00,0x00,0x00,0x00,0x00,0x00,0x00,0x00,0x00,0x00,0x00,0x00,0x00,0x00,0x00,0x00,0x00,0x00,0x00,
    0x00,0x00,0x00,0x00,0x00,0x00,0x00,0x00,0x00,0x00,0x00,0x00,0x00,0x00,0x00,0x00,0x00,0x00,0x00,0x00,0x00,0x00,0x00,0x00,0x00,0x00,0x00,0x00,0x00,0x00,0x00,0x00,
    0x00,0x00,0x00,0x00,0x00,0x00,0x00,0x00,0x00,0x00,0x00,0x00,0x00,0x00,0x00,0x00,0x00,0x00,0x00,0x00,0x00,0x00,0x00,0x00,0x00,0x00,0x00,0x00,0x00,0x00,0x00,0x00,
    0x00,0x00,0x00,0x00,0x00,0x00,0x00,0x00,0x00,0x00,0x00,0x00,0x00,0x00,0x00,0x00,0x00,0x00,0x00,0x00,0x00,0x00,0x00,0x00,0x00,0x00,0x00,0x00,0x00,0x00,0x00,0x00,
    0x00,0x00,0x00,0x00,0x00,0x00,0x00,0x00,0x00,0x00,0x00,0x00,0x00,0x00,0x00,0x00,0x00,0x00,0x00,0x00,0x00,0x00,0x00,0x00,0x00,0x00,0x00,0x00,0x00,0x00,0x00,0x00,
    0x00,0x00,0x00,0x00,0x00,0x00,0x00,0x00,0x00,0x00,0x00,0x00,0x00,0x00,0x00,0x00,0x00,0x00,0x00,0x00,0x00,0x00,0x00,0x00,0x00,0x00,0x00,0x00,0x00,0x00,0x00,0x00,
    0x00,0x00,0x00,0x00,0x00,0x00,0x00,0x00,0x00,0x00,0x00,0x00,0x00,0x00,0x00,0x00,0x00,0x00,0x00,0x00,0x00,0x00,0x00,0x00,0x00,0x00,0x00,0x00,0x00,0x00,0x00,0x00,
    0x00,0x00,0x00,0x00,0x00,0x00,0x00,0x00,0x00,0x00,0x00,0x00,0x00,0x00,0x00,0x00,0x00,0x00,0x00,0x00,0x00,0x00,0x00,0x00,0x00,0x00,0x00,0x00,0x55,0xff,0xff,0x03,
    0x00,0x00,0x00,0x00,0x35,0xb4,0xff,0x60,0x3a,0xc3,0xff,0xff,0x35,0xb6,0xff,0xfc,0x36,0xb7,0xff,0xff,0x36,0xb7,0xff,0xff,0x36,0xb7,0xff,0xff,0x36,0xb7,0xff,0xff,
    0x36,0xb7,0xff,0xff,0x36,0xb7,0xff,0xff,0x36,0xb7,0xff,0xff,0x36,0xb7,0xff,0xff,0x36,0xb7,0xff,0xfe,0x36,0xb8,0xff,0xfd,0x37,0xbc,0xff,0xf8,0x34,0xb7,0xff,0x27,
    0x00,0xff,0xff,0x01,0x7f,0xff,0xff,0x02,0x00,0x00,0x00,0x00,0x00,0x00,0x00,0x00,0x00,0x00,0x00,0x00,0x00,0x00,0x00,0x00,0x00,0x00,0x00,0x00,0x00,0x00,0x00,0x00,
    0x00,0x00,0x00,0x00,0x00,0x00,0x00,0x00,0x00,0x00,0x00,0x00,0x00,0x00,0x00,0x00,0x00,0x00,0x00,0x00,0x00,0x00,0x00,0x00,0x00,0x00,0x00,0x00,0x00,0x00,0x00,0x00,
    0x00,0x00,0x00,0x00,0x00,0x00,0x00,0x00,0x00,0x00,0x00,0x00,0x00,0x00,0x00,0x00,0x00,0x00,0x00,0x00,0x00,0x00,0x00,0x00,0x00,0x00,0x00,0x00,0x00,0x00,0x00,0x00,
    0x00,0x00,0x00,0x00,0x00,0x00,0x00,0x00,0x00,0x00,0x00,0x00,0x00,0x00,0x00,0x00,0x00,0x00,0x00,0x00,0x00,0x00,0x00,0x00,0x00,0x00,0x00,0x00,0x00,0x00,0x00,0x00,
    0x00,0x00,0x00,0x00,0x00,0x00,0x00,0x00,0x00,0x00,0x00,0x00,0x00,0x00,0x00,0x00,0x00,0x00,0x00,0x00,0x00,0x00,0x00,0x00,0x00,0x00,0x00,0x00,0x00,0x00,0x00,0x00,
    0x00,0x00,0x00,0x00,0x00,0x00,0x00,0x00,0x00,0x00,0x00,0x00,0x00,0x00,0x00,0x00,0x00,0x00,0x00,0x00,0x00,0x00,0x00,0x00,0x00,0x00,0x00,0x00,0x00,0x00,0x00,0x00,
    0x00,0x00,0x00,0x00,0x00,0x00,0x00,0x00,0x00,0x00,0x00,0x00,0x00,0x00,0x00,0x00,0x00,0x00,0x00,0x00,0x00,0x00,0x00,0x00,0x00,0x00,0x00,0x00,0x00,0x00,0x00,0x00,
    0x00,0x00,0x00,0x00,0x00,0x00,0x00,0x00,0x00,0x00,0x00,0x00,0x00,0x00,0x00,0x00,0x00,0x00,0x00,0x00,0x00,0x00,0x00,0x00,0x00,0x00,0x00,0x00,0x00,0x00,0x00,0x00,
    0x00,0x00,0x00,0x00,0x00,0x00,0x00,0x00,0x00,0x00,0x00,0x00,0x00,0x00,0x00,0x00,0x00,0x00,0x00,0x00,0x00,0x00,0x00,0x00,0x00,0x00,0x00,0x00,0x00,0x00,0x00,0x00,
    0x00,0x00,0x00,0x00,0x00,0x00,0x00,0x00,0x00,0x00,0x00,0x00,0x00,0x00,0x00,0x00,0x00,0x00,0x00,0x00,0x00,0x00,0x00,0x00,0x00,0x00,0x00,0x00,0x00,0x00,0x00,0x00,
    0x00,0x00,0x00,0x00,0x00,0x00,0x00,0x00,0x00,0x00,0x00,0x00,0x00,0x00,0x00,0x00,0x00,0x00,0x00,0x00,0x00,0x00,0x00,0x00,0x00,0x00,0x00,0x00,0x00,0x00,0x00,0x00,
    0x00,0x00,0x00,0x00,0x00,0x00,0x00,0x00,0x00,0x00,0x00,0x00,0x00,0x00,0x00,0x00,0x00,0x00,0x00,0x00,0x00,0x00,0x00,0x00,0x00,0xff,0xff,0x01,0x00,0xff,0xff,0x01,
    0x35,0xbb,0xff,0x13,0x37,0xb9,0xff,0xe7,0x37,0xbb,0xff,0xfe,0x36,0xb7,0xff,0xfd,0x36,0xb7,0xff,0xff,0x36,0xb7,0xff,0xff,0x36,0xb7,0xff,0xff,0x36,0xb7,0xff,0xff,
    0x36,0xb7,0xff,0xff,0x36,0xb7,0xff,0xff,0x36,0xb7,0xff,0xff,0x36,0xb7,0xff,0xff,0x35,0xb6,0xff,0xfc,0x3a,0xc4,0xff,0xff,0x36,0xb5,0xff,0xa0,0x00,0x00,0x00,0x00,
    0x55,0xaa,0xff,0x03,0x00,0x00,0x00,0x00,0x00,0x00,0x00,0x00,0x00,0x00,0x00,0x00,0x00,0x00,0x00,0x00,0x00,0x00,0x00,0x00,0x00,0x00,0x00,0x00,0x00,0x00,0x00,0x00,
    0x00,0x00,0x00,0x00,0x00,0x00,0x00,0x00,0x00,0x00,0x00,0x00,0x00,0x00,0x00,0x00,0x00,0x00,0x00,0x00,0x00,0x00,0x00,0x00,0x00,0x00,0x00,0x00,0x00,0x00,0x00,0x00,
    0x00,0x00,0x00,0x00,0x00,0x00,0x00,0x00,0x00,0x00,0x00,0x00,0x00,0x00,0x00,0x00,0x00,0x00,0x00,0x00,0x00,0x00,0x00,0x00,0x00,0x00,0x00,0x00,0x00,0x00,0x00,0x00,
    0x00,0x00,0x00,0x00,0x00,0x00,0x00,0x00,0x00,0x00,0x00,0x00,0x00,0x00,0x00,0x00,0x00,0x00,0x00,0x00,0x00,0x00,0x00,0x00,0x00,0x00,0x00,0x00,0x00,0x00,0x00,0x00,
    0x00,0x00,0x00,0x00,0x00,0x00,0x00,0x00,0x00,0x00,0x00,0x00,0x00,0x00,0x00,0x00,0x00,0x00,0x00,0x00,0x00,0x00,0x00,0x00,0x00,0x00,0x00,0x00,0x00,0x00,0x00,0x00,
    0x00,0x00,0x00,0x00,0x00,0x00,0x00,0x00,0x00,0x00,0x00,0x00,0x00,0x00,0x00,0x00,0x00,0x00,0x00,0x00,0x00,0x00,0x00,0x00,0x00,0x00,0x00,0x00,0x00,0x00,0x00,0x00,
    0x00,0x00,0x00,0x00,0x00,0x00,0x00,0x00,0x00,0x00,0x00,0x00,0x00,0x00,0x00,0x00,0x00,0x00,0x00,0x00,0x00,0x00,0x00,0x00,0x00,0x00,0x00,0x00,0x00,0x00,0x00,0x00,
    0x00,0x00,0x00,0x00,0x00,0x00,0x00,0x00,0x00,0x00,0x00,0x00,0x00,0x00,0x00,0x00,0x00,0x00,0x00,0x00,0x00,0x00,0x00,0x00,0x00,0x00,0x00,0x00,0x00,0x00,0x00,0x00,
    0x00,0x00,0x00,0x00,0x00,0x00,0x00,0x00,0x00,0x00,0x00,0x00,0x00,0x00,0x00,0x00,0x00,0x00,0x00,0x00,0x00,0x00,0x00,0x00,0x00,0x00,0x00,0x00,0x00,0x00,0x00,0x00,
    0x00,0x00,0x00,0x00,0x00,0x00,0x00,0x00,0x00,0x00,0x00,0x00,0x00,0x00,0x00,0x00,0x00,0x00,0x00,0x00,0x00,0x00,0x00,0x00,0x00,0x00,0x00,0x00,0x00,0x00,0x00,0x00,
    0x00,0x00,0x00,0x00,0x00,0x00,0x00,0x00,0x00,0x00,0x00,0x00,0x00,0x00,0x00,0x00,0x00,0x00,0x00,0x00,0x00,0x00,0x00,0x00,0x00,0x00,0x00,0x00,0x00,0x00,0x00,0x00,
    0x00,0x00,0x00,0x00,0x00,0x00,0x00,0x00,0x00,0x00,0x00,0x00,0x00,0x00,0x00,0x00,0x00,0x00,0x00,0x00,0x00,0x00,0x00,0x00,0x55,0xff,0xff,0x03,0x00,0x00,0x00,0x00,
    0x35,0xb5,0xff,0x80,0x3a,0xc6,0xff,0xff,0x35,0xb6,0xff,0xfb,0x36,0xb7,0xff,0xff,0x36,0xb7,0xff,0xff,0x36,0xb7,0xff,0xff,0x36,0xb7,0xff,0xff,0x36,0xb7,0xff,0xff,
    0x36,0xb7,0xff,0xff,0x36,0xb7,0xff,0xff,0x36,0xb7,0xff,0xff,0x36,0xb6,0xff,0xfe,0x37,0xba,0xff,0xfe,0x37,0xb9,0xff,0xec,0x35,0xb4,0xff,0x18,0x00,0xff,0xff,0x01,
    0x00,0x7f,0xff,0x02,0x00,0x00,0x00,0x00,0x00,0x00,0x00,0x00,0x00,0x00,0x00,0x00,0x00,0x00,0x00,0x00,0x00,0x00,0x00,0x00,0x00,0x00,0x00,0x00,0x00,0x00,0x00,0x00,
    0x00,0x00,0x00,0x00,0x00,0x00,0x00,0x00,0x00,0x00,0x00,0x00,0x00,0x00,0x00,0x00,0x00,0x00,0x00,0x00,0x00,0x00,0x00,0x00,0x00,0x00,0x00,0x00,0x00,0x00,0x00,0x00,
    0x00,0x00,0x00,0x00,0x00,0x00,0x00,0x00,0x00,0x00,0x00,0x00,0x00,0x00,0x00,0x00,0x00,0x00,0x00,0x00,0x00,0x00,0x00,0x00,0x00,0x00,0x00,0x00,0x00,0x00,0x00,0x00,
    0x00,0x00,0x00,0x00,0x00,0x00,0x00,0x00,0x00,0x00,0x00,0x00,0x00,0x00,0x00,0x00,0x00,0x00,0x00,0x00,0x00,0x00,0x00,0x00,0x00,0x00,0x00,0x00,0x00,0x00,0x00,0x00,
    0x00,0x00,0x00,0x00,0x00,0x00,0x00,0x00,0x00,0x00,0x00,0x00,0x00,0x00,0x00,0x00,0x00,0x00,0x00,0x00,0x00,0x00,0x00,0x00,0x00,0x00,0x00,0x00,0x00,0x00,0x00,0x00,
    0x00,0x00,0x00,0x00,0x00,0x00,0x00,0x00,0x00,0x00,0x00,0x00,0x00,0x00,0x00,0x00,0x00,0x00,0x00,0x00,0x00,0x00,0x00,0x00,0x00,0x00,0x00,0x00,0x00,0x00,0x00,0x00,
    0x00,0x00,0x00,0x00,0x00,0x00,0x00,0x00,0x00,0x00,0x00,0x00,0x00,0x00,0x00,0x00,0x00,0x00,0x00,0x00,0x00,0x00,0x00,0x00,0x00,0x00,0x00,0x00,0x00,0x00,0x00,0x00,
    0x00,0x00,0x00,0x00,0x00,0x00,0x00,0x00,0x00,0x00,0x00,0x00,0x00,0x00,0x00,0x00,0x00,0x00,0x00,0x00,0x00,0x00,0x00,0x00,0x00,0x00,0x00,0x00,0x00,0x00,0x00,0x00,
    0x00,0x00,0x00,0x00,0x00,0x00,0x00,0x00,0x00,0x00,0x00,0x00,0x00,0x00,0x00,0x00,0x00,0x00,0x00,0x00,0x00,0x00,0x00,0x00,0x00,0x00,0x00,0x00,0x00,0x00,0x00,0x00,
    0x00,0x00,0x00,0x00,0x00,0x00,0x00,0x00,0x00,0x00,0x00,0x00,0x00,0x00,0x00,0x00,0x00,0x00,0x00,0x00,0x00,0x00,0x00,0x00,0x00,0x00,0x00,0x00,0x00,0x00,0x00,0x00,
    0x00,0x00,0x00,0x00,0x00,0x00,0x00,0x00,0x00,0x00,0x00,0x00,0x00,0x00,0x00,0x00,0x00,0x00,0x00,0x00,0x00,0x00,0x00,0x00,0x00,0x00,0x00,0x00,0x00,0x00,0x00,0x00,
    0x00,0x00,0x00,0x00,0x00,0x00,0x00,0x00,0x00,0x00,0x00,0x00,0x00,0x00,0x00,0x00,0x00,0x00,0x00,0x00,0x00,0xff,0xff,0x01,0x7f,0x7f,0xff,0x02,0x33,0xb2,0xff,0x14,
    0x37,0xb8,0xff,0xec,0x37,0xba,0xff,0xfe,0x36,0xb6,0xff,0xfe,0x36,0xb7,0xff,0xff,0x36,0xb7,0xff,0xff,0x36,0xb7,0xff,0xff,0x36,0xb7,0xff,0xff,0x36,0xb7,0xff,0xff,
    0x36,0xb7,0xff,0xff,0x36,0xb7,0xff,0xff,0x36,0xb7,0xff,0xff,0x35,0xb6,0xff,0xfc,0x3a,0xc5,0xff,0xff,0x35,0xb5,0xff,0x80,0x00,0x00,0x00,0x00,0x3f,0xbf,0xff,0x04,
    0x00,0x00,0x00,0x00,0x00,0x00,0x00,0x00,0x00,0x00,0x00,0x00,0x00,0x00,0x00,0x00,0x00,0x00,0x00,0x00,0x00,0x00,0x00,0x00,0x00,0x00,0x00,0x00,0x00,0x00,0x00,0x00,
    0x00,0x00,0x00,0x00,0x00,0x00,0x00,0x00,0x00,0x00,0x00,0x00,0x00,0x00,0x00,0x00,0x00,0x00,0x00,0x00,0x00,0x00,0x00,0x00,0x00,0x00,0x00,0x00,0x00,0x00,0x00,0x00,
    0x00,0x00,0x00,0x00,0x00,0x00,0x00,0x00,0x00,0x00,0x00,0x00,0x00,0x00,0x00,0x00,0x00,0x00,0x00,0x00,0x00,0x00,0x00,0x00,0x00,0x00,0x00,0x00,0x00,0x00,0x00,0x00,
    0x00,0x00,0x00,0x00,0x00,0x00,0x00,0x00,0x00,0x00,0x00,0x00,0x00,0x00,0x00,0x00,0x00,0x00,0x00,0x00,0x00,0x00,0x00,0x00,0x00,0x00,0x00,0x00,0x00,0x00,0x00,0x00,
    0x00,0x00,0x00,0x00,0x00,0x00,0x00,0x00,0x00,0x00,0x00,0x00,0x00,0x00,0x00,0x00,0x00,0x00,0x00,0x00,0x00,0x00,0x00,0x00,0x00,0x00,0x00,0x00,0x00,0x00,0x00,0x00,
    0x00,0x00,0x00,0x00,0x00,0x00,0x00,0x00,0x00,0x00,0x00,0x00,0x00,0x00,0x00,0x00,0x00,0x00,0x00,0x00,0x00,0x00,0x00,0x00,0x00,0x00,0x00,0x00,0x00,0x00,0x00,0x00,
    0x00,0x00,0x00,0x00,0x00,0x00,0x00,0x00,0x00,0x00,0x00,0x00,0x00,0x00,0x00,0x00,0x00,0x00,0x00,0x00,0x00,0x00,0x00,0x00,0x00,0x00,0x00,0x00,0x00,0x00,0x00,0x00,
    0x00,0x00,0x00,0x00,0x00,0x00,0x00,0x00,0x00,0x00,0x00,0x00,0x00,0x00,0x00,0x00,0x00,0x00,0x00,0x00,0x00,0x00,0x00,0x00,0x00,0x00,0x00,0x00,0x00,0x00,0x00,0x00,
    0x00,0x00,0x00,0x00,0x00,0x00,0x00,0x00,0x00,0x00,0x00,0x00,0x00,0x00,0x00,0x00,0x00,0x00,0x00,0x00,0x00,0x00,0x00,0x00,0x00,0x00,0x00,0x00,0x00,0x00,0x00,0x00,
    0x00,0x00,0x00,0x00,0x00,0x00,0x00,0x00,0x00,0x00,0x00,0x00,0x00,0x00,0x00,0x00,0x00,0x00,0x00,0x00,0x00,0x00,0x00,0x00,0x00,0x00,0x00,0x00,0x00,0x00,0x00,0x00,
    0x00,0x00,0x00,0x00,0x00,0x00,0x00,0x00,0x00,0x00,0x00,0x00,0x00,0x00,0x00,0x00,0x00,0x00,0x00,0x00,0x00,0x00,0x00,0x00,0x00,0x00,0x00,0x00,0x00,0x00,0x00,0x00,
    0x00,0x00,0x00,0x00,0x00,0x00,0x00,0x00,0x00,0x00,0x00,0x00,0x00,0x00,0x00,0x00,0x00,0x00,0x00,0x00,0x3f,0xbf,0xff,0x04,0x00,0x00,0x00,0x00,0x36,0xb6,0xff,0x7f,
    0x3a,0xc5,0xff,0xff,0x35,0xb6,0xff,0xfc,0x36,0xb7,0xff,0xff,0x36,0xb7,0xff,0xff,0x36,0xb7,0xff,0xff,0x36,0xb7,0xff,0xff,0x36,0xb7,0xff,0xff,0x36,0xb7,0xff,0xff,
    0x36,0xb7,0xff,0xff,0x36,0xb7,0xff,0xff,0x36,0xb6,0xff,0xfe,0x37,0xba,0xff,0xfe,0x37,0xb8,0xff,0xec,0x35,0xbb,0xff,0x13,0x00,0xff,0xff,0x01,0x00,0xff,0xff,0x01,
    0x00,0x00,0x00,0x00,0x00,0x00,0x00,0x00,0x00,0x00,0x00,0x00,0x00,0x00,0x00,0x00,0x00,0x00,0x00,0x00,0x00,0x00,0x00,0x00,0x00,0x00,0x00,0x00,0x00,0x00,0x00,0x00,
    0x00,0x00,0x00,0x00,0x00,0x00,0x00,0x00,0x00,0x00,0x00,0x00,0x00,0x00,0x00,0x00,0x00,0x00,0x00,0x00,0x00,0x00,0x00,0x00,0x00,0x00,0x00,0x00,0x00,0x00,0x00,0x00,
    0x00,0x00,0x00,0x00,0x00,0x00,0x00,0x00,0x00,0x00,0x00,0x00,0x00,0x00,0x00,0x00,0x00,0x00,0x00,0x00,0x00,0x00,0x00,0x00,0x00,0x00,0x00,0x00,0x00,0x00,0x00,0x00,
    0x00,0x00,0x00,0x00,0x00,0x00,0x00,0x00,0x00,0x00,0x00,0x00,0x00,0x00,0x00,0x00,0x00,0x00,0x00,0x00,0x00,0x00,0x00,0x00,0x00,0x00,0x00,0x00,0x00,0x00,0x00,0x00,
    0x00,0x00,0x00,0x00,0x00,0x00,0x00,0x00,0x00,0x00,0x00,0x00,0x00,0x00,0x00,0x00,0x00,0x00,0x00,0x00,0x00,0x00,0x00,0x00,0x00,0x00,0x00,0x00,0x00,0x00,0x00,0x00,
    0x00,0x00,0x00,0x00,0x00,0x00,0x00,0x00,0x00,0x00,0x00,0x00,0x00,0x00,0x00,0x00,0x00,0x00,0x00,0x00,0x00,0x00,0x00,0x00,0x00,0x00,0x00,0x00,0x00,0x00,0x00,0x00,
    0x00,0x00,0x00,0x00,0x00,0x00,0x00,0x00,0x00,0x00,0x00,0x00,0x00,0x00,0x00,0x00,0x00,0x00,0x00,0x00,0x00,0x00,0x00,0x00,0x00,0x00,0x00,0x00,0x00,0x00,0x00,0x00,
    0x00,0x00,0x00,0x00,0x00,0x00,0x00,0x00,0x00,0x00,0x00,0x00,0x00,0x00,0x00,0x00,0x00,0x00,0x00,0x00,0x00,0x00,0x00,0x00,0x00,0x00,0x00,0x00,0x00,0x00,0x00,0x00,
    0x00,0x00,0x00,0x00,0x00,0x00,0x00,0x00,0x00,0x00,0x00,0x00,0x00,0x00,0x00,0x00,0x00,0x00,0x00,0x00,0x00,0x00,0x00,0x00,0x00,0x00,0x00,0x00,0x00,0x00,0x00,0x00,
    0x00,0x00,0x00,0x00,0x00,0x00,0x00,0x00,0x00,0x00,0x00,0x00,0x00,0x00,0x00,0x00,0x00,0x00,0x00,0x00,0x00,0x00,0x00,0x00,0x00,0x00,0x00,0x00,0x00,0x00,0x00,0x00,
    0x00,0x00,0x00,0x00,0x00,0x00,0x00,0x00,0x00,0x00,0x00,0x00,0x00,0x00,0x00,0x00,0x00,0x00,0x00,0x00,0x00,0x00,0x00,0x00,0x00,0x00,0x00,0x00,0x00,0x00,0x00,0x00,
    0x00,0x00,0x00,0x00,0x00,0x00,0x00,0x00,0x00,0x00,0x00,0x00,0x00,0x00,0x00,0x00,0x7f,0x7f,0xff,0x02,0x00,0xff,0xff,0x01,0x38,0xb8,0xff,0x24,0x37,0xbc,0xff,0xf0,
    0x36,0xba,0xff,0xfd,0x36,0xb6,0xff,0xfe,0x36,0xb7,0xff,0xff,0x36,0xb7,0xff,0xff,0x36,0xb7,0xff,0xff,0x36,0xb7,0xff,0xff,0x36,0xb7,0xff,0xff,0x36,0xb7,0xff,0xff,
    0x36,0xb7,0xff,0xff,0x36,0xb7,0xff,0xff,0x35,0xb6,0xff,0xfb,0x3a,0xc6,0xff,0xff,0x35,0xb5,0xff,0x80,0x00,0x00,0x00,0x00,0x55,0xff,0xff,0x03,0x00,0x00,0x00,0x00,
    0x00,0x00,0x00,0x00,0x00,0x00,0x00,0x00,0x00,0x00,0x00,0x00,0x00,0x00,0x00,0x00,0x00,0x00,0x00,0x00,0x00,0x00,0x00,0x00,0x00,0x00,0x00,0x00,0x00,0x00,0x00,0x00,
    0x00,0x00,0x00,0x00,0x00,0x00,0x00,0x00,0x00,0x00,0x00,0x00,0x00,0x00,0x00,0x00,0x00,0x00,0x00,0x00,0x00,0x00,0x00,0x00,0x00,0x00,0x00,0x00,0x00,0x00,0x00,0x00,
    0x00,0x00,0x00,0x00,0x00,0x00,0x00,0x00,0x00,0x00,0x00,0x00,0x00,0x00,0x00,0x00,0x00,0x00,0x00,0x00,0x00,0x00,0x00,0x00,0x00,0x00,0x00,0x00,0x00,0x00,0x00,0x00,
    0x00,0x00,0x00,0x00,0x00,0x00,0x00,0x00,0x00,0x00,0x00,0x00,0x00,0x00,0x00,0x00,0x00,0x00,0x00,0x00,0x00,0x00,0x00,0x00,0x00,0x00,0x00,0x00,0x00,0x00,0x00,0x00,
    0x00,0x00,0x00,0x00,0x00,0x00,0x00,0x00,0x00,0x00,0x00,0x00,0x00,0x00,0x00,0x00,0x00,0x00,0x00,0x00,0x00,0x00,0x00,0x00,0x00,0x00,0x00,0x00,0x00,0x00,0x00,0x00,
    0x00,0x00,0x00,0x00,0x00,0x00,0x00,0x00,0x00,0x00,0x00,0x00,0x00,0x00,0x00,0x00,0x00,0x00,0x00,0x00,0x00,0x00,0x00,0x00,0x00,0x00,0x00,0x00,0x00,0x00,0x00,0x00,
    0x00,0x00,0x00,0x00,0x00,0x00,0x00,0x00,0x00,0x00,0x00,0x00,0x00,0x00,0x00,0x00,0x00,0x00,0x00,0x00,0x00,0x00,0x00,0x00,0x00,0x00,0x00,0x00,0x00,0x00,0x00,0x00,
    0x00,0x00,0x00,0x00,0x00,0x00,0x00,0x00,0x00,0x00,0x00,0x00,0x00,0x00,0x00,0x00,0x00,0x00,0x00,0x00,0x00,0x00,0x00,0x00,0x00,0x00,0x00,0x00,0x00,0x00,0x00,0x00,
    0x00,0x00,0x00,0x00,0x00,0x00,0x00,0x00,0x00,0x00,0x00,0x00,0x00,0x00,0x00,0x00,0x00,0x00,0x00,0x00,0x00,0x00,0x00,0x00,0x00,0x00,0x00,0x00,0x00,0x00,0x00,0x00,
    0x00,0x00,0x00,0x00,0x00,0x00,0x00,0x00,0x00,0x00,0x00,0x00,0x00,0x00,0x00,0x00,0x00,0x00,0x00,0x00,0x00,0x00,0x00,0x00,0x00,0x00,0x00,0x00,0x00,0x00,0x00,0x00,
    0x00,0x00,0x00,0x00,0x00,0x00,0x00,0x00,0x00,0x00,0x00,0x00,0x00,0x00,0x00,0x00,0x00,0x00,0x00,0x00,0x00,0x00,0x00,0x00,0x00,0x00,0x00,0x00,0x00,0x00,0x00,0x00,
    0x00,0x00,0x00,0x00,0x00,0x00,0x00,0x00,0x00,0x00,0x00,0x00,0x00,0x00,0x00,0x00,0x55,0xaa,0xff,0x03,0x00,0x00,0x00,0x00,0x35,0xb6,0xff,0xa1,0x3a,0xc5,0xff,0xff,
    0x35,0xb6,0xff,0xfc,0x36,0xb7,0xff,0xff,0x36,0xb7,0xff,0xff,0x36,0xb7,0xff,0xff,0x36,0xb7,0xff,0xff,0x36,0xb7,0xff,0xff,0x36,0xb7,0xff,0xff,0x36,0xb7,0xff,0xff,
    0x36,0xb7,0xff,0xff,0x36,0xb7,0xff,0xfd,0x37,0xbb,0xff,0xfe,0x37,0xb9,0xff,0xe7,0x35,0xbb,0xff,0x13,0x00,0xff,0xff,0x01,0x00,0xff,0xff,0x01,0x00,0x00,0x00,0x00,
    0x00,0x00,0x00,0x00,0x00,0x00,0x00,0x00,0x00,0x00,0x00,0x00,0x00,0x00,0x00,0x00,0x00,0x00,0x00,0x00,0x00,0x00,0x00,0x00,0x00,0x00,0x00,0x00,0x00,0x00,0x00,0x00,
    0x00,0x00,0x00,0x00,0x00,0x00,0x00,0x00,0x00,0x00,0x00,0x00,0x00,0x00,0x00,0x00,0x00,0x00,0x00,0x00,0x00,0x00,0x00,0x00,0x00,0x00,0x00,0x00,0x00,0x00,0x00,0x00,
    0x00,0x00,0x00,0x00,0x00,0x00,0x00,0x00,0x00,0x00,0x00,0x00,0x00,0x00,0x00,0x00,0x00,0x00,0x00,0x00,0x00,0x00,0x00,0x00,0x00,0x00,0x00,0x00,0x00,0x00,0x00,0x00,
    0x00,0x00,0x00,0x00,0x00,0x00,0x00,0x00,0x00,0x00,0x00,0x00,0x00,0x00,0x00,0x00,0x00,0x00,0x00,0x00,0x00,0x00,0x00,0x00,0x00,0x00,0x00,0x00,0x00,0x00,0x00,0x00,
    0x00,0x00,0x00,0x00,0x00,0x00,0x00,0x00,0x00,0x00,0x00,0x00,0x00,0x00,0x00,0x00,0x00,0x00,0x00,0x00,0x00,0x00,0x00,0x00,0x00,0x00,0x00,0x00,0x00,0x00,0x00,0x00,
    0x00,0x00,0x00,0x00,0x00,0x00,0x00,0x00,0x00,0x00,0x00,0x00,0x00,0x00,0x00,0x00,0x00,0x00,0x00,0x00,0x00,0x00,0x00,0x00,0x00,0x00,0x00,0x00,0x00,0x00,0x00,0x00,
    0x00,0x00,0x00,0x00,0x00,0x00,0x00,0x00,0x00,0x00,0x00,0x00,0x00,0x00,0x00,0x00,0x00,0x00,0x00,0x00,0x00,0x00,0x00,0x00,0x00,0x00,0x00,0x00,0x00,0x00,0x00,0x00,
    0x00,0x00,0x00,0x00,0x00,0x00,0x00,0x00,0x00,0x00,0x00,0x00,0x00,0x00,0x00,0x00,0x00,0x00,0x00,0x00,0x00,0x00,0x00,0x00,0x00,0x00,0x00,0x00,0x00,0x00,0x00,0x00,
    0x00,0x00,0x00,0x00,0x00,0x00,0x00,0x00,0x00,0x00,0x00,0x00,0x00,0x00,0x00,0x00,0x00,0x00,0x00,0x00,0x00,0x00,0x00,0x00,0x00,0x00,0x00,0x00,0x00,0x00,0x00,0x00,
    0x00,0x00,0x00,0x00,0x00,0x00,0x00,0x00,0x00,0x00,0x00,0x00,0x00,0x00,0x00,0x00,0x00,0x00,0x00,0x00,0x00,0x00,0x00,0x00,0x00,0x00,0x00,0x00,0x00,0x00,0x00,0x00,
    0x00,0x00,0x00,0x00,0x00,0x00,0x00,0x00,0x00,0x00,0x00,0x00,0x00,0x00,0x00,0x00,0x00,0x00,0x00,0x00,0x00,0x00,0x00,0x00,0x00,0x00,0x00,0x00,0x00,0x00,0x00,0x00,
    0x00,0x00,0x00,0x00,0x00,0x00,0x00,0x00,0x00,0x00,0x00,0x00,0x7f,0xff,0xff,0x02,0x00,0xff,0xff,0x01,0x34,0xb7,0xff,0x27,0x37,0xbc,0xff,0xf8,0x36,0xb8,0xff,0xfd,
    0x36,0xb7,0xff,0xfe,0x36,0xb7,0xff,0xff,0x36,0xb7,0xff,0xff,0x36,0xb7,0xff,0xff,0x36,0xb7,0xff,0xff,0x36,0xb7,0xff,0xff,0x36,0xb7,0xff,0xff,0x36,0xb7,0xff,0xff,
    0x36,0xb7,0xff,0xff,0x35,0xb6,0xff,0xfc,0x3a,0xc3,0xff,0xff,0x35,0xb4,0xff,0x60,0x00,0x00,0x00,0x00,0x55,0xff,0xff,0x03,0x00,0x00,0x00,0x00,0x00,0x00,0x00,0x00,
    0x00,0x00,0x00,0x00,0x00,0x00,0x00,0x00,0x00,0x00,0x00,0x00,0x00,0x00,0x00,0x00,0x00,0x00,0x00,0x00,0x00,0x00,0x00,0x00,0x00,0x00,0x00,0x00,0x00,0x00,0x00,0x00,
    0x00,0x00,0x00,0x00,0x00,0x00,0x00,0x00,0x00,0x00,0x00,0x00,0x00,0x00,0x00,0x00,0x00,0x00,0x00,0x00,0x00,0x00,0x00,0x00,0x00,0x00,0x00,0x00,0x00,0x00,0x00,0x00,
    0x00,0x00,0x00,0x00,0x00,0x00,0x00,0x00,0x00,0x00,0x00,0x00,0x00,0x00,0x00,0x00,0x00,0x00,0x00,0x00,0x00,0x00,0x00,0x00,0x00,0x00,0x00,0x00,0x00,0x00,0x00,0x00,
    0x00,0x00,0x00,0x00,0x00,0x00,0x00,0x00,0x00,0x00,0x00,0x00,0x00,0x00,0x00,0x00,0x00,0x00,0x00,0x00,0x00,0x00,0x00,0x00,0x00,0x00,0x00,0x00,0x00,0x00,0x00,0x00,
    0x00,0x00,0x00,0x00,0x00,0x00,0x00,0x00,0x00,0x00,0x00,0x00,0x00,0x00,0x00,0x00,0x00,0x00,0x00,0x00,0x00,0x00,0x00,0x00,0x00,0x00,0x00,0x00,0x00,0x00,0x00,0x00,
    0x00,0x00,0x00,0x00,0x00,0x00,0x00,0x00,0x00,0x00,0x00,0x00,0x00,0x00,0x00,0x00,0x00,0x00,0x00,0x00,0x00,0x00,0x00,0x00,0x00,0x00,0x00,0x00,0x00,0x00,0x00,0x00,
    0x00,0x00,0x00,0x00,0x00,0x00,0x00,0x00,0x00,0x00,0x00,0x00,0x00,0x00,0x00,0x00,0x00,0x00,0x00,0x00,0x00,0x00,0x00,0x00,0x00,0x00,0x00,0x00,0x00,0x00,0x00,0x00,
    0x00,0x00,0x00,0x00,0x00,0x00,0x00,0x00,0x00,0x00,0x00,0x00,0x00,0x00,0x00,0x00,0x00,0x00,0x00,0x00,0x00,0x00,0x00,0x00,0x00,0x00,0x00,0x00,0x00,0x00,0x00,0x00,
    0x00,0x00,0x00,0x00,0x00,0x00,0x00,0x00,0x00,0x00,0x00,0x00,0x00,0x00,0x00,0x00,0x00,0x00,0x00,0x00,0x00,0x00,0x00,0x00,0x00,0x00,0x00,0x00,0x00,0x00,0x00,0x00,
    0x00,0x00,0x00,0x00,0x00,0x00,0x00,0x00,0x00,0x00,0x00,0x00,0x00,0x00,0x00,0x00,0x00,0x00,0x00,0x00,0x00,0x00,0x00,0x00,0x00,0x00,0x00,0x00,0x00,0x00,0x00,0x00,
    0x00,0x00,0x00,0x00,0x00,0x00,0x00,0x00,0x00,0x00,0x00,0x00,0x00,0x00,0x00,0x00,0x00,0x00,0x00,0x00,0x00,0x00,0x00,0x00,0x00,0x00,0x00,0x00,0x00,0x00,0x00,0x00,
    0x00,0x00,0x00,0x00,0x00,0x00,0x00,0x00,0x00,0x00,0x00,0x00,0x55,0xff,0xff,0x03,0x00,0x00,0x00,0x00,0x35,0xb4,0xff,0xa1,0x3a,0xc4,0xff,0xff,0x35,0xb6,0xff,0xfc,
    0x36,0xb7,0xff,0xff,0x36,0xb7,0xff,0xff,0x36,0xb7,0xff,0xff,0x36,0xb7,0xff,0xff,0x36,0xb7,0xff,0xff,0x36,0xb7,0xff,0xff,0x36,0xb7,0xff,0xff,0x36,0xb7,0xff,0xff,
    0x36,0xb6,0xff,0xfd,0x38,0xbe,0xff,0xfe,0x36,0xb6,0xff,0xd8,0x24,0xb6,0xff,0x07,0x7f,0xff,0xff,0x02,0x00,0x00,0xff,0x01,0x00,0x00,0x00,0x00,0x00,0x00,0x00,0x00,
    0x00,0x00,0x00,0x00,0x00,0x00,0x00,0x00,0x00,0x00,0x00,0x00,0x00,0x00,0x00,0x00,0x00,0x00,0x00,0x00,0x00,0x00,0x00,0x00,0x00,0x00,0x00,0x00,0x00,0x00,0x00,0x00,
    0x00,0x00,0x00,0x00,0x00,0x00,0x00,0x00,0x00,0x00,0x00,0x00,0x00,0x00,0x00,0x00,0x00,0x00,0x00,0x00,0x00,0x00,0x00,0x00,0x00,0x00,0x00,0x00,0x00,0x00,0x00,0x00,
    0x00,0x00,0x00,0x00,0x00,0x00,0x00,0x00,0x00,0x00,0x00,0x00,0x00,0x00,0x00,0x00,0x00,0x00,0x00,0x00,0x00,0x00,0x00,0x00,0x00,0x00,0x00,0x00,0x00,0x00,0x00,0x00,
    0x00,0x00,0x00,0x00,0x00,0x00,0x00,0x00,0x00,0x00,0x00,0x00,0x00,0x00,0x00,0x00,0x00,0x00,0x00,0x00,0x00,0x00,0x00,0x00,0x00,0x00,0x00,0x00,0x00,0x00,0x00,0x00,
    0x00,0x00,0x00,0x00,0x00,0x00,0x00,0x00,0x00,0x00,0x00,0x00,0x00,0x00,0x00,0x00,0x00,0x00,0x00,0x00,0x00,0x00,0x00,0x00,0x00,0x00,0x00,0x00,0x00,0x00,0x00,0x00,
    0x00,0x00,0x00,0x00,0x00,0x00,0x00,0x00,0x00,0x00,0x00,0x00,0x00,0x00,0x00,0x00,0x00,0x00,0x00,0x00,0x00,0x00,0x00,0x00,0x00,0x00,0x00,0x00,0x00,0x00,0x00,0x00,
    0x00,0x00,0x00,0x00,0x00,0x00,0x00,0x00,0x00,0x00,0x00,0x00,0x00,0x00,0x00,0x00,0x00,0x00,0x00,0x00,0x00,0x00,0x00,0x00,0x00,0x00,0x00,0x00,0x00,0x00,0x00,0x00,
    0x00,0x00,0x00,0x00,0x00,0x00,0x00,0x00,0x00,0x00,0x00,0x00,0x00,0x00,0x00,0x00,0x00,0x00,0x00,0x00,0x00,0x00,0x00,0x00,0x00,0x00,0x00,0x00,0x00,0x00,0x00,0x00,
    0x00,0x00,0x00,0x00,0x00,0x00,0x00,0x00,0x00,0x00,0x00,0x00,0x00,0x00,0x00,0x00,0x00,0x00,0x00,0x00,0x00,0x00,0x00,0x00,0x00,0x00,0x00,0x00,0x00,0x00,0x00,0x00,
    0x00,0x00,0x00,0x00,0x00,0x00,0x00,0x00,0x00,0x00,0x00,0x00,0x00,0x00,0x00,0x00,0x00,0x00,0x00,0x00,0x00,0x00,0x00,0x00,0x00,0x00,0x00,0x00,0x00,0x00,0x00,0x00,
    0x00,0x00,0x00,0x00,0x00,0x00,0x00,0x00,0x00,0x00,0x00,0x00,0x00,0x00,0x00,0x00,0x00,0x00,0x00,0x00,0x00,0x00,0x00,0x00,0x00,0x00,0x00,0x00,0x00,0x00,0x00,0x00,
    0x00,0x00,0x00,0x00,0x00,0x00,0x00,0x00,0x7f,0xff,0xff,0x02,0x00,0x00,0x00,0x00,0x37,0xb9,0xff,0x33,0x37,0xbd,0xff,0xf8,0x36,0xb8,0xff,0xfd,0x36,0xb7,0xff,0xfe,
    0x36,0xb7,0xff,0xff,0x36,0xb7,0xff,0xff,0x36,0xb7,0xff,0xff,0x36,0xb7,0xff,0xff,0x36,0xb7,0xff,0xff,0x36,0xb7,0xff,0xff,0x36,0xb7,0xff,0xff,0x36,0xb7,0xff,0xff,
    0x35,0xb6,0xff,0xfc,0x3a,0xc6,0xff,0xff,0x36,0xb6,0xff,0x63,0x55,0xaa,0xff,0x03,0x3f,0xbf,0xff,0x08,0x3f,0xbf,0xff,0x04,0x3f,0xbf,0xff,0x04,0x3f,0xbf,0xff,0x04,
    0x3f,0xbf,0xff,0x04,0x3f,0xbf,0xff,0x04,0x3f,0xbf,0xff,0x04,0x3f,0xbf,0xff,0x04,0x3f,0xbf,0xff,0x04,0x3f,0xbf,0xff,0x04,0x00,0xff,0xff,0x02,0x00,0x00,0x00,0x00,
    0x00,0x00,0x00,0x00,0x00,0x00,0x00,0x00,0x00,0x00,0x00,0x00,0x00,0x00,0x00,0x00,0x00,0x00,0x00,0x00,0x00,0x00,0x00,0x00,0x00,0x00,0x00,0x00,0x00,0x00,0x00,0x00,
    0x00,0x00,0x00,0x00,0x00,0x00,0x00,0x00,0x00,0x00,0x00,0x00,0x00,0x00,0x00,0x00,0x00,0x00,0x00,0x00,0x00,0x00,0x00,0x00,0x00,0x00,0x00,0x00,0x00,0x00,0x00,0x00,
    0x00,0x00,0x00,0x00,0x00,0x00,0x00,0x00,0x00,0x00,0x00,0x00,0x00,0x00,0x00,0x00,0x00,0x00,0x00,0x00,0x00,0x00,0x00,0x00,0x00,0x00,0x00,0x00,0x00,0x00,0x00,0x00,
    0x00,0x00,0x00,0x00,0x00,0x00,0x00,0x00,0x00,0x00,0x00,0x00,0x00,0x00,0x00,0x00,0x00,0x00,0x00,0x00,0x00,0x00,0x00,0x00,0x00,0x00,0x00,0x00,0x00,0x00,0x00,0x00,
    0x00,0x00,0x00,0x00,0x00,0x00,0x00,0x00,0x00,0x00,0x00,0x00,0x00,0x00,0x00,0x00,0x00,0x00,0x00,0x00,0x00,0x00,0x00,0x00,0x00,0x00,0x00,0x00,0x00,0x00,0x00,0x00,
    0x00,0x00,0x00,0x00,0x00,0x00,0x00,0x00,0x00,0x00,0x00,0x00,0x00,0x00,0x00,0x00,0x00,0x00,0x00,0x00,0x00,0x00,0x00,0x00,0x00,0x00,0x00,0x00,0x00,0x00,0x00,0x00,
    0x00,0x00,0x00,0x00,0x00,0x00,0x00,0x00,0x00,0x00,0x00,0x00,0x00,0x00,0x00,0x00,0x00,0x00,0x00,0x00,0x00,0x00,0x00,0x00,0x00,0x00,0x00,0x00,0x00,0x00,0x00,0x00,
    0x00,0x00,0x00,0x00,0x00,0x00,0x00,0x00,0x00,0x00,0x00,0x00,0x00,0x00,0x00,0x00,0x00,0x00,0x00,0x00,0x00,0x00,0x00,0x00,0x00,0x00,0x00,0x00,0x00,0x00,0x00,0x00,
    0x00,0x00,0x00,0x00,0x00,0x00,0x00,0x00,0x00,0x00,0x00,0x00,0x00,0x00,0x00,0x00,0x00,0x00,0x00,0x00,0x00,0x00,0x00,0x00,0x00,0x00,0x00,0x00,0x00,0x00,0x00,0x00,
    0x00,0x00,0x00,0x00,0x00,0x00,0x00,0x00,0x00,0x00,0x00,0x00,0x00,0x00,0x00,0x00,0x00,0x00,0x00,0x00,0x00,0x00,0x00,0x00,0x00,0x00,0x00,0x00,0x00,0x00,0x00,0x00,
    0x00,0x00,0x00,0x00,0x00,0x00,0x00,0x00,0x7f,0xff,0xff,0x02,0x00,0x00,0x00,0x00,0x36,0xb5,0xff,0xc0,0x39,0xc2,0xff,0xff,0x35,0xb6,0xff,0xfc,0x36,0xb7,0xff,0xff,
    0x36,0xb7,0xff,0xff,0x36,0xb7,0xff,0xff,0x36,0xb7,0xff,0xff,0x36,0xb7,0xff,0xff,0x36,0xb7,0xff,0xff,0x36,0xb7,0xff,0xff,0x36,0xb7,0xff,0xff,0x35,0xb6,0xff,0xfd,
    0x38,0xbf,0xff,0xff,0x36,0xb7,0xff,0xca,0x00,0x00,0x00,0x00,0x00,0x00,0x00,0x00,0x00,0x00,0x00,0x00,0x00,0x00,0x00,0x00,0x00,0x00,0x00,0x00,0x00,0x00,0x00,0x00,
    0x00,0x00,0x00,0x00,0x00,0x00,0x00,0x00,0x00,0x00,0x00,0x00,0x00,0x00,0x00,0x00,0x00,0x00,0x00,0x00,0x00,0x00,0x00,0x00,0x00,0x00,0x00,0x00,0x00,0x00,0x00,0x00,
    0x00,0x00,0x00,0x00,0x00,0x00,0x00,0x00,0x00,0x00,0x00,0x00,0x00,0x00,0x00,0x00,0x00,0x00,0x00,0x00,0x00,0x00,0x00,0x00,0x00,0x00,0x00,0x00,0x00,0x00,0x00,0x00,
    0x00,0x00,0x00,0x00,0x00,0x00,0x00,0x00,0x00,0x00,0x00,0x00,0x00,0x00,0x00,0x00,0x00,0x00,0x00,0x00,0x00,0x00,0x00,0x00,0x00,0x00,0x00,0x00,0x00,0x00,0x00,0x00,
    0x00,0x00,0x00,0x00,0x00,0x00,0x00,0x00,0x00,0x00,0x00,0x00,0x00,0x00,0x00,0x00,0x00,0x00,0x00,0x00,0x00,0x00,0x00,0x00,0x00,0x00,0x00,0x00,0x00,0x00,0x00,0x00,
    0x00,0x00,0x00,0x00,0x00,0x00,0x00,0x00,0x00,0x00,0x00,0x00,0x00,0x00,0x00,0x00,0x00,0x00,0x00,0x00,0x00,0x00,0x00,0x00,0x00,0x00,0x00,0x00,0x00,0x00,0x00,0x00,
    0x00,0x00,0x00,0x00,0x00,0x00,0x00,0x00,0x00,0x00,0x00,0x00,0x00,0x00,0x00,0x00,0x00,0x00,0x00,0x00,0x00,0x00,0x00,0x00,0x00,0x00,0x00,0x00,0x00,0x00,0x00,0x00,
    0x00,0x00,0x00,0x00,0x00,0x00,0x00,0x00,0x00,0x00,0x00,0x00,0x00,0x00,0x00,0x00,0x00,0x00,0x00,0x00,0x00,0x00,0x00,0x00,0x00,0x00,0x00,0x00,0x00,0x00,0x00,0x00,
    0x00,0x00,0x00,0x00,0x00,0x00,0x00,0x00,0x00,0x00,0x00,0x00,0x00,0x00,0x00,0x00,0x00,0x00,0x00,0x00,0x00,0x00,0x00,0x00,0x00,0x00,0x00,0x00,0x00,0x00,0x00,0x00,
    0x00,0x00,0x00,0x00,0x00,0x00,0x00,0x00,0x00,0x00,0x00,0x00,0x00,0x00,0x00,0x00,0x00,0x00,0x00,0x00,0x00,0x00,0x00,0x00,0x00,0x00,0x00,0x00,0x00,0x00,0x00,0x00,
    0x00,0x00,0x00,0x00,0x00,0x00,0x00,0x00,0x00,0x00,0x00,0x00,0x00,0x00,0x00,0x00,0x00,0x00,0x00,0x00,0x00,0x00,0x00,0x00,0x00,0x00,0x00,0x00,0x00,0x00,0x00,0x00,
    0x00,0x00,0x00,0x00,0x00,0x00,0x00,0x00,0x00,0x00,0x00,0x00,0x00,0x00,0x00,0x00,0x00,0x00,0x00,0x00,0x00,0x00,0x00,0x00,0x00,0x00,0x00,0x00,0x00,0x00,0x00,0x00,
    0x00,0x00,0x00,0x00,0x55,0xaa,0xff,0x03,0x00,0x00,0x00,0x00,0x34,0xba,0xff,0x3f,0x38,0xbe,0xff,0xfe,0x35,0xb6,0xff,0xfb,0x36,0xb6,0xff,0xfe,0x36,0xb6,0xff,0xfe,
    0x36,0xb6,0xff,0xfe,0x36,0xb6,0xff,0xfe,0x36,0xb6,0xff,0xfe,0x36,0xb6,0xff,0xfe,0x36,0xb6,0xff,0xfe,0x36,0xb6,0xff,0xfe,0x36,0xb6,0xff,0xfe,0x35,0xb7,0xff,0xfd,
    0x38,0xbe,0xff,0xff,0x35,0xb5,0xff,0xc0,0x36,0xb6,0xff,0x7f,0x36,0xb6,0xff,0x82,0x36,0xb6,0xff,0x7f,0x35,0xb7,0xff,0x80,0x35,0xb7,0xff,0x80,0x35,0xb7,0xff,0x80,
    0x35,0xb7,0xff,0x80,0x35,0xb7,0xff,0x80,0x36,0xb6,0xff,0x7f,0x35,0xb7,0xff,0x80,0x35,0xb4,0xff,0x7c,0x38,0xc1,0xff,0x88,0x36,0xb4,0xff,0x4f,0x00,0x00,0x00,0x00,
    0x7f,0x7f,0xff,0x02,0x00,0x00,0x00,0x00,0x00,0x00,0x00,0x00,0x00,0x00,0x00,0x00,0x00,0x00,0x00,0x00,0x00,0x00,0x00,0x00,0x00,0x00,0x00,0x00,0x00,0x00,0x00,0x00,
    0x00,0x00,0x00,0x00,0x00,0x00,0x00,0x00,0x00,0x00,0x00,0x00,0x00,0x00,0x00,0x00,0x00,0x00,0x00,0x00,0x00,0x00,0x00,0x00,0x00,0x00,0x00,0x00,0x00,0x00,0x00,0x00,
    0x00,0x00,0x00,0x00,0x00,0x00,0x00,0x00,0x00,0x00,0x00,0x00,0x00,0x00,0x00,0x00,0x00,0x00,0x00,0x00,0x00,0x00,0x00,0x00,0x00,0x00,0x00,0x00,0x00,0x00,0x00,0x00,
    0x00,0x00,0x00,0x00,0x00,0x00,0x00,0x00,0x00,0x00,0x00,0x00,0x00,0x00,0x00,0x00,0x00,0x00,0x00,0x00,0x00,0x00,0x00,0x00,0x00,0x00,0x00,0x00,0x00,0x00,0x00,0x00,
    0x00,0x00,0x00,0x00,0x00,0x00,0x00,0x00,0x00,0x00,0x00,0x00,0x00,0x00,0x00,0x00,0x00,0x00,0x00,0x00,0x00,0x00,0x00,0x00,0x00,0x00,0x00,0x00,0x00,0x00,0x00,0x00,
    0x00,0x00,0x00,0x00,0x00,0x00,0x00,0x00,0x00,0x00,0x00,0x00,0x00,0x00,0x00,0x00,0x00,0x00,0x00,0x00,0x00,0x00,0x00,0x00,0x00,0x00,0x00,0x00,0x00,0x00,0x00,0x00,
    0x00,0x00,0x00,0x00,0x00,0x00,0x00,0x00,0x00,0x00,0x00,0x00,0x00,0x00,0x00,0x00,0x00,0x00,0x00,0x00,0x00,0x00,0x00,0x00,0x00,0x00,0x00,0x00,0x00,0x00,0x00,0x00,
    0x00,0x00,0x00,0x00,0x00,0x00,0x00,0x00,0x00,0x00,0x00,0x00,0x00,0x00,0x00,0x00,0x00,0x00,0x00,0x00,0x00,0x00,0x00,0x00,0x00,0x00,0x00,0x00,0x00,0x00,0x00,0x00,
    0x00,0x00,0x00,0x00,0x00,0x00,0x00,0x00,0x00,0x00,0x00,0x00,0x00,0x00,0x00,0x00,0x00,0x00,0x00,0x00,0x00,0x00,0x00,0x00,0x00,0x00,0x00,0x00,0x00,0x00,0x00,0x00,
    0x00,0x00,0x00,0x00,0x00,0x00,0x00,0x00,0x00,0x00,0x00,0x00,0x00,0x00,0x00,0x00,0x00,0x00,0x00,0x00,0x00,0x00,0x00,0x00,0x00,0x00,0x00,0x00,0x00,0x00,0x00,0x00,
    0x00,0x00,0x00,0x00,0x7f,0xff,0xff,0x02,0x00,0xff,0xff,0x01,0x35,0xb7,0xff,0xc3,0x3a,0xc4,0xff,0xff,0x36,0xb8,0xff,0xff,0x37,0xba,0xff,0xff,0x37,0xba,0xff,0xff,
    0x37,0xba,0xff,0xff,0x37,0xba,0xff,0xff,0x37,0xba,0xff,0xff,0x37,0xba,0xff,0xff,0x37,0xba,0xff,0xff,0x37,0xba,0xff,0xff,0x37,0xba,0xff,0xff,0x36,0xb7,0xff,0xff,
    0x36,0xb6,0xff,0xff,0x38,0xbe,0xff,0xff,0x3a,0xc5,0xff,0xff,0x3a,0xc5,0xff,0xff,0x3a,0xc5,0xff,0xff,0x3a,0xc5,0xff,0xff,0x3a,0xc5,0xff,0xff,0x3a,0xc5,0xff,0xff,
    0x3a,0xc5,0xff,0xff,0x3a,0xc5,0xff,0xff,0x3a,0xc5,0xff,0xff,0x39,0xc1,0xff,0xff,0x3d,0xd0,0xff,0xff,0x37,0xba,0xff,0xdd,0x31,0xb8,0xff,0x24,0x7f,0x7f,0xff,0x02,
    0x00,0xff,0xff,0x01,0x00,0x00,0x00,0x00,0x00,0x00,0x00,0x00,0x00,0x00,0x00,0x00,0x00,0x00,0x00,0x00,0x00,0x00,0x00,0x00,0x00,0x00,0x00,0x00,0x00,0x00,0x00,0x00,
    0x00,0x00,0x00,0x00,0x00,0x00,0x00,0x00,0x00,0x00,0x00,0x00,0x00,0x00,0x00,0x00,0x00,0x00,0x00,0x00,0x00,0x00,0x00,0x00,0x00,0x00,0x00,0x00,0x00,0x00,0x00,0x00,
    0x00,0x00,0x00,0x00,0x00,0x00,0x00,0x00,0x00,0x00,0x00,0x00,0x00,0x00,0x00,0x00,0x00,0x00,0x00,0x00,0x00,0x00,0x00,0x00,0x00,0x00,0x00,0x00,0x00,0x00,0x00,0x00,
    0x00,0x00,0x00,0x00,0x00,0x00,0x00,0x00,0x00,0x00,0x00,0x00,0x00,0x00,0x00,0x00,0x00,0x00,0x00,0x00,0x00,0x00,0x00,0x00,0x00,0x00,0x00,0x00,0x00,0x00,0x00,0x00,
    0x00,0x00,0x00,0x00,0x00,0x00,0x00,0x00,0x00,0x00,0x00,0x00,0x00,0x00,0x00,0x00,0x00,0x00,0x00,0x00,0x00,0x00,0x00,0x00,0x00,0x00,0x00,0x00,0x00,0x00,0x00,0x00,
    0x00,0x00,0x00,0x00,0x00,0x00,0x00,0x00,0x00,0x00,0x00,0x00,0x00,0x00,0x00,0x00,0x00,0x00,0x00,0x00,0x00,0x00,0x00,0x00,0x00,0x00,0x00,0x00,0x00,0x00,0x00,0x00,
    0x00,0x00,0x00,0x00,0x00,0x00,0x00,0x00,0x00,0x00,0x00,0x00,0x00,0x00,0x00,0x00,0x00,0x00,0x00,0x00,0x00,0x00,0x00,0x00,0x00,0x00,0x00,0x00,0x00,0x00,0x00,0x00,
    0x00,0x00,0x00,0x00,0x00,0x00,0x00,0x00,0x00,0x00,0x00,0x00,0x00,0x00,0x00,0x00,0x00,0x00,0x00,0x00,0x00,0x00,0x00,0x00,0x00,0x00,0x00,0x00,0x00,0x00,0x00,0x00,
    0x00,0x00,0x00,0x00,0x00,0x00,0x00,0x00,0x00,0x00,0x00,0x00,0x00,0x00,0x00,0x00,0x00,0x00,0x00,0x00,0x00,0x00,0x00,0x00,0x00,0x00,0x00,0x00,0x00,0x00,0x00,0x00,
    0x00,0x00,0x00,0x00,0x00,0x00,0x00,0x00,0x00,0x00,0x00,0x00,0x00,0x00,0x00,0x00,0x00,0x00,0x00,0x00,0x00,0x00,0x00,0x00,0x00,0x00,0x00,0x00,0x00,0x00,0x00,0x00,
    0x55,0xaa,0xff,0x03,0x00,0x00,0x00,0x00,0x36,0xb7,0xff,0x3d,0x37,0xbe,0xff,0xee,0x35,0xb6,0xff,0xed,0x36,0xb7,0xff,0xee,0x36,0xb7,0xff,0xee,0x36,0xb7,0xff,0xee,
    0x36,0xb7,0xff,0xee,0x36,0xb7,0xff,0xee,0x36,0xb7,0xff,0xee,0x36,0xb6,0xff,0xef,0x36,0xb6,0xff,0xef,0x36,0xb7,0xff,0xef,0x35,0xb6,0xff,0xed,0x36,0xb7,0xff,0xff,
    0x36,0xb7,0xff,0xff,0x36,0xb7,0xff,0xfd,0x35,0xb6,0xff,0xfb,0x35,0xb6,0xff,0xfb,0x35,0xb6,0xff,0xfb,0x35,0xb6,0xff,0xfb,0x35,0xb6,0xff,0xfb,0x35,0xb6,0xff,0xfb,
    0x35,0xb6,0xff,0xfb,0x35,0xb6,0xff,0xfb,0x35,0xb6,0xff,0xf7,0x37,0xbd,0xff,0xfd,0x37,0xbb,0xff,0xc7,0x27,0xb0,0xff,0x0d,0x00,0x00,0x00,0x00,0x00,0xff,0xff,0x01,
    0x00,0x00,0x00,0x00,0x00,0x00,0x00,0x00,0x00,0x00,0x00,0x00,0x00,0x00,0x00,0x00,0x00,0x00,0x00,0x00,0x00,0x00,0x00,0x00,0x00,0x00,0x00,0x00,0x00,0x00,0x00,0x00,
    0x00,0x00,0x00,0x00,0x00,0x00,0x00,0x00,0x00,0x00,0x00,0x00,0x00,0x00,0x00,0x00,0x00,0x00,0x00,0x00,0x00,0x00,0x00,0x00,0x00,0x00,0x00,0x00,0x00,0x00,0x00,0x00,
    0x00,0x00,0x00,0x00,0x00,0x00,0x00,0x00,0x00,0x00,0x00,0x00,0x00,0x00,0x00,0x00,0x00,0x00,0x00,0x00,0x00,0x00,0x00,0x00,0x00,0x00,0x00,0x00,0x00,0x00,0x00,0x00,
    0x00,0x00,0x00,0x00,0x00,0x00,0x00,0x00,0x00,0x00,0x00,0x00,0x00,0x00,0x00,0x00,0x00,0x00,0x00,0x00,0x00,0x00,0x00,0x00,0x00,0x00,0x00,0x00,0x00,0x00,0x00,0x00,
    0x00,0x00,0x00,0x00,0x00,0x00,0x00,0x00,0x00,0x00,0x00,0x00,0x00,0x00,0x00,0x00,0x00,0x00,0x00,0x00,0x00,0x00,0x00,0x00,0x00,0x00,0x00,0x00,0x00,0x00,0x00,0x00,
    0x00,0x00,0x00,0x00,0x00,0x00,0x00,0x00,0x00,0x00,0x00,0x00,0x00,0x00,0x00,0x00,0x00,0x00,0x00,0x00,0x00,0x00,0x00,0x00,0x00,0x00,0x00,0x00,0x00,0x00,0x00,0x00,
    0x00,0x00,0x00,0x00,0x00,0x00,0x00,0x00,0x00,0x00,0x00,0x00,0x00,0x00,0x00,0x00,0x00,0x00,0x00,0x00,0x00,0x00,0x00,0x00,0x00,0x00,0x00,0x00,0x00,0x00,0x00,0x00,
    0x00,0x00,0x00,0x00,0x00,0x00,0x00,0x00,0x00,0x00,0x00,0x00,0x00,0x00,0x00,0x00,0x00,0x00,0x00,0x00,0x00,0x00,0x00,0x00,0x00,0x00,0x00,0x00,0x00,0x00,0x00,0x00,
    0x00,0x00,0x00,0x00,0x00,0x00,0x00,0x00,0x00,0x00,0x00,0x00,0x00,0x00,0x00,0x00,0x00,0x00,0x00,0x00,0x00,0x00,0x00,0x00,0x00,0x00,0x00,0x00,0x00,0x00,0x00,0x00,
    0x00,0x00,0x00,0x00,0x00,0x00,0x00,0x00,0x00,0x00,0x00,0x00,0x00,0x00,0x00,0x00,0x00,0x00,0x00,0x00,0x00,0x00,0x00,0x00,0x00,0x00,0x00,0x00,0x00,0x00,0x00,0x00,
    0x00,0x00,0x00,0x00,0x00,0x00,0x00,0x00,0x36,0xb6,0xff,0x0e,0x3f,0xcf,0xff,0x10,0x2f,0xaf,0xff,0x10,0x2d,0xb4,0xff,0x11,0x2d,0xb4,0xff,0x11,0x2d,0xb4,0xff,0x11,
    0x2d,0xb4,0xff,0x11,0x2d,0xb4,0xff,0x11,0x2d,0xb4,0xff,0x11,0x2f,0xbf,0xff,0x10,0x3f,0xb2,0xff,0x14,0x33,0xbb,0xff,0x0f,0x36,0xb7,0xff,0x88,0x39,0xc3,0xff,0xff,
    0x35,0xb7,0xff,0xfc,0x36,0xb7,0xff,0xff,0x36,0xb7,0xff,0xff,0x36,0xb7,0xff,0xff,0x36,0xb7,0xff,0xff,0x36,0xb7,0xff,0xff,0x36,0xb7,0xff,0xff,0x36,0xb7,0xff,0xff,
    0x36,0xb7,0xff,0xff,0x35,0xb5,0xff,0xfd,0x37,0xbd,0xff,0xff,0x37,0xbc,0xff,0xee,0x36,0xb1,0xff,0x21,0x00,0x00,0x00,0x00,0x55,0xaa,0xff,0x03,0x00,0x00,0x00,0x00,
    0x00,0x00,0x00,0x00,0x00,0x00,0x00,0x00,0x00,0x00,0x00,0x00,0x00,0x00,0x00,0x00,0x00,0x00,0x00,0x00,0x00,0x00,0x00,0x00,0x00,0x00,0x00,0x00,0x00,0x00,0x00,0x00,
    0x00,0x00,0x00,0x00,0x00,0x00,0x00,0x00,0x00,0x00,0x00,0x00,0x00,0x00,0x00,0x00,0x00,0x00,0x00,0x00,0x00,0x00,0x00,0x00,0x00,0x00,0x00,0x00,0x00,0x00,0x00,0x00,
    0x00,0x00,0x00,0x00,0x00,0x00,0x00,0x00,0x00,0x00,0x00,0x00,0x00,0x00,0x00,0x00,0x00,0x00,0x00,0x00,0x00,0x00,0x00,0x00,0x00,0x00,0x00,0x00,0x00,0x00,0x00,0x00,
    0x00,0x00,0x00,0x00,0x00,0x00,0x00,0x00,0x00,0x00,0x00,0x00,0x00,0x00,0x00,0x00,0x00,0x00,0x00,0x00,0x00,0x00,0x00,0x00,0x00,0x00,0x00,0x00,0x00,0x00,0x00,0x00,
    0x00,0x00,0x00,0x00,0x00,0x00,0x00,0x00,0x00,0x00,0x00,0x00,0x00,0x00,0x00,0x00,0x00,0x00,0x00,0x00,0x00,0x00,0x00,0x00,0x00,0x00,0x00,0x00,0x00,0x00,0x00,0x00,
    0x00,0x00,0x00,0x00,0x00,0x00,0x00,0x00,0x00,0x00,0x00,0x00,0x00,0x00,0x00,0x00,0x00,0x00,0x00,0x00,0x00,0x00,0x00,0x00,0x00,0x00,0x00,0x00,0x00,0x00,0x00,0x00,
    0x00,0x00,0x00,0x00,0x00,0x00,0x00,0x00,0x00,0x00,0x00,0x00,0x00,0x00,0x00,0x00,0x00,0x00,0x00,0x00,0x00,0x00,0x00,0x00,0x00,0x00,0x00,0x00,0x00,0x00,0x00,0x00,
    0x00,0x00,0x00,0x00,0x00,0x00,0x00,0x00,0x00,0x00,0x00,0x00,0x00,0x00,0x00,0x00,0x00,0x00,0x00,0x00,0x00,0x00,0x00,0x00,0x00,0x00,0x00,0x00,0x00,0x00,0x00,0x00,
    0x00,0x00,0x00,0x00,0x00,0x00,0x00,0x00,0x00,0x00,0x00,0x00,0x00,0x00,0x00,0x00,0x00,0x00,0x00,0x00,0x00,0x00,0x00,0x00,0x00,0x00,0x00,0x00,0x00,0x00,0x00,0x00,
    0x00,0x00,0x00,0x00,0x00,0x00,0x00,0x00,0x00,0x00,0x00,0x00,0x00,0x00,0x00,0x00,0x00,0x00,0x00,0x00,0x00,0x00,0x00,0x00,0x00,0x00,0x00,0x00,0x00,0x00,0x00,0x00,
    0x00,0x00,0x00,0x00,0x00,0x00,0x00,0x00,0x00,0x00,0x00,0x00,0x00,0x00,0x00,0x00,0x00,0x00,0x00,0x00,0x00,0x00,0x00,0x00,0x00,0x00,0x00,0x00,0x00,0x00,0x00,0x00,
    0x00,0x00,0x00,0x00,0x00,0x00,0x00,0x00,0x00,0x00,0x00,0x00,0x00,0x00,0x00,0x00,0x00,0x00,0x00,0x00,0x33,0x99,0xff,0x05,0x35,0xb6,0xff,0xda,0x38,0xbe,0xff,0xff,
    0x35,0xb7,0xff,0xfd,0x36,0xb7,0xff,0xff,0x36,0xb7,0xff,0xff,0x36,0xb7,0xff,0xff,0x36,0xb7,0xff,0xff,0x36,0xb7,0xff,0xff,0x36,0xb7,0xff,0xff,0x36,0xb7,0xff,0xff,
    0x35,0xb5,0xff,0xfd,0x37,0xbc,0xff,0xff,0x37,0xbd,0xff,0xee,0x34,0xb2,0xff,0x35,0x00,0x00,0x00,0x00,0x55,0xaa,0xff,0x03,0x00,0x00,0x00,0x00,0x00,0x00,0x00,0x00,
    0x00,0x00,0x00,0x00,0x00,0x00,0x00,0x00,0x00,0x00,0x00,0x00,0x00,0x00,0x00,0x00,0x00,0x00,0x00,0x00,0x00,0x00,0x00,0x00,0x00,0x00,0x00,0x00,0x00,0x00,0x00,0x00,
    0x00,0x00,0x00,0x00,0x00,0x00,0x00,0x00,0x00,0x00,0x00,0x00,0x00,0x00,0x00,0x00,0x00,0x00,0x00,0x00,0x00,0x00,0x00,0x00,0x00,0x00,0x00,0x00,0x00,0x00,0x00,0x00,
    0x00,0x00,0x00,0x00,0x00,0x00,0x00,0x00,0x00,0x00,0x00,0x00,0x00,0x00,0x00,0x00,0x00,0x00,0x00,0x00,0x00,0x00,0x00,0x00,0x00,0x00,0x00,0x00,0x00,0x00,0x00,0x00,
    0x00,0x00,0x00,0x00,0x00,0x00,0x00,0x00,0x00,0x00,0x00,0x00,0x00,0x00,0x00,0x00,0x00,0x00,0x00,0x00,0x00,0x00,0x00,0x00,0x00,0x00,0x00,0x00,0x00,0x00,0x00,0x00,
    0x00,0x00,0x00,0x00,0x00,0x00,0x00,0x00,0x00,0x00,0x00,0x00,0x00,0x00,0x00,0x00,0x00,0x00,0x00,0x00,0x00,0x00,0x00,0x00,0x00,0x00,0x00,0x00,0x00,0x00,0x00,0x00,
    0x00,0x00,0x00,0x00,0x00,0x00,0x00,0x00,0x00,0x00,0x00,0x00,0x00,0x00,0x00,0x00,0x00,0x00,0x00,0x00,0x00,0x00,0x00,0x00,0x00,0x00,0x00,0x00,0x00,0x00,0x00,0x00,
    0x00,0x00,0x00,0x00,0x00,0x00,0x00,0x00,0x00,0x00,0x00,0x00,0x00,0x00,0x00,0x00,0x00,0x00,0x00,0x00,0x00,0x00,0x00,0x00,0x00,0x00,0x00,0x00,0x00,0x00,0x00,0x00,
    0x00,0x00,0x00,0x00,0x00,0x00,0x00,0x00,0x00,0x00,0x00,0x00,0x00,0x00,0x00,0x00,0x00,0x00,0x00,0x00,0x00,0x00,0x00,0x00,0x00,0x00,0x00,0x00,0x00,0x00,0x00,0x00,
    0x00,0x00,0x00,0x00,0x00,0x00,0x00,0x00,0x00,0x00,0x00,0x00,0x00,0x00,0x00,0x00,0x00,0x00,0x00,0x00,0x00,0x00,0x00,0x00,0x00,0x00,0x00,0x00,0x00,0x00,0x00,0x00,
    0x00,0x00,0x00,0x00,0x00,0x00,0x00,0x00,0x00,0x00,0x00,0x00,0x00,0x00,0x00,0x00,0x00,0x00,0x00,0x00,0x00,0x00,0x00,0x00,0x00,0x00,0x00,0x00,0x00,0x00,0x00,0x00,
    0x00,0x00,0x00,0x00,0x00,0x00,0x00,0x00,0x00,0x00,0xff,0x01,0x00,0xff,0xff,0x01,0x00,0xff,0xff,0x01,0x00,0xff,0xff,0x01,0x00,0xff,0xff,0x01,0x00,0xff,0xff,0x01,
    0x00,0xff,0xff,0x01,0x00,0xff,0xff,0x01,0x00,0xff,0xff,0x01,0x3f,0xbf,0xff,0x04,0x00,0x7f,0xff,0x02,0x34,0xb9,0xff,0x4d,0x39,0xc2,0xff,0xff,0x35,0xb5,0xff,0xfd,
    0x36,0xb7,0xff,0xff,0x36,0xb7,0xff,0xff,0x36,0xb7,0xff,0xff,0x36,0xb7,0xff,0xff,0x36,0xb7,0xff,0xff,0x36,0xb7,0xff,0xff,0x36,0xb7,0xff,0xff,0x35,0xb5,0xff,0xfd,
    0x37,0xbc,0xff,0xff,0x37,0xbd,0xff,0xee,0x34,0xb2,0xff,0x35,0x00,0x00,0x00,0x00,0x55,0xaa,0xff,0x03,0x00,0x00,0x00,0x00,0x00,0x00,0x00,0x00,0x00,0x00,0x00,0x00,
    0x00,0x00,0x00,0x00,0x00,0x00,0x00,0x00,0x00,0x00,0x00,0x00,0x00,0x00,0x00,0x00,0x00,0x00,0x00,0x00,0x00,0x00,0x00,0x00,0x00,0x00,0x00,0x00,0x00,0x00,0x00,0x00,
    0x00,0x00,0x00,0x00,0x00,0x00,0x00,0x00,0x00,0x00,0x00,0x00,0x00,0x00,0x00,0x00,0x00,0x00,0x00,0x00,0x00,0x00,0x00,0x00,0x00,0x00,0x00,0x00,0x00,0x00,0x00,0x00,
    0x00,0x00,0x00,0x00,0x00,0x00,0x00,0x00,0x00,0x00,0x00,0x00,0x00,0x00,0x00,0x00,0x00,0x00,0x00,0x00,0x00,0x00,0x00,0x00,0x00,0x00,0x00,0x00,0x00,0x00,0x00,0x00,
    0x00,0x00,0x00,0x00,0x00,0x00,0x00,0x00,0x00,0x00,0x00,0x00,0x00,0x00,0x00,0x00,0x00,0x00,0x00,0x00,0x00,0x00,0x00,0x00,0x00,0x00,0x00,0x00,0x00,0x00,0x00,0x00,
    0x00,0x00,0x00,0x00,0x00,0x00,0x00,0x00,0x00,0x00,0x00,0x00,0x00,0x00,0x00,0x00,0x00,0x00,0x00,0x00,0x00,0x00,0x00,0x00,0x00,0x00,0x00,0x00,0x00,0x00,0x00,0x00,
    0x00,0x00,0x00,0x00,0x00,0x00,0x00,0x00,0x00,0x00,0x00,0x00,0x00,0x00,0x00,0x00,0x00,0x00,0x00,0x00,0x00,0x00,0x00,0x00,0x00,0x00,0x00,0x00,0x00,0x00,0x00,0x00,
    0x00,0x00,0x00,0x00,0x00,0x00,0x00,0x00,0x00,0x00,0x00,0x00,0x00,0x00,0x00,0x00,0x00,0x00,0x00,0x00,0x00,0x00,0x00,0x00,0x00,0x00,0x00,0x00,0x00,0x00,0x00,0x00,
    0x00,0x00,0x00,0x00,0x00,0x00,0x00,0x00,0x00,0x00,0x00,0x00,0x00,0x00,0x00,0x00,0x00,0x00,0x00,0x00,0x00,0x00,0x00,0x00,0x00,0x00,0x00,0x00,0x00,0x00,0x00,0x00,
    0x00,0x00,0x00,0x00,0x00,0x00,0x00,0x00,0x00,0x00,0x00,0x00,0x00,0x00,0x00,0x00,0x00,0x00,0x00,0x00,0x00,0x00,0x00,0x00,0x00,0x00,0x00,0x00,0x00,0x00,0x00,0x00,
    0x00,0x00,0x00,0x00,0x00,0x00,0x00,0x00,0x00,0x00,0x00,0x00,0x00,0x00,0x00,0x00,0x00,0x00,0x00,0x00,0x00,0x00,0x00,0x00,0x00,0x00,0x00,0x00,0x00,0x00,0x00,0x00,
    0x00,0x00,0x00,0x00,0x00,0x00,0x00,0x00,0x00,0x00,0x00,0x00,0x00,0x00,0x00,0x00,0x00,0x00,0x00,0x00,0x00,0x00,0x00,0x00,0x00,0x00,0x00,0x00,0x00,0x00,0x00,0x00,
    0x00,0x00,0x00,0x00,0x00,0x00,0x00,0x00,0x00,0x00,0x00,0x00,0x7f,0xff,0xff,0x02,0x00,0x00,0x00,0x00,0x36,0xb6,0xff,0xb3,0x39,0xc2,0xff,0xff,0x35,0xb7,0xff,0xfc,
    0x36,0xb7,0xff,0xff,0x36,0xb7,0xff,0xff,0x36,0xb7,0xff,0xff,0x36,0xb7,0xff,0xff,0x36,0xb7,0xff,0xff,0x36,0xb7,0xff,0xff,0x35,0xb6,0xff,0xfd,0x37,0xbd,0xff,0xff,
    0x37,0xbd,0xff,0xee,0x34,0xb2,0xff,0x35,0x00,0x00,0x00,0x00,0x3f,0xbf,0xff,0x04,0x00,0x00,0x00,0x00,0x00,0x00,0x00,0x00,0x00,0x00,0x00,0x00,0x00,0x00,0x00,0x00,
    0x00,0x00,0x00,0x00,0x00,0x00,0x00,0x00,0x00,0x00,0x00,0x00,0x00,0x00,0x00,0x00,0x00,0x00,0x00,0x00,0x00,0x00,0x00,0x00,0x00,0x00,0x00,0x00,0x00,0x00,0x00,0x00,
    0x00,0x00,0x00,0x00,0x00,0x00,0x00,0x00,0x00,0x00,0x00,0x00,0x00,0x00,0x00,0x00,0x00,0x00,0x00,0x00,0x00,0x00,0x00,0x00,0x00,0x00,0x00,0x00,0x00,0x00,0x00,0x00,
    0x00,0x00,0x00,0x00,0x00,0x00,0x00,0x00,0x00,0x00,0x00,0x00,0x00,0x00,0x00,0x00,0x00,0x00,0x00,0x00,0x00,0x00,0x00,0x00,0x00,0x00,0x00,0x00,0x00,0x00,0x00,0x00,
    0x00,0x00,0x00,0x00,0x00,0x00,0x00,0x00,0x00,0x00,0x00,0x00,0x00,0x00,0x00,0x00,0x00,0x00,0x00,0x00,0x00,0x00,0x00,0x00,0x00,0x00,0x00,0x00,0x00,0x00,0x00,0x00,
    0x00,0x00,0x00,0x00,0x00,0x00,0x00,0x00,0x00,0x00,0x00,0x00,0x00,0x00,0x00,0x00,0x00,0x00,0x00,0x00,0x00,0x00,0x00,0x00,0x00,0x00,0x00,0x00,0x00,0x00,0x00,0x00,
    0x00,0x00,0x00,0x00,0x00,0x00,0x00,0x00,0x00,0x00,0x00,0x00,0x00,0x00,0x00,0x00,0x00,0x00,0x00,0x00,0x00,0x00,0x00,0x00,0x00,0x00,0x00,0x00,0x00,0x00,0x00,0x00,
    0x00,0x00,0x00,0x00,0x00,0x00,0x00,0x00,0x00,0x00,0x00,0x00,0x00,0x00,0x00,0x00,0x00,0x00,0x00,0x00,0x00,0x00,0x00,0x00,0x00,0x00,0x00,0x00,0x00,0x00,0x00,0x00,
    0x00,0x00,0x00,0x00,0x00,0x00,0x00,0x00,0x00,0x00,0x00,0x00,0x00,0x00,0x00,0x00,0x00,0x00,0x00,0x00,0x00,0x00,0x00,0x00,0x00,0x00,0x00,0x00,0x00,0x00,0x00,0x00,
    0x00,0x00,0x00,0x00,0x00,0x00,0x00,0x00,0x00,0x00,0x00,0x00,0x00,0x00,0x00,0x00,0x00,0x00,0x00,0x00,0x00,0x00,0x00,0x00,0x00,0x00,0x00,0x00,0x00,0x00,0x00,0x00,
    0x00,0x00,0x00,0x00,0x00,0x00,0x00,0x00,0x00,0x00,0x00,0x00,0x00,0x00,0x00,0x00,0x00,0x00,0x00,0x00,0x00,0x00,0x00,0x00,0x00,0x00,0x00,0x00,0x00,0x00,0x00,0x00,
    0x00,0x00,0x00,0x00,0x00,0x00,0x00,0x00,0x00,0x00,0x00,0x00,0x00,0x00,0x00,0x00,0x00,0x00,0x00,0x00,0x00,0x00,0x00,0x00,0x00,0x00,0x00,0x00,0x00,0x00,0x00,0x00,
    0x00,0x00,0x00,0x00,0x00,0x00,0x00,0x00,0x00,0x7f,0xff,0x02,0x00,0x00,0x00,0x00,0x34,0xbb,0xff,0x22,0x36,0xba,0xff,0xf6,0x36,0xb8,0xff,0xfe,0x36,0xb7,0xff,0xfe,
    0x36,0xb7,0xff,0xff,0x36,0xb7,0xff,0xff,0x36,0xb7,0xff,0xff,0x36,0xb7,0xff,0xff,0x36,0xb7,0xff,0xff,0x35,0xb6,0xff,0xfd,0x37,0xbb,0xff,0xfd,0x37,0xbd,0xff,0xed,
    0x34,0xb2,0xff,0x35,0x00,0x00,0x00,0x00,0x3f,0xbf,0xff,0x04,0x00,0x00,0x00,0x00,0x00,0x00,0x00,0x00,0x00,0x00,0x00,0x00,0x00,0x00,0x00,0x00,0x00,0x00,0x00,0x00,
    0x00,0x00,0x00,0x00,0x00,0x00,0x00,0x00,0x00,0x00,0x00,0x00,0x00,0x00,0x00,0x00,0x00,0x00,0x00,0x00,0x00,0x00,0x00,0x00,0x00,0x00,0x00,0x00,0x00,0x00,0x00,0x00,
    0x00,0x00,0x00,0x00,0x00,0x00,0x00,0x00,0x00,0x00,0x00,0x00,0x00,0x00,0x00,0x00,0x00,0x00,0x00,0x00,0x00,0x00,0x00,0x00,0x00,0x00,0x00,0x00,0x00,0x00,0x00,0x00,
    0x00,0x00,0x00,0x00,0x00,0x00,0x00,0x00,0x00,0x00,0x00,0x00,0x00,0x00,0x00,0x00,0x00,0x00,0x00,0x00,0x00,0x00,0x00,0x00,0x00,0x00,0x00,0x00,0x00,0x00,0x00,0x00,
    0x00,0x00,0x00,0x00,0x00,0x00,0x00,0x00,0x00,0x00,0x00,0x00,0x00,0x00,0x00,0x00,0x00,0x00,0x00,0x00,0x00,0x00,0x00,0x00,0x00,0x00,0x00,0x00,0x00,0x00,0x00,0x00,
    0x00,0x00,0x00,0x00,0x00,0x00,0x00,0x00,0x00,0x00,0x00,0x00,0x00,0x00,0x00,0x00,0x00,0x00,0x00,0x00,0x00,0x00,0x00,0x00,0x00,0x00,0x00,0x00,0x00,0x00,0x00,0x00,
    0x00,0x00,0x00,0x00,0x00,0x00,0x00,0x00,0x00,0x00,0x00,0x00,0x00,0x00,0x00,0x00,0x00,0x00,0x00,0x00,0x00,0x00,0x00,0x00,0x00,0x00,0x00,0x00,0x00,0x00,0x00,0x00,
    0x00,0x00,0x00,0x00,0x00,0x00,0x00,0x00,0x00,0x00,0x00,0x00,0x00,0x00,0x00,0x00,0x00,0x00,0x00,0x00,0x00,0x00,0x00,0x00,0x00,0x00,0x00,0x00,0x00,0x00,0x00,0x00,
    0x00,0x00,0x00,0x00,0x00,0x00,0x00,0x00,0x00,0x00,0x00,0x00,0x00,0x00,0x00,0x00,0x00,0x00,0x00,0x00,0x00,0x00,0x00,0x00,0x00,0x00,0x00,0x00,0x00,0x00,0x00,0x00,
    0x00,0x00,0x00,0x00,0x00,0x00,0x00,0x00,0x00,0x00,0x00,0x00,0x00,0x00,0x00,0x00,0x00,0x00,0x00,0x00,0x00,0x00,0x00,0x00,0x00,0x00,0x00,0x00,0x00,0x00,0x00,0x00,
    0x00,0x00,0x00,0x00,0x00,0x00,0x00,0x00,0x00,0x00,0x00,0x00,0x00,0x00,0x00,0x00,0x00,0x00,0x00,0x00,0x00,0x00,0x00,0x00,0x00,0x00,0x00,0x00,0x00,0x00,0x00,0x00,
    0x00,0x00,0x00,0x00,0x00,0x00,0x00,0x00,0x00,0x00,0x00,0x00,0x00,0x00,0x00,0x00,0x00,0x00,0x00,0x00,0x00,0x00,0x00,0x00,0x00,0x00,0x00,0x00,0x00,0x00,0x00,0x00,
    0x00,0x00,0x00,0x00,0x00,0x00,0x00,0x00,0x55,0xff,0xff,0x03,0x00,0x00,0x00,0x00,0x35,0xb7,0xff,0x81,0x3a,0xc4,0xff,0xff,0x35,0xb6,0xff,0xfc,0x36,0xb7,0xff,0xff,
    0x36,0xb7,0xff,0xff,0x36,0xb7,0xff,0xff,0x36,0xb7,0xff,0xff,0x36,0xb7,0xff,0xff,0x36,0xb6,0xff,0xfe,0x36,0xb9,0xff,0xfd,0x38,0xbc,0xff,0xfe,0x31,0xb2,0xff,0x39,
    0x00,0x00,0x00,0x00,0x3f,0xbf,0xff,0x04,0x00,0x00,0x00,0x00,0x00,0x00,0x00,0x00,0x00,0x00,0x00,0x00,0x00,0x00,0x00,0x00,0x00,0x00,0x00,0x00,0x00,0x00,0x00,0x00,
    0x00,0x00,0x00,0x00,0x00,0x00,0x00,0x00,0x00,0x00,0x00,0x00,0x00,0x00,0x00,0x00,0x00,0x00,0x00,0x00,0x00,0x00,0x00,0x00,0x00,0x00,0x00,0x00,0x00,0x00,0x00,0x00,
    0x00,0x00,0x00,0x00,0x00,0x00,0x00,0x00,0x00,0x00,0x00,0x00,0x00,0x00,0x00,0x00,0x00,0x00,0x00,0x00,0x00,0x00,0x00,0x00,0x00,0x00,0x00,0x00,0x00,0x00,0x00,0x00,
    0x00,0x00,0x00,0x00,0x00,0x00,0x00,0x00,0x00,0x00,0x00,0x00,0x00,0x00,0x00,0x00,0x00,0x00,0x00,0x00,0x00,0x00,0x00,0x00,0x00,0x00,0x00,0x00,0x00,0x00,0x00,0x00,
    0x00,0x00,0x00,0x00,0x00,0x00,0x00,0x00,0x00,0x00,0x00,0x00,0x00,0x00,0x00,0x00,0x00,0x00,0x00,0x00,0x00,0x00,0x00,0x00,0x00,0x00,0x00,0x00,0x00,0x00,0x00,0x00,
    0x00,0x00,0x00,0x00,0x00,0x00,0x00,0x00,0x00,0x00,0x00,0x00,0x00,0x00,0x00,0x00,0x00,0x00,0x00,0x00,0x00,0x00,0x00,0x00,0x00,0x00,0x00,0x00,0x00,0x00,0x00,0x00,
    0x00,0x00,0x00,0x00,0x00,0x00,0x00,0x00,0x00,0x00,0x00,0x00,0x00,0x00,0x00,0x00,0x00,0x00,0x00,0x00,0x00,0x00,0x00,0x00,0x00,0x00,0x00,0x00,0x00,0x00,0x00,0x00,
    0x00,0x00,0x00,0x00,0x00,0x00,0x00,0x00,0x00,0x00,0x00,0x00,0x00,0x00,0x00,0x00,0x00,0x00,0x00,0x00,0x00,0x00,0x00,0x00,0x00,0x00,0x00,0x00,0x00,0x00,0x00,0x00,
    0x00,0x00,0x00,0x00,0x00,0x00,0x00,0x00,0x00,0x00,0x00,0x00,0x00,0x00,0x00,0x00,0x00,0x00,0x00,0x00,0x00,0x00,0x00,0x00,0x00,0x00,0x00,0x00,0x00,0x00,0x00,0x00,
    0x00,0x00,0x00,0x00,0x00,0x00,0x00,0x00,0x00,0x00,0x00,0x00,0x00,0x00,0x00,0x00,0x00,0x00,0x00,0x00,0x00,0x00,0x00,0x00,0x00,0x00,0x00,0x00,0x00,0x00,0x00,0x00,
    0x00,0x00,0x00,0x00,0x00,0x00,0x00,0x00,0x00,0x00,0x00,0x00,0x00,0x00,0x00,0x00,0x00,0x00,0x00,0x00,0x00,0x00,0x00,0x00,0x00,0x00,0x00,0x00,0x00,0x00,0x00,0x00,
    0x00,0x00,0x00,0x00,0x00,0x00,0x00,0x00,0x00,0x00,0x00,0x00,0x00,0x00,0x00,0x00,0x00,0x00,0x00,0x00,0x00,0x00,0x00,0x00,0x00,0x00,0x00,0x00,0x00,0x00,0x00,0x00,
    0x00,0x00,0x00,0x00,0x00,0xff,0xff,0x01,0x00,0xff,0xff,0x01,0x2a,0xbf,0xff,0x0c,0x35,0xb7,0xff,0xe8,0x37,0xbb,0xff,0xff,0x36,0xb6,0xff,0xfe,0x36,0xb7,0xff,0xff,
    0x36,0xb7,0xff,0xff,0x36,0xb7,0xff,0xff,0x36,0xb7,0xff,0xff,0x36,0xb6,0xff,0xfe,0x36,0xb9,0xff,0xfc,0x39,0xc1,0xff,0xff,0x35,0xb3,0xff,0x65,0x00,0x00,0x00,0x00,
    0x3f,0xbf,0xff,0x04,0x00,0x00,0x00,0x00,0x00,0x00,0x00,0x00,0x00,0x00,0x00,0x00,0x00,0x00,0x00,0x00,0x00,0x00,0x00,0x00,0x00,0x00,0x00,0x00,0x00,0x00,0x00,0x00,
    0x00,0x00,0x00,0x00,0x00,0x00,0x00,0x00,0x00,0x00,0x00,0x00,0x00,0x00,0x00,0x00,0x00,0x00,0x00,0x00,0x00,0x00,0x00,0x00,0x00,0x00,0x00,0x00,0x00,0x00,0x00,0x00,
    0x00,0x00,0x00,0x00,0x00,0x00,0x00,0x00,0x00,0x00,0x00,0x00,0x00,0x00,0x00,0x00,0x00,0x00,0x00,0x00,0x00,0x00,0x00,0x00,0x00,0x00,0x00,0x00,0x00,0x00,0x00,0x00,
    0x00,0x00,0x00,0x00,0x00,0x00,0x00,0x00,0x00,0x00,0x00,0x00,0x00,0x00,0x00,0x00,0x00,0x00,0x00,0x00,0x00,0x00,0x00,0x00,0x00,0x00,0x00,0x00,0x00,0x00,0x00,0x00,
    0x00,0x00,0x00,0x00,0x00,0x00,0x00,0x00,0x00,0x00,0x00,0x00,0x00,0x00,0x00,0x00,0x00,0x00,0x00,0x00,0x00,0x00,0x00,0x00,0x00,0x00,0x00,0x00,0x00,0x00,0x00,0x00,
    0x00,0x00,0x00,0x00,0x00,0x00,0x00,0x00,0x00,0x00,0x00,0x00,0x00,0x00,0x00,0x00,0x00,0x00,0x00,0x00,0x00,0x00,0x00,0x00,0x00,0x00,0x00,0x00,0x00,0x00,0x00,0x00,
    0x00,0x00,0x00,0x00,0x00,0x00,0x00,0x00,0x00,0x00,0x00,0x00,0x00,0x00,0x00,0x00,0x00,0x00,0x00,0x00,0x00,0x00,0x00,0x00,0x00,0x00,0x00,0x00,0x00,0x00,0x00,0x00,
    0x00,0x00,0x00,0x00,0x00,0x00,0x00,0x00,0x00,0x00,0x00,0x00,0x00,0x00,0x00,0x00,0x00,0x00,0x00,0x00,0x00,0x00,0x00,0x00,0x00,0x00,0x00,0x00,0x00,0x00,0x00,0x00,
    0x00,0x00,0x00,0x00,0x00,0x00,0x00,0x00,0x00,0x00,0x00,0x00,0x00,0x00,0x00,0x00,0x00,0x00,0x00,0x00,0x00,0x00,0x00,0x00,0x00,0x00,0x00,0x00,0x00,0x00,0x00,0x00,
    0x00,0x00,0x00,0x00,0x00,0x00,0x00,0x00,0x00,0x00,0x00,0x00,0x00,0x00,0x00,0x00,0x00,0x00,0x00,0x00,0x00,0x00,0x00,0x00,0x00,0x00,0x00,0x00,0x00,0x00,0x00,0x00,
    0x00,0x00,0x00,0x00,0x00,0x00,0x00,0x00,0x00,0x00,0x00,0x00,0x00,0x00,0x00,0x00,0x00,0x00,0x00,0x00,0x00,0x00,0x00,0x00,0x00,0x00,0x00,0x00,0x00,0x00,0x00,0x00,
    0x00,0x00,0x00,0x00,0x00,0x00,0x00,0x00,0x00,0x00,0x00,0x00,0x00,0x00,0x00,0x00,0x00,0x00,0x00,0x00,0x00,0x00,0x00,0x00,0x00,0x00,0x00,0x00,0x00,0x00,0x00,0x00,
    0x00,0x00,0x00,0x00,0x3f,0xbf,0xff,0x04,0x00,0x00,0x00,0x00,0x36,0xb7,0xff,0x59,0x39,0xc2,0xff,0xff,0x35,0xb6,0xff,0xfc,0x36,0xb7,0xff,0xff,0x36,0xb7,0xff,0xff,
    0x36,0xb7,0xff,0xff,0x36,0xb7,0xff,0xff,0x36,0xb6,0xff,0xfe,0x36,0xb9,0xff,0xfc,0x39,0xc1,0xff,0xff,0x35,0xb5,0xff,0x65,0x00,0x00,0x00,0x00,0x3f,0xbf,0xff,0x04,
    0x00,0x00,0x00,0x00,0x00,0x00,0x00,0x00,0x00,0x00,0x00,0x00,0x00,0x00,0x00,0x00,0x00,0x00,0x00,0x00,0x00,0x00,0x00,0x00,0x00,0x00,0x00,0x00,0x00,0x00,0x00,0x00,
    0x00,0x00,0x00,0x00,0x00,0x00,0x00,0x00,0x00,0x00,0x00,0x00,0x00,0x00,0x00,0x00,0x00,0x00,0x00,0x00,0x00,0x00,0x00,0x00,0x00,0x00,0x00,0x00,0x00,0x00,0x00,0x00,
    0x00,0x00,0x00,0x00,0x00,0x00,0x00,0x00,0x00,0x00,0x00,0x00,0x00,0x00,0x00,0x00,0x00,0x00,0x00,0x00,0x00,0x00,0x00,0x00,0x00,0x00,0x00,0x00,0x00,0x00,0x00,0x00,
    0x00,0x00,0x00,0x00,0x00,0x00,0x00,0x00,0x00,0x00,0x00,0x00,0x00,0x00,0x00,0x00,0x00,0x00,0x00,0x00,0x00,0x00,0x00,0x00,0x00,0x00,0x00,0x00,0x00,0x00,0x00,0x00,
    0x00,0x00,0x00,0x00,0x00,0x00,0x00,0x00,0x00,0x00,0x00,0x00,0x00,0x00,0x00,0x00,0x00,0x00,0x00,0x00,0x00,0x00,0x00,0x00,0x00,0x00,0x00,0x00,0x00,0x00,0x00,0x00,
    0x00,0x00,0x00,0x00,0x00,0x00,0x00,0x00,0x00,0x00,0x00,0x00,0x00,0x00,0x00,0x00,0x00,0x00,0x00,0x00,0x00,0x00,0x00,0x00,0x00,0x00,0x00,0x00,0x00,0x00,0x00,0x00,
    0x00,0x00,0x00,0x00,0x00,0x00,0x00,0x00,0x00,0x00,0x00,0x00,0x00,0x00,0x00,0x00,0x00,0x00,0x00,0x00,0x00,0x00,0x00,0x00,0x00,0x00,0x00,0x00,0x00,0x00,0x00,0x00,
    0x00,0x00,0x00,0x00,0x00,0x00,0x00,0x00,0x00,0x00,0x00,0x00,0x00,0x00,0x00,0x00,0x00,0x00,0x00,0x00,0x00,0x00,0x00,0x00,0x00,0x00,0x00,0x00,0x00,0x00,0x00,0x00,
    0x00,0x00,0x00,0x00,0x00,0x00,0x00,0x00,0x00,0x00,0x00,0x00,0x00,0x00,0x00,0x00,0x00,0x00,0x00,0x00,0x00,0x00,0x00,0x00,0x00,0x00,0x00,0x00,0x00,0x00,0x00,0x00,
    0x00,0x00,0x00,0x00,0x00,0x00,0x00,0x00,0x00,0x00,0x00,0x00,0x00,0x00,0x00,0x00,0x00,0x00,0x00,0x00,0x00,0x00,0x00,0x00,0x00,0x00,0x00,0x00,0x00,0x00,0x00,0x00,
    0x00,0x00,0x00,0x00,0x00,0x00,0x00,0x00,0x00,0x00,0x00,0x00,0x00,0x00,0x00,0x00,0x00,0x00,0x00,0x00,0x00,0x00,0x00,0x00,0x00,0x00,0x00,0x00,0x00,0x00,0x00,0x00,
    0x00,0x00,0x00,0x00,0x00,0x00,0x00,0x00,0x00,0x00,0x00,0x00,0x00,0x00,0x00,0x00,0x00,0x00,0x00,0x00,0x00,0x00,0x00,0x00,0x00,0x00,0x00,0x00,0x00,0x00,0x00,0x00,
    0x00,0x00,0x00,0x00,0x7f,0xff,0xff,0x02,0x00,0x00,0x00,0x00,0x35,0xb6,0xff,0xbe,0x39,0xc1,0xff,0xff,0x35,0xb7,0xff,0xfc,0x36,0xb7,0xff,0xff,0x36,0xb7,0xff,0xff,
    0x36,0xb7,0xff,0xff,0x36,0xb6,0xff,0xfe,0x36,0xb9,0xff,0xfc,0x39,0xc1,0xff,0xff,0x35,0xb5,0xff,0x65,0x00,0x00,0x00,0x00,0x3f,0xbf,0xff,0x04,0x00,0x00,0x00,0x00,
    0x00,0x00,0x00,0x00,0x00,0x00,0x00,0x00,0x00,0x00,0x00,0x00,0x00,0x00,0x00,0x00,0x00,0x00,0x00,0x00,0x00,0x00,0x00,0x00,0x00,0x00,0x00,0x00,0x00,0x00,0x00,0x00,
    0x00,0x00,0x00,0x00,0x00,0x00,0x00,0x00,0x00,0x00,0x00,0x00,0x00,0x00,0x00,0x00,0x00,0x00,0x00,0x00,0x00,0x00,0x00,0x00,0x00,0x00,0x00,0x00,0x00,0x00,0x00,0x00,
    0x00,0x00,0x00,0x00,0x00,0x00,0x00,0x00,0x00,0x00,0x00,0x00,0x00,0x00,0x00,0x00,0x00,0x00,0x00,0x00,0x00,0x00,0x00,0x00,0x00,0x00,0x00,0x00,0x00,0x00,0x00,0x00,
    0x00,0x00,0x00,0x00,0x00,0x00,0x00,0x00,0x00,0x00,0x00,0x00,0x00,0x00,0x00,0x00,0x00,0x00,0x00,0x00,0x00,0x00,0x00,0x00,0x00,0x00,0x00,0x00,0x00,0x00,0x00,0x00,
    0x00,0x00,0x00,0x00,0x00,0x00,0x00,0x00,0x00,0x00,0x00,0x00,0x00,0x00,0x00,0x00,0x00,0x00,0x00,0x00,0x00,0x00,0x00,0x00,0x00,0x00,0x00,0x00,0x00,0x00,0x00,0x00,
    0x00,0x00,0x00,0x00,0x00,0x00,0x00,0x00,0x00,0x00,0x00,0x00,0x00,0x00,0x00,0x00,0x00,0x00,0x00,0x00,0x00,0x00,0x00,0x00,0x00,0x00,0x00,0x00,0x00,0x00,0x00,0x00,
    0x00,0x00,0x00,0x00,0x00,0x00,0x00,0x00,0x00,0x00,0x00,0x00,0x00,0x00,0x00,0x00,0x00,0x00,0x00,0x00,0x00,0x00,0x00,0x00,0x00,0x00,0x00,0x00,0x00,0x00,0x00,0x00,
    0x00,0x00,0x00,0x00,0x00,0x00,0x00,0x00,0x00,0x00,0x00,0x00,0x00,0x00,0x00,0x00,0x00,0x00,0x00,0x00,0x00,0x00,0x00,0x00,0x00,0x00,0x00,0x00,0x00,0x00,0x00,0x00,
    0x00,0x00,0x00,0x00,0x00,0x00,0x00,0x00,0x00,0x00,0x00,0x00,0x00,0x00,0x00,0x00,0x00,0x00,0x00,0x00,0x00,0x00,0x00,0x00,0x00,0x00,0x00,0x00,0x00,0x00,0x00,0x00,
    0x00,0x00,0x00,0x00,0x00,0x00,0x00,0x00,0x00,0x00,0x00,0x00,0x00,0x00,0x00,0x00,0x00,0x00,0x00,0x00,0x00,0x00,0x00,0x00,0x00,0x00,0x00,0x00,0x00,0x00,0x00,0x00,
    0x00,0x00,0x00,0x00,0x00,0x00,0x00,0x00,0x00,0x00,0x00,0x00,0x00,0x00,0x00,0x00,0x00,0x00,0x00,0x00,0x00,0x00,0x00,0x00,0x00,0x00,0x00,0x00,0x00,0x00,0x00,0x00,
    0x00,0x00,0x00,0x00,0x00,0x00,0x00,0x00,0x00,0x00,0x00,0x00,0x00,0x00,0x00,0x00,0x00,0x00,0x00,0x00,0x00,0x00,0x00,0x00,0x00,0x00,0x00,0x00,0x00,0x00,0x00,0x00,
    0x00,0xff,0xff,0x02,0x00,0x00,0x00,0x00,0x35,0xb7,0xff,0x2b,0x37,0xbb,0xff,0xfb,0x36,0xb7,0xff,0xfe,0x36,0xb7,0xff,0xff,0x36,0xb7,0xff,0xff,0x36,0xb7,0xff,0xff,
    0x36,0xb6,0xff,0xfe,0x36,0xb8,0xff,0xfd,0x39,0xc1,0xff,0xff,0x35,0xb5,0xff,0x65,0x00,0x00,0x00,0x00,0x3f,0xbf,0xff,0x04,0x00,0x00,0x00,0x00,0x00,0x00,0x00,0x00,
    0x00,0x00,0x00,0x00,0x00,0x00,0x00,0x00,0x00,0x00,0x00,0x00,0x00,0x00,0x00,0x00,0x00,0x00,0x00,0x00,0x00,0x00,0x00,0x00,0x00,0x00,0x00,0x00,0x00,0x00,0x00,0x00,
    0x00,0x00,0x00,0x00,0x00,0x00,0x00,0x00,0x00,0x00,0x00,0x00,0x00,0x00,0x00,0x00,0x00,0x00,0x00,0x00,0x00,0x00,0x00,0x00,0x00,0x00,0x00,0x00,0x00,0x00,0x00,0x00,
    0x00,0x00,0x00,0x00,0x00,0x00,0x00,0x00,0x00,0x00,0x00,0x00,0x00,0x00,0x00,0x00,0x00,0x00,0x00,0x00,0x00,0x00,0x00,0x00,0x00,0x00,0x00,0x00,0x00,0x00,0x00,0x00,
    0x00,0x00,0x00,0x00,0x00,0x00,0x00,0x00,0x00,0x00,0x00,0x00,0x00,0x00,0x00,0x00,0x00,0x00,0x00,0x00,0x00,0x00,0x00,0x00,0x00,0x00,0x00,0x00,0x00,0x00,0x00,0x00,
    0x00,0x00,0x00,0x00,0x00,0x00,0x00,0x00,0x00,0x00,0x00,0x00,0x00,0x00,0x00,0x00,0x00,0x00,0x00,0x00,0x00,0x00,0x00,0x00,0x00,0x00,0x00,0x00,0x00,0x00,0x00,0x00,
    0x00,0x00,0x00,0x00,0x00,0x00,0x00,0x00,0x00,0x00,0x00,0x00,0x00,0x00,0x00,0x00,0x00,0x00,0x00,0x00,0x00,0x00,0x00,0x00,0x00,0x00,0x00,0x00,0x00,0x00,0x00,0x00,
    0x00,0x00,0x00,0x00,0x00,0x00,0x00,0x00,0x00,0x00,0x00,0x00,0x00,0x00,0x00,0x00,0x00,0x00,0x00,0x00,0x00,0x00,0x00,0x00,0x00,0x00,0x00,0x00,0x00,0x00,0x00,0x00,
    0x00,0x00,0x00,0x00,0x00,0x00,0x00,0x00,0x00,0x00,0x00,0x00,0x00,0x00,0x00,0x00,0x00,0x00,0x00,0x00,0x00,0x00,0x00,0x00,0x00,0x00,0x00,0x00,0x00,0x00,0x00,0x00,
    0x00,0x00,0x00,0x00,0x00,0x00,0x00,0x00,0x00,0x00,0x00,0x00,0x00,0x00,0x00,0x00,0x00,0x00,0x00,0x00,0x00,0x00,0x00,0x00,0x00,0x00,0x00,0x00,0x00,0x00,0x00,0x00,
    0x00,0x00,0x00,0x00,0x00,0x00,0x00,0x00,0x00,0x00,0x00,0x00,0x00,0x00,0x00,0x00,0x00,0x00,0x00,0x00,0x00,0x00,0x00,0x00,0x00,0x00,0x00,0x00,0x00,0x00,0x00,0x00,
    0x00,0x00,0x00,0x00,0x00,0x00,0x00,0x00,0x00,0x00,0x00,0x00,0x00,0x00,0x00,0x00,0x00,0x00,0x00,0x00,0x00,0x00,0x00,0x00,0x00,0x00,0x00,0x00,0x00,0x00,0x00,0x00,
    0x00,0x00,0x00,0x00,0x00,0x00,0x00,0x00,0x00,0x00,0x00,0x00,0x00,0x00,0x00,0x00,0x00,0x00,0x00,0x00,0x00,0x00,0x00,0x00,0x00,0x00,0x00,0x00,0x00,0x00,0x00,0x00,
    0x3f,0xbf,0xff,0x04,0x00,0x00,0x00,0x00,0x36,0xb6,0xff,0x8d,0x3a,0xc5,0xff,0xff,0x35,0xb6,0xff,0xfb,0x36,0xb7,0xff,0xff,0x36,0xb7,0xff,0xff,0x36,0xb7,0xff,0xfe,
    0x35,0xb7,0xff,0xfb,0x39,0xc0,0xff,0xff,0x35,0xb5,0xff,0x65,0x00,0x00,0x00,0x00,0x3f,0xbf,0xff,0x04,0x00,0x00,0x00,0x00,0x00,0x00,0x00,0x00,0x00,0x00,0x00,0x00,
    0x00,0x00,0x00,0x00,0x00,0x00,0x00,0x00,0x00,0x00,0x00,0x00,0x00,0x00,0x00,0x00,0x00,0x00,0x00,0x00,0x00,0x00,0x00,0x00,0x00,0x00,0x00,0x00,0x00,0x00,0x00,0x00,
    0x00,0x00,0x00,0x00,0x00,0x00,0x00,0x00,0x00,0x00,0x00,0x00,0x00,0x00,0x00,0x00,0x00,0x00,0x00,0x00,0x00,0x00,0x00,0x00,0x00,0x00,0x00,0x00,0x00,0x00,0x00,0x00,
    0x00,0x00,0x00,0x00,0x00,0x00,0x00,0x00,0x00,0x00,0x00,0x00,0x00,0x00,0x00,0x00,0x00,0x00,0x00,0x00,0x00,0x00,0x00,0x00,0x00,0x00,0x00,0x00,0x00,0x00,0x00,0x00,
    0x00,0x00,0x00,0x00,0x00,0x00,0x00,0x00,0x00,0x00,0x00,0x00,0x00,0x00,0x00,0x00,0x00,0x00,0x00,0x00,0x00,0x00,0x00,0x00,0x00,0x00,0x00,0x00,0x00,0x00,0x00,0x00,
    0x00,0x00,0x00,0x00,0x00,0x00,0x00,0x00,0x00,0x00,0x00,0x00,0x00,0x00,0x00,0x00,0x00,0x00,0x00,0x00,0x00,0x00,0x00,0x00,0x00,0x00,0x00,0x00,0x00,0x00,0x00,0x00,
    0x00,0x00,0x00,0x00,0x00,0x00,0x00,0x00,0x00,0x00,0x00,0x00,0x00,0x00,0x00,0x00,0x00,0x00,0x00,0x00,0x00,0x00,0x00,0x00,0x00,0x00,0x00,0x00,0x00,0x00,0x00,0x00,
    0x00,0x00,0x00,0x00,0x00,0x00,0x00,0x00,0x00,0x00,0x00,0x00,0x00,0x00,0x00,0x00,0x00,0x00,0x00,0x00,0x00,0x00,0x00,0x00,0x00,0x00,0x00,0x00,0x00,0x00,0x00,0x00,
    0x00,0x00,0x00,0x00,0x00,0x00,0x00,0x00,0x00,0x00,0x00,0x00,0x00,0x00,0x00,0x00,0x00,0x00,0x00,0x00,0x00,0x00,0x00,0x00,0x00,0x00,0x00,0x00,0x00,0x00,0x00,0x00,
    0x00,0x00,0x00,0x00,0x00,0x00,0x00,0x00,0x00,0x00,0x00,0x00,0x00,0x00,0x00,0x00,0x00,0x00,0x00,0x00,0x00,0x00,0x00,0x00,0x00,0x00,0x00,0x00,0x00,0x00,0x00,0x00,
    0x00,0x00,0x00,0x00,0x00,0x00,0x00,0x00,0x00,0x00,0x00,0x00,0x00,0x00,0x00,0x00,0x00,0x00,0x00,0x00,0x00,0x00,0x00,0x00,0x00,0x00,0x00,0x00,0x00,0x00,0x00,0x00,
    0x00,0x00,0x00,0x00,0x00,0x00,0x00,0x00,0x00,0x00,0x00,0x00,0x00,0x00,0x00,0x00,0x00,0x00,0x00,0x00,0x00,0x00,0x00,0x00,0x00,0x00,0x00,0x00,0x00,0x00,0x00,0x00,
    0x00,0x00,0x00,0x00,0x00,0x00,0x00,0x00,0x00,0x00,0x00,0x00,0x00,0x00,0x00,0x00,0x00,0x00,0x00,0x00,0x00,0x00,0x00,0x00,0x00,0x00,0x00,0x00,0x00,0xff,0xff,0x01,
    0x00,0xff,0xff,0x01,0x2a,0xbf,0xff,0x0c,0x36,0xb6,0xff,0xe6,0x37,0xbb,0xff,0xff,0x36,0xb6,0xff,0xfe,0x36,0xb7,0xff,0xff,0x36,0xb7,0xff,0xff,0x36,0xb6,0xff,0xfa,
    0x3b,0xc8,0xff,0xff,0x35,0xb5,0xff,0x8f,0x00,0x00,0x00,0x00,0x33,0xcc,0xff,0x05,0x00,0x00,0x00,0x00,0x00,0x00,0x00,0x00,0x00,0x00,0x00,0x00,0x00,0x00,0x00,0x00,
    0x00,0x00,0x00,0x00,0x00,0x00,0x00,0x00,0x00,0x00,0x00,0x00,0x00,0x00,0x00,0x00,0x00,0x00,0x00,0x00,0x00,0x00,0x00,0x00,0x00,0x00,0x00,0x00,0x00,0x00,0x00,0x00,
    0x00,0x00,0x00,0x00,0x00,0x00,0x00,0x00,0x00,0x00,0x00,0x00,0x00,0x00,0x00,0x00,0x00,0x00,0x00,0x00,0x00,0x00,0x00,0x00,0x00,0x00,0x00,0x00,0x00,0x00,0x00,0x00,
    0x00,0x00,0x00,0x00,0x00,0x00,0x00,0x00,0x00,0x00,0x00,0x00,0x00,0x00,0x00,0x00,0x00,0x00,0x00,0x00,0x00,0x00,0x00,0x00,0x00,0x00,0x00,0x00,0x00,0x00,0x00,0x00,
    0x00,0x00,0x00,0x00,0x00,0x00,0x00,0x00,0x00,0x00,0x00,0x00,0x00,0x00,0x00,0x00,0x00,0x00,0x00,0x00,0x00,0x00,0x00,0x00,0x00,0x00,0x00,0x00,0x00,0x00,0x00,0x00,
    0x00,0x00,0x00,0x00,0x00,0x00,0x00,0x00,0x00,0x00,0x00,0x00,0x00,0x00,0x00,0x00,0x00,0x00,0x00,0x00,0x00,0x00,0x00,0x00,0x00,0x00,0x00,0x00,0x00,0x00,0x00,0x00,
    0x00,0x00,0x00,0x00,0x00,0x00,0x00,0x00,0x00,0x00,0x00,0x00,0x00,0x00,0x00,0x00,0x00,0x00,0x00,0x00,0x00,0x00,0x00,0x00,0x00,0x00,0x00,0x00,0x00,0x00,0x00,0x00,
    0x00,0x00,0x00,0x00,0x00,0x00,0x00,0x00,0x00,0x00,0x00,0x00,0x00,0x00,0x00,0x00,0x00,0x00,0x00,0x00,0x00,0x00,0x00,0x00,0x00,0x00,0x00,0x00,0x00,0x00,0x00,0x00,
    0x00,0x00,0x00,0x00,0x00,0x00,0x00,0x00,0x00,0x00,0x00,0x00,0x00,0x00,0x00,0x00,0x00,0x00,0x00,0x00,0x00,0x00,0x00,0x00,0x00,0x00,0x00,0x00,0x00,0x00,0x00,0x00,
    0x00,0x00,0x00,0x00,0x00,0x00,0x00,0x00,0x00,0x00,0x00,0x00,0x00,0x00,0x00,0x00,0x00,0x00,0x00,0x00,0x00,0x00,0x00,0x00,0x00,0x00,0x00,0x00,0x00,0x00,0x00,0x00,
    0x00,0x00,0x00,0x00,0x00,0x00,0x00,0x00,0x00,0x00,0x00,0x00,0x00,0x00,0x00,0x00,0x00,0x00,0x00,0x00,0x00,0x00,0x00,0x00,0x00,0x00,0x00,0x00,0x00,0x00,0x00,0x00,
    0x00,0x00,0x00,0x00,0x00,0x00,0x00,0x00,0x00,0x00,0x00,0x00,0x00,0x00,0x00,0x00,0x00,0x00,0x00,0x00,0x00,0x00,0x00,0x00,0x00,0x00,0x00,0x00,0x00,0x00,0x00,0x00,
    0x00,0x00,0x00,0x00,0x00,0x00,0x00,0x00,0x00,0x00,0x00,0x00,0x00,0x00,0x00,0x00,0x00,0x00,0x00,0x00,0x00,0x00,0x00,0x00,0x00,0x00,0x00,0x00,0x3f,0xbf,0xff,0x04,
    0x00,0x00,0x00,0x00,0x36,0xb7,0xff,0x59,0x39,0xc2,0xff,0xff,0x35,0xb6,0xff,0xfc,0x36,0xb7,0xff,0xff,0x36,0xb7,0xff,0xff,0x35,0xb6,0xff,0xfb,0x3a,0xc6,0xff,0xff,
    0x36,0xb7,0xff,0x9a,0x00,0x00,0x00,0x00,0x3f,0xbf,0xff,0x04,0x00,0x00,0xff,0x01,0x00,0x00,0x00,0x00,0x00,0x00,0x00,0x00,0x00,0x00,0x00,0x00,0x00,0x00,0x00,0x00,
    0x00,0x00,0x00,0x00,0x00,0x00,0x00,0x00,0x00,0x00,0x00,0x00,0x00,0x00,0x00,0x00,0x00,0x00,0x00,0x00,0x00,0x00,0x00,0x00,0x00,0x00,0x00,0x00,0x00,0x00,0x00,0x00,
    0x00,0x00,0x00,0x00,0x00,0x00,0x00,0x00,0x00,0x00,0x00,0x00,0x00,0x00,0x00,0x00,0x00,0x00,0x00,0x00,0x00,0x00,0x00,0x00,0x00,0x00,0x00,0x00,0x00,0x00,0x00,0x00,
    0x00,0x00,0x00,0x00,0x00,0x00,0x00,0x00,0x00,0x00,0x00,0x00,0x00,0x00,0x00,0x00,0x00,0x00,0x00,0x00,0x00,0x00,0x00,0x00,0x00,0x00,0x00,0x00,0x00,0x00,0x00,0x00,
    0x00,0x00,0x00,0x00,0x00,0x00,0x00,0x00,0x00,0x00,0x00,0x00,0x00,0x00,0x00,0x00,0x00,0x00,0x00,0x00,0x00,0x00,0x00,0x00,0x00,0x00,0x00,0x00,0x00,0x00,0x00,0x00,
    0x00,0x00,0x00,0x00,0x00,0x00,0x00,0x00,0x00,0x00,0x00,0x00,0x00,0x00,0x00,0x00,0x00,0x00,0x00,0x00,0x00,0x00,0x00,0x00,0x00,0x00,0x00,0x00,0x00,0x00,0x00,0x00,
    0x00,0x00,0x00,0x00,0x00,0x00,0x00,0x00,0x00,0x00,0x00,0x00,0x00,0x00,0x00,0x00,0x00,0x00,0x00,0x00,0x00,0x00,0x00,0x00,0x00,0x00,0x00,0x00,0x00,0x00,0x00,0x00,
    0x00,0x00,0x00,0x00,0x00,0x00,0x00,0x00,0x00,0x00,0x00,0x00,0x00,0x00,0x00,0x00,0x00,0x00,0x00,0x00,0x00,0x00,0x00,0x00,0x00,0x00,0x00,0x00,0x00,0x00,0x00,0x00,
    0x00,0x00,0x00,0x00,0x00,0x00,0x00,0x00,0x00,0x00,0x00,0x00,0x00,0x00,0x00,0x00,0x00,0x00,0x00,0x00,0x00,0x00,0x00,0x00,0x00,0x00,0x00,0x00,0x00,0x00,0x00,0x00,
    0x00,0x00,0x00,0x00,0x00,0x00,0x00,0x00,0x00,0x00,0x00,0x00,0x00,0x00,0x00,0x00,0x00,0x00,0x00,0x00,0x00,0x00,0x00,0x00,0x00,0x00,0x00,0x00,0x00,0x00,0x00,0x00,
    0x00,0x00,0x00,0x00,0x00,0x00,0x00,0x00,0x00,0x00,0x00,0x00,0x00,0x00,0x00,0x00,0x00,0x00,0x00,0x00,0x00,0x00,0x00,0x00,0x00,0x00,0x00,0x00,0x00,0x00,0x00,0x00,
    0x00,0x00,0x00,0x00,0x00,0x00,0x00,0x00,0x00,0x00,0x00,0x00,0x00,0x00,0x00,0x00,0x00,0x00,0x00,0x00,0x00,0x00,0x00,0x00,0x00,0x00,0x00,0x00,0x00,0x00,0x00,0x00,
    0x00,0x00,0x00,0x00,0x00,0x00,0x00,0x00,0x00,0x00,0x00,0x00,0x00,0x00,0x00,0x00,0x00,0x00,0x00,0x00,0x00,0x00,0x00,0x00,0x00,0x00,0x00,0x00,0x7f,0xff,0xff,0x02,
    0x00,0x00,0x00,0x00,0x35,0xb6,0xff,0xbe,0x39,0xc1,0xff,0xff,0x35,0xb7,0xff,0xfc,0x36,0xb7,0xff,0xff,0x35,0xb6,0xff,0xfb,0x3a,0xc6,0xff,0xff,0x36,0xb9,0xff,0x9a,
    0x00,0x00,0x00,0x00,0x7f,0xff,0xff,0x02,0x00,0xff,0xff,0x01,0x00,0x00,0x00,0x00,0x00,0x00,0x00,0x00,0x00,0x00,0x00,0x00,0x00,0x00,0x00,0x00,0x00,0x00,0x00,0x00,
    0x00,0x00,0x00,0x00,0x00,0x00,0x00,0x00,0x00,0x00,0x00,0x00,0x00,0x00,0x00,0x00,0x00,0x00,0x00,0x00,0x00,0x00,0x00,0x00,0x00,0x00,0x00,0x00,0x00,0x00,0x00,0x00,
    0x00,0x00,0x00,0x00,0x00,0x00,0x00,0x00,0x00,0x00,0x00,0x00,0x00,0x00,0x00,0x00,0x00,0x00,0x00,0x00,0x00,0x00,0x00,0x00,0x00,0x00,0x00,0x00,0x00,0x00,0x00,0x00,
    0x00,0x00,0x00,0x00,0x00,0x00,0x00,0x00,0x00,0x00,0x00,0x00,0x00,0x00,0x00,0x00,0x00,0x00,0x00,0x00,0x00,0x00,0x00,0x00,0x00,0x00,0x00,0x00,0x00,0x00,0x00,0x00,
    0x00,0x00,0x00,0x00,0x00,0x00,0x00,0x00,0x00,0x00,0x00,0x00,0x00,0x00,0x00,0x00,0x00,0x00,0x00,0x00,0x00,0x00,0x00,0x00,0x00,0x00,0x00,0x00,0x00,0x00,0x00,0x00,
    0x00,0x00,0x00,0x00,0x00,0x00,0x00,0x00,0x00,0x00,0x00,0x00,0x00,0x00,0x00,0x00,0x00,0x00,0x00,0x00,0x00,0x00,0x00,0x00,0x00,0x00,0x00,0x00,0x00,0x00,0x00,0x00,
    0x00,0x00,0x00,0x00,0x00,0x00,0x00,0x00,0x00,0x00,0x00,0x00,0x00,0x00,0x00,0x00,0x00,0x00,0x00,0x00,0x00,0x00,0x00,0x00,0x00,0x00,0x00,0x00,0x00,0x00,0x00,0x00,
    0x00,0x00,0x00,0x00,0x00,0x00,0x00,0x00,0x00,0x00,0x00,0x00,0x00,0x00,0x00,0x00,0x00,0x00,0x00,0x00,0x00,0x00,0x00,0x00,0x00,0x00,0x00,0x00,0x00,0x00,0x00,0x00,
    0x00,0x00,0x00,0x00,0x00,0x00,0x00,0x00,0x00,0x00,0x00,0x00,0x00,0x00,0x00,0x00,0x00,0x00,0x00,0x00,0x00,0x00,0x00,0x00,0x00,0x00,0x00,0x00,0x00,0x00,0x00,0x00,
    0x00,0x00,0x00,0x00,0x00,0x00,0x00,0x00,0x00,0x00,0x00,0x00,0x00,0x00,0x00,0x00,0x00,0x00,0x00,0x00,0x00,0x00,0x00,0x00,0x00,0x00,0x00,0x00,0x00,0x00,0x00,0x00,
    0x00,0x00,0x00,0x00,0x00,0x00,0x00,0x00,0x00,0x00,0x00,0x00,0x00,0x00,0x00,0x00,0x00,0x00,0x00,0x00,0x00,0x00,0x00,0x00,0x00,0x00,0x00,0x00,0x00,0x00,0x00,0x00,
    0x00,0x00,0x00,0x00,0x00,0x00,0x00,0x00,0x00,0x00,0x00,0x00,0x00,0x00,0x00,0x00,0x00,0x00,0x00,0x00,0x00,0x00,0x00,0x00,0x00,0x00,0x00,0x00,0x00,0x00,0x00,0x00,
    0x00,0x00,0x00,0x00,0x00,0x00,0x00,0x00,0x00,0x00,0x00,0x00,0x00,0x00,0x00,0x00,0x00,0x00,0x00,0x00,0x00,0x00,0x00,0x00,0x00,0xff,0xff,0x02,0x00,0x00,0x00,0x00,
    0x35,0xb7,0xff,0x2b,0x37,0xbb,0xff,0xfb,0x36,0xb7,0xff,0xfe,0x36,0xb7,0xff,0xff,0x35,0xb6,0xff,0xfc,0x3a,0xc6,0xff,0xff,0x36,0xb9,0xff,0x9a,0x00,0x00,0x00,0x00,
    0x55,0xaa,0xff,0x03,0x00,0xff,0xff,0x01,0x00,0x00,0x00,0x00,0x00,0x00,0x00,0x00,0x00,0x00,0x00,0x00,0x00,0x00,0x00,0x00,0x00,0x00,0x00,0x00,0x00,0x00,0x00,0x00,
    0x00,0x00,0x00,0x00,0x00,0x00,0x00,0x00,0x00,0x00,0x00,0x00,0x00,0x00,0x00,0x00,0x00,0x00,0x00,0x00,0x00,0x00,0x00,0x00,0x00,0x00,0x00,0x00,0x00,0x00,0x00,0x00,
    0x00,0x00,0x00,0x00,0x00,0x00,0x00,0x00,0x00,0x00,0x00,0x00,0x00,0x00,0x00,0x00,0x00,0x00,0x00,0x00,0x00,0x00,0x00,0x00,0x00,0x00,0x00,0x00,0x00,0x00,0x00,0x00,
    0x00,0x00,0x00,0x00,0x00,0x00,0x00,0x00,0x00,0x00,0x00,0x00,0x00,0x00,0x00,0x00,0x00,0x00,0x00,0x00,0x00,0x00,0x00,0x00,0x00,0x00,0x00,0x00,0x00,0x00,0x00,0x00,
    0x00,0x00,0x00,0x00,0x00,0x00,0x00,0x00,0x00,0x00,0x00,0x00,0x00,0x00,0x00,0x00,0x00,0x00,0x00,0x00,0x00,0x00,0x00,0x00,0x00,0x00,0x00,0x00,0x00,0x00,0x00,0x00,
    0x00,0x00,0x00,0x00,0x00,0x00,0x00,0x00,0x00,0x00,0x00,0x00,0x00,0x00,0x00,0x00,0x00,0x00,0x00,0x00,0x00,0x00,0x00,0x00,0x00,0x00,0x00,0x00,0x00,0x00,0x00,0x00,
    0x00,0x00,0x00,0x00,0x00,0x00,0x00,0x00,0x00,0x00,0x00,0x00,0x00,0x00,0x00,0x00,0x00,0x00,0x00,0x00,0x00,0x00,0x00,0x00,0x00,0x00,0x00,0x00,0x00,0x00,0x00,0x00,
    0x00,0x00,0x00,0x00,0x00,0x00,0x00,0x00,0x00,0x00,0x00,0x00,0x00,0x00,0x00,0x00,0x00,0x00,0x00,0x00,0x00,0x00,0x00,0x00,0x00,0x00,0x00,0x00,0x00,0x00,0x00,0x00,
    0x00,0x00,0x00,0x00,0x00,0x00,0x00,0x00,0x00,0x00,0x00,0x00,0x00,0x00,0x00,0x00,0x00,0x00,0x00,0x00,0x00,0x00,0x00,0x00,0x00,0x00,0x00,0x00,0x00,0x00,0x00,0x00,
    0x00,0x00,0x00,0x00,0x00,0x00,0x00,0x00,0x00,0x00,0x00,0x00,0x00,0x00,0x00,0x00,0x00,0x00,0x00,0x00,0x00,0x00,0x00,0x00,0x00,0x00,0x00,0x00,0x00,0x00,0x00,0x00,
    0x00,0x00,0x00,0x00,0x00,0x00,0x00,0x00,0x00,0x00,0x00,0x00,0x00,0x00,0x00,0x00,0x00,0x00,0x00,0x00,0x00,0x00,0x00,0x00,0x00,0x00,0x00,0x00,0x00,0x00,0x00,0x00,
    0x00,0x00,0x00,0x00,0x00,0x00,0x00,0x00,0x00,0x00,0x00,0x00,0x00,0x00,0x00,0x00,0x00,0x00,0x00,0x00,0x00,0x00,0x00,0x00,0x00,0x00,0x00,0x00,0x00,0x00,0x00,0x00,
    0x00,0x00,0x00,0x00,0x00,0x00,0x00,0x00,0x00,0x00,0x00,0x00,0x00,0x00,0x00,0x00,0x00,0x00,0x00,0x00,0x00,0x00,0x00,0x00,0x3f,0xbf,0xff,0x04,0x00,0x00,0x00,0x00,
    0x36,0xb6,0xff,0x8d,0x3a,0xc5,0xff,0xff,0x35,0xb6,0xff,0xfb,0x35,0xb5,0xff,0xfb,0x39,0xc2,0xff,0xff,0x36,0xb9,0xff,0x9a,0x00,0x00,0x00,0x00,0x55,0xaa,0xff,0x03,
    0x00,0xff,0xff,0x01,0x00,0x00,0x00,0x00,0x00,0x00,0x00,0x00,0x00,0x00,0x00,0x00,0x00,0x00,0x00,0x00,0x00,0x00,0x00,0x00,0x00,0x00,0x00,0x00,0x00,0x00,0x00,0x00,
    0x00,0x00,0x00,0x00,0x00,0x00,0x00,0x00,0x00,0x00,0x00,0x00,0x00,0x00,0x00,0x00,0x00,0x00,0x00,0x00,0x00,0x00,0x00,0x00,0x00,0x00,0x00,0x00,0x00,0x00,0x00,0x00,
    0x00,0x00,0x00,0x00,0x00,0x00,0x00,0x00,0x00,0x00,0x00,0x00,0x00,0x00,0x00,0x00,0x00,0x00,0x00,0x00,0x00,0x00,0x00,0x00,0x00,0x00,0x00,0x00,0x00,0x00,0x00,0x00,
    0x00,0x00,0x00,0x00,0x00,0x00,0x00,0x00,0x00,0x00,0x00,0x00,0x00,0x00,0x00,0x00,0x00,0x00,0x00,0x00,0x00,0x00,0x00,0x00,0x00,0x00,0x00,0x00,0x00,0x00,0x00,0x00,
    0x00,0x00,0x00,0x00,0x00,0x00,0x00,0x00,0x00,0x00,0x00,0x00,0x00,0x00,0x00,0x00,0x00,0x00,0x00,0x00,0x00,0x00,0x00,0x00,0x00,0x00,0x00,0x00,0x00,0x00,0x00,0x00,
    0x00,0x00,0x00,0x00,0x00,0x00,0x00,0x00,0x00,0x00,0x00,0x00,0x00,0x00,0x00,0x00,0x00,0x00,0x00,0x00,0x00,0x00,0x00,0x00,0x00,0x00,0x00,0x00,0x00,0x00,0x00,0x00,
    0x00,0x00,0x00,0x00,0x00,0x00,0x00,0x00,0x00,0x00,0x00,0x00,0x00,0x00,0x00,0x00,0x00,0x00,0x00,0x00,0x00,0x00,0x00,0x00,0x00,0x00,0x00,0x00,0x00,0x00,0x00,0x00,
    0x00,0x00,0x00,0x00,0x00,0x00,0x00,0x00,0x00,0x00,0x00,0x00,0x00,0x00,0x00,0x00,0x00,0x00,0x00,0x00,0x00,0x00,0x00,0x00,0x00,0x00,0x00,0x00,0x00,0x00,0x00,0x00,
    0x00,0x00,0x00,0x00,0x00,0x00,0x00,0x00,0x00,0x00,0x00,0x00,0x00,0x00,0x00,0x00,0x00,0x00,0x00,0x00,0x00,0x00,0x00,0x00,0x00,0x00,0x00,0x00,0x00,0x00,0x00,0x00,
    0x00,0x00,0x00,0x00,0x00,0x00,0x00,0x00,0x00,0x00,0x00,0x00,0x00,0x00,0x00,0x00,0x00,0x00,0x00,0x00,0x00,0x00,0x00,0x00,0x00,0x00,0x00,0x00,0x00,0x00,0x00,0x00,
    0x00,0x00,0x00,0x00,0x00,0x00,0x00,0x00,0x00,0x00,0x00,0x00,0x00,0x00,0x00,0x00,0x00,0x00,0x00,0x00,0x00,0x00,0x00,0x00,0x00,0x00,0x00,0x00,0x00,0x00,0x00,0x00,
    0x00,0x00,0x00,0x00,0x00,0x00,0x00,0x00,0x00,0x00,0x00,0x00,0x00,0x00,0x00,0x00,0x00,0x00,0x00,0x00,0x00,0x00,0x00,0x00,0x00,0x00,0x00,0x00,0x00,0x00,0x00,0x00,
    0x00,0x00,0x00,0x00,0x00,0x00,0x00,0x00,0x00,0x00,0x00,0x00,0x00,0x00,0x00,0x00,0x00,0x00,0x00,0x00,0x00,0xff,0xff,0x01,0x00,0xff,0xff,0x01,0x2a,0xbf,0xff,0x0c,
    0x36,0xb6,0xff,0xe6,0x37,0xbb,0xff,0xff,0x35,0xb6,0xff,0xf9,0x3a,0xc6,0xff,0xff,0x36,0xb8,0xff,0xbb,0x00,0x00,0x00,0x00,0x55,0xaa,0xff,0x03,0x00,0xff,0xff,0x01,
    0x00,0x00,0x00,0x00,0x00,0x00,0x00,0x00,0x00,0x00,0x00,0x00,0x00,0x00,0x00,0x00,0x00,0x00,0x00,0x00,0x00,0x00,0x00,0x00,0x00,0x00,0x00,0x00,0x00,0x00,0x00,0x00,
    0x00,0x00,0x00,0x00,0x00,0x00,0x00,0x00,0x00,0x00,0x00,0x00,0x00,0x00,0x00,0x00,0x00,0x00,0x00,0x00,0x00,0x00,0x00,0x00,0x00,0x00,0x00,0x00,0x00,0x00,0x00,0x00,
    0x00,0x00,0x00,0x00,0x00,0x00,0x00,0x00,0x00,0x00,0x00,0x00,0x00,0x00,0x00,0x00,0x00,0x00,0x00,0x00,0x00,0x00,0x00,0x00,0x00,0x00,0x00,0x00,0x00,0x00,0x00,0x00,
    0x00,0x00,0x00,0x00,0x00,0x00,0x00,0x00,0x00,0x00,0x00,0x00,0x00,0x00,0x00,0x00,0x00,0x00,0x00,0x00,0x00,0x00,0x00,0x00,0x00,0x00,0x00,0x00,0x00,0x00,0x00,0x00,
    0x00,0x00,0x00,0x00,0x00,0x00,0x00,0x00,0x00,0x00,0x00,0x00,0x00,0x00,0x00,0x00,0x00,0x00,0x00,0x00,0x00,0x00,0x00,0x00,0x00,0x00,0x00,0x00,0x00,0x00,0x00,0x00,
    0x00,0x00,0x00,0x00,0x00,0x00,0x00,0x00,0x00,0x00,0x00,0x00,0x00,0x00,0x00,0x00,0x00,0x00,0x00,0x00,0x00,0x00,0x00,0x00,0x00,0x00,0x00,0x00,0x00,0x00,0x00,0x00,
    0x00,0x00,0x00,0x00,0x00,0x00,0x00,0x00,0x00,0x00,0x00,0x00,0x00,0x00,0x00,0x00,0x00,0x00,0x00,0x00,0x00,0x00,0x00,0x00,0x00,0x00,0x00,0x00,0x00,0x00,0x00,0x00,
    0x00,0x00,0x00,0x00,0x00,0x00,0x00,0x00,0x00,0x00,0x00,0x00,0x00,0x00,0x00,0x00,0x00,0x00,0x00,0x00,0x00,0x00,0x00,0x00,0x00,0x00,0x00,0x00,0x00,0x00,0x00,0x00,
    0x00,0x00,0x00,0x00,0x00,0x00,0x00,0x00,0x00,0x00,0x00,0x00,0x00,0x00,0x00,0x00,0x00,0x00,0x00,0x00,0x00,0x00,0x00,0x00,0x00,0x00,0x00,0x00,0x00,0x00,0x00,0x00,
    0x00,0x00,0x00,0x00,0x00,0x00,0x00,0x00,0x00,0x00,0x00,0x00,0x00,0x00,0x00,0x00,0x00,0x00,0x00,0x00,0x00,0x00,0x00,0x00,0x00,0x00,0x00,0x00,0x00,0x00,0x00,0x00,
    0x00,0x00,0x00,0x00,0x00,0x00,0x00,0x00,0x00,0x00,0x00,0x00,0x00,0x00,0x00,0x00,0x00,0x00,0x00,0x00,0x00,0x00,0x00,0x00,0x00,0x00,0x00,0x00,0x00,0x00,0x00,0x00,
    0x00,0x00,0x00,0x00,0x00,0x00,0x00,0x00,0x00,0x00,0x00,0x00,0x00,0x00,0x00,0x00,0x00,0x00,0x00,0x00,0x00,0x00,0x00,0x00,0x00,0x00,0x00,0x00,0x00,0x00,0x00,0x00,
    0x00,0x00,0x00,0x00,0x00,0x00,0x00,0x00,0x00,0x00,0x00,0x00,0x00,0x00,0x00,0x00,0x00,0x00,0x00,0x00,0x3f,0xbf,0xff,0x04,0x00,0x00,0x00,0x00,0x36,0xb7,0xff,0x59,
    0x39,0xc3,0xff,0xff,0x35,0xb6,0xff,0xf7,0x39,0xc3,0xff,0xff,0x37,0xba,0xff,0xca,0x35,0xae,0xff,0x13,0x7f,0xff,0xff,0x02,0x00,0x7f,0xff,0x02,0x00,0x00,0x00,0x00,
    0x00,0x00,0x00,0x00,0x00,0x00,0x00,0x00,0x00,0x00,0x00,0x00,0x00,0x00,0x00,0x00,0x00,0x00,0x00,0x00,0x00,0x00,0x00,0x00,0x00,0x00,0x00,0x00,0x00,0x00,0x00,0x00,
    0x00,0x00,0x00,0x00,0x00,0x00,0x00,0x00,0x00,0x00,0x00,0x00,0x00,0x00,0x00,0x00,0x00,0x00,0x00,0x00,0x00,0x00,0x00,0x00,0x00,0x00,0x00,0x00,0x00,0x00,0x00,0x00,
    0x00,0x00,0x00,0x00,0x00,0x00,0x00,0x00,0x00,0x00,0x00,0x00,0x00,0x00,0x00,0x00,0x00,0x00,0x00,0x00,0x00,0x00,0x00,0x00,0x00,0x00,0x00,0x00,0x00,0x00,0x00,0x00,
    0x00,0x00,0x00,0x00,0x00,0x00,0x00,0x00,0x00,0x00,0x00,0x00,0x00,0x00,0x00,0x00,0x00,0x00,0x00,0x00,0x00,0x00,0x00,0x00,0x00,0x00,0x00,0x00,0x00,0x00,0x00,0x00,
    0x00,0x00,0x00,0x00,0x00,0x00,0x00,0x00,0x00,0x00,0x00,0x00,0x00,0x00,0x00,0x00,0x00,0x00,0x00,0x00,0x00,0x00,0x00,0x00,0x00,0x00,0x00,0x00,0x00,0x00,0x00,0x00,
    0x00,0x00,0x00,0x00,0x00,0x00,0x00,0x00,0x00,0x00,0x00,0x00,0x00,0x00,0x00,0x00,0x00,0x00,0x00,0x00,0x00,0x00,0x00,0x00,0x00,0x00,0x00,0x00,0x00,0x00,0x00,0x00,
    0x00,0x00,0x00,0x00,0x00,0x00,0x00,0x00,0x00,0x00,0x00,0x00,0x00,0x00,0x00,0x00,0x00,0x00,0x00,0x00,0x00,0x00,0x00,0x00,0x00,0x00,0x00,0x00,0x00,0x00,0x00,0x00,
    0x00,0x00,0x00,0x00,0x00,0x00,0x00,0x00,0x00,0x00,0x00,0x00,0x00,0x00,0x00,0x00,0x00,0x00,0x00,0x00,0x00,0x00,0x00,0x00,0x00,0x00,0x00,0x00,0x00,0x00,0x00,0x00,
    0x00,0x00,0x00,0x00,0x00,0x00,0x00,0x00,0x00,0x00,0x00,0x00,0x00,0x00,0x00,0x00,0x00,0x00,0x00,0x00,0x00,0x00,0x00,0x00,0x00,0x00,0x00,0x00,0x00,0x00,0x00,0x00,
    0x00,0x00,0x00,0x00,0x00,0x00,0x00,0x00,0x00,0x00,0x00,0x00,0x00,0x00,0x00,0x00,0x00,0x00,0x00,0x00,0x00,0x00,0x00,0x00,0x00,0x00,0x00,0x00,0x00,0x00,0x00,0x00,
    0x00,0x00,0x00,0x00,0x00,0x00,0x00,0x00,0x00,0x00,0x00,0x00,0x00,0x00,0x00,0x00,0x00,0x00,0x00,0x00,0x00,0x00,0x00,0x00,0x00,0x00,0x00,0x00,0x00,0x00,0x00,0x00,
    0x00,0x00,0x00,0x00,0x00,0x00,0x00,0x00,0x00,0x00,0x00,0x00,0x00,0x00,0x00,0x00,0x00,0x00,0x00,0x00,0x00,0x00,0x00,0x00,0x00,0x00,0x00,0x00,0x00,0x00,0x00,0x00,
    0x00,0x00,0x00,0x00,0x00,0x00,0x00,0x00,0x00,0x00,0x00,0x00,0x00,0x00,0x00,0x00,0x00,0x00,0x00,0x00,0x7f,0xff,0xff,0x02,0x00,0xff,0xff,0x02,0x35,0xb6,0xff,0xbf,
    0x38,0xbe,0xff,0xfd,0x39,0xc1,0xff,0xff,0x37,0xba,0xff,0xca,0x2d,0xb4,0xff,0x11,0x00,0x00,0x00,0x00,0x00,0x7f,0xff,0x02,0x00,0x00,0x00,0x00,0x00,0x00,0x00,0x00,
    0x00,0x00,0x00,0x00,0x00,0x00,0x00,0x00,0x00,0x00,0x00,0x00,0x00,0x00,0x00,0x00,0x00,0x00,0x00,0x00,0x00,0x00,0x00,0x00,0x00,0x00,0x00,0x00,0x00,0x00,0x00,0x00,
    0x00,0x00,0x00,0x00,0x00,0x00,0x00,0x00,0x00,0x00,0x00,0x00,0x00,0x00,0x00,0x00,0x00,0x00,0x00,0x00,0x00,0x00,0x00,0x00,0x00,0x00,0x00,0x00,0x00,0x00,0x00,0x00,
    0x00,0x00,0x00,0x00,0x00,0x00,0x00,0x00,0x00,0x00,0x00,0x00,0x00,0x00,0x00,0x00,0x00,0x00,0x00,0x00,0x00,0x00,0x00,0x00,0x00,0x00,0x00,0x00,0x00,0x00,0x00,0x00,
    0x00,0x00,0x00,0x00,0x00,0x00,0x00,0x00,0x00,0x00,0x00,0x00,0x00,0x00,0x00,0x00,0x00,0x00,0x00,0x00,0x00,0x00,0x00,0x00,0x00,0x00,0x00,0x00,0x00,0x00,0x00,0x00,
    0x00,0x00,0x00,0x00,0x00,0x00,0x00,0x00,0x00,0x00,0x00,0x00,0x00,0x00,0x00,0x00,0x00,0x00,0x00,0x00,0x00,0x00,0x00,0x00,0x00,0x00,0x00,0x00,0x00,0x00,0x00,0x00,
    0x00,0x00,0x00,0x00,0x00,0x00,0x00,0x00,0x00,0x00,0x00,0x00,0x00,0x00,0x00,0x00,0x00,0x00,0x00,0x00,0x00,0x00,0x00,0x00,0x00,0x00,0x00,0x00,0x00,0x00,0x00,0x00,
    0x00,0x00,0x00,0x00,0x00,0x00,0x00,0x00,0x00,0x00,0x00,0x00,0x00,0x00,0x00,0x00,0x00,0x00,0x00,0x00,0x00,0x00,0x00,0x00,0x00,0x00,0x00,0x00,0x00,0x00,0x00,0x00,
    0x00,0x00,0x00,0x00,0x00,0x00,0x00,0x00,0x00,0x00,0x00,0x00,0x00,0x00,0x00,0x00,0x00,0x00,0x00,0x00,0x00,0x00,0x00,0x00,0x00,0x00,0x00,0x00,0x00,0x00,0x00,0x00,
    0x00,0x00,0x00,0x00,0x00,0x00,0x00,0x00,0x00,0x00,0x00,0x00,0x00,0x00,0x00,0x00,0x00,0x00,0x00,0x00,0x00,0x00,0x00,0x00,0x00,0x00,0x00,0x00,0x00,0x00,0x00,0x00,
    0x00,0x00,0x00,0x00,0x00,0x00,0x00,0x00,0x00,0x00,0x00,0x00,0x00,0x00,0x00,0x00,0x00,0x00,0x00,0x00,0x00,0x00,0x00,0x00,0x00,0x00,0x00,0x00,0x00,0x00,0x00,0x00,
    0x00,0x00,0x00,0x00,0x00,0x00,0x00,0x00,0x00,0x00,0x00,0x00,0x00,0x00,0x00,0x00,0x00,0x00,0x00,0x00,0x00,0x00,0x00,0x00,0x00,0x00,0x00,0x00,0x00,0x00,0x00,0x00,
    0x00,0x00,0x00,0x00,0x00,0x00,0x00,0x00,0x00,0x00,0x00,0x00,0x00,0x00,0x00,0x00,0x00,0x00,0x00,0x00,0x00,0x00,0x00,0x00,0x00,0x00,0x00,0x00,0x00,0x00,0x00,0x00,
    0x00,0x00,0x00,0x00,0x00,0x00,0x00,0x00,0x00,0x00,0x00,0x00,0x00,0x00,0x00,0x00,0x55,0xaa,0xff,0x03,0x00,0x00,0x00,0x00,0x33,0xb8,0xff,0x36,0x37,0xbb,0xff,0xfd,
    0x39,0xc1,0xff,0xff,0x37,0xba,0xff,0xca,0x2d,0xb4,0xff,0x11,0x00,0x00,0x00,0x00,0x7f,0xff,0xff,0x02,0x00,0x00,0x00,0x00,0x00,0x00,0x00,0x00,0x00,0x00,0x00,0x00,
    0x00,0x00,0x00,0x00,0x00,0x00,0x00,0x00,0x00,0x00,0x00,0x00,0x00,0x00,0x00,0x00,0x00,0x00,0x00,0x00,0x00,0x00,0x00,0x00,0x00,0x00,0x00,0x00,0x00,0x00,0x00,0x00,
    0x00,0x00,0x00,0x00,0x00,0x00,0x00,0x00,0x00,0x00,0x00,0x00,0x00,0x00,0x00,0x00,0x00,0x00,0x00,0x00,0x00,0x00,0x00,0x00,0x00,0x00,0x00,0x00,0x00,0x00,0x00,0x00,
    0x00,0x00,0x00,0x00,0x00,0x00,0x00,0x00,0x00,0x00,0x00,0x00,0x00,0x00,0x00,0x00,0x00,0x00,0x00,0x00,0x00,0x00,0x00,0x00,0x00,0x00,0x00,0x00,0x00,0x00,0x00,0x00,
    0x00,0x00,0x00,0x00,0x00,0x00,0x00,0x00,0x00,0x00,0x00,0x00,0x00,0x00,0x00,0x00,0x00,0x00,0x00,0x00,0x00,0x00,0x00,0x00,0x00,0x00,0x00,0x00,0x00,0x00,0x00,0x00,
    0x00,0x00,0x00,0x00,0x00,0x00,0x00,0x00,0x00,0x00,0x00,0x00,0x00,0x00,0x00,0x00,0x00,0x00,0x00,0x00,0x00,0x00,0x00,0x00,0x00,0x00,0x00,0x00,0x00,0x00,0x00,0x00,
    0x00,0x00,0x00,0x00,0x00,0x00,0x00,0x00,0x00,0x00,0x00,0x00,0x00,0x00,0x00,0x00,0x00,0x00,0x00,0x00,0x00,0x00,0x00,0x00,0x00,0x00,0x00,0x00,0x00,0x00,0x00,0x00,
    0x00,0x00,0x00,0x00,0x00,0x00,0x00,0x00,0x00,0x00,0x00,0x00,0x00,0x00,0x00,0x00,0x00,0x00,0x00,0x00,0x00,0x00,0x00,0x00,0x00,0x00,0x00,0x00,0x00,0x00,0x00,0x00,
    0x00,0x00,0x00,0x00,0x00,0x00,0x00,0x00,0x00,0x00,0x00,0x00,0x00,0x00,0x00,0x00,0x00,0x00,0x00,0x00,0x00,0x00,0x00,0x00,0x00,0x00,0x00,0x00,0x00,0x00,0x00,0x00,
    0x00,0x00,0x00,0x00,0x00,0x00,0x00,0x00,0x00,0x00,0x00,0x00,0x00,0x00,0x00,0x00,0x00,0x00,0x00,0x00,0x00,0x00,0x00,0x00,0x00,0x00,0x00,0x00,0x00,0x00,0x00,0x00,
    0x00,0x00,0x00,0x00,0x00,0x00,0x00,0x00,0x00,0x00,0x00,0x00,0x00,0x00,0x00,0x00,0x00,0x00,0x00,0x00,0x00,0x00,0x00,0x00,0x00,0x00,0x00,0x00,0x00,0x00,0x00,0x00,
    0x00,0x00,0x00,0x00,0x00,0x00,0x00,0x00,0x00,0x00,0x00,0x00,0x00,0x00,0x00,0x00,0x00,0x00,0x00,0x00,0x00,0x00,0x00,0x00,0x00,0x00,0x00,0x00,0x00,0x00,0x00,0x00,
    0x00,0x00,0x00,0x00,0x00,0x00,0x00,0x00,0x00,0x00,0x00,0x00,0x00,0x00,0x00,0x00,0x00,0x00,0x00,0x00,0x00,0x00,0x00,0x00,0x00,0x00,0x00,0x00,0x00,0x00,0x00,0x00,
    0x00,0x00,0x00,0x00,0x00,0x00,0x00,0x00,0x00,0x00,0x00,0x00,0x00,0x00,0x00,0x00,0x55,0xff,0xff,0x03,0x00,0x00,0x00,0x00,0x36,0xb4,0xff,0x97,0x3d,0xce,0xff,0xff,
    0x37,0xb9,0xff,0xc7,0x2d,0xb4,0xff,0x11,0x00,0x00,0x00,0x00,0x7f,0xff,0xff,0x02,0x00,0x00,0x00,0x00,0x00,0x00,0x00,0x00,0x00,0x00,0x00,0x00,0x00,0x00,0x00,0x00,
    0x00,0x00,0x00,0x00,0x00,0x00,0x00,0x00,0x00,0x00,0x00,0x00,0x00,0x00,0x00,0x00,0x00,0x00,0x00,0x00,0x00,0x00,0x00,0x00,0x00,0x00,0x00,0x00,0x00,0x00,0x00,0x00,
    0x00,0x00,0x00,0x00,0x00,0x00,0x00,0x00,0x00,0x00,0x00,0x00,0x00,0x00,0x00,0x00,0x00,0x00,0x00,0x00,0x00,0x00,0x00,0x00,0x00,0x00,0x00,0x00,0x00,0x00,0x00,0x00,
    0x00,0x00,0x00,0x00,0x00,0x00,0x00,0x00,0x00,0x00,0x00,0x00,0x00,0x00,0x00,0x00,0x00,0x00,0x00,0x00,0x00,0x00,0x00,0x00,0x00,0x00,0x00,0x00,0x00,0x00,0x00,0x00,
    0x00,0x00,0x00,0x00,0x00,0x00,0x00,0x00,0x00,0x00,0x00,0x00,0x00,0x00,0x00,0x00,0x00,0x00,0x00,0x00,0x00,0x00,0x00,0x00,0x00,0x00,0x00,0x00,0x00,0x00,0x00,0x00,
    0x00,0x00,0x00,0x00,0x00,0x00,0x00,0x00,0x00,0x00,0x00,0x00,0x00,0x00,0x00,0x00,0x00,0x00,0x00,0x00,0x00,0x00,0x00,0x00,0x00,0x00,0x00,0x00,0x00,0x00,0x00,0x00,
    0x00,0x00,0x00,0x00,0x00,0x00,0x00,0x00,0x00,0x00,0x00,0x00,0x00,0x00,0x00,0x00,0x00,0x00,0x00,0x00,0x00,0x00,0x00,0x00,0x00,0x00,0x00,0x00,0x00,0x00,0x00,0x00,
    0x00,0x00,0x00,0x00,0x00,0x00,0x00,0x00,0x00,0x00,0x00,0x00,0x00,0x00,0x00,0x00,0x00,0x00,0x00,0x00,0x00,0x00,0x00,0x00,0x00,0x00,0x00,0x00,0x00,0x00,0x00,0x00,
    0x00,0x00,0x00,0x00,0x00,0x00,0x00,0x00,0x00,0x00,0x00,0x00,0x00,0x00,0x00,0x00,0x00,0x00,0x00,0x00,0x00,0x00,0x00,0x00,0x00,0x00,0x00,0x00,0x00,0x00,0x00,0x00,
    0x00,0x00,0x00,0x00,0x00,0x00,0x00,0x00,0x00,0x00,0x00,0x00,0x00,0x00,0x00,0x00,0x00,0x00,0x00,0x00,0x00,0x00,0x00,0x00,0x00,0x00,0x00,0x00,0x00,0x00,0x00,0x00,
    0x00,0x00,0x00,0x00,0x00,0x00,0x00,0x00,0x00,0x00,0x00,0x00,0x00,0x00,0x00,0x00,0x00,0x00,0x00,0x00,0x00,0x00,0x00,0x00,0x00,0x00,0x00,0x00,0x00,0x00,0x00,0x00,
    0x00,0x00,0x00,0x00,0x00,0x00,0x00,0x00,0x00,0x00,0x00,0x00,0x00,0x00,0x00,0x00,0x00,0x00,0x00,0x00,0x00,0x00,0x00,0x00,0x00,0x00,0x00,0x00,0x00,0x00,0x00,0x00,
    0x00,0x00,0x00,0x00,0x00,0x00,0x00,0x00,0x00,0x00,0x00,0x00,0x00,0x00,0x00,0x00,0x00,0x00,0x00,0x00,0x00,0x00,0x00,0x00,0x00,0x00,0x00,0x00,0x00,0x00,0x00,0x00,
    0x00,0x00,0x00,0x00,0x00,0x00,0x00,0x00,0x00,0x00,0x00,0x00,0x00,0xff,0xff,0x01,0x00,0xff,0xff,0x01,0x33,0xbb,0xff,0x0f,0x38,0xbe,0xff,0xf1,0x37,0xbd,0xff,0xd3,
    0x2f,0xaf,0xff,0x10,0x00,0x00,0x00,0x00,0x7f,0xff,0xff,0x02,0x00,0x00,0x00,0x00,0x00,0x00,0x00,0x00,0x00,0x00,0x00,0x00,0x00,0x00,0x00,0x00,0x00,0x00,0x00,0x00,
    0x00,0x00,0x00,0x00,0x00,0x00,0x00,0x00,0x00,0x00,0x00,0x00,0x00,0x00,0x00,0x00,0x00,0x00,0x00,0x00,0x00,0x00,0x00,0x00,0x00,0x00,0x00,0x00,0x00,0x00,0x00,0x00,
    0x00,0x00,0x00,0x00,0x00,0x00,0x00,0x00,0x00,0x00,0x00,0x00,0x00,0x00,0x00,0x00,0x00,0x00,0x00,0x00,0x00,0x00,0x00,0x00,0x00,0x00,0x00,0x00,0x00,0x00,0x00,0x00,
    0x00,0x00,0x00,0x00,0x00,0x00,0x00,0x00,0x00,0x00,0x00,0x00,0x00,0x00,0x00,0x00,0x00,0x00,0x00,0x00,0x00,0x00,0x00,0x00,0x00,0x00,0x00,0x00,0x00,0x00,0x00,0x00,
    0x00,0x00,0x00,0x00,0x00,0x00,0x00,0x00,0x00,0x00,0x00,0x00,0x00,0x00,0x00,0x00,0x00,0x00,0x00,0x00,0x00,0x00,0x00,0x00,0x00,0x00,0x00,0x00,0x00,0x00,0x00,0x00,
    0x00,0x00,0x00,0x00,0x00,0x00,0x00,0x00,0x00,0x00,0x00,0x00,0x00,0x00,0x00,0x00,0x00,0x00,0x00,0x00,0x00,0x00,0x00,0x00,0x00,0x00,0x00,0x00,0x00,0x00,0x00,0x00,
    0x00,0x00,0x00,0x00,0x00,0x00,0x00,0x00,0x00,0x00,0x00,0x00,0x00,0x00,0x00,0x00,0x00,0x00,0x00,0x00,0x00,0x00,0x00,0x00,0x00,0x00,0x00,0x00,0x00,0x00,0x00,0x00,
    0x00,0x00,0x00,0x00,0x00,0x00,0x00,0x00,0x00,0x00,0x00,0x00,0x00,0x00,0x00,0x00,0x00,0x00,0x00,0x00,0x00,0x00,0x00,0x00,0x00,0x00,0x00,0x00,0x00,0x00,0x00,0x00,
    0x00,0x00,0x00,0x00,0x00,0x00,0x00,0x00,0x00,0x00,0x00,0x00,0x00,0x00,0x00,0x00,0x00,0x00,0x00,0x00,0x00,0x00,0x00,0x00,0x00,0x00,0x00,0x00,0x00,0x00,0x00,0x00,
    0x00,0x00,0x00,0x00,0x00,0x00,0x00,0x00,0x00,0x00,0x00,0x00,0x00,0x00,0x00,0x00,0x00,0x00,0x00,0x00,0x00,0x00,0x00,0x00,0x00,0x00,0x00,0x00,0x00,0x00,0x00,0x00,
    0x00,0x00,0x00,0x00,0x00,0x00,0x00,0x00,0x00,0x00,0x00,0x00,0x00,0x00,0x00,0x00,0x00,0x00,0x00,0x00,0x00,0x00,0x00,0x00,0x00,0x00,0x00,0x00,0x00,0x00,0x00,0x00,
    0x00,0x00,0x00,0x00,0x00,0x00,0x00,0x00,0x00,0x00,0x00,0x00,0x00,0x00,0x00,0x00,0x00,0x00,0x00,0x00,0x00,0x00,0x00,0x00,0x00,0x00,0x00,0x00,0x00,0x00,0x00,0x00,
    0x00,0x00,0x00,0x00,0x00,0x00,0x00,0x00,0x00,0x00,0x00,0x00,0x00,0x00,0x00,0x00,0x00,0x00,0x00,0x00,0x00,0x00,0x00,0x00,0x00,0x00,0x00,0x00,0x00,0x00,0x00,0x00,
    0x00,0x00,0x00,0x00,0x00,0x00,0x00,0x00,0x00,0x00,0x00,0x00,0x3f,0xbf,0xff,0x04,0x00,0x00,0x00,0x00,0x35,0xb6,0xff,0x6d,0x39,0xc2,0xff,0xf9,0x35,0xb1,0xff,0x2b,
    0x00,0x00,0x00,0x00,0x55,0xff,0xff,0x03,0x00,0x00,0x00,0x00,0x00,0x00,0x00,0x00,0x00,0x00,0x00,0x00,0x00,0x00,0x00,0x00,0x00,0x00,0x00,0x00,0x00,0x00,0x00,0x00,
    0x00,0x00,0x00,0x00,0x00,0x00,0x00,0x00,0x00,0x00,0x00,0x00,0x00,0x00,0x00,0x00,0x00,0x00,0x00,0x00,0x00,0x00,0x00,0x00,0x00,0x00,0x00,0x00,0x00,0x00,0x00,0x00,
    0x00,0x00,0x00,0x00,0x00,0x00,0x00,0x00,0x00,0x00,0x00,0x00,0x00,0x00,0x00,0x00,0x00,0x00,0x00,0x00,0x00,0x00,0x00,0x00,0x00,0x00,0x00,0x00,0x00,0x00,0x00,0x00,
    0x00,0x00,0x00,0x00,0x00,0x00,0x00,0x00,0x00,0x00,0x00,0x00,0x00,0x00,0x00,0x00,0x00,0x00,0x00,0x00,0x00,0x00,0x00,0x00,0x00,0x00,0x00,0x00,0x00,0x00,0x00,0x00,
    0x00,0x00,0x00,0x00,0x00,0x00,0x00,0x00,0x00,0x00,0x00,0x00,0x00,0x00,0x00,0x00,0x00,0x00,0x00,0x00,0x00,0x00,0x00,0x00,0x00,0x00,0x00,0x00,0x00,0x00,0x00,0x00,
    0x00,0x00,0x00,0x00,0x00,0x00,0x00,0x00,0x00,0x00,0x00,0x00,0x00,0x00,0x00,0x00,0x00,0x00,0x00,0x00,0x00,0x00,0x00,0x00,0x00,0x00,0x00,0x00,0x00,0x00,0x00,0x00,
    0x00,0x00,0x00,0x00,0x00,0x00,0x00,0x00,0x00,0x00,0x00,0x00,0x00,0x00,0x00,0x00,0x00,0x00,0x00,0x00,0x00,0x00,0x00,0x00,0x00,0x00,0x00,0x00,0x00,0x00,0x00,0x00,
    0x00,0x00,0x00,0x00,0x00,0x00,0x00,0x00,0x00,0x00,0x00,0x00,0x00,0x00,0x00,0x00,0x00,0x00,0x00,0x00,0x00,0x00,0x00,0x00,0x00,0x00,0x00,0x00,0x00,0x00,0x00,0x00,
    0x00,0x00,0x00,0x00,0x00,0x00,0x00,0x00,0x00,0x00,0x00,0x00,0x00,0x00,0x00,0x00,0x00,0x00,0x00,0x00,0x00,0x00,0x00,0x00,0x00,0x00,0x00,0x00,0x00,0x00,0x00,0x00,
    0x00,0x00,0x00,0x00,0x00,0x00,0x00,0x00,0x00,0x00,0x00,0x00,0x00,0x00,0x00,0x00,0x00,0x00,0x00,0x00,0x00,0x00,0x00,0x00,0x00,0x00,0x00,0x00,0x00,0x00,0x00,0x00,
    0x00,0x00,0x00,0x00,0x00,0x00,0x00,0x00,0x00,0x00,0x00,0x00,0x00,0x00,0x00,0x00,0x00,0x00,0x00,0x00,0x00,0x00,0x00,0x00,0x00,0x00,0x00,0x00,0x00,0x00,0x00,0x00,
    0x00,0x00,0x00,0x00,0x00,0x00,0x00,0x00,0x00,0x00,0x00,0x00,0x00,0x00,0x00,0x00,0x00,0x00,0x00,0x00,0x00,0x00,0x00,0x00,0x00,0x00,0x00,0x00,0x00,0x00,0x00,0x00,
    0x00,0x00,0x00,0x00,0x00,0x00,0x00,0x00,0x00,0x00,0x00,0x00,0x00,0x00,0x00,0x00,0x00,0x00,0x00,0x00,0x00,0x00,0x00,0x00,0x00,0x00,0x00,0x00,0x00,0x00,0x00,0x00,
    0x00,0x00,0x00,0x00,0x00,0x00,0x00,0x00,0x00,0x00,0x00,0x00,0x00,0xff,0xff,0x01,0x2e,0xb9,0xff,0x0b,0x36,0xb7,0xff,0xc0,0x33,0xb3,0xff,0x40,0x00,0x00,0x00,0x00,
    0x55,0xaa,0xff,0x03,0x00,0x00,0x00,0x00,0x00,0x00,0x00,0x00,0x00,0x00,0x00,0x00,0x00,0x00,0x00,0x00,0x00,0x00,0x00,0x00,0x00,0x00,0x00,0x00,0x00,0x00,0x00,0x00,
    0x00,0x00,0x00,0x00,0x00,0x00,0x00,0x00,0x00,0x00,0x00,0x00,0x00,0x00,0x00,0x00,0x00,0x00,0x00,0x00,0x00,0x00,0x00,0x00,0x00,0x00,0x00,0x00,0x00,0x00,0x00,0x00,
    0x00,0x00,0x00,0x00,0x00,0x00,0x00,0x00,0x00,0x00,0x00,0x00,0x00,0x00,0x00,0x00,0x00,0x00,0x00,0x00,0x00,0x00,0x00,0x00,0x00,0x00,0x00,0x00,0x00,0x00,0x00,0x00,
    0x00,0x00,0x00,0x00,0x00,0x00,0x00,0x00,0x00,0x00,0x00,0x00,0x00,0x00,0x00,0x00,0x00,0x00,0x00,0x00,0x00,0x00,0x00,0x00,0x00,0x00,0x00,0x00,0x00,0x00,0x00,0x00,
    0x00,0x00,0x00,0x00,0x00,0x00,0x00,0x00,0x00,0x00,0x00,0x00,0x00,0x00,0x00,0x00,0x00,0x00,0x00,0x00,0x00,0x00,0x00,0x00,0x00,0x00,0x00,0x00,0x00,0x00,0x00,0x00,
    0x00,0x00,0x00,0x00,0x00,0x00,0x00,0x00,0x00,0x00,0x00,0x00,0x00,0x00,0x00,0x00,0x00,0x00,0x00,0x00,0x00,0x00,0x00,0x00,0x00,0x00,0x00,0x00,0x00,0x00,0x00,0x00,
    0x00,0x00,0x00,0x00,0x00,0x00,0x00,0x00,0x00,0x00,0x00,0x00,0x00,0x00,0x00,0x00,0x00,0x00,0x00,0x00,0x00,0x00,0x00,0x00,0x00,0x00,0x00,0x00,0x00,0x00,0x00,0x00,
    0x00,0x00,0x00,0x00,0x00,0x00,0x00,0x00,0x00,0x00,0x00,0x00,0x00,0x00,0x00,0x00,0x00,0x00,0x00,0x00,0x00,0x00,0x00,0x00,0x00,0x00,0x00,0x00,0x00,0x00,0x00,0x00,
    0x00,0x00,0x00,0x00,0x00,0x00,0x00,0x00,0x00,0x00,0x00,0x00,0x00,0x00,0x00,0x00,0x00,0x00,0x00,0x00,0x00,0x00,0x00,0x00,0x00,0x00,0x00,0x00,0x00,0x00,0x00,0x00,
    0x00,0x00,0x00,0x00,0x00,0x00,0x00,0x00,0x00,0x00,0x00,0x00,0x00,0x00,0x00,0x00,0x00,0x00,0x00,0x00,0x00,0x00,0x00,0x00,0x00,0x00,0x00,0x00,0x00,0x00,0x00,0x00,
    0x00,0x00,0x00,0x00,0x00,0x00,0x00,0x00,0x00,0x00,0x00,0x00,0x00,0x00,0x00,0x00,0x00,0x00,0x00,0x00,0x00,0x00,0x00,0x00,0x00,0x00,0x00,0x00,0x00,0x00,0x00,0x00,
    0x00,0x00,0x00,0x00,0x00,0x00,0x00,0x00,0x00,0x00,0x00,0x00,0x00,0x00,0x00,0x00,0x00,0x00,0x00,0x00,0x00,0x00,0x00,0x00,0x00,0x00,0x00,0x00,0x00,0x00,0x00,0x00,
    0x00,0x00,0x00,0x00,0x00,0x00,0x00,0x00,0x00,0x00,0x00,0x00,0x00,0x00,0x00,0x00,0x00,0x00,0x00,0x00,0x00,0x00,0x00,0x00,0x00,0x00,0x00,0x00,0x00,0x00,0x00,0x00,
    0x00,0x00,0x00,0x00,0x00,0x00,0x00,0x00,0x00,0x7f,0xff,0x02,0x00,0x00,0x00,0x00,0x37,0xb4,0xff,0x29,0x37,0xb9,0xff,0x37,0x00,0x00,0x00,0x00,0x55,0xaa,0xff,0x03,
    0x00,0x00,0x00,0x00,0x00,0x00,0x00,0x00,0x00,0x00,0x00,0x00,0x00,0x00,0x00,0x00,0x00,0x00,0x00,0x00,0x00,0x00,0x00,0x00,0x00,0x00,0x00,0x00,0x00,0x00,0x00,0x00,
    0x00,0x00,0x00,0x00,0x00,0x00,0x00,0x00,0x00,0x00,0x00,0x00,0x00,0x00,0x00,0x00,0x00,0x00,0x00,0x00,0x00,0x00,0x00,0x00,0x00,0x00,0x00,0x00,0x00,0x00,0x00,0x00,
    0x00,0x00,0x00,0x00,0x00,0x00,0x00,0x00,0x00,0x00,0x00,0x00,0x00,0x00,0x00,0x00,0x00,0x00,0x00,0x00,0x00,0x00,0x00,0x00,0x00,0x00,0x00,0x00,0x00,0x00,0x00,0x00,
    0x00,0x00,0x00,0x00,0x00,0x00,0x00,0x00,0x00,0x00,0x00,0x00,0x00,0x00,0x00,0x00,0x00,0x00,0x00,0x00,0x00,0x00,0x00,0x00,0x00,0x00,0x00,0x00,0x00,0x00,0x00,0x00,
    0x00,0x00,0x00,0x00,0x00,0x00,0x00,0x00,0x00,0x00,0x00,0x00,0x00,0x00,0x00,0x00,0x00,0x00,0x00,0x00,0x00,0x00,0x00,0x00,0x00,0x00,0x00,0x00,0x00,0x00,0x00,0x00,
    0x00,0x00,0x00,0x00,0x00,0x00,0x00,0x00,0x00,0x00,0x00,0x00,0x00,0x00,0x00,0x00,0x00,0x00,0x00,0x00,0x00,0x00,0x00,0x00,0x00,0x00,0x00,0x00,0x00,0x00,0x00,0x00,
    0x00,0x00,0x00,0x00,0x00,0x00,0x00,0x00,0x00,0x00,0x00,0x00,0x00,0x00,0x00,0x00,0x00,0x00,0x00,0x00,0x00,0x00,0x00,0x00,0x00,0x00,0x00,0x00,0x00,0x00,0x00,0x00,
    0x00,0x00,0x00,0x00,0x00,0x00,0x00,0x00,0x00,0x00,0x00,0x00,0x00,0x00,0x00,0x00,0x00,0x00,0x00,0x00,0x00,0x00,0x00,0x00,0x00,0x00,0x00,0x00,0x00,0x00,0x00,0x00,
    0x00,0x00,0x00,0x00,0x00,0x00,0x00,0x00,0x00,0x00,0x00,0x00,0x00,0x00,0x00,0x00,0x00,0x00,0x00,0x00,0x00,0x00,0x00,0x00,0x00,0x00,0x00,0x00,0x00,0x00,0x00,0x00,
    0x00,0x00,0x00,0x00,0x00,0x00,0x00,0x00,0x00,0x00,0x00,0x00,0x00,0x00,0x00,0x00,0x00,0x00,0x00,0x00,0x00,0x00,0x00,0x00,0x00,0x00,0x00,0x00,0x00,0x00,0x00,0x00,
    0x00,0x00,0x00,0x00,0x00,0x00,0x00,0x00,0x00,0x00,0x00,0x00,0x00,0x00,0x00,0x00,0x00,0x00,0x00,0x00,0x00,0x00,0x00,0x00,0x00,0x00,0x00,0x00,0x00,0x00,0x00,0x00,
    0x00,0x00,0x00,0x00,0x00,0x00,0x00,0x00,0x00,0x00,0x00,0x00,0x00,0x00,0x00,0x00,0x00,0x00,0x00,0x00,0x00,0x00,0x00,0x00,0x00,0x00,0x00,0x00,0x00,0x00,0x00,0x00,
    0x00,0x00,0x00,0x00,0x00,0x00,0x00,0x00,0x00,0x00,0x00,0x00,0x00,0x00,0x00,0x00,0x00,0x00,0x00,0x00,0x00,0x00,0x00,0x00,0x00,0x00,0x00,0x00,0x00,0x00,0x00,0x00,
    0x00,0x00,0x00,0x00,0x00,0x00,0x00,0x00,0x00,0x00,0x00,0x00,0x00,0x00,0x00,0x00,0x00,0x00,0x00,0x00,0x00,0x00,0x00,0x00,0x00,0xff,0xff,0x02,0x00,0x00,0x00,0x00,
    0x00,0x00,0x00,0x00,0x00,0x00,0x00,0x00,0x00,0x00,0x00,0x00,0x00,0x00,0x00,0x00,0x00,0x00,0x00,0x00,0x00,0x00,0x00,0x00,0x00,0x00,0x00,0x00,0x00,0x00,0x00,0x00,
    0x00,0x00,0x00,0x00,0x00,0x00,0x00,0x00,0x00,0x00,0x00,0x00,0x00,0x00,0x00,0x00,0x00,0x00,0x00,0x00,0x00,0x00,0x00,0x00,0x00,0x00,0x00,0x00,0x00,0x00,0x00,0x00,
    0x00,0x00,0x00,0x00,0x00,0x00,0x00,0x00,0x00,0x00,0x00,0x00,0x00,0x00,0x00,0x00,0x00,0x00,0x00,0x00,0x00,0x00,0x00,0x00,0x00,0x00,0x00,0x00,0x00,0x00,0x00,0x00,
    0x00,0x00,0x00,0x00,0x00,0x00,0x00,0x00,0x00,0x00,0x00,0x00,0x00,0x00,0x00,0x00,0x00,0x00,0x00,0x00,0x00,0x00,0x00,0x00,0x00,0x00,0x00,0x00,0x00,0x00,0x00,0x00,
    0x00,0x00,0x00,0x00,0x00,0x00,0x00,0x00,0x00,0x00,0x00,0x00,0x00,0x00,0x00,0x00,0x00,0x00,0x00,0x00,0x00,0x00,0x00,0x00,0x00,0x00,0x00,0x00,0x00,0x00,0x00,0x00,
    0x00,0x00,0x00,0x00,0x00,0x00,0x00,0x00,0x00,0x00,0x00,0x00,0x00,0x00,0x00,0x00,0x00,0x00,0x00,0x00,0x00,0x00,0x00,0x00,0x00,0x00,0x00,0x00,0x00,0x00,0x00,0x00,
    0x00,0x00,0x00,0x00,0x00,0x00,0x00,0x00,0x00,0x00,0x00,0x00,0x00,0x00,0x00,0x00,0x00,0x00,0x00,0x00,0x00,0x00,0x00,0x00,0x00,0x00,0x00,0x00,0x00,0x00,0x00,0x00,
    0x00,0x00,0x00,0x00,0x00,0x00,0x00,0x00,0x00,0x00,0x00,0x00,0x00,0x00,0x00,0x00,0x00,0x00,0x00,0x00,0x00,0x00,0x00,0x00,0x00,0x00,0x00,0x00,0x00,0x00,0x00,0x00,
    0x00,0x00,0x00,0x00,0x00,0x00,0x00,0x00,0x00,0x00,0x00,0x00,0x00,0x00,0x00,0x00,0x00,0x00,0x00,0x00,0x00,0x00,0x00,0x00,0x00,0x00,0x00,0x00,0x00,0x00,0x00,0x00,
    0x00,0x00,0x00,0x00,0x00,0x00,0x00,0x00,0x00,0x00,0x00,0x00,0x00,0x00,0x00,0x00,0x00,0x00,0x00,0x00,0x00,0x00,0x00,0x00,0x00,0x00,0x00,0x00,0x00,0x00,0x00,0x00,
    0x00,0x00,0x00,0x00,0x00,0x00,0x00,0x00,0x00,0x00,0x00,0x00,0x00,0x00,0x00,0x00,0x00,0x00,0x00,0x00,0x00,0x00,0x00,0x00,0x00,0x00,0x00,0x00,0x00,0x00,0x00,0x00,
    0x00,0x00,0x00,0x00,0x00,0x00,0x00,0x00,0x00,0x00,0x00,0x00,0x00,0x00,0x00,0x00,0x00,0x00,0x00,0x00,0x00,0x00,0x00,0x00,0x00,0x00,0x00,0x00,0x00,0x00,0x00,0x00,
    0x00,0x00,0x00,0x00,0x00,0x00,0x00,0x00,0x00,0x00,0x00,0x00,0x00,0x00,0x00,0x00,0x00,0x00,0x00,0x00,0x00,0x00,0x00,0x00,0x00,0x00,0x00,0x00,0x00,0x00,0x00,0x00,
    0x00,0x00,0x00,0x00,0x00,0x00,0x00,0x00,0x00,0x00,0x00,0x00,0x00,0x00,0x00,0x00,0x00,0x00,0x00,0x00,0x00,0x7f,0xff,0x02,0x00,0x00,0x00,0x00,0x00,0x00,0x00,0x00,
    0x00,0x00,0x00,0x00,0x00,0x00,0x00,0x00,0x00,0x00,0x00,0x00,0x00,0x00,0x00,0x00,0x00,0x00,0x00,0x00,0x00,0x00,0x00,0x00,0x00,0x00,0x00,0x00,0x00,0x00,0x00,0x00,
    0x00,0x00,0x00,0x00,0x00,0x00,0x00,0x00,0x00,0x00,0x00,0x00,0x00,0x00,0x00,0x00,0x00,0x00,0x00,0x00,0x00,0x00,0x00,0x00,0x00,0x00,0x00,0x00,0x00,0x00,0x00,0x00,
    0x00,0x00,0x00,0x00,0x00,0x00,0x00,0x00,0x00,0x00,0x00,0x00,0x00,0x00,0x00,0x00,0x00,0x00,0x00,0x00,0x00,0x00,0x00,0x00,0x00,0x00,0x00,0x00,0x00,0x00,0x00,0x00,
    0x00,0x00,0x00,0x00,0x00,0x00,0x00,0x00,0x00,0x00,0x00,0x00,0x00,0x00,0x00,0x00,0x00,0x00,0x00,0x00,0x00,0x00,0x00,0x00,0x00,0x00,0x00,0x00,0x00,0x00,0x00,0x00,
    0x00,0x00,0x00,0x00,0x00,0x00,0x00,0x00,0x00,0x00,0x00,0x00,0x00,0x00,0x00,0x00,0x00,0x00,0x00,0x00,0x00,0x00,0x00,0x00,0x00,0x00,0x00,0x00,0x00,0x00,0x00,0x00,
    0x00,0x00,0x00,0x00,0x00,0x00,0x00,0x00,0x00,0x00,0x00,0x00,0x00,0x00,0x00,0x00,0x00,0x00,0x00,0x00,0x00,0x00,0x00,0x00,0x00,0x00,0x00,0x00,0x00,0x00,0x00,0x00,
    0x00,0x00,0x00,0x00,0x00,0x00,0x00,0x00,0x00,0x00,0x00,0x00,0x00,0x00,0x00,0x00,0x00,0x00,0x00,0x00,0x00,0x00,0x00,0x00,0x00,0x00,0x00,0x00,0x00,0x00,0x00,0x00,
    0x00,0x00,0x00,0x00,0x00,0x00,0x00,0x00,0x00,0x00,0x00,0x00,0x00,0x00,0x00,0x00,0x00,0x00,0x00,0x00,0x00,0x00,0x00,0x00,0x00,0x00,0x00,0x00,0x00,0x00,0x00,0x00,
    0x00,0x00,0x00,0x00,0x00,0x00,0x00,0x00,0x00,0x00,0x00,0x00,0x00,0x00,0x00,0x00,0x00,0x00,0x00,0x00,0x00,0x00,0x00,0x00,0x00,0x00,0x00,0x00,0x00,0x00,0x00,0x00,
    0x00,0x00,0x00,0x00,0x00,0x00,0x00,0x00,0x00,0x00,0x00,0x00,0x00,0x00,0x00,0x00,0x00,0x00,0x00,0x00,0x00,0x00,0x00,0x00,0x00,0x00,0x00,0x00,0x00,0x00,0x00,0x00,
    0x00,0x00,0x00,0x00,0x00,0x00,0x00,0x00,0x00,0x00,0x00,0x00,0x00,0x00,0x00,0x00,0x00,0x00,0x00,0x00,0x00,0x00,0x00,0x00,0x00,0x00,0x00,0x00,0x00,0x00,0x00,0x00,
    0x00,0x00,0x00,0x00,0x00,0x00,0x00,0x00,0x00,0x00,0x00,0x00,0x00,0x00,0x00,0x00,0x00,0x00,0x00,0x00,0x00,0x00,0x00,0x00,0x00,0x00,0x00,0x00,0x00,0x00,0x00,0x00,
    0x00,0x00,0x00,0x00,0x00,0x00,0x00,0x00,0x00,0x00,0x00,0x00,0x00,0x00,0x00,0x00,0x00,0x00,0x00,0x00,0x00,0x00,0x00,0x00,0x00,0x00,0x00,0x00,0x00,0x00,0x00,0x00,
    0x00,0x00,0x00,0x00,0x00,0x00,0x00,0x00,0x00,0x00,0x00,0x00,0x00,0x00,0x00,0x00,0x00,0x00,0x00,0x00,0x00,0x00,0x00,0x00,0x00,0x00,0x00,0x00,0x00,0x00,0x00,0x00,
    0x00,0x00,0x00,0x00,0x00,0x00,0x00,0x00,0x00,0x00,0x00,0x00,0x00,0x00,0x00,0x00,0x00,0x00,0x00,0x00,0x00,0x00,0x00,0x00,0x00,0x00,0x00,0x00,0x00,0x00,0x00,0x00,
    0x00,0x00,0x00,0x00,0x00,0x00,0x00,0x00,0x00,0x00,0x00,0x00,0x00,0x00,0x00,0x00,0x00,0x00,0x00,0x00,0x00,0x00,0x00,0x00,0x00,0x00,0x00,0x00,0x00,0x00,0x00,0x00,
    0x00,0x00,0x00,0x00,0x00,0x00,0x00,0x00,0x00,0x00,0x00,0x00,0x00,0x00,0x00,0x00,0x00,0x00,0x00,0x00,0x00,0x00,0x00,0x00,0x00,0x00,0x00,0x00,0x00,0x00,0x00,0x00,
    0x00,0x00,0x00,0x00,0x00,0x00,0x00,0x00,0x00,0x00,0x00,0x00,0x00,0x00,0x00,0x00,0x00,0x00,0x00,0x00,0x00,0x00,0x00,0x00,0x00,0x00,0x00,0x00,0x00,0x00,0x00,0x00,
    0x00,0x00,0x00,0x00,0x00,0x00,0x00,0x00,0x00,0x00,0x00,0x00,0x00,0x00,0x00,0x00,0x00,0x00,0x00,0x00,0x00,0x00,0x00,0x00,0x00,0x00,0x00,0x00,0x00,0x00,0x00,0x00,
    0x00,0x00,0x00,0x00,0x00,0x00,0x00,0x00,0x00,0x00,0x00,0x00,0x00,0x00,0x00,0x00,0x00,0x00,0x00,0x00,0x00,0x00,0x00,0x00,0x00,0x00,0x00,0x00,0x00,0x00,0x00,0x00,
    0x00,0x00,0x00,0x00,0x00,0x00,0x00,0x00,0x00,0x00,0x00,0x00,0x00,0x00,0x00,0x00,0x00,0x00,0x00,0x00,0x00,0x00,0x00,0x00,0x00,0x00,0x00,0x00,0x00,0x00,0x00,0x00,
    0x00,0x00,0x00,0x00,0x00,0x00,0x00,0x00,0x00,0x00,0x00,0x00,0x00,0x00,0x00,0x00,0x00,0x00,0x00,0x00,0x00,0x00,0x00,0x00,0x00,0x00,0x00,0x00,0x00,0x00,0x00,0x00,
    0x00,0x00,0x00,0x00,0x00,0x00,0x00,0x00,0x00,0x00,0x00,0x00,0x00,0x00,0x00,0x00,0x00,0x00,0x00,0x00,0x00,0x00,0x00,0x00,0x00,0x00,0x00,0x00,0x00,0x00,0x00,0x00,
    0x00,0x00,0x00,0x00,0x00,0x00,0x00,0x00,0x00,0x00,0x00,0x00,0x00,0x00,0x00,0x00,0x00,0x00,0x00,0x00,0x00,0x00,0x00,0x00,0x00,0x00,0x00,0x00,0x00,0x00,0x00,0x00,
    0x00,0x00,0x00,0x00,0x00,0x00,0x00,0x00,0x00,0x00,0x00,0x00,0x00,0x00,0x00,0x00,0x00,0x00,0x00,0x00,0x00,0x00,0x00,0x00,0x00,0x00,0x00,0x00,0x00,0x00,0x00,0x00,
    0x00,0x00,0x00,0x00,0x00,0x00,0x00,0x00,0x00,0x00,0x00,0x00,0x00,0x00,0x00,0x00,0x00,0x00,0x00,0x00,0x00,0x00,0x00,0x00,0x00,0x00,0x00,0x00,0x00,0x00,0x00,0x00,
    0x00,0x00,0x00,0x00,0x00,0x00,0x00,0x00,0x00,0x00,0x00,0x00,0x00,0x00,0x00,0x00,0x00,0x00,0x00,0x00,0x00,0x00,0x00,0x00,0x00,0x00,0x00,0x00,0x00,0x00,0x00,0x00,
    0x00,0x00,0x00,0x00,0x00,0x00,0x00,0x00,0x00,0x00,0x00,0x00,0x00,0x00,0x00,0x00,0x00,0x00,0x00,0x00,0x00,0x00,0x00,0x00,0x00,0x00,0x00,0x00,0x00,0x00,0x00,0x00,
    0x00,0x00,0x00,0x00,0x00,0x00,0x00,0x00,0x00,0x00,0x00,0x00,0x00,0x00,0x00,0x00,0x00,0x00,0x00,0x00,0x00,0x00,0x00,0x00,0x00,0x00,0x00,0x00,0x00,0x00,0x00,0x00,
    0x00,0x00,0x00,0x00,0x00,0x00,0x00,0x00,0x00,0x00,0x00,0x00,0x00,0x00,0x00,0x00,0x00,0x00,0x00,0x00,0x00,0x00,0x00,0x00,0x00,0x00,0x00,0x00,0x00,0x00,0x00,0x00,
    0x00,0x00,0x00,0x00,0x00,0x00,0x00,0x00,0x00,0x00,0x00,0x00,0x00,0x00,0x00,0x00,0x00,0x00,0x00,0x00,0x00,0x00,0x00,0x00,0x00,0x00,0x00,0x00,0x00,0x00,0x00,0x00,
    0x00,0x00,0x00,0x00,0x00,0x00,0x00,0x00,0x00,0x00,0x00,0x00,0x00,0x00,0x00,0x00,0x00,0x00,0x00,0x00,0x00,0x00,0x00,0x00,0x00,0x00,0x00,0x00,0x00,0x00,0x00,0x00,
    0x00,0x00,0x00,0x00,0x00,0x00,0x00,0x00,0x00,0x00,0x00,0x00,0x00,0x00,0x00,0x00,0x00,0x00,0x00,0x00,0x00,0x00,0x00,0x00,0x00,0x00,0x00,0x00,0x00,0x00,0x00,0x00,
    0x00,0x00,0x00,0x00,0x00,0x00,0x00,0x00,0x00,0x00,0x00,0x00,0x00,0x00,0x00,0x00,0x00,0x00,0x00,0x00,0x00,0x00,0x00,0x00,0x00,0x00,0x00,0x00,0x00,0x00,0x00,0x00,
    0x00,0x00,0x00,0x00,0x00,0x00,0x00,0x00,0x00,0x00,0x00,0x00,0x00,0x00,0x00,0x00,0x00,0x00,0x00,0x00,0x00,0x00,0x00,0x00,0x00,0x00,0x00,0x00,0x00,0x00,0x00,0x00,
    0x00,0x00,0x00,0x00,0x00,0x00,0x00,0x00,0x00,0x00,0x00,0x00,0x00,0x00,0x00,0x00,0x00,0x00,0x00,0x00,0x00,0x00,0x00,0x00,0x00,0x00,0x00,0x00,0x00,0x00,0x00,0x00,
};
const lv_image_dsc_t wxl_storm = {
    .header.cf = LV_COLOR_FORMAT_ARGB8888,
    .header.magic = LV_IMAGE_HEADER_MAGIC,
    .header.w = 112,
    .header.h = 112,
    .data_size = 50176,
    .data = wxl_storm_map,
};
