#ifdef __has_include
#if __has_include("lvgl.h")
#ifndef LV_LVGL_H_INCLUDE_SIMPLE
#define LV_LVGL_H_INCLUDE_SIMPLE
#endif
#endif
#endif
#if defined(LV_LVGL_H_INCLUDE_SIMPLE)
#include "lvgl.h"
#else
#include "lvgl/lvgl.h"
#endif
#ifndef LV_ATTRIBUTE_MEM_ALIGN
#define LV_ATTRIBUTE_MEM_ALIGN
#endif
const LV_ATTRIBUTE_MEM_ALIGN uint8_t wxl_partly_map[] = {
    0x00,0x00,0x00,0x00,0x00,0x00,0x00,0x00,0x00,0x00,0x00,0x00,0x00,0x00,0x00,0x00,0x00,0x00,0x00,0x00,0x00,0x00,0x00,0x00,0x00,0x00,0x00,0x00,0x00,0x00,0x00,0x00,
    0x00,0x00,0x00,0x00,0x00,0x00,0x00,0x00,0x00,0x00,0x00,0x00,0x00,0x00,0x00,0x00,0x00,0x00,0x00,0x00,0x00,0x00,0x00,0x00,0x00,0x00,0x00,0x00,0x00,0x00,0x00,0x00,
    0x00,0x00,0x00,0x00,0x00,0x00,0x00,0x00,0x00,0x00,0x00,0x00,0x00,0x00,0x00,0x00,0x00,0x00,0x00,0x00,0x00,0x00,0x00,0x00,0x00,0x00,0x00,0x00,0x00,0x00,0x00,0x00,
    0x00,0x00,0x00,0x00,0x00,0x00,0x00,0x00,0x00,0x00,0x00,0x00,0x00,0x00,0x00,0x00,0x00,0x00,0x00,0x00,0x00,0x00,0x00,0x00,0x00,0x00,0x00,0x00,0x00,0x00,0x00,0x00,
    0x00,0x00,0x00,0x00,0x00,0x00,0x00,0x00,0x00,0x00,0x00,0x00,0x00,0x00,0x00,0x00,0x00,0x00,0x00,0x00,0x00,0x00,0x00,0x00,0x00,0x00,0xff,0x01,0x00,0x00,0x00,0x00,
    0x00,0x00,0x00,0x00,0x00,0x00,0x00,0x00,0x00,0xff,0xff,0x02,0x00,0x00,0x00,0x00,0x00,0x00,0x00,0x00,0x00,0x00,0x00,0x00,0x00,0x00,0x00,0x00,0x00,0x00,0x00,0x00,
    0x00,0x00,0x00,0x00,0x00,0x00,0x00,0x00,0x00,0x00,0x00,0x00,0x00,0x00,0x00,0x00,0x00,0x00,0x00,0x00,0x00,0x00,0x00,0x00,0x00,0x00,0x00,0x00,0x00,0x00,0x00,0x00,
    0x00,0x00,0x00,0x00,0x00,0x00,0x00,0x00,0x00,0x00,0x00,0x00,0x00,0x00,0x00,0x00,0x00,0x00,0x00,0x00,0x00,0x00,0x00,0x00,0x00,0x00,0x00,0x00,0x00,0x00,0x00,0x00,
    0x00,0x00,0x00,0x00,0x00,0x00,0x00,0x00,0x00,0x00,0x00,0x00,0x00,0x00,0x00,0x00,0x00,0x00,0x00,0x00,0x00,0x00,0x00,0x00,0x00,0x00,0x00,0x00,0x00,0x00,0x00,0x00,
    0x00,0x00,0x00,0x00,0x00,0x00,0x00,0x00,0x00,0x00,0x00,0x00,0x00,0x00,0x00,0x00,0x00,0x00,0x00,0x00,0x00,0x00,0x00,0x00,0x00,0x00,0x00,0x00,0x00,0x00,0x00,0x00,
    0x00,0x00,0x00,0x00,0x00,0x00,0x00,0x00,0x00,0x00,0x00,0x00,0x00,0x00,0x00,0x00,0x00,0x00,0x00,0x00,0x00,0x00,0x00,0x00,0x00,0x00,0x00,0x00,0x00,0x00,0x00,0x00,
    0x00,0x00,0x00,0x00,0x00,0x00,0x00,0x00,0x00,0x00,0x00,0x00,0x00,0x00,0x00,0x00,0x00,0x00,0x00,0x00,0x00,0x00,0x00,0x00,0x00,0x00,0x00,0x00,0x00,0x00,0x00,0x00,
    0x00,0x00,0x00,0x00,0x00,0x00,0x00,0x00,0x00,0x00,0x00,0x00,0x00,0x00,0x00,0x00,0x00,0x00,0x00,0x00,0x00,0x00,0x00,0x00,0x00,0x00,0x00,0x00,0x00,0x00,0x00,0x00,
    0x00,0x00,0x00,0x00,0x00,0x00,0x00,0x00,0x00,0x00,0x00,0x00,0x00,0x00,0x00,0x00,0x00,0x00,0x00,0x00,0x00,0x00,0x00,0x00,0x00,0x00,0x00,0x00,0x00,0x00,0x00,0x00,
    0x00,0x00,0x00,0x00,0x00,0x00,0x00,0x00,0x00,0x00,0x00,0x00,0x00,0x00,0x00,0x00,0x00,0x00,0x00,0x00,0x00,0x00,0x00,0x00,0x00,0x00,0x00,0x00,0x00,0x00,0x00,0x00,
    0x00,0x00,0x00,0x00,0x00,0x00,0x00,0x00,0x00,0x00,0x00,0x00,0x00,0x00,0x00,0x00,0x00,0x00,0x00,0x00,0x00,0x00,0x00,0x00,0x00,0x00,0x00,0x00,0x00,0x00,0x00,0x00,
    0x00,0x00,0x00,0x00,0x00,0x00,0x00,0x00,0x00,0x00,0x00,0x00,0x00,0x00,0x00,0x00,0x00,0x00,0x00,0x00,0x00,0x00,0x00,0x00,0x00,0x00,0x00,0x00,0x00,0x00,0x00,0x00,
    0x00,0x00,0x00,0x00,0x00,0x00,0x00,0x00,0x00,0x00,0x00,0x00,0x00,0x00,0x00,0x00,0x00,0x00,0x00,0x00,0x00,0x00,0x00,0x00,0x00,0x00,0x00,0x00,0x00,0x00,0x00,0x00,
    0x00,0x00,0x00,0x00,0x00,0x00,0x00,0x00,0x00,0x00,0x00,0x00,0x00,0x00,0x00,0x00,0x00,0x00,0xff,0x01,0x00,0x00,0xff,0x01,0x00,0x00,0x00,0x00,0x35,0xbb,0xff,0x5a,
    0x3a,0xc6,0xff,0x7e,0x33,0xb4,0xff,0x41,0x00,0x00,0x00,0x00,0x00,0xff,0xff,0x01,0x00,0x00,0x00,0x00,0x00,0x00,0x00,0x00,0x00,0x00,0x00,0x00,0x00,0x00,0x00,0x00,
    0x00,0x00,0x00,0x00,0x00,0x00,0x00,0x00,0x00,0x00,0x00,0x00,0x00,0x00,0x00,0x00,0x00,0x00,0x00,0x00,0x00,0x00,0x00,0x00,0x00,0x00,0x00,0x00,0x00,0x00,0x00,0x00,
    0x00,0x00,0x00,0x00,0x00,0x00,0x00,0x00,0x00,0x00,0x00,0x00,0x00,0x00,0x00,0x00,0x00,0x00,0x00,0x00,0x00,0x00,0x00,0x00,0x00,0x00,0x00,0x00,0x00,0x00,0x00,0x00,
    0x00,0x00,0x00,0x00,0x00,0x00,0x00,0x00,0x00,0x00,0x00,0x00,0x00,0x00,0x00,0x00,0x00,0x00,0x00,0x00,0x00,0x00,0x00,0x00,0x00,0x00,0x00,0x00,0x00,0x00,0x00,0x00,
    0x00,0x00,0x00,0x00,0x00,0x00,0x00,0x00,0x00,0x00,0x00,0x00,0x00,0x00,0x00,0x00,0x00,0x00,0x00,0x00,0x00,0x00,0x00,0x00,0x00,0x00,0x00,0x00,0x00,0x00,0x00,0x00,
    0x00,0x00,0x00,0x00,0x00,0x00,0x00,0x00,0x00,0x00,0x00,0x00,0x00,0x00,0x00,0x00,0x00,0x00,0x00,0x00,0x00,0x00,0x00,0x00,0x00,0x00,0x00,0x00,0x00,0x00,0x00,0x00,
    0x00,0x00,0x00,0x00,0x00,0x00,0x00,0x00,0x00,0x00,0x00,0x00,0x00,0x00,0x00,0x00,0x00,0x00,0x00,0x00,0x00,0x00,0x00,0x00,0x00,0x00,0x00,0x00,0x00,0x00,0x00,0x00,
    0x00,0x00,0x00,0x00,0x00,0x00,0x00,0x00,0x00,0x00,0x00,0x00,0x00,0x00,0x00,0x00,0x00,0x00,0x00,0x00,0x00,0x00,0x00,0x00,0x00,0x00,0x00,0x00,0x00,0x00,0x00,0x00,
    0x00,0x00,0x00,0x00,0x00,0x00,0x00,0x00,0x00,0x00,0x00,0x00,0x00,0x00,0x00,0x00,0x00,0x00,0x00,0x00,0x00,0x00,0x00,0x00,0x00,0x00,0x00,0x00,0x00,0x00,0x00,0x00,
    0x00,0x00,0x00,0x00,0x00,0x00,0x00,0x00,0x00,0x00,0x00,0x00,0x00,0x00,0x00,0x00,0x00,0x00,0x00,0x00,0x00,0x00,0x00,0x00,0x00,0x00,0x00,0x00,0x00,0x00,0x00,0x00,
    0x00,0x00,0x00,0x00,0x00,0x00,0x00,0x00,0x00,0x00,0x00,0x00,0x00,0x00,0x00,0x00,0x00,0x00,0x00,0x00,0x00,0x00,0x00,0x00,0x00,0x00,0x00,0x00,0x00,0x00,0x00,0x00,
    0x00,0x00,0x00,0x00,0x00,0x00,0x00,0x00,0x00,0x00,0x00,0x00,0x00,0x00,0x00,0x00,0x00,0x00,0x00,0x00,0x00,0x00,0x00,0x00,0x00,0x00,0x00,0x00,0x00,0x00,0x00,0x00,
    0x00,0x00,0x00,0x00,0x00,0x00,0x00,0x00,0x00,0x00,0x00,0x00,0x00,0x00,0x00,0x00,0x00,0x00,0x00,0x00,0x00,0x00,0x00,0x00,0x00,0x00,0x00,0x00,0x00,0x00,0x00,0x00,
    0x00,0x00,0x00,0x00,0x00,0x00,0x00,0x00,0x00,0x00,0x00,0x00,0x00,0x00,0x00,0x00,0x7f,0xff,0xff,0x02,0x00,0xff,0xff,0x02,0x35,0xb5,0xff,0x99,0x3b,0xc9,0xff,0xff,
    0x3a,0xc5,0xff,0xff,0x39,0xc2,0xff,0xff,0x34,0xb8,0xff,0x61,0x00,0x00,0x00,0x00,0x55,0xaa,0xff,0x03,0x00,0x00,0x00,0x00,0x00,0x00,0x00,0x00,0x00,0x00,0x00,0x00,
    0x00,0x00,0x00,0x00,0x00,0x00,0x00,0x00,0x00,0x00,0x00,0x00,0x00,0x00,0x00,0x00,0x00,0x00,0x00,0x00,0x00,0x00,0x00,0x00,0x00,0x00,0x00,0x00,0x00,0x00,0x00,0x00,
    0x00,0x00,0x00,0x00,0x00,0x00,0x00,0x00,0x00,0x00,0x00,0x00,0x00,0x00,0x00,0x00,0x00,0x00,0x00,0x00,0x00,0x00,0x00,0x00,0x00,0x00,0x00,0x00,0x00,0x00,0x00,0x00,
    0x00,0x00,0x00,0x00,0x00,0x00,0x00,0x00,0x00,0x00,0x00,0x00,0x00,0x00,0x00,0x00,0x00,0x00,0x00,0x00,0x00,0x00,0x00,0x00,0x00,0x00,0x00,0x00,0x00,0x00,0x00,0x00,
    0x00,0x00,0x00,0x00,0x00,0x00,0x00,0x00,0x00,0x00,0x00,0x00,0x00,0x00,0x00,0x00,0x00,0x00,0x00,0x00,0x00,0x00,0x00,0x00,0x00,0x00,0x00,0x00,0x00,0x00,0x00,0x00,
    0x00,0x00,0x00,0x00,0x00,0x00,0x00,0x00,0x00,0x00,0x00,0x00,0x00,0x00,0x00,0x00,0x00,0x00,0x00,0x00,0x00,0x00,0x00,0x00,0x00,0x00,0x00,0x00,0x00,0x00,0x00,0x00,
    0x00,0x00,0x00,0x00,0x00,0x00,0x00,0x00,0x00,0x00,0x00,0x00,0x00,0x00,0x00,0x00,0x00,0x00,0x00,0x00,0x00,0x00,0x00,0x00,0x00,0x00,0x00,0x00,0x00,0x00,0x00,0x00,
    0x00,0x00,0x00,0x00,0x00,0x00,0x00,0x00,0x00,0x00,0x00,0x00,0x00,0x00,0x00,0x00,0x00,0x00,0x00,0x00,0x00,0x00,0x00,0x00,0x00,0x00,0x00,0x00,0x00,0x00,0x00,0x00,
    0x00,0x00,0x00,0x00,0x00,0x00,0x00,0x00,0x00,0x00,0x00,0x00,0x00,0x00,0x00,0x00,0x00,0x00,0x00,0x00,0x00,0x00,0x00,0x00,0x00,0x00,0x00,0x00,0x00,0x00,0x00,0x00,
    0x00,0x00,0x00,0x00,0x00,0x00,0x00,0x00,0x00,0x00,0x00,0x00,0x00,0x00,0x00,0x00,0x00,0x00,0x00,0x00,0x00,0x00,0x00,0x00,0x00,0x00,0x00,0x00,0x00,0x00,0x00,0x00,
    0x00,0x00,0x00,0x00,0x00,0x00,0x00,0x00,0x00,0x00,0x00,0x00,0x00,0x00,0x00,0x00,0x00,0x00,0x00,0x00,0x00,0x00,0x00,0x00,0x00,0x00,0x00,0x00,0x00,0x00,0x00,0x00,
    0x00,0x00,0x00,0x00,0x00,0x00,0x00,0x00,0x00,0x00,0x00,0x00,0x00,0x00,0x00,0x00,0x00,0x00,0x00,0x00,0x00,0x00,0x00,0x00,0x00,0x00,0x00,0x00,0x00,0x00,0x00,0x00,
    0x00,0x00,0x00,0x00,0x00,0x00,0x00,0x00,0x00,0x00,0x00,0x00,0x00,0x00,0x00,0x00,0x00,0x00,0x00,0x00,0x00,0x00,0x00,0x00,0x00,0x00,0x00,0x00,0x00,0x00,0x00,0x00,
    0x00,0x00,0x00,0x00,0x00,0x00,0x00,0x00,0x00,0x00,0x00,0x00,0x55,0xaa,0xff,0x03,0x00,0x00,0x00,0x00,0x34,0xbb,0xff,0x35,0x39,0xc2,0xff,0xff,0x35,0xb6,0xff,0xfb,
    0x36,0xb6,0xff,0xf9,0x38,0xbc,0xff,0xff,0x36,0xb6,0xff,0xed,0x27,0xb0,0xff,0x0d,0x00,0xff,0xff,0x01,0x00,0xff,0xff,0x01,0x00,0x00,0x00,0x00,0x00,0x00,0x00,0x00,
    0x00,0x00,0x00,0x00,0x00,0x00,0x00,0x00,0x00,0x00,0x00,0x00,0x00,0x00,0x00,0x00,0x00,0x00,0x00,0x00,0x00,0x00,0x00,0x00,0x00,0x00,0x00,0x00,0x00,0x00,0x00,0x00,
    0x00,0x00,0x00,0x00,0x00,0x00,0x00,0x00,0x00,0x00,0x00,0x00,0x00,0x00,0x00,0x00,0x00,0x00,0x00,0x00,0x00,0x00,0x00,0x00,0x00,0x00,0x00,0x00,0x00,0x00,0x00,0x00,
    0x00,0x00,0x00,0x00,0x00,0x00,0x00,0x00,0x00,0x00,0x00,0x00,0x00,0x00,0x00,0x00,0x00,0x00,0x00,0x00,0x00,0x00,0x00,0x00,0x00,0x00,0x00,0x00,0x00,0x00,0x00,0x00,
    0x00,0x00,0x00,0x00,0x00,0x00,0x00,0x00,0x00,0x00,0x00,0x00,0x00,0x00,0x00,0x00,0x00,0x00,0x00,0x00,0x00,0x00,0x00,0x00,0x00,0x00,0x00,0x00,0x00,0x00,0x00,0x00,
    0x00,0x00,0x00,0x00,0x00,0x00,0x00,0x00,0x00,0x00,0x00,0x00,0x00,0x00,0x00,0x00,0x00,0x00,0x00,0x00,0x00,0x00,0x00,0x00,0x00,0x00,0x00,0x00,0x00,0x00,0x00,0x00,
    0x00,0x00,0x00,0x00,0x00,0x00,0x00,0x00,0x00,0x00,0x00,0x00,0x00,0x00,0x00,0x00,0x00,0x00,0x00,0x00,0x00,0x00,0x00,0x00,0x00,0x00,0x00,0x00,0x00,0x00,0x00,0x00,
    0x00,0x00,0x00,0x00,0x00,0x00,0x00,0x00,0x00,0x00,0x00,0x00,0x00,0x00,0x00,0x00,0x00,0x00,0x00,0x00,0x00,0x00,0x00,0x00,0x00,0x00,0x00,0x00,0x00,0x00,0x00,0x00,
    0x00,0x00,0x00,0x00,0x00,0x00,0x00,0x00,0x00,0x00,0x00,0x00,0x00,0x00,0x00,0x00,0x00,0x00,0x00,0x00,0x00,0x00,0x00,0x00,0x00,0x00,0x00,0x00,0x00,0x00,0x00,0x00,
    0x00,0x00,0x00,0x00,0x00,0x00,0x00,0x00,0x00,0x00,0x00,0x00,0x00,0x00,0x00,0x00,0x00,0x00,0x00,0x00,0x00,0x00,0x00,0x00,0x00,0x00,0x00,0x00,0x00,0x00,0x00,0x00,
    0x00,0x00,0x00,0x00,0x00,0x00,0x00,0x00,0x00,0x00,0x00,0x00,0x00,0x00,0x00,0x00,0x00,0x00,0x00,0x00,0x00,0x00,0x00,0x00,0x00,0x00,0x00,0x00,0x00,0x00,0x00,0x00,
    0x00,0x00,0x00,0x00,0x00,0x00,0x00,0x00,0x00,0x00,0x00,0x00,0x00,0x00,0x00,0x00,0x00,0x00,0x00,0x00,0x00,0x00,0x00,0x00,0x00,0x00,0x00,0x00,0x00,0x00,0x00,0x00,
    0x00,0x00,0x00,0x00,0x00,0x00,0x00,0x00,0x00,0x00,0x00,0x00,0x00,0x00,0x00,0x00,0x00,0x00,0x00,0x00,0x00,0x00,0x00,0x00,0x00,0x00,0x00,0x00,0x00,0x00,0x00,0x00,
    0x00,0x00,0x00,0x00,0x00,0x00,0x00,0x00,0x00,0x00,0x00,0x00,0x55,0xaa,0xff,0x03,0x00,0x00,0x00,0x00,0x39,0xba,0xff,0x43,0x38,0xbf,0xff,0xfd,0x35,0xb6,0xff,0xfd,
    0x36,0xb6,0xff,0xfe,0x37,0xba,0xff,0xff,0x36,0xb7,0xff,0xeb,0x2d,0xb4,0xff,0x11,0x00,0x00,0x00,0x00,0x00,0xff,0xff,0x01,0x00,0x00,0x00,0x00,0x00,0x00,0x00,0x00,
    0x00,0x00,0x00,0x00,0x00,0x00,0x00,0x00,0x00,0x00,0x00,0x00,0x00,0x00,0x00,0x00,0x00,0x00,0x00,0x00,0x00,0x00,0x00,0x00,0x00,0x00,0x00,0x00,0x00,0x00,0x00,0x00,
    0x00,0x00,0x00,0x00,0x00,0x00,0x00,0x00,0x00,0x00,0x00,0x00,0x00,0x00,0x00,0x00,0x00,0x00,0x00,0x00,0x00,0x00,0x00,0x00,0x00,0x00,0x00,0x00,0x00,0x00,0x00,0x00,
    0x00,0x00,0x00,0x00,0x00,0x00,0x00,0x00,0x00,0x00,0x00,0x00,0x00,0x00,0x00,0x00,0x00,0x00,0x00,0x00,0x00,0x00,0x00,0x00,0x00,0x00,0x00,0x00,0x00,0x00,0x00,0x00,
    0x00,0x00,0x00,0x00,0x00,0x00,0x00,0x00,0x00,0x00,0x00,0x00,0x00,0x00,0x00,0x00,0x00,0x00,0x00,0x00,0x00,0x00,0x00,0x00,0x00,0x00,0x00,0x00,0x00,0x00,0x00,0x00,
    0x00,0x00,0x00,0x00,0x00,0x00,0x00,0x00,0x00,0x00,0x00,0x00,0x00,0x00,0x00,0x00,0x00,0x00,0x00,0x00,0x00,0x00,0x00,0x00,0x00,0x00,0x00,0x00,0x00,0x00,0x00,0x00,
    0x00,0x00,0x00,0x00,0x00,0x00,0x00,0x00,0x00,0x00,0x00,0x00,0x00,0x00,0x00,0x00,0x00,0x00,0x00,0x00,0x00,0x00,0x00,0x00,0x00,0x00,0x00,0x00,0x00,0x00,0x00,0x00,
    0x00,0x00,0x00,0x00,0x00,0x00,0x00,0x00,0x00,0x00,0x00,0x00,0x00,0x00,0x00,0x00,0x00,0x00,0x00,0x00,0x00,0x00,0x00,0x00,0x00,0x00,0x00,0x00,0x00,0x00,0x00,0x00,
    0x00,0x00,0x00,0x00,0x00,0x00,0x00,0x00,0x00,0x00,0x00,0x00,0x00,0x00,0x00,0x00,0x00,0x00,0x00,0x00,0x00,0x00,0x00,0x00,0x00,0x00,0x00,0x00,0x00,0x00,0x00,0x00,
    0x00,0x00,0x00,0x00,0x00,0x00,0x00,0x00,0x00,0x00,0x00,0x00,0x00,0x00,0x00,0x00,0x00,0x00,0x00,0x00,0x00,0x00,0x00,0x00,0x00,0x00,0x00,0x00,0x00,0x00,0x00,0x00,
    0x00,0x00,0x00,0x00,0x00,0x00,0x00,0x00,0x00,0x00,0x00,0x00,0x00,0x00,0x00,0x00,0x00,0x00,0x00,0x00,0x00,0x00,0x00,0x00,0x00,0x00,0x00,0x00,0x00,0x00,0x00,0x00,
    0x00,0x00,0x00,0x00,0x00,0x00,0x00,0x00,0x00,0x00,0x00,0x00,0x00,0x00,0x00,0x00,0x00,0x00,0x00,0x00,0x00,0x00,0x00,0x00,0x00,0x00,0x00,0x00,0x00,0x00,0x00,0x00,
    0x00,0x00,0x00,0x00,0x00,0x00,0x00,0x00,0x00,0x00,0x00,0x00,0x00,0x00,0x00,0x00,0x00,0x00,0x00,0x00,0x00,0x00,0x00,0x00,0x00,0x00,0x00,0x00,0x00,0x00,0x00,0x00,
    0x00,0x00,0x00,0x00,0x00,0x00,0x00,0x00,0x00,0x00,0x00,0x00,0x55,0xaa,0xff,0x03,0x00,0x00,0x00,0x00,0x37,0xbb,0xff,0x40,0x38,0xbf,0xff,0xff,0x35,0xb6,0xff,0xfd,
    0x35,0xb7,0xff,0xfc,0x39,0xc1,0xff,0xff,0x36,0xb6,0xff,0xc1,0x00,0xff,0xff,0x01,0x7f,0xff,0xff,0x02,0x00,0x00,0x00,0x00,0x00,0x00,0x00,0x00,0x00,0x00,0x00,0x00,
    0x00,0x00,0x00,0x00,0x00,0x00,0x00,0x00,0x00,0x00,0x00,0x00,0x00,0x00,0x00,0x00,0x00,0x00,0x00,0x00,0x00,0x00,0x00,0x00,0x00,0x00,0x00,0x00,0x00,0x00,0x00,0x00,
    0x00,0x00,0x00,0x00,0x00,0x00,0x00,0x00,0x00,0x00,0x00,0x00,0x00,0x00,0x00,0x00,0x00,0x00,0x00,0x00,0x00,0x00,0x00,0x00,0x00,0x00,0x00,0x00,0x00,0x00,0x00,0x00,
    0x00,0x00,0x00,0x00,0x00,0x00,0x00,0x00,0x00,0x00,0x00,0x00,0x00,0x00,0x00,0x00,0x00,0x00,0x00,0x00,0x00,0x00,0x00,0x00,0x00,0x00,0x00,0x00,0x00,0x00,0x00,0x00,
    0x00,0x00,0x00,0x00,0x00,0x00,0x00,0x00,0x00,0x00,0x00,0x00,0x00,0x00,0x00,0x00,0x00,0x00,0x00,0x00,0x00,0x00,0x00,0x00,0x00,0x00,0x00,0x00,0x00,0x00,0x00,0x00,
    0x00,0x00,0x00,0x00,0x00,0x00,0x00,0x00,0x00,0x00,0x00,0x00,0x00,0x00,0x00,0x00,0x00,0x00,0x00,0x00,0x00,0x00,0x00,0x00,0x00,0x00,0x00,0x00,0x00,0x00,0x00,0x00,
    0x00,0x00,0x00,0x00,0x00,0x00,0x00,0x00,0x00,0x00,0x00,0x00,0x00,0x00,0x00,0x00,0x00,0x00,0x00,0x00,0x00,0x00,0x00,0x00,0x00,0x00,0x00,0x00,0x00,0x00,0x00,0x00,
    0x00,0x00,0x00,0x00,0x00,0x00,0x00,0x00,0x00,0x00,0x00,0x00,0x00,0x00,0x00,0x00,0x00,0x00,0x00,0x00,0x00,0x00,0x00,0x00,0x00,0x00,0x00,0x00,0x00,0x00,0x00,0x00,
    0x00,0x00,0x00,0x00,0x00,0x00,0x00,0x00,0x00,0x00,0x00,0x00,0x00,0x00,0x00,0x00,0x00,0x00,0x00,0x00,0x00,0x00,0x00,0x00,0x00,0x00,0x00,0x00,0x00,0x00,0x00,0x00,
    0x00,0x00,0x00,0x00,0x00,0x00,0x00,0x00,0x00,0x00,0x00,0x00,0x00,0x00,0x00,0x00,0x00,0x00,0x00,0x00,0x00,0x00,0x00,0x00,0x00,0x00,0x00,0x00,0x00,0x00,0x00,0x00,
    0x00,0x00,0x00,0x00,0x00,0x00,0x00,0x00,0x00,0x00,0x00,0x00,0x00,0x00,0x00,0x00,0x00,0x00,0x00,0x00,0x00,0x00,0x00,0x00,0x00,0x00,0x00,0x00,0x00,0x00,0x00,0x00,
    0x00,0x00,0x00,0x00,0x00,0x00,0x00,0x00,0x00,0x00,0x00,0x00,0x00,0x00,0x00,0x00,0x00,0x00,0x00,0x00,0x00,0x00,0x00,0x00,0x00,0x00,0x00,0x00,0x00,0x00,0x00,0x00,
    0x00,0x00,0x00,0x00,0x00,0x00,0x00,0x00,0x00,0x00,0x00,0x00,0x00,0x00,0x00,0x00,0x00,0x00,0x00,0x00,0x00,0x00,0x00,0x00,0x00,0x00,0x00,0x00,0x00,0x00,0x00,0x00,
    0x00,0x00,0x00,0x00,0x00,0x00,0x00,0x00,0x00,0x00,0x00,0x00,0x55,0xaa,0xff,0x03,0x00,0x00,0x00,0x00,0x36,0xb8,0xff,0x41,0x38,0xbf,0xff,0xff,0x35,0xb6,0xff,0xfd,
    0x35,0xb7,0xff,0xfc,0x39,0xc1,0xff,0xff,0x35,0xb6,0xff,0xbd,0x00,0x00,0x00,0x00,0x7f,0xff,0xff,0x02,0x00,0x00,0x00,0x00,0x00,0x00,0x00,0x00,0x00,0x00,0x00,0x00,
    0x00,0x00,0x00,0x00,0x00,0x00,0x00,0x00,0x00,0x00,0x00,0x00,0x00,0x00,0x00,0x00,0x00,0x00,0x00,0x00,0x00,0x00,0x00,0x00,0x00,0x00,0x00,0x00,0x00,0x00,0x00,0x00,
    0x00,0x00,0x00,0x00,0x00,0x00,0x00,0x00,0x00,0x00,0x00,0x00,0x00,0x00,0x00,0x00,0x00,0x00,0x00,0x00,0x00,0x00,0x00,0x00,0x00,0x00,0x00,0x00,0x00,0x00,0x00,0x00,
    0x00,0x00,0x00,0x00,0x00,0x00,0x00,0x00,0x00,0x00,0x00,0x00,0x00,0x00,0x00,0x00,0x00,0x00,0x00,0x00,0x00,0x00,0x00,0x00,0x00,0x00,0x00,0x00,0x00,0x00,0x00,0x00,
    0x00,0x00,0x00,0x00,0x00,0x00,0x00,0x00,0x00,0x00,0x00,0x00,0x00,0x00,0x00,0x00,0x00,0x00,0x00,0x00,0x00,0x00,0x00,0x00,0x00,0x00,0x00,0x00,0x00,0x00,0x00,0x00,
    0x00,0x00,0x00,0x00,0x00,0x00,0x00,0x00,0x00,0x00,0x00,0x00,0x00,0x00,0x00,0x00,0x00,0x00,0x00,0x00,0x00,0x00,0x00,0x00,0x00,0x00,0x00,0x00,0x00,0x00,0x00,0x00,
    0x00,0x00,0x00,0x00,0x00,0x00,0x00,0x00,0x00,0x00,0x00,0x00,0x00,0x00,0x00,0x00,0x00,0x00,0x00,0x00,0x00,0x00,0x00,0x00,0x00,0x00,0x00,0x00,0x00,0x00,0x00,0x00,
    0x00,0x00,0x00,0x00,0x00,0x00,0x00,0x00,0x00,0x00,0x00,0x00,0x00,0x00,0x00,0x00,0x00,0x00,0x00,0x00,0x00,0x00,0x00,0x00,0x00,0x00,0x00,0x00,0x00,0x00,0x00,0x00,
    0x00,0x00,0x00,0x00,0x00,0x00,0x00,0x00,0x00,0x00,0x00,0x00,0x00,0x00,0x00,0x00,0x00,0x00,0x00,0x00,0x00,0x00,0x00,0x00,0x00,0x00,0x00,0x00,0x00,0x00,0x00,0x00,
    0x00,0x00,0x00,0x00,0x00,0x00,0x00,0x00,0x00,0x00,0x00,0x00,0x00,0x00,0x00,0x00,0x00,0x00,0x00,0x00,0x00,0x00,0x00,0x00,0x00,0x00,0x00,0x00,0x00,0x00,0x00,0x00,
    0x00,0x00,0x00,0x00,0x00,0x00,0x00,0x00,0x00,0x00,0x00,0x00,0x00,0x00,0x00,0x00,0x00,0x00,0x00,0x00,0x00,0x00,0x00,0x00,0x00,0x00,0x00,0x00,0x00,0x00,0x00,0x00,
    0x00,0x00,0x00,0x00,0x00,0x00,0x00,0x00,0x00,0x00,0x00,0x00,0x00,0x00,0x00,0x00,0x00,0x00,0x00,0x00,0x00,0x00,0x00,0x00,0x00,0x00,0x00,0x00,0x00,0x00,0x00,0x00,
    0x00,0x00,0x00,0x00,0x00,0x00,0x00,0x00,0x00,0x00,0x00,0x00,0x00,0x00,0x00,0x00,0x00,0x00,0x00,0x00,0x00,0x00,0x00,0x00,0x00,0x00,0x00,0x00,0x00,0x00,0x00,0x00,
    0x00,0x00,0x00,0x00,0x00,0x00,0x00,0x00,0x00,0x00,0x00,0x00,0x55,0xaa,0xff,0x03,0x00,0x00,0x00,0x00,0x36,0xb8,0xff,0x41,0x38,0xbf,0xff,0xff,0x35,0xb6,0xff,0xfd,
    0x35,0xb7,0xff,0xfc,0x39,0xc1,0xff,0xff,0x35,0xb6,0xff,0xbe,0x00,0x00,0x00,0x00,0x7f,0xff,0xff,0x02,0x00,0x00,0x00,0x00,0x00,0x00,0x00,0x00,0x00,0x00,0x00,0x00,
    0x00,0x00,0x00,0x00,0x00,0x00,0x00,0x00,0x00,0x00,0x00,0x00,0x00,0x00,0x00,0x00,0x00,0x00,0x00,0x00,0x00,0x00,0x00,0x00,0x00,0x00,0x00,0x00,0x00,0x00,0x00,0x00,
    0x00,0x00,0x00,0x00,0x00,0x00,0x00,0x00,0x00,0x00,0x00,0x00,0x00,0x00,0x00,0x00,0x00,0x00,0x00,0x00,0x00,0x00,0x00,0x00,0x00,0x00,0x00,0x00,0x00,0x00,0x00,0x00,
    0x00,0x00,0x00,0x00,0x00,0x00,0x00,0x00,0x00,0x00,0x00,0x00,0x00,0x00,0x00,0x00,0x00,0x00,0x00,0x00,0x00,0x00,0x00,0x00,0x00,0x00,0x00,0x00,0x00,0x00,0x00,0x00,
    0x00,0x00,0x00,0x00,0x00,0x00,0x00,0x00,0x00,0x00,0x00,0x00,0x00,0x00,0x00,0x00,0x00,0x00,0x00,0x00,0x00,0x00,0x00,0x00,0x00,0x00,0x00,0x00,0x00,0x00,0x00,0x00,
    0x00,0x00,0x00,0x00,0x00,0x00,0x00,0x00,0x00,0x00,0x00,0x00,0x00,0x00,0x00,0x00,0x00,0x00,0x00,0x00,0x00,0x00,0x00,0x00,0x00,0x00,0x00,0x00,0x00,0x00,0x00,0x00,
    0x00,0x00,0x00,0x00,0x00,0x00,0x00,0x00,0x00,0x00,0x00,0x00,0x00,0x00,0x00,0x00,0x00,0x00,0x00,0x00,0x00,0x00,0x00,0x00,0x00,0x00,0x00,0x00,0x00,0x00,0x00,0x00,
    0x00,0x00,0x00,0x00,0x00,0x00,0x00,0x00,0x00,0x00,0x00,0x00,0x00,0x00,0x00,0x00,0x00,0x00,0x00,0x00,0x00,0x00,0x00,0x00,0x00,0x00,0x00,0x00,0x00,0x00,0x00,0x00,
    0x00,0x00,0x00,0x00,0x00,0x00,0x00,0x00,0x00,0x00,0x00,0x00,0x00,0x00,0x00,0x00,0x00,0x00,0x00,0x00,0x00,0x00,0x00,0x00,0x00,0x00,0x00,0x00,0x00,0x00,0x00,0x00,
    0x00,0x00,0x00,0x00,0x00,0x00,0x00,0x00,0x00,0x00,0x00,0x00,0x00,0x00,0x00,0x00,0x00,0x00,0x00,0x00,0x00,0x00,0x00,0x00,0x00,0x00,0x00,0x00,0x00,0x00,0x00,0x00,
    0x00,0x00,0x00,0x00,0x00,0x00,0x00,0x00,0x00,0x00,0x00,0x00,0x00,0x00,0x00,0x00,0x00,0x00,0x00,0x00,0x00,0x00,0x00,0x00,0x00,0x00,0x00,0x00,0x00,0x00,0x00,0x00,
    0x00,0x00,0x00,0x00,0x00,0x00,0x00,0x00,0x00,0x00,0x00,0x00,0x00,0x00,0x00,0x00,0x00,0x00,0x00,0x00,0x00,0x00,0x00,0x00,0x00,0x00,0x00,0x00,0x00,0x00,0x00,0x00,
    0x00,0x00,0x00,0x00,0x00,0x00,0x00,0x00,0x00,0x00,0x00,0x00,0x00,0x00,0x00,0x00,0x00,0x00,0x00,0x00,0x00,0x00,0x00,0x00,0x00,0x00,0x00,0x00,0x00,0x00,0x00,0x00,
    0x00,0x00,0x00,0x00,0x00,0x00,0x00,0x00,0x00,0x00,0x00,0x00,0x55,0xaa,0xff,0x03,0x00,0x00,0x00,0x00,0x36,0xb8,0xff,0x41,0x38,0xbf,0xff,0xff,0x35,0xb6,0xff,0xfd,
    0x35,0xb7,0xff,0xfc,0x39,0xc1,0xff,0xff,0x35,0xb6,0xff,0xbe,0x00,0x00,0x00,0x00,0x7f,0xff,0xff,0x02,0x00,0x00,0x00,0x00,0x00,0x00,0x00,0x00,0x00,0x00,0x00,0x00,
    0x00,0x00,0x00,0x00,0x00,0x00,0x00,0x00,0x00,0x00,0x00,0x00,0x00,0x00,0x00,0x00,0x00,0x00,0x00,0x00,0x00,0x00,0x00,0x00,0x00,0x00,0x00,0x00,0x00,0x00,0x00,0x00,
    0x00,0x00,0x00,0x00,0x00,0x00,0x00,0x00,0x00,0x00,0x00,0x00,0x00,0x00,0x00,0x00,0x00,0x00,0x00,0x00,0x00,0x00,0x00,0x00,0x00,0x00,0x00,0x00,0x00,0x00,0x00,0x00,
    0x00,0x00,0x00,0x00,0x00,0x00,0x00,0x00,0x00,0x00,0x00,0x00,0x00,0x00,0x00,0x00,0x00,0x00,0x00,0x00,0x00,0x00,0x00,0x00,0x00,0x00,0x00,0x00,0x00,0x00,0x00,0x00,
    0x00,0x00,0x00,0x00,0x00,0x00,0x00,0x00,0x00,0x00,0x00,0x00,0x00,0x00,0x00,0x00,0x00,0x00,0x00,0x00,0x00,0x00,0x00,0x00,0x00,0x00,0x00,0x00,0x00,0x00,0x00,0x00,
    0x00,0x00,0x00,0x00,0x00,0x00,0x00,0x00,0x00,0x00,0x00,0x00,0x00,0x00,0x00,0x00,0x00,0x00,0x00,0x00,0x00,0x00,0x00,0x00,0x00,0x00,0x00,0x00,0x00,0x00,0x00,0x00,
    0x00,0x00,0x00,0x00,0x00,0x00,0x00,0x00,0x00,0x00,0x00,0x00,0x00,0x00,0x00,0x00,0x00,0x00,0x00,0x00,0x00,0x00,0x00,0x00,0x00,0x00,0x00,0x00,0x00,0x00,0x00,0x00,
    0x00,0x00,0x00,0x00,0x00,0x00,0x00,0x00,0x00,0x00,0x00,0x00,0x00,0x00,0x00,0x00,0x00,0x00,0x00,0x00,0x00,0x00,0x00,0x00,0x00,0x00,0x00,0x00,0x00,0x00,0x00,0x00,
    0x00,0x00,0x00,0x00,0x00,0x00,0x00,0x00,0x00,0x00,0x00,0x00,0x00,0x00,0x00,0x00,0x00,0x00,0x00,0x00,0x00,0x00,0x00,0x00,0x00,0x00,0x00,0x00,0x00,0x00,0x00,0x00,
    0x00,0x00,0x00,0x00,0x00,0x00,0x00,0x00,0x00,0x00,0x00,0x00,0x00,0x00,0x00,0x00,0x00,0x00,0x00,0x00,0x00,0x00,0x00,0x00,0x00,0x00,0x00,0x00,0x00,0x00,0x00,0x00,
    0x00,0x00,0x00,0x00,0x00,0x00,0x00,0x00,0x00,0x00,0x00,0x00,0x00,0x00,0x00,0x00,0x00,0x00,0x00,0x00,0x00,0x00,0x00,0x00,0x00,0x00,0x00,0x00,0x00,0x00,0x00,0x00,
    0x00,0x00,0x00,0x00,0x00,0x00,0x00,0x00,0x00,0x00,0x00,0x00,0x00,0x00,0x00,0x00,0x00,0x00,0x00,0x00,0x00,0x00,0x00,0x00,0x00,0x00,0x00,0x00,0x00,0x00,0x00,0x00,
    0x00,0x00,0x00,0x00,0x00,0x00,0x00,0x00,0x00,0x00,0x00,0x00,0x00,0x00,0x00,0x00,0x00,0x00,0x00,0x00,0x00,0x00,0x00,0x00,0x00,0x00,0x00,0x00,0x00,0x00,0x00,0x00,
    0x00,0x00,0x00,0x00,0x00,0x00,0x00,0x00,0x00,0x00,0x00,0x00,0x55,0xaa,0xff,0x03,0x00,0x00,0x00,0x00,0x36,0xb8,0xff,0x41,0x38,0xbf,0xff,0xff,0x35,0xb6,0xff,0xfd,
    0x35,0xb7,0xff,0xfc,0x39,0xc1,0xff,0xff,0x35,0xb6,0xff,0xbe,0x00,0x00,0x00,0x00,0x7f,0xff,0xff,0x02,0x00,0x00,0x00,0x00,0x00,0x00,0x00,0x00,0x00,0x00,0x00,0x00,
    0x00,0x00,0x00,0x00,0x00,0x00,0x00,0x00,0x00,0x00,0x00,0x00,0x00,0x00,0x00,0x00,0x00,0x00,0x00,0x00,0x00,0x00,0x00,0x00,0x00,0x00,0x00,0x00,0x00,0x00,0x00,0x00,
    0x00,0x00,0x00,0x00,0x00,0x00,0x00,0x00,0x00,0x00,0x00,0x00,0x00,0x00,0x00,0x00,0x00,0x00,0x00,0x00,0x00,0x00,0x00,0x00,0x00,0x00,0x00,0x00,0x00,0x00,0x00,0x00,
    0x00,0x00,0x00,0x00,0x00,0x00,0x00,0x00,0x00,0x00,0x00,0x00,0x00,0x00,0x00,0x00,0x00,0x00,0x00,0x00,0x00,0x00,0x00,0x00,0x00,0x00,0x00,0x00,0x00,0x00,0x00,0x00,
    0x00,0x00,0x00,0x00,0x00,0x00,0x00,0x00,0x00,0x00,0x00,0x00,0x00,0x00,0x00,0x00,0x00,0x00,0x00,0x00,0x00,0x00,0x00,0x00,0x00,0x00,0x00,0x00,0x00,0x00,0x00,0x00,
    0x00,0x00,0x00,0x00,0x00,0x00,0x00,0x00,0x00,0x00,0x00,0x00,0x00,0x00,0x00,0x00,0x00,0x00,0x00,0x00,0x00,0x00,0x00,0x00,0x00,0x00,0x00,0x00,0x00,0x00,0x00,0x00,
    0x00,0x00,0x00,0x00,0x00,0x00,0x00,0x00,0x00,0x00,0x00,0x00,0x00,0x00,0x00,0x00,0x00,0x00,0x00,0x00,0x00,0x00,0x00,0x00,0x00,0x00,0x00,0x00,0x00,0x00,0x00,0x00,
    0x00,0x00,0x00,0x00,0x00,0x00,0x00,0x00,0x00,0x00,0x00,0x00,0x00,0x00,0x00,0x00,0x00,0x00,0x00,0x00,0x00,0x00,0x00,0x00,0x00,0x00,0x00,0x00,0x00,0x00,0x00,0x00,
    0x00,0x00,0x00,0x00,0x00,0x00,0x00,0x00,0x00,0x00,0x00,0x00,0x00,0x00,0x00,0x00,0x00,0x00,0x00,0x00,0x00,0x00,0x00,0x00,0x00,0x00,0x00,0x00,0x00,0x00,0x00,0x00,
    0x00,0x00,0x00,0x00,0x00,0x00,0x00,0x00,0x00,0x00,0x00,0x00,0x00,0x00,0x00,0x00,0x00,0x00,0x00,0x00,0x00,0x00,0x00,0x00,0x00,0x00,0x00,0x00,0x00,0x00,0x00,0x00,
    0x00,0x00,0x00,0x00,0x00,0x00,0x00,0x00,0x00,0x00,0x00,0x00,0x00,0x00,0x00,0x00,0x00,0x00,0x00,0x00,0x55,0xaa,0xff,0x03,0x7f,0xff,0xff,0x02,0x55,0xaa,0xff,0x03,
    0x00,0xff,0xff,0x02,0x00,0x00,0x00,0x00,0x00,0x00,0x00,0x00,0x00,0x00,0x00,0x00,0x00,0x00,0x00,0x00,0x00,0x00,0x00,0x00,0x00,0x00,0x00,0x00,0x00,0x00,0x00,0x00,
    0x00,0x00,0x00,0x00,0x00,0x00,0x00,0x00,0x00,0x00,0x00,0x00,0x00,0x00,0x00,0x00,0x00,0x00,0x00,0x00,0x00,0x00,0x00,0x00,0x00,0x00,0x00,0x00,0x00,0x00,0x00,0x00,
    0x00,0x00,0x00,0x00,0x00,0x00,0x00,0x00,0x00,0x00,0x00,0x00,0x55,0xaa,0xff,0x03,0x00,0x00,0x00,0x00,0x36,0xb8,0xff,0x41,0x38,0xbf,0xff,0xff,0x35,0xb6,0xff,0xfd,
    0x35,0xb7,0xff,0xfc,0x39,0xc1,0xff,0xff,0x35,0xb6,0xff,0xbe,0x00,0x00,0x00,0x00,0x7f,0xff,0xff,0x02,0x00,0x00,0x00,0x00,0x00,0x00,0x00,0x00,0x00,0x00,0x00,0x00,
    0x00,0x00,0x00,0x00,0x00,0x00,0x00,0x00,0x00,0x00,0x00,0x00,0x00,0x00,0x00,0x00,0x00,0x00,0x00,0x00,0x00,0x00,0x00,0x00,0x00,0x00,0x00,0x00,0x00,0x00,0x00,0x00,
    0x00,0x00,0x00,0x00,0x00,0x00,0x00,0x00,0x00,0x00,0x00,0x00,0x00,0x00,0x00,0x00,0x00,0x00,0x00,0x00,0x00,0x00,0x00,0x00,0x00,0x00,0x00,0x00,0x00,0x00,0x00,0x00,
    0x55,0xaa,0xff,0x03,0x7f,0xff,0xff,0x02,0x55,0xaa,0xff,0x03,0x00,0xff,0xff,0x02,0x00,0x00,0x00,0x00,0x00,0x00,0x00,0x00,0x00,0x00,0x00,0x00,0x00,0x00,0x00,0x00,
    0x00,0x00,0x00,0x00,0x00,0x00,0x00,0x00,0x00,0x00,0x00,0x00,0x00,0x00,0x00,0x00,0x00,0x00,0x00,0x00,0x00,0x00,0x00,0x00,0x00,0x00,0x00,0x00,0x00,0x00,0x00,0x00,
    0x00,0x00,0x00,0x00,0x00,0x00,0x00,0x00,0x00,0x00,0x00,0x00,0x00,0x00,0x00,0x00,0x00,0x00,0x00,0x00,0x00,0x00,0x00,0x00,0x00,0x00,0x00,0x00,0x00,0x00,0x00,0x00,
    0x00,0x00,0x00,0x00,0x00,0x00,0x00,0x00,0x00,0x00,0x00,0x00,0x00,0x00,0x00,0x00,0x00,0x00,0x00,0x00,0x00,0x00,0x00,0x00,0x00,0x00,0x00,0x00,0x00,0x00,0x00,0x00,
    0x00,0x00,0x00,0x00,0x00,0x00,0x00,0x00,0x00,0x00,0x00,0x00,0x00,0x00,0x00,0x00,0x00,0x00,0x00,0x00,0x00,0x00,0x00,0x00,0x00,0x00,0x00,0x00,0x00,0x00,0x00,0x00,
    0x00,0x00,0x00,0x00,0x00,0x00,0x00,0x00,0x00,0x00,0x00,0x00,0x00,0x00,0x00,0x00,0x00,0x00,0x00,0x00,0x00,0x00,0x00,0x00,0x00,0x00,0x00,0x00,0x00,0x00,0x00,0x00,
    0x00,0x00,0x00,0x00,0x00,0x00,0x00,0x00,0x00,0x00,0x00,0x00,0x00,0x00,0x00,0x00,0x00,0x00,0x00,0x00,0x00,0x00,0x00,0x00,0x00,0x00,0x00,0x00,0x00,0x00,0x00,0x00,
    0x00,0x00,0x00,0x00,0x00,0x00,0x00,0x00,0x00,0x00,0x00,0x00,0x00,0x00,0x00,0x00,0x00,0x7f,0xff,0x02,0x00,0x00,0x00,0x00,0x00,0x00,0x00,0x00,0x00,0x00,0x00,0x00,
    0x00,0x00,0x00,0x00,0x00,0xff,0xff,0x01,0x00,0x00,0x00,0x00,0x00,0x00,0x00,0x00,0x00,0x00,0x00,0x00,0x00,0x00,0x00,0x00,0x00,0x00,0x00,0x00,0x00,0x00,0x00,0x00,
    0x00,0x00,0x00,0x00,0x00,0x00,0x00,0x00,0x00,0x00,0x00,0x00,0x00,0x00,0x00,0x00,0x00,0x00,0x00,0x00,0x00,0x00,0x00,0x00,0x00,0x00,0x00,0x00,0x00,0x00,0x00,0x00,
    0x00,0x00,0x00,0x00,0x00,0x00,0x00,0x00,0x00,0x00,0x00,0x00,0x55,0xaa,0xff,0x03,0x00,0x00,0x00,0x00,0x36,0xb8,0xff,0x41,0x38,0xbf,0xff,0xff,0x35,0xb6,0xff,0xfd,
    0x35,0xb7,0xff,0xfc,0x39,0xc1,0xff,0xff,0x35,0xb6,0xff,0xbe,0x00,0x00,0x00,0x00,0x7f,0xff,0xff,0x02,0x00,0x00,0x00,0x00,0x00,0x00,0x00,0x00,0x00,0x00,0x00,0x00,
    0x00,0x00,0x00,0x00,0x00,0x00,0x00,0x00,0x00,0x00,0x00,0x00,0x00,0x00,0x00,0x00,0x00,0x00,0x00,0x00,0x00,0x00,0x00,0x00,0x00,0x00,0x00,0x00,0x00,0x00,0x00,0x00,
    0x00,0x00,0x00,0x00,0x00,0x00,0x00,0x00,0x00,0x00,0x00,0x00,0x00,0x00,0x00,0x00,0x00,0x00,0x00,0x00,0x00,0x00,0x00,0x00,0x00,0x00,0x00,0x00,0x00,0x7f,0xff,0x02,
    0x00,0x00,0x00,0x00,0x00,0x00,0x00,0x00,0x00,0x00,0x00,0x00,0x00,0x00,0x00,0x00,0x00,0xff,0xff,0x01,0x00,0x00,0x00,0x00,0x00,0x00,0x00,0x00,0x00,0x00,0x00,0x00,
    0x00,0x00,0x00,0x00,0x00,0x00,0x00,0x00,0x00,0x00,0x00,0x00,0x00,0x00,0x00,0x00,0x00,0x00,0x00,0x00,0x00,0x00,0x00,0x00,0x00,0x00,0x00,0x00,0x00,0x00,0x00,0x00,
    0x00,0x00,0x00,0x00,0x00,0x00,0x00,0x00,0x00,0x00,0x00,0x00,0x00,0x00,0x00,0x00,0x00,0x00,0x00,0x00,0x00,0x00,0x00,0x00,0x00,0x00,0x00,0x00,0x00,0x00,0x00,0x00,
    0x00,0x00,0x00,0x00,0x00,0x00,0x00,0x00,0x00,0x00,0x00,0x00,0x00,0x00,0x00,0x00,0x00,0x00,0x00,0x00,0x00,0x00,0x00,0x00,0x00,0x00,0x00,0x00,0x00,0x00,0x00,0x00,
    0x00,0x00,0x00,0x00,0x00,0x00,0x00,0x00,0x00,0x00,0x00,0x00,0x00,0x00,0x00,0x00,0x00,0x00,0x00,0x00,0x00,0x00,0x00,0x00,0x00,0x00,0x00,0x00,0x00,0x00,0x00,0x00,
    0x00,0x00,0x00,0x00,0x00,0x00,0x00,0x00,0x00,0x00,0x00,0x00,0x00,0x00,0x00,0x00,0x00,0x00,0x00,0x00,0x00,0x00,0x00,0x00,0x00,0x00,0x00,0x00,0x00,0x00,0x00,0x00,
    0x00,0x00,0x00,0x00,0x00,0x00,0x00,0x00,0x00,0x00,0x00,0x00,0x00,0x00,0x00,0x00,0x00,0x00,0x00,0x00,0x00,0x00,0x00,0x00,0x00,0x00,0x00,0x00,0x00,0x00,0x00,0x00,
    0x00,0x00,0x00,0x00,0x00,0x00,0x00,0x00,0x00,0x00,0x00,0x00,0x00,0x7f,0xff,0x02,0x00,0x00,0x00,0x00,0x36,0xb4,0xff,0x55,0x37,0xbc,0xff,0xbd,0x38,0xbd,0xff,0xaf,
    0x34,0xb0,0xff,0x31,0x00,0x00,0x00,0x00,0x55,0xaa,0xff,0x03,0x00,0x00,0x00,0x00,0x00,0x00,0x00,0x00,0x00,0x00,0x00,0x00,0x00,0x00,0x00,0x00,0x00,0x00,0x00,0x00,
    0x00,0x00,0x00,0x00,0x00,0x00,0x00,0x00,0x00,0x00,0x00,0x00,0x00,0x00,0x00,0x00,0x00,0x00,0x00,0x00,0x00,0x00,0x00,0x00,0x00,0x00,0x00,0x00,0x00,0x00,0x00,0x00,
    0x00,0x00,0x00,0x00,0x00,0x00,0x00,0x00,0x00,0x00,0x00,0x00,0x55,0xaa,0xff,0x03,0x00,0x00,0x00,0x00,0x37,0xb7,0xff,0x40,0x37,0xbe,0xff,0xfb,0x35,0xb6,0xff,0xf9,
    0x35,0xb7,0xff,0xf8,0x38,0xc1,0xff,0xfb,0x35,0xb6,0xff,0xbb,0x00,0x00,0x00,0x00,0x7f,0xff,0xff,0x02,0x00,0x00,0x00,0x00,0x00,0x00,0x00,0x00,0x00,0x00,0x00,0x00,
    0x00,0x00,0x00,0x00,0x00,0x00,0x00,0x00,0x00,0x00,0x00,0x00,0x00,0x00,0x00,0x00,0x00,0x00,0x00,0x00,0x00,0x00,0x00,0x00,0x00,0x00,0x00,0x00,0x00,0x00,0x00,0x00,
    0x00,0x00,0x00,0x00,0x00,0x00,0x00,0x00,0x00,0x00,0x00,0x00,0x00,0x00,0x00,0x00,0x00,0x00,0x00,0x00,0x00,0x00,0x00,0x00,0x3f,0xbf,0xff,0x04,0x00,0x00,0x00,0x00,
    0x36,0xb4,0xff,0x55,0x37,0xbc,0xff,0xbd,0x37,0xbd,0xff,0xaf,0x34,0xb6,0xff,0x31,0x00,0x00,0x00,0x00,0x7f,0x7f,0xff,0x02,0x00,0x00,0x00,0x00,0x00,0x00,0x00,0x00,
    0x00,0x00,0x00,0x00,0x00,0x00,0x00,0x00,0x00,0x00,0x00,0x00,0x00,0x00,0x00,0x00,0x00,0x00,0x00,0x00,0x00,0x00,0x00,0x00,0x00,0x00,0x00,0x00,0x00,0x00,0x00,0x00,
    0x00,0x00,0x00,0x00,0x00,0x00,0x00,0x00,0x00,0x00,0x00,0x00,0x00,0x00,0x00,0x00,0x00,0x00,0x00,0x00,0x00,0x00,0x00,0x00,0x00,0x00,0x00,0x00,0x00,0x00,0x00,0x00,
    0x00,0x00,0x00,0x00,0x00,0x00,0x00,0x00,0x00,0x00,0x00,0x00,0x00,0x00,0x00,0x00,0x00,0x00,0x00,0x00,0x00,0x00,0x00,0x00,0x00,0x00,0x00,0x00,0x00,0x00,0x00,0x00,
    0x00,0x00,0x00,0x00,0x00,0x00,0x00,0x00,0x00,0x00,0x00,0x00,0x00,0x00,0x00,0x00,0x00,0x00,0x00,0x00,0x00,0x00,0x00,0x00,0x00,0x00,0x00,0x00,0x00,0x00,0x00,0x00,
    0x00,0x00,0x00,0x00,0x00,0x00,0x00,0x00,0x00,0x00,0x00,0x00,0x00,0x00,0x00,0x00,0x00,0x00,0x00,0x00,0x00,0x00,0x00,0x00,0x00,0x00,0x00,0x00,0x00,0x00,0x00,0x00,
    0x00,0x00,0x00,0x00,0x00,0x00,0x00,0x00,0x00,0x00,0x00,0x00,0x00,0x00,0x00,0x00,0x00,0x00,0x00,0x00,0x00,0x00,0x00,0x00,0x00,0x00,0x00,0x00,0x00,0x00,0x00,0x00,
    0x00,0x00,0x00,0x00,0x00,0x00,0x00,0x00,0x55,0xaa,0xff,0x03,0x00,0x00,0x00,0x00,0x35,0xb7,0xff,0x56,0x3a,0xc3,0xff,0xff,0x39,0xc0,0xff,0xff,0x3a,0xc4,0xff,0xff,
    0x37,0xbc,0xff,0xee,0x36,0xb1,0xff,0x21,0x00,0x00,0x00,0x00,0x55,0xaa,0xff,0x03,0x00,0x00,0x00,0x00,0x00,0x00,0x00,0x00,0x00,0x00,0x00,0x00,0x00,0x00,0x00,0x00,
    0x00,0x00,0x00,0x00,0x00,0x00,0x00,0x00,0x00,0x00,0x00,0x00,0x00,0x00,0x00,0x00,0x00,0x00,0x00,0x00,0x00,0x00,0x00,0x00,0x00,0x00,0x00,0x00,0x00,0x00,0x00,0x00,
    0x00,0x00,0x00,0x00,0x00,0x00,0x00,0x00,0x00,0x00,0x00,0x00,0x55,0xaa,0xff,0x03,0x00,0x00,0x00,0x00,0x36,0xb9,0xff,0x46,0x3c,0xcd,0xff,0xff,0x39,0xc3,0xff,0xff,
    0x39,0xc3,0xff,0xff,0x3d,0xd0,0xff,0xff,0x35,0xb6,0xff,0xcc,0x00,0x00,0x00,0x00,0x7f,0xff,0xff,0x02,0x00,0x00,0x00,0x00,0x00,0x00,0x00,0x00,0x00,0x00,0x00,0x00,
    0x00,0x00,0x00,0x00,0x00,0x00,0x00,0x00,0x00,0x00,0x00,0x00,0x00,0x00,0x00,0x00,0x00,0x00,0x00,0x00,0x00,0x00,0x00,0x00,0x00,0x00,0x00,0x00,0x00,0x00,0x00,0x00,
    0x00,0x00,0x00,0x00,0x00,0x00,0x00,0x00,0x00,0x00,0x00,0x00,0x00,0x00,0x00,0x00,0x00,0x00,0x00,0x00,0x33,0xcc,0xff,0x05,0x00,0x00,0x00,0x00,0x33,0xb3,0xff,0x54,
    0x3a,0xc4,0xff,0xff,0x38,0xc0,0xff,0xff,0x3a,0xc5,0xff,0xff,0x37,0xbb,0xff,0xee,0x33,0xb8,0xff,0x28,0x00,0xff,0xff,0x01,0x00,0x7f,0xff,0x02,0x00,0x00,0x00,0x00,
    0x00,0x00,0x00,0x00,0x00,0x00,0x00,0x00,0x00,0x00,0x00,0x00,0x00,0x00,0x00,0x00,0x00,0x00,0x00,0x00,0x00,0x00,0x00,0x00,0x00,0x00,0x00,0x00,0x00,0x00,0x00,0x00,
    0x00,0x00,0x00,0x00,0x00,0x00,0x00,0x00,0x00,0x00,0x00,0x00,0x00,0x00,0x00,0x00,0x00,0x00,0x00,0x00,0x00,0x00,0x00,0x00,0x00,0x00,0x00,0x00,0x00,0x00,0x00,0x00,
    0x00,0x00,0x00,0x00,0x00,0x00,0x00,0x00,0x00,0x00,0x00,0x00,0x00,0x00,0x00,0x00,0x00,0x00,0x00,0x00,0x00,0x00,0x00,0x00,0x00,0x00,0x00,0x00,0x00,0x00,0x00,0x00,
    0x00,0x00,0x00,0x00,0x00,0x00,0x00,0x00,0x00,0x00,0x00,0x00,0x00,0x00,0x00,0x00,0x00,0x00,0x00,0x00,0x00,0x00,0x00,0x00,0x00,0x00,0x00,0x00,0x00,0x00,0x00,0x00,
    0x00,0x00,0x00,0x00,0x00,0x00,0x00,0x00,0x00,0x00,0x00,0x00,0x00,0x00,0x00,0x00,0x00,0x00,0x00,0x00,0x00,0x00,0x00,0x00,0x00,0x00,0x00,0x00,0x00,0x00,0x00,0x00,
    0x00,0x00,0x00,0x00,0x00,0x00,0x00,0x00,0x00,0x00,0x00,0x00,0x00,0x00,0x00,0x00,0x00,0x00,0x00,0x00,0x00,0x00,0x00,0x00,0x00,0x00,0x00,0x00,0x00,0x00,0x00,0x00,
    0x00,0x00,0x00,0x00,0x00,0x00,0x00,0x00,0x7f,0xff,0xff,0x02,0x00,0x00,0x00,0x00,0x35,0xb7,0xff,0xc3,0x39,0xc1,0xff,0xfd,0x35,0xb6,0xff,0xf9,0x35,0xb5,0xff,0xfa,
    0x38,0xc0,0xff,0xff,0x37,0xbb,0xff,0xcb,0x2d,0xb4,0xff,0x11,0x00,0x00,0x00,0x00,0x7f,0xff,0xff,0x02,0x00,0x00,0x00,0x00,0x00,0x00,0x00,0x00,0x00,0x00,0x00,0x00,
    0x00,0x00,0x00,0x00,0x00,0x00,0x00,0x00,0x00,0x00,0x00,0x00,0x00,0x00,0x00,0x00,0x00,0x00,0x00,0x00,0x00,0x00,0x00,0x00,0x00,0x00,0x00,0x00,0x00,0x00,0x00,0x00,
    0x00,0x00,0x00,0x00,0x00,0x00,0x00,0x00,0x00,0x00,0x00,0x00,0x7f,0x7f,0xff,0x02,0x00,0x00,0x00,0x00,0x36,0xb9,0xff,0x21,0x37,0xbf,0xff,0x80,0x36,0xb6,0xff,0x7f,
    0x36,0xb8,0xff,0x7e,0x39,0xc1,0xff,0x80,0x35,0xb6,0xff,0x5f,0x00,0x00,0x00,0x00,0xff,0xff,0xff,0x01,0x00,0x00,0x00,0x00,0x00,0x00,0x00,0x00,0x00,0x00,0x00,0x00,
    0x00,0x00,0x00,0x00,0x00,0x00,0x00,0x00,0x00,0x00,0x00,0x00,0x00,0x00,0x00,0x00,0x00,0x00,0x00,0x00,0x00,0x00,0x00,0x00,0x00,0x00,0x00,0x00,0x00,0x00,0x00,0x00,
    0x00,0x00,0x00,0x00,0x00,0x00,0x00,0x00,0x00,0x00,0x00,0x00,0x00,0x00,0x00,0x00,0x3f,0xbf,0xff,0x04,0x00,0x00,0x00,0x00,0x34,0xb2,0xff,0x35,0x37,0xbd,0xff,0xee,
    0x37,0xbb,0xff,0xfc,0x35,0xb5,0xff,0xfb,0x35,0xb6,0xff,0xf7,0x3a,0xc6,0xff,0xff,0x36,0xb6,0xff,0x83,0x00,0x00,0x00,0x00,0x3f,0xbf,0xff,0x04,0x00,0x00,0x00,0x00,
    0x00,0x00,0x00,0x00,0x00,0x00,0x00,0x00,0x00,0x00,0x00,0x00,0x00,0x00,0x00,0x00,0x00,0x00,0x00,0x00,0x00,0x00,0x00,0x00,0x00,0x00,0x00,0x00,0x00,0x00,0x00,0x00,
    0x00,0x00,0x00,0x00,0x00,0x00,0x00,0x00,0x00,0x00,0x00,0x00,0x00,0x00,0x00,0x00,0x00,0x00,0x00,0x00,0x00,0x00,0x00,0x00,0x00,0x00,0x00,0x00,0x00,0x00,0x00,0x00,
    0x00,0x00,0x00,0x00,0x00,0x00,0x00,0x00,0x00,0x00,0x00,0x00,0x00,0x00,0x00,0x00,0x00,0x00,0x00,0x00,0x00,0x00,0x00,0x00,0x00,0x00,0x00,0x00,0x00,0x00,0x00,0x00,
    0x00,0x00,0x00,0x00,0x00,0x00,0x00,0x00,0x00,0x00,0x00,0x00,0x00,0x00,0x00,0x00,0x00,0x00,0x00,0x00,0x00,0x00,0x00,0x00,0x00,0x00,0x00,0x00,0x00,0x00,0x00,0x00,
    0x00,0x00,0x00,0x00,0x00,0x00,0x00,0x00,0x00,0x00,0x00,0x00,0x00,0x00,0x00,0x00,0x00,0x00,0x00,0x00,0x00,0x00,0x00,0x00,0x00,0x00,0x00,0x00,0x00,0x00,0x00,0x00,
    0x00,0x00,0x00,0x00,0x00,0x00,0x00,0x00,0x00,0x00,0x00,0x00,0x00,0x00,0x00,0x00,0x00,0x00,0x00,0x00,0x00,0x00,0x00,0x00,0x00,0x00,0x00,0x00,0x00,0x00,0x00,0x00,
    0x00,0x00,0x00,0x00,0x00,0x00,0x00,0x00,0x55,0xaa,0xff,0x03,0x00,0x00,0x00,0x00,0x35,0xb7,0xff,0xb5,0x3a,0xc5,0xff,0xff,0x35,0xb5,0xff,0xfa,0x36,0xb8,0xff,0xff,
    0x35,0xb6,0xff,0xfc,0x39,0xc3,0xff,0xff,0x37,0xba,0xff,0xca,0x2d,0xb4,0xff,0x11,0x00,0x00,0x00,0x00,0x7f,0xff,0xff,0x02,0x00,0x00,0x00,0x00,0x00,0x00,0x00,0x00,
    0x00,0x00,0x00,0x00,0x00,0x00,0x00,0x00,0x00,0x00,0x00,0x00,0x00,0x00,0x00,0x00,0x00,0x00,0x00,0x00,0x00,0x00,0x00,0x00,0x00,0x00,0x00,0x00,0x00,0x00,0x00,0x00,
    0x00,0x00,0x00,0x00,0x00,0x00,0x00,0x00,0x00,0x00,0x00,0x00,0x00,0x00,0x00,0x00,0x00,0x00,0x00,0x00,0x00,0x00,0x00,0x00,0x00,0x00,0x00,0x00,0x00,0x00,0x00,0x00,
    0x00,0x00,0x00,0x00,0x00,0x00,0x00,0x00,0x00,0x00,0x00,0x00,0x00,0x00,0x00,0x00,0x00,0x00,0x00,0x00,0x00,0x00,0x00,0x00,0x00,0x00,0x00,0x00,0x00,0x00,0x00,0x00,
    0x00,0x00,0x00,0x00,0x00,0x00,0x00,0x00,0x00,0x00,0x00,0x00,0x00,0x00,0x00,0x00,0x00,0x00,0x00,0x00,0x00,0x00,0x00,0x00,0x00,0x00,0x00,0x00,0x00,0x00,0x00,0x00,
    0x00,0x00,0x00,0x00,0x00,0x00,0x00,0x00,0x00,0x00,0x00,0x00,0x3f,0xbf,0xff,0x04,0x00,0x00,0x00,0x00,0x34,0xb2,0xff,0x35,0x37,0xbc,0xff,0xee,0x37,0xbc,0xff,0xff,
    0x35,0xb6,0xff,0xfd,0x36,0xb7,0xff,0xff,0x35,0xb6,0xff,0xf9,0x3b,0xc9,0xff,0xff,0x35,0xb8,0xff,0x73,0x00,0x00,0x00,0x00,0x3f,0xbf,0xff,0x04,0x00,0x00,0x00,0x00,
    0x00,0x00,0x00,0x00,0x00,0x00,0x00,0x00,0x00,0x00,0x00,0x00,0x00,0x00,0x00,0x00,0x00,0x00,0x00,0x00,0x00,0x00,0x00,0x00,0x00,0x00,0x00,0x00,0x00,0x00,0x00,0x00,
    0x00,0x00,0x00,0x00,0x00,0x00,0x00,0x00,0x00,0x00,0x00,0x00,0x00,0x00,0x00,0x00,0x00,0x00,0x00,0x00,0x00,0x00,0x00,0x00,0x00,0x00,0x00,0x00,0x00,0x00,0x00,0x00,
    0x00,0x00,0x00,0x00,0x00,0x00,0x00,0x00,0x00,0x00,0x00,0x00,0x00,0x00,0x00,0x00,0x00,0x00,0x00,0x00,0x00,0x00,0x00,0x00,0x00,0x00,0x00,0x00,0x00,0x00,0x00,0x00,
    0x00,0x00,0x00,0x00,0x00,0x00,0x00,0x00,0x00,0x00,0x00,0x00,0x00,0x00,0x00,0x00,0x00,0x00,0x00,0x00,0x00,0x00,0x00,0x00,0x00,0x00,0x00,0x00,0x00,0x00,0x00,0x00,
    0x00,0x00,0x00,0x00,0x00,0x00,0x00,0x00,0x00,0x00,0x00,0x00,0x00,0x00,0x00,0x00,0x00,0x00,0x00,0x00,0x00,0x00,0x00,0x00,0x00,0x00,0x00,0x00,0x00,0x00,0x00,0x00,
    0x00,0x00,0x00,0x00,0x00,0x00,0x00,0x00,0x00,0x00,0x00,0x00,0x00,0x00,0x00,0x00,0x00,0x00,0x00,0x00,0x00,0x00,0x00,0x00,0x00,0x00,0x00,0x00,0x00,0x00,0x00,0x00,
    0x00,0x00,0x00,0x00,0x00,0x00,0x00,0x00,0x7f,0xff,0xff,0x02,0x00,0xff,0xff,0x01,0x34,0xbb,0xff,0x31,0x37,0xbc,0xff,0xed,0x38,0xc0,0xff,0xff,0x35,0xb6,0xff,0xfc,
    0x36,0xb8,0xff,0xff,0x35,0xb5,0xff,0xfb,0x39,0xc3,0xff,0xff,0x37,0xba,0xff,0xca,0x2d,0xb4,0xff,0x11,0x00,0x00,0x00,0x00,0x7f,0xff,0xff,0x02,0x00,0x00,0x00,0x00,
    0x00,0x00,0x00,0x00,0x00,0x00,0x00,0x00,0x00,0x00,0x00,0x00,0x00,0x00,0x00,0x00,0x00,0x00,0x00,0x00,0x00,0x00,0x00,0x00,0x00,0x00,0x00,0x00,0x00,0x00,0x00,0x00,
    0x00,0x00,0x00,0x00,0x00,0x00,0x00,0x00,0x00,0x00,0x00,0x00,0x00,0x00,0x00,0x00,0x00,0x00,0x00,0x00,0x00,0xff,0xff,0x01,0x3f,0xbf,0xff,0x04,0x3f,0xbf,0xff,0x04,
    0x3f,0xbf,0xff,0x04,0x3f,0xbf,0xff,0x04,0x55,0xaa,0xff,0x03,0x00,0x00,0x00,0x00,0x00,0x00,0x00,0x00,0x00,0x00,0x00,0x00,0x00,0x00,0x00,0x00,0x00,0x00,0x00,0x00,
    0x00,0x00,0x00,0x00,0x00,0x00,0x00,0x00,0x00,0x00,0x00,0x00,0x00,0x00,0x00,0x00,0x00,0x00,0x00,0x00,0x00,0x00,0x00,0x00,0x00,0x00,0x00,0x00,0x00,0x00,0x00,0x00,
    0x00,0x00,0x00,0x00,0x00,0x00,0x00,0x00,0x3f,0xbf,0xff,0x04,0x00,0x00,0x00,0x00,0x33,0xb5,0xff,0x3b,0x37,0xbc,0xff,0xee,0x38,0xbd,0xff,0xff,0x35,0xb5,0xff,0xfd,
    0x36,0xb7,0xff,0xff,0x35,0xb6,0xff,0xfb,0x3a,0xc6,0xff,0xff,0x36,0xb9,0xff,0xc9,0x38,0xb8,0xff,0x12,0x7f,0x7f,0xff,0x02,0x00,0xff,0xff,0x01,0x00,0x00,0x00,0x00,
    0x00,0x00,0x00,0x00,0x00,0x00,0x00,0x00,0x00,0x00,0x00,0x00,0x00,0x00,0x00,0x00,0x00,0x00,0x00,0x00,0x00,0x00,0x00,0x00,0x00,0x00,0x00,0x00,0x00,0x00,0x00,0x00,
    0x00,0x00,0x00,0x00,0x00,0x00,0x00,0x00,0x00,0x00,0x00,0x00,0x00,0x00,0x00,0x00,0x00,0x00,0x00,0x00,0x00,0x00,0x00,0x00,0x00,0x00,0x00,0x00,0x00,0x00,0x00,0x00,
    0x00,0x00,0x00,0x00,0x00,0x00,0x00,0x00,0x00,0x00,0x00,0x00,0x00,0x00,0x00,0x00,0x00,0x00,0x00,0x00,0x00,0x00,0x00,0x00,0x00,0x00,0x00,0x00,0x00,0x00,0x00,0x00,
    0x00,0x00,0x00,0x00,0x00,0x00,0x00,0x00,0x00,0x00,0x00,0x00,0x00,0x00,0x00,0x00,0x00,0x00,0x00,0x00,0x00,0x00,0x00,0x00,0x00,0x00,0x00,0x00,0x00,0x00,0x00,0x00,
    0x00,0x00,0x00,0x00,0x00,0x00,0x00,0x00,0x00,0x00,0x00,0x00,0x00,0x00,0x00,0x00,0x00,0x00,0x00,0x00,0x00,0x00,0x00,0x00,0x00,0x00,0x00,0x00,0x00,0x00,0x00,0x00,
    0x00,0x00,0x00,0x00,0x00,0x00,0x00,0x00,0x00,0x00,0x00,0x00,0x00,0x00,0x00,0x00,0x00,0x00,0x00,0x00,0x00,0x00,0x00,0x00,0x00,0x00,0x00,0x00,0x00,0x00,0x00,0x00,
    0x00,0x00,0x00,0x00,0x00,0x00,0x00,0x00,0x00,0x00,0x00,0x00,0x00,0xff,0xff,0x01,0x00,0x00,0x00,0x00,0x30,0xb3,0xff,0x25,0x37,0xbc,0xff,0xca,0x39,0xc3,0xff,0xff,
    0x35,0xb5,0xff,0xfb,0x36,0xb8,0xff,0xff,0x35,0xb5,0xff,0xfb,0x39,0xc3,0xff,0xff,0x37,0xba,0xff,0xca,0x2d,0xb4,0xff,0x11,0x00,0x00,0x00,0x00,0x7f,0xff,0xff,0x02,
    0x00,0x00,0x00,0x00,0x00,0x00,0x00,0x00,0x00,0x00,0x00,0x00,0x00,0x00,0x00,0x00,0x00,0x00,0x00,0x00,0x00,0x00,0x00,0x00,0x00,0x00,0x00,0x00,0x00,0x00,0x00,0x00,
    0x00,0x00,0x00,0x00,0x00,0x00,0x00,0x00,0x00,0x00,0x00,0x00,0x00,0x00,0x00,0x00,0x00,0x00,0x00,0x00,0x00,0x00,0x00,0x00,0x00,0x00,0x00,0x00,0x00,0x00,0x00,0x00,
    0x00,0x00,0x00,0x00,0x00,0x00,0x00,0x00,0x00,0x00,0x00,0x00,0x00,0x00,0x00,0x00,0x00,0x00,0x00,0x00,0x00,0x00,0x00,0x00,0x00,0x00,0x00,0x00,0x00,0x00,0x00,0x00,
    0x00,0x00,0x00,0x00,0x00,0x00,0x00,0x00,0x00,0x00,0x00,0x00,0x00,0x00,0x00,0x00,0x00,0x00,0x00,0x00,0x00,0x00,0x00,0x00,0x00,0x00,0x00,0x00,0x00,0x00,0x00,0x00,
    0x00,0x00,0x00,0x00,0x3f,0xbf,0xff,0x04,0x00,0x00,0x00,0x00,0x35,0xb5,0xff,0x65,0x37,0xbe,0xff,0xfb,0x37,0xba,0xff,0xff,0x35,0xb6,0xff,0xfd,0x36,0xb7,0xff,0xff,
    0x35,0xb6,0xff,0xfb,0x3a,0xc5,0xff,0xff,0x37,0xbc,0xff,0x9d,0x3a,0xb0,0xff,0x0d,0x00,0x00,0x00,0x00,0x00,0xff,0xff,0x01,0x00,0x00,0x00,0x00,0x00,0x00,0x00,0x00,
    0x00,0x00,0x00,0x00,0x00,0x00,0x00,0x00,0x00,0x00,0x00,0x00,0x00,0x00,0x00,0x00,0x00,0x00,0x00,0x00,0x00,0x00,0x00,0x00,0x00,0x00,0x00,0x00,0x00,0x00,0x00,0x00,
    0x00,0x00,0x00,0x00,0x00,0x00,0x00,0x00,0x00,0x00,0x00,0x00,0x00,0x00,0x00,0x00,0x00,0x00,0x00,0x00,0x00,0x00,0x00,0x00,0x00,0x00,0x00,0x00,0x00,0x00,0x00,0x00,
    0x00,0x00,0x00,0x00,0x00,0x00,0x00,0x00,0x00,0x00,0x00,0x00,0x00,0x00,0x00,0x00,0x00,0x00,0x00,0x00,0x00,0x00,0x00,0x00,0x00,0x00,0x00,0x00,0x00,0x00,0x00,0x00,
    0x00,0x00,0x00,0x00,0x00,0x00,0x00,0x00,0x00,0x00,0x00,0x00,0x00,0x00,0x00,0x00,0x00,0x00,0x00,0x00,0x00,0x00,0x00,0x00,0x00,0x00,0x00,0x00,0x00,0x00,0x00,0x00,
    0x00,0x00,0x00,0x00,0x00,0x00,0x00,0x00,0x00,0x00,0x00,0x00,0x00,0x00,0x00,0x00,0x00,0x00,0x00,0x00,0x00,0x00,0x00,0x00,0x00,0x00,0x00,0x00,0x00,0x00,0x00,0x00,
    0x00,0x00,0x00,0x00,0x00,0x00,0x00,0x00,0x00,0x00,0x00,0x00,0x00,0x00,0x00,0x00,0x00,0x00,0x00,0x00,0x00,0x00,0x00,0x00,0x00,0x00,0x00,0x00,0x00,0x00,0x00,0x00,
    0x00,0x00,0x00,0x00,0x00,0x00,0x00,0x00,0x00,0x00,0x00,0x00,0x00,0x00,0x00,0x00,0x55,0xaa,0xff,0x03,0x00,0x00,0x00,0x00,0x2d,0xb4,0xff,0x11,0x37,0xba,0xff,0xca,
    0x39,0xc3,0xff,0xff,0x35,0xb5,0xff,0xfb,0x36,0xb8,0xff,0xff,0x35,0xb5,0xff,0xfb,0x39,0xc3,0xff,0xff,0x37,0xbc,0xff,0xca,0x2f,0xaf,0xff,0x10,0x00,0x00,0x00,0x00,
    0x00,0xff,0xff,0x01,0x00,0x00,0x00,0x00,0x00,0x00,0x00,0x00,0x00,0x00,0x00,0x00,0x00,0x00,0x00,0x00,0x00,0x00,0x00,0x00,0x00,0x00,0x00,0x00,0x00,0x00,0x00,0x00,
    0x00,0x00,0x00,0x00,0x00,0x00,0x00,0x00,0x00,0x00,0x00,0x00,0x00,0x00,0x00,0x00,0x00,0x00,0x00,0x00,0x00,0x00,0x00,0x00,0x00,0x00,0x00,0x00,0x00,0x00,0x00,0x00,
    0x00,0x00,0x00,0x00,0x00,0x00,0x00,0x00,0x00,0x00,0x00,0x00,0x00,0x00,0x00,0x00,0x00,0x00,0x00,0x00,0x00,0x00,0x00,0x00,0x00,0x00,0x00,0x00,0x00,0x00,0x00,0x00,
    0x00,0x00,0x00,0x00,0x00,0x00,0x00,0x00,0x00,0x00,0x00,0x00,0x00,0x00,0x00,0x00,0x00,0x00,0x00,0x00,0x00,0x00,0x00,0x00,0x00,0x00,0x00,0x00,0x00,0x00,0x00,0x00,
    0xff,0xff,0xff,0x01,0x00,0x00,0x00,0x00,0x35,0xb5,0xff,0x65,0x39,0xc1,0xff,0xff,0x36,0xb8,0xff,0xfe,0x36,0xb6,0xff,0xfd,0x36,0xb7,0xff,0xff,0x35,0xb6,0xff,0xfb,
    0x3a,0xc6,0xff,0xff,0x36,0xb9,0xff,0x9a,0x00,0x00,0x00,0x00,0x00,0x00,0x00,0x00,0x00,0xff,0xff,0x01,0x00,0x00,0x00,0x00,0x00,0x00,0x00,0x00,0x00,0x00,0x00,0x00,
    0x00,0x00,0x00,0x00,0x00,0x00,0x00,0x00,0x00,0x00,0x00,0x00,0x00,0x00,0x00,0x00,0x00,0x00,0x00,0x00,0x00,0x00,0x00,0x00,0x00,0x00,0x00,0x00,0x00,0x00,0x00,0x00,
    0x00,0x00,0x00,0x00,0x00,0x00,0x00,0x00,0x00,0x00,0x00,0x00,0x00,0x00,0x00,0x00,0x00,0x00,0x00,0x00,0x00,0x00,0x00,0x00,0x00,0x00,0x00,0x00,0x00,0x00,0x00,0x00,
    0x00,0x00,0x00,0x00,0x00,0x00,0x00,0x00,0x00,0x00,0x00,0x00,0x00,0x00,0x00,0x00,0x00,0x00,0x00,0x00,0x00,0x00,0x00,0x00,0x00,0x00,0x00,0x00,0x00,0x00,0x00,0x00,
    0x00,0x00,0x00,0x00,0x00,0x00,0x00,0x00,0x00,0x00,0x00,0x00,0x00,0x00,0x00,0x00,0x00,0x00,0x00,0x00,0x00,0x00,0x00,0x00,0x00,0x00,0x00,0x00,0x00,0x00,0x00,0x00,
    0x00,0x00,0x00,0x00,0x00,0x00,0x00,0x00,0x00,0x00,0x00,0x00,0x00,0x00,0x00,0x00,0x00,0x00,0x00,0x00,0x00,0x00,0x00,0x00,0x00,0x00,0x00,0x00,0x00,0x00,0x00,0x00,
    0x00,0x00,0x00,0x00,0x00,0x00,0x00,0x00,0x00,0x00,0x00,0x00,0x00,0x00,0x00,0x00,0x00,0x00,0x00,0x00,0x00,0x00,0x00,0x00,0x00,0x00,0x00,0x00,0x00,0x00,0x00,0x00,
    0x00,0x00,0x00,0x00,0x00,0x00,0x00,0x00,0x00,0x00,0x00,0x00,0x00,0x00,0x00,0x00,0x00,0x00,0x00,0x00,0x55,0xaa,0xff,0x03,0x00,0x00,0x00,0x00,0x2d,0xb4,0xff,0x11,
    0x37,0xba,0xff,0xca,0x39,0xc3,0xff,0xff,0x35,0xb5,0xff,0xfb,0x36,0xb8,0xff,0xff,0x35,0xb5,0xff,0xfb,0x39,0xc1,0xff,0xff,0x36,0xbb,0xff,0xcd,0x37,0xb7,0xff,0x20,
    0x00,0xff,0xff,0x01,0x00,0xff,0xff,0x01,0x00,0x00,0x00,0x00,0x00,0x00,0x00,0x00,0x00,0x00,0x00,0x00,0x00,0x00,0x00,0x00,0x00,0x00,0x00,0x00,0x00,0x00,0x00,0x00,
    0x00,0x00,0x00,0x00,0x00,0x00,0x00,0x00,0x00,0x00,0x00,0x00,0x00,0x00,0x00,0x00,0x00,0x00,0x00,0x00,0x00,0x00,0x00,0x00,0x00,0x00,0x00,0x00,0x00,0x00,0x00,0x00,
    0x00,0x00,0x00,0x00,0x00,0x00,0x00,0x00,0x00,0x00,0x00,0x00,0x00,0x00,0x00,0x00,0x00,0x00,0x00,0x00,0x00,0x00,0x00,0x00,0x00,0x00,0x00,0x00,0x00,0x00,0x00,0x00,
    0x00,0x00,0x00,0x00,0x00,0x00,0x00,0x00,0x00,0x00,0x00,0x00,0x00,0x00,0x00,0x00,0x00,0x00,0x00,0x00,0x00,0x00,0x00,0x00,0x00,0x00,0x00,0x00,0x7f,0xff,0xff,0x02,
    0x3f,0xbf,0xff,0x04,0x35,0xb6,0xff,0x69,0x38,0xbf,0xff,0xff,0x36,0xb8,0xff,0xfd,0x36,0xb6,0xff,0xfe,0x36,0xb6,0xff,0xfe,0x36,0xb8,0xff,0xfc,0x39,0xc3,0xff,0xff,
    0x37,0xb8,0xff,0x98,0x00,0x00,0x00,0x00,0x55,0xaa,0xff,0x03,0x00,0x7f,0xff,0x02,0x00,0x00,0x00,0x00,0x00,0x00,0x00,0x00,0x00,0x00,0x00,0x00,0x00,0x00,0x00,0x00,
    0x00,0x00,0x00,0x00,0x00,0x00,0x00,0x00,0x00,0x00,0x00,0x00,0x00,0x00,0x00,0x00,0x00,0x00,0x00,0x00,0x00,0x00,0x00,0x00,0x00,0x00,0x00,0x00,0x00,0x00,0x00,0x00,
    0x00,0x00,0x00,0x00,0x00,0x00,0x00,0x00,0x00,0x00,0x00,0x00,0x00,0x00,0x00,0x00,0x00,0x00,0x00,0x00,0x00,0x00,0x00,0x00,0x00,0x00,0x00,0x00,0x00,0x00,0x00,0x00,
    0x00,0x00,0x00,0x00,0x00,0x00,0x00,0x00,0x00,0x00,0x00,0x00,0x00,0x00,0x00,0x00,0x00,0x00,0x00,0x00,0x00,0x00,0x00,0x00,0x00,0x00,0x00,0x00,0x00,0x00,0x00,0x00,
    0x00,0x00,0x00,0x00,0x00,0x00,0x00,0x00,0x00,0x00,0x00,0x00,0x00,0x00,0x00,0x00,0x00,0x00,0x00,0x00,0x00,0x00,0x00,0x00,0x00,0x00,0x00,0x00,0x00,0x00,0x00,0x00,
    0x00,0x00,0x00,0x00,0x00,0x00,0x00,0x00,0x00,0x00,0x00,0x00,0x00,0x00,0x00,0x00,0x00,0x00,0x00,0x00,0x00,0x00,0x00,0x00,0x00,0x00,0x00,0x00,0x00,0x00,0x00,0x00,
    0x00,0x00,0x00,0x00,0x00,0x00,0x00,0x00,0x00,0x00,0x00,0x00,0x00,0x00,0x00,0x00,0x00,0x00,0x00,0x00,0x00,0x00,0x00,0x00,0x00,0x00,0x00,0x00,0x00,0x00,0x00,0x00,
    0x00,0x00,0x00,0x00,0x00,0x00,0x00,0x00,0x00,0x00,0x00,0x00,0x00,0x00,0x00,0x00,0x00,0x00,0x00,0x00,0x00,0x00,0x00,0x00,0x7f,0xff,0xff,0x02,0x00,0x00,0x00,0x00,
    0x2d,0xb4,0xff,0x11,0x37,0xba,0xff,0xca,0x39,0xc3,0xff,0xff,0x35,0xb5,0xff,0xfb,0x35,0xb6,0xff,0xfd,0x37,0xba,0xff,0xff,0x37,0xbc,0xff,0xf6,0x35,0xb5,0xff,0x34,
    0x00,0xff,0xff,0x01,0x7f,0xff,0xff,0x02,0x00,0x00,0x00,0x00,0x00,0x00,0x00,0x00,0x00,0x00,0x00,0x00,0x00,0x00,0x00,0x00,0x00,0x00,0x00,0x00,0x00,0x00,0x00,0x00,
    0x00,0x00,0x00,0x00,0x00,0x00,0x00,0x00,0x00,0x00,0x00,0x00,0x00,0x00,0x00,0x00,0x00,0x00,0x00,0x00,0x00,0x00,0x00,0x00,0x00,0x00,0x00,0x00,0x00,0x00,0x00,0x00,
    0x00,0x00,0x00,0x00,0x00,0x00,0x00,0x00,0x00,0x00,0x00,0x00,0x00,0x00,0x00,0x00,0x00,0x00,0x00,0x00,0x00,0x00,0x00,0x00,0x00,0x00,0x00,0x00,0x00,0x00,0x00,0x00,
    0x00,0x00,0x00,0x00,0x00,0x00,0x00,0x00,0x00,0x00,0x00,0x00,0x00,0x00,0x00,0x00,0x00,0x00,0x00,0x00,0x00,0x00,0x00,0x00,0x00,0xff,0xff,0x01,0x00,0xff,0xff,0x01,
    0x37,0xb1,0xff,0x17,0x37,0xb9,0xff,0xf1,0x38,0xbf,0xff,0xff,0x35,0xb5,0xff,0xfc,0x36,0xb6,0xff,0xfe,0x36,0xb9,0xff,0xfc,0x39,0xc0,0xff,0xff,0x36,0xb9,0xff,0x67,
    0x00,0x00,0x00,0x00,0x55,0xaa,0xff,0x03,0x00,0xff,0xff,0x01,0x00,0x00,0x00,0x00,0x00,0x00,0x00,0x00,0x00,0x00,0x00,0x00,0x00,0x00,0x00,0x00,0x00,0x00,0x00,0x00,
    0x00,0x00,0x00,0x00,0x00,0x00,0x00,0x00,0x00,0x00,0x00,0x00,0x00,0x00,0x00,0x00,0x00,0x00,0x00,0x00,0x00,0x00,0x00,0x00,0x00,0x00,0x00,0x00,0x00,0x00,0x00,0x00,
    0x00,0x00,0x00,0x00,0x00,0x00,0x00,0x00,0x00,0x00,0x00,0x00,0x00,0x00,0x00,0x00,0x00,0x00,0x00,0x00,0x00,0x00,0x00,0x00,0x00,0x00,0x00,0x00,0x00,0x00,0x00,0x00,
    0x00,0x00,0x00,0x00,0x00,0x00,0x00,0x00,0x00,0x00,0x00,0x00,0x00,0x00,0x00,0x00,0x00,0x00,0x00,0x00,0x00,0x00,0x00,0x00,0x00,0x00,0x00,0x00,0x00,0x00,0x00,0x00,
    0x00,0x00,0x00,0x00,0x00,0x00,0x00,0x00,0x00,0x00,0x00,0x00,0x00,0x00,0x00,0x00,0x00,0x00,0x00,0x00,0x00,0x00,0x00,0x00,0x00,0x00,0x00,0x00,0x00,0x00,0x00,0x00,
    0x00,0x00,0x00,0x00,0x00,0x00,0x00,0x00,0x00,0x00,0x00,0x00,0x00,0x00,0x00,0x00,0x00,0x00,0x00,0x00,0x00,0x00,0x00,0x00,0x00,0x00,0x00,0x00,0x00,0x00,0x00,0x00,
    0x00,0x00,0x00,0x00,0x00,0x00,0x00,0x00,0x00,0x00,0x00,0x00,0x00,0x00,0x00,0x00,0x00,0x00,0x00,0x00,0x00,0x00,0x00,0x00,0x00,0x00,0x00,0x00,0x00,0x00,0x00,0x00,
    0x00,0x00,0x00,0x00,0x00,0x00,0x00,0x00,0x00,0x00,0x00,0x00,0x00,0x00,0x00,0x00,0x00,0x00,0x00,0x00,0x00,0x00,0x00,0x00,0x00,0x00,0x00,0x00,0x7f,0xff,0xff,0x02,
    0x00,0x00,0x00,0x00,0x2d,0xb4,0xff,0x11,0x37,0xba,0xff,0xca,0x39,0xc1,0xff,0xff,0x37,0xba,0xff,0xff,0x37,0xbd,0xff,0xee,0x32,0xb4,0xff,0x33,0x00,0x00,0x00,0x00,
    0x7f,0xff,0xff,0x02,0x00,0x00,0x00,0x00,0x00,0x00,0x00,0x00,0x00,0x00,0x00,0x00,0x00,0x00,0x00,0x00,0x00,0x00,0x00,0x00,0x00,0x00,0x00,0x00,0x00,0x00,0x00,0x00,
    0x00,0x00,0x00,0x00,0x00,0x00,0x00,0x00,0x00,0x00,0x00,0x00,0x00,0x00,0x00,0x00,0x00,0x7f,0xff,0x02,0x55,0xaa,0xff,0x03,0x3f,0xbf,0xff,0x04,0x3f,0xbf,0xff,0x04,
    0x3f,0xbf,0xff,0x04,0x3f,0xbf,0xff,0x04,0x3f,0xbf,0xff,0x04,0x55,0xaa,0xff,0x03,0x00,0xff,0xff,0x01,0x00,0x00,0x00,0x00,0x00,0x00,0x00,0x00,0x00,0x00,0x00,0x00,
    0x00,0x00,0x00,0x00,0x00,0x00,0x00,0x00,0x00,0x00,0x00,0x00,0x00,0x00,0x00,0x00,0x00,0x00,0x00,0x00,0x00,0x00,0x00,0x00,0x00,0x00,0x00,0x00,0x7f,0x7f,0xff,0x02,
    0x00,0x00,0x00,0x00,0x34,0xb6,0xff,0x35,0x37,0xbd,0xff,0xed,0x37,0xbc,0xff,0xff,0x36,0xb8,0xff,0xfa,0x39,0xc1,0xff,0xff,0x35,0xb5,0xff,0x65,0x00,0x00,0x00,0x00,
    0x55,0xff,0xff,0x03,0x00,0x00,0x00,0x00,0x00,0x00,0x00,0x00,0x00,0x00,0x00,0x00,0x00,0x00,0x00,0x00,0x00,0x00,0x00,0x00,0x00,0x00,0x00,0x00,0x00,0x00,0x00,0x00,
    0x00,0x00,0x00,0x00,0x00,0x00,0x00,0x00,0x00,0x00,0x00,0x00,0x00,0x00,0x00,0x00,0x00,0x00,0x00,0x00,0x00,0x00,0x00,0x00,0x00,0x00,0x00,0x00,0x00,0x00,0x00,0x00,
    0x00,0x00,0x00,0x00,0x00,0x00,0x00,0x00,0x00,0x00,0x00,0x00,0x00,0x00,0x00,0x00,0x00,0x00,0x00,0x00,0x00,0x00,0x00,0x00,0x00,0x00,0x00,0x00,0x00,0x00,0x00,0x00,
    0x00,0x00,0x00,0x00,0x00,0x00,0x00,0x00,0x00,0x00,0x00,0x00,0x00,0x00,0x00,0x00,0x00,0x00,0x00,0x00,0x00,0x00,0x00,0x00,0x00,0x00,0x00,0x00,0x00,0x00,0x00,0x00,
    0x00,0x00,0x00,0x00,0x00,0x00,0x00,0x00,0x00,0x00,0x00,0x00,0x00,0x00,0x00,0x00,0x00,0x00,0x00,0x00,0x00,0x00,0x00,0x00,0x00,0x00,0x00,0x00,0x00,0x00,0x00,0x00,
    0x00,0x00,0x00,0x00,0x00,0x00,0x00,0x00,0x00,0x00,0x00,0x00,0x00,0x00,0x00,0x00,0x00,0x00,0x00,0x00,0x00,0x00,0x00,0x00,0x00,0x00,0x00,0x00,0x00,0x00,0x00,0x00,
    0x00,0x00,0x00,0x00,0x00,0x00,0x00,0x00,0x00,0x00,0x00,0x00,0x00,0x00,0x00,0x00,0x00,0x00,0x00,0x00,0x00,0x00,0x00,0x00,0x00,0x00,0x00,0x00,0x00,0x00,0x00,0x00,
    0x00,0x00,0x00,0x00,0x00,0x00,0x00,0x00,0x00,0x00,0x00,0x00,0x00,0x00,0x00,0x00,0x00,0x00,0x00,0x00,0x00,0x00,0x00,0x00,0x00,0x00,0x00,0x00,0x00,0x00,0x00,0x00,
    0x7f,0xff,0xff,0x02,0x00,0x00,0x00,0x00,0x2d,0xb4,0xff,0x11,0x37,0xb9,0xff,0xd0,0x37,0xbc,0xff,0xf6,0x35,0xb0,0xff,0x34,0x00,0x00,0x00,0x00,0x55,0xff,0xff,0x03,
    0x00,0x00,0x00,0x00,0x00,0x00,0x00,0x00,0x00,0x00,0x00,0x00,0x00,0x00,0x00,0x00,0x00,0x00,0x00,0x00,0x00,0x00,0x00,0x00,0x00,0x00,0x00,0x00,0x00,0x00,0x00,0x00,
    0x00,0x00,0x00,0x00,0x00,0xff,0xff,0x01,0x3f,0xbf,0xff,0x04,0x00,0xff,0xff,0x01,0x00,0x00,0x00,0x00,0x00,0x00,0x00,0x00,0x00,0x00,0x00,0x00,0x00,0x00,0x00,0x00,
    0x00,0x00,0x00,0x00,0x00,0x00,0x00,0x00,0x00,0x00,0x00,0x00,0x00,0x00,0x00,0x00,0x00,0x00,0x00,0x00,0x7f,0xff,0xff,0x02,0x3f,0xbf,0xff,0x04,0x00,0x00,0xff,0x01,
    0x00,0x00,0x00,0x00,0x00,0x00,0x00,0x00,0x00,0x00,0x00,0x00,0x00,0x00,0x00,0x00,0x00,0x00,0x00,0x00,0x00,0x00,0x00,0x00,0x00,0x00,0x00,0x00,0x00,0x00,0x00,0x00,
    0x7f,0xff,0xff,0x02,0x00,0x00,0x00,0x00,0x34,0xb2,0xff,0x35,0x37,0xbc,0xff,0xf0,0x3a,0xc5,0xff,0xff,0x35,0xb5,0xff,0x64,0x00,0x00,0x00,0x00,0x33,0x99,0xff,0x05,
    0x00,0x00,0x00,0x00,0x00,0x00,0x00,0x00,0x00,0x00,0x00,0x00,0x00,0x00,0x00,0x00,0x00,0x00,0x00,0x00,0x00,0x00,0x00,0x00,0x00,0x00,0x00,0x00,0x00,0x00,0x00,0x00,
    0x00,0x00,0x00,0x00,0x00,0x00,0x00,0x00,0x00,0x00,0x00,0x00,0x00,0x00,0x00,0x00,0x00,0x00,0x00,0x00,0x00,0x00,0x00,0x00,0x00,0x00,0x00,0x00,0x00,0x00,0x00,0x00,
    0x00,0x00,0x00,0x00,0x00,0x00,0x00,0x00,0x00,0x00,0x00,0x00,0x00,0x00,0x00,0x00,0x00,0x00,0x00,0x00,0x00,0x00,0x00,0x00,0x00,0x00,0x00,0x00,0x00,0x00,0x00,0x00,
    0x00,0x00,0x00,0x00,0x00,0x00,0x00,0x00,0x00,0x00,0x00,0x00,0x00,0x00,0x00,0x00,0x00,0x00,0x00,0x00,0x00,0x00,0x00,0x00,0x00,0x00,0x00,0x00,0x00,0x00,0x00,0x00,
    0x00,0x00,0x00,0x00,0x00,0x00,0x00,0x00,0x00,0x00,0x00,0x00,0x00,0x00,0x00,0x00,0x00,0x00,0x00,0x00,0x00,0x00,0x00,0x00,0x00,0x00,0x00,0x00,0x00,0x00,0x00,0x00,
    0x00,0x00,0x00,0x00,0x00,0x00,0x00,0x00,0x00,0x00,0x00,0x00,0x00,0x00,0x00,0x00,0x00,0x00,0x00,0x00,0x00,0x00,0x00,0x00,0x00,0x00,0x00,0x00,0x00,0x00,0x00,0x00,
    0x00,0x00,0x00,0x00,0x00,0x00,0x00,0x00,0x00,0x00,0x00,0x00,0x00,0x00,0x00,0x00,0x00,0x00,0x00,0x00,0x00,0x00,0x00,0x00,0x00,0x00,0x00,0x00,0x00,0x00,0x00,0x00,
    0x00,0x00,0x00,0x00,0x00,0x00,0x00,0x00,0x00,0x00,0x00,0x00,0x00,0x00,0x00,0x00,0x00,0x00,0x00,0x00,0x00,0x00,0x00,0x00,0x00,0x00,0x00,0x00,0x00,0x00,0x00,0x00,
    0x00,0x00,0x00,0x00,0x7f,0xff,0xff,0x02,0x00,0x00,0x00,0x00,0x31,0xb0,0xff,0x1a,0x33,0xb2,0xff,0x32,0x00,0x00,0x00,0x00,0x3f,0x7f,0xff,0x04,0x00,0x00,0x00,0x00,
    0x00,0x00,0x00,0x00,0x00,0x00,0x00,0x00,0x00,0x00,0x00,0x00,0x00,0x00,0x00,0x00,0x00,0x00,0x00,0x00,0x00,0x00,0x00,0x00,0x00,0x00,0x00,0x00,0x00,0xff,0xff,0x01,
    0x3f,0xbf,0xff,0x04,0x00,0x00,0x00,0x00,0x00,0x00,0x00,0x00,0x00,0x00,0x00,0x00,0x3b,0xbb,0xff,0x1e,0x36,0xbc,0xff,0x41,0x34,0xb7,0xff,0x6f,0x37,0xbb,0xff,0x80,
    0x36,0xb6,0xff,0x7e,0x38,0xbe,0xff,0x7f,0x37,0xb9,0xff,0x60,0x35,0xb9,0xff,0x3e,0x35,0xbb,0xff,0x13,0x00,0x00,0x00,0x00,0x00,0x00,0x00,0x00,0x00,0x00,0x00,0x00,
    0x55,0xaa,0xff,0x03,0x00,0x00,0xff,0x01,0x00,0x00,0x00,0x00,0x00,0x00,0x00,0x00,0x00,0x00,0x00,0x00,0x00,0x00,0x00,0x00,0x00,0x00,0x00,0x00,0x00,0x00,0x00,0x00,
    0x00,0x00,0x00,0x00,0x3f,0xbf,0xff,0x04,0x00,0x00,0x00,0x00,0x33,0xb3,0xff,0x40,0x34,0xb6,0xff,0x66,0x00,0x00,0x00,0x00,0x3f,0xbf,0xff,0x04,0x00,0x00,0x00,0x00,
    0x00,0x00,0x00,0x00,0x00,0x00,0x00,0x00,0x00,0x00,0x00,0x00,0x00,0x00,0x00,0x00,0x00,0x00,0x00,0x00,0x00,0x00,0x00,0x00,0x00,0x00,0x00,0x00,0x00,0x00,0x00,0x00,
    0x00,0x00,0x00,0x00,0x00,0x00,0x00,0x00,0x00,0x00,0x00,0x00,0x00,0x00,0x00,0x00,0x00,0x00,0x00,0x00,0x00,0x00,0x00,0x00,0x00,0x00,0x00,0x00,0x00,0x00,0x00,0x00,
    0x00,0x00,0x00,0x00,0x00,0x00,0x00,0x00,0x00,0x00,0x00,0x00,0x00,0x00,0x00,0x00,0x00,0x00,0x00,0x00,0x00,0x00,0x00,0x00,0x00,0x00,0x00,0x00,0x00,0x00,0x00,0x00,
    0x00,0x00,0x00,0x00,0x00,0x00,0x00,0x00,0x00,0x00,0x00,0x00,0x00,0x00,0x00,0x00,0x00,0x00,0x00,0x00,0x00,0x00,0x00,0x00,0x00,0x00,0x00,0x00,0x00,0x00,0x00,0x00,
    0x00,0x00,0x00,0x00,0x00,0x00,0x00,0x00,0x00,0x00,0x00,0x00,0x00,0x00,0x00,0x00,0x00,0x00,0x00,0x00,0x00,0x00,0x00,0x00,0x00,0x00,0x00,0x00,0x00,0x00,0x00,0x00,
    0x00,0x00,0x00,0x00,0x00,0x00,0x00,0x00,0x00,0x00,0x00,0x00,0x00,0x00,0x00,0x00,0x00,0x00,0x00,0x00,0x00,0x00,0x00,0x00,0x00,0x00,0x00,0x00,0x00,0x00,0x00,0x00,
    0x00,0x00,0x00,0x00,0x00,0x00,0x00,0x00,0x00,0x00,0x00,0x00,0x00,0x00,0x00,0x00,0x00,0x00,0x00,0x00,0x00,0x00,0x00,0x00,0x00,0x00,0x00,0x00,0x00,0x00,0x00,0x00,
    0x00,0x00,0x00,0x00,0x00,0x00,0x00,0x00,0x00,0x00,0x00,0x00,0x00,0x00,0x00,0x00,0x00,0x00,0x00,0x00,0x00,0x00,0x00,0x00,0x00,0x00,0x00,0x00,0x00,0x00,0x00,0x00,
    0x00,0x00,0x00,0x00,0x00,0x00,0x00,0x00,0x00,0xff,0xff,0x01,0x00,0x00,0x00,0x00,0x00,0x00,0x00,0x00,0x00,0x7f,0xff,0x02,0x00,0x00,0x00,0x00,0x00,0x00,0x00,0x00,
    0x00,0x00,0x00,0x00,0x00,0x00,0x00,0x00,0x00,0x00,0x00,0x00,0x00,0x00,0x00,0x00,0x00,0x00,0x00,0x00,0x00,0x00,0x00,0x00,0x55,0xaa,0xff,0x03,0x00,0x00,0x00,0x00,
    0x00,0x00,0x00,0x00,0x37,0xb1,0xff,0x17,0x36,0xbd,0xff,0x74,0x37,0xba,0xff,0xc5,0x36,0xb9,0xff,0xf5,0x38,0xbf,0xff,0xff,0x3a,0xc3,0xff,0xff,0x3a,0xc5,0xff,0xff,
    0x3a,0xc5,0xff,0xff,0x3a,0xc5,0xff,0xff,0x39,0xc2,0xff,0xff,0x38,0xbe,0xff,0xff,0x37,0xb9,0xff,0xec,0x36,0xbc,0xff,0xb1,0x36,0xbb,0xff,0x5e,0x2a,0xaa,0xff,0x06,
    0x00,0x00,0x00,0x00,0x00,0x00,0x00,0x00,0x00,0x7f,0xff,0x02,0x00,0x00,0x00,0x00,0x00,0x00,0x00,0x00,0x00,0x00,0x00,0x00,0x00,0x00,0x00,0x00,0x00,0x00,0x00,0x00,
    0x00,0x00,0x00,0x00,0x00,0x00,0x00,0x00,0x00,0x7f,0xff,0x02,0x00,0x00,0x00,0x00,0x00,0x00,0x00,0x00,0x00,0xff,0xff,0x02,0x00,0x00,0x00,0x00,0x00,0x00,0x00,0x00,
    0x00,0x00,0x00,0x00,0x00,0x00,0x00,0x00,0x00,0x00,0x00,0x00,0x00,0x00,0x00,0x00,0x00,0x00,0x00,0x00,0x00,0x00,0x00,0x00,0x00,0x00,0x00,0x00,0x00,0x00,0x00,0x00,
    0x00,0x00,0x00,0x00,0x00,0x00,0x00,0x00,0x00,0x00,0x00,0x00,0x00,0x00,0x00,0x00,0x00,0x00,0x00,0x00,0x00,0x00,0x00,0x00,0x00,0x00,0x00,0x00,0x00,0x00,0x00,0x00,
    0x00,0x00,0x00,0x00,0x00,0x00,0x00,0x00,0x00,0x00,0x00,0x00,0x00,0x00,0x00,0x00,0x00,0x00,0x00,0x00,0x00,0x00,0x00,0x00,0x00,0x00,0x00,0x00,0x00,0x00,0x00,0x00,
    0x00,0x00,0x00,0x00,0x00,0x00,0x00,0x00,0x00,0x00,0x00,0x00,0x00,0x00,0x00,0x00,0x00,0x00,0x00,0x00,0x00,0x00,0x00,0x00,0x00,0x00,0x00,0x00,0x00,0x00,0x00,0x00,
    0x00,0x00,0x00,0x00,0x00,0x00,0x00,0x00,0x00,0x00,0x00,0x00,0x00,0x00,0x00,0x00,0x00,0x00,0x00,0x00,0x00,0x00,0x00,0x00,0x00,0x00,0x00,0x00,0x00,0x00,0x00,0x00,
    0x00,0x00,0x00,0x00,0x00,0x00,0x00,0x00,0x00,0x00,0x00,0x00,0x00,0x00,0x00,0x00,0x00,0x00,0x00,0x00,0x00,0x00,0x00,0x00,0x00,0x00,0x00,0x00,0x00,0x00,0x00,0x00,
    0x00,0x00,0x00,0x00,0x00,0x00,0x00,0x00,0x00,0x00,0x00,0x00,0x00,0x00,0x00,0x00,0x00,0x00,0x00,0x00,0x00,0x00,0x00,0x00,0x00,0x00,0x00,0x00,0x00,0x00,0x00,0x00,
    0x00,0x00,0x00,0x00,0x00,0x00,0x00,0x00,0x00,0x00,0x00,0x00,0x00,0x00,0x00,0x00,0x00,0x00,0x00,0x00,0x00,0x00,0x00,0x00,0x00,0x00,0x00,0x00,0x00,0x00,0x00,0x00,
    0x00,0x00,0x00,0x00,0x00,0x00,0x00,0x00,0x00,0x00,0x00,0x00,0x00,0xff,0xff,0x01,0x00,0xff,0xff,0x02,0x00,0x00,0x00,0x00,0x00,0x00,0x00,0x00,0x00,0x00,0x00,0x00,
    0x00,0x00,0x00,0x00,0x00,0x00,0x00,0x00,0x00,0x00,0x00,0x00,0x00,0x00,0x00,0x00,0x00,0x00,0x00,0x00,0x3f,0xbf,0xff,0x04,0x00,0x00,0x00,0x00,0x39,0xad,0xff,0x16,
    0x37,0xbb,0xff,0x80,0x36,0xbb,0xff,0xe8,0x3a,0xc5,0xff,0xff,0x39,0xbf,0xff,0xff,0x37,0xb9,0xff,0xff,0x36,0xb6,0xff,0xfd,0x35,0xb6,0xff,0xfb,0x35,0xb6,0xff,0xfb,
    0x35,0xb6,0xff,0xfb,0x35,0xb6,0xff,0xfb,0x35,0xb7,0xff,0xfc,0x36,0xb7,0xff,0xfd,0x37,0xba,0xff,0xff,0x39,0xc1,0xff,0xff,0x3a,0xc3,0xff,0xff,0x37,0xbc,0xff,0xd3,
    0x36,0xbb,0xff,0x62,0x33,0x99,0xff,0x05,0x00,0x00,0x00,0x00,0x3f,0xbf,0xff,0x04,0x00,0x00,0x00,0x00,0x00,0x00,0x00,0x00,0x00,0x00,0x00,0x00,0x00,0x00,0x00,0x00,
    0x00,0x00,0x00,0x00,0x00,0x00,0x00,0x00,0x00,0x00,0x00,0x00,0x00,0xff,0xff,0x02,0x55,0xaa,0xff,0x03,0x00,0x00,0x00,0x00,0x00,0x00,0x00,0x00,0x00,0x00,0x00,0x00,
    0x00,0x00,0x00,0x00,0x00,0x00,0x00,0x00,0x00,0x00,0x00,0x00,0x00,0x00,0x00,0x00,0x00,0x00,0x00,0x00,0x00,0x00,0x00,0x00,0x00,0x00,0x00,0x00,0x00,0x00,0x00,0x00,
    0x00,0x00,0x00,0x00,0x00,0x00,0x00,0x00,0x00,0x00,0x00,0x00,0x00,0x00,0x00,0x00,0x00,0x00,0x00,0x00,0x00,0x00,0x00,0x00,0x00,0x00,0x00,0x00,0x00,0x00,0x00,0x00,
    0x00,0x00,0x00,0x00,0x00,0x00,0x00,0x00,0x00,0x00,0x00,0x00,0x00,0x00,0x00,0x00,0x00,0x00,0x00,0x00,0x00,0x00,0x00,0x00,0x00,0x00,0x00,0x00,0x00,0x00,0x00,0x00,
    0x00,0x00,0x00,0x00,0x00,0x00,0x00,0x00,0x00,0x00,0x00,0x00,0x00,0x00,0x00,0x00,0x00,0x00,0x00,0x00,0x00,0x00,0x00,0x00,0x00,0x00,0x00,0x00,0x00,0x00,0x00,0x00,
    0x00,0x00,0x00,0x00,0x00,0x00,0x00,0x00,0x00,0x00,0x00,0x00,0x00,0x00,0x00,0x00,0x00,0x00,0x00,0x00,0x00,0x00,0x00,0x00,0x00,0x00,0x00,0x00,0x00,0x00,0x00,0x00,
    0x00,0x00,0x00,0x00,0x00,0x00,0x00,0x00,0x00,0x00,0x00,0x00,0x00,0x00,0x00,0x00,0x00,0x00,0x00,0x00,0x00,0x00,0x00,0x00,0x00,0x00,0x00,0x00,0x00,0x00,0x00,0x00,
    0x00,0x00,0x00,0x00,0x00,0x00,0x00,0x00,0x00,0x00,0x00,0x00,0x00,0x00,0x00,0x00,0x00,0x00,0x00,0x00,0x00,0x00,0x00,0x00,0x00,0x00,0x00,0x00,0x00,0x00,0x00,0x00,
    0x00,0x00,0x00,0x00,0x00,0x00,0x00,0x00,0x00,0x00,0x00,0x00,0x00,0x00,0x00,0x00,0x00,0x00,0x00,0x00,0x00,0x00,0x00,0x00,0x00,0x00,0x00,0x00,0x00,0x00,0x00,0x00,
    0x00,0x00,0x00,0x00,0x00,0x00,0x00,0x00,0x00,0x00,0x00,0x00,0x00,0x00,0x00,0x00,0x00,0x00,0x00,0x00,0x00,0x00,0x00,0x00,0x00,0x00,0x00,0x00,0x00,0x00,0x00,0x00,
    0x00,0x00,0x00,0x00,0x00,0x00,0x00,0x00,0x00,0x00,0x00,0x00,0x00,0x00,0xff,0x01,0x7f,0xff,0xff,0x02,0x00,0x00,0x00,0x00,0x35,0xb7,0xff,0x47,0x37,0xbc,0xff,0xe5,
    0x3b,0xc5,0xff,0xff,0x38,0xba,0xff,0xff,0x34,0xb5,0xff,0xfb,0x34,0xb6,0xff,0xfd,0x35,0xb6,0xff,0xfe,0x36,0xb7,0xff,0xff,0x37,0xb7,0xff,0xff,0x36,0xb7,0xff,0xff,
    0x36,0xb7,0xff,0xff,0x36,0xb7,0xff,0xff,0x36,0xb7,0xff,0xff,0x36,0xb7,0xff,0xff,0x36,0xb6,0xff,0xfe,0x35,0xb7,0xff,0xfc,0x35,0xb6,0xff,0xfc,0x38,0xbd,0xff,0xff,
    0x3a,0xc5,0xff,0xff,0x37,0xbc,0xff,0xc4,0x35,0xae,0xff,0x26,0x00,0x00,0x00,0x00,0x55,0xff,0xff,0x03,0x00,0x00,0x00,0x00,0x00,0x00,0x00,0x00,0x00,0x00,0x00,0x00,
    0x00,0x00,0x00,0x00,0x00,0x00,0x00,0x00,0x00,0x00,0x00,0x00,0x00,0x00,0x00,0x00,0x00,0x00,0x00,0x00,0x00,0x00,0x00,0x00,0x00,0x00,0x00,0x00,0x00,0x00,0x00,0x00,
    0x00,0x00,0x00,0x00,0x00,0x00,0x00,0x00,0x00,0x00,0x00,0x00,0x00,0x00,0x00,0x00,0x00,0x00,0x00,0x00,0x00,0x00,0x00,0x00,0x00,0x00,0x00,0x00,0x00,0x00,0x00,0x00,
    0x00,0x00,0x00,0x00,0x00,0x00,0x00,0x00,0x00,0x00,0x00,0x00,0x00,0x00,0x00,0x00,0x00,0x00,0x00,0x00,0x00,0x00,0x00,0x00,0x00,0x00,0x00,0x00,0x00,0x00,0x00,0x00,
    0x00,0x00,0x00,0x00,0x00,0x00,0x00,0x00,0x00,0x00,0x00,0x00,0x00,0x00,0x00,0x00,0x00,0x00,0x00,0x00,0x00,0x00,0x00,0x00,0x00,0x00,0x00,0x00,0x00,0x00,0x00,0x00,
    0x00,0x00,0x00,0x00,0x00,0x00,0x00,0x00,0x00,0x00,0x00,0x00,0x00,0x00,0x00,0x00,0x00,0x00,0x00,0x00,0x00,0x00,0x00,0x00,0x00,0x00,0x00,0x00,0x00,0x00,0x00,0x00,
    0x00,0x00,0x00,0x00,0x00,0x00,0x00,0x00,0x00,0x00,0x00,0x00,0x00,0x00,0x00,0x00,0x00,0x00,0x00,0x00,0x00,0x00,0x00,0x00,0x00,0x00,0x00,0x00,0x00,0x00,0x00,0x00,
    0x00,0x00,0x00,0x00,0x00,0x00,0x00,0x00,0x00,0x00,0x00,0x00,0x00,0x00,0x00,0x00,0x00,0x00,0x00,0x00,0x00,0x00,0x00,0x00,0x00,0x00,0x00,0x00,0x00,0x00,0x00,0x00,
    0x00,0x00,0x00,0x00,0x00,0x00,0x00,0x00,0x00,0x00,0x00,0x00,0x00,0x00,0x00,0x00,0x00,0x00,0x00,0x00,0x00,0x00,0x00,0x00,0x00,0x00,0x00,0x00,0x00,0x00,0x00,0x00,
    0x00,0x00,0x00,0x00,0x00,0x00,0x00,0x00,0x00,0x00,0x00,0x00,0x00,0x00,0x00,0x00,0x00,0x00,0x00,0x00,0x00,0x00,0x00,0x00,0x00,0x00,0x00,0x00,0x00,0x00,0x00,0x00,
    0x00,0x00,0x00,0x00,0x00,0x00,0x00,0x00,0x00,0x00,0x00,0x00,0x00,0x00,0x00,0x00,0x00,0x00,0x00,0x00,0x00,0x00,0x00,0x00,0x00,0x00,0x00,0x00,0x00,0x00,0x00,0x00,
    0x00,0x00,0x00,0x00,0x00,0x00,0x00,0x00,0x00,0xff,0xff,0x01,0x00,0xff,0xff,0x01,0x00,0x00,0x00,0x00,0x36,0xb8,0xff,0x7f,0x38,0xbe,0xff,0xff,0x37,0xbc,0xff,0xff,
    0x32,0xb4,0xff,0xfb,0x32,0xb5,0xff,0xfe,0x38,0xb8,0xff,0xff,0x3a,0xb9,0xff,0xff,0x39,0xb8,0xff,0xff,0x34,0xb6,0xff,0xff,0x32,0xb6,0xff,0xff,0x35,0xb7,0xff,0xff,
    0x37,0xb7,0xff,0xff,0x36,0xb7,0xff,0xff,0x36,0xb7,0xff,0xff,0x36,0xb7,0xff,0xff,0x36,0xb7,0xff,0xff,0x36,0xb7,0xff,0xff,0x36,0xb7,0xff,0xff,0x36,0xb6,0xff,0xfd,
    0x35,0xb5,0xff,0xfb,0x39,0xc1,0xff,0xff,0x37,0xbc,0xff,0xed,0x35,0xb4,0xff,0x56,0x00,0x00,0x00,0x00,0x55,0xaa,0xff,0x03,0x00,0x00,0x00,0x00,0x00,0x00,0x00,0x00,
    0x00,0x00,0x00,0x00,0x00,0x00,0x00,0x00,0x00,0x00,0x00,0x00,0x00,0x00,0x00,0x00,0x00,0x00,0x00,0x00,0x00,0x00,0x00,0x00,0x00,0x00,0x00,0x00,0x00,0x00,0x00,0x00,
    0x00,0x00,0x00,0x00,0x00,0x00,0x00,0x00,0x00,0x00,0x00,0x00,0x00,0x00,0x00,0x00,0x00,0x00,0x00,0x00,0x00,0x00,0x00,0x00,0x00,0x00,0x00,0x00,0x00,0x00,0x00,0x00,
    0x00,0x00,0x00,0x00,0x00,0x00,0x00,0x00,0x00,0x00,0x00,0x00,0x00,0x00,0x00,0x00,0x00,0x00,0x00,0x00,0x00,0x00,0x00,0x00,0x00,0x00,0x00,0x00,0x00,0x00,0x00,0x00,
    0x00,0x00,0x00,0x00,0x00,0x00,0x00,0x00,0x00,0x00,0x00,0x00,0x00,0x00,0x00,0x00,0x00,0x00,0x00,0x00,0x00,0x00,0x00,0x00,0x00,0x00,0x00,0x00,0x00,0x00,0x00,0x00,
    0x00,0x00,0x00,0x00,0x00,0x00,0x00,0x00,0x00,0x00,0x00,0x00,0x00,0x00,0x00,0x00,0x00,0x00,0x00,0x00,0x00,0x00,0x00,0x00,0x00,0x00,0x00,0x00,0x00,0x00,0x00,0x00,
    0x00,0x00,0x00,0x00,0x00,0x00,0x00,0x00,0x00,0x00,0x00,0x00,0x00,0x00,0x00,0x00,0x00,0x00,0x00,0x00,0x00,0x00,0x00,0x00,0x00,0x00,0x00,0x00,0x00,0x00,0x00,0x00,
    0x00,0x00,0x00,0x00,0x00,0x00,0x00,0x00,0x00,0x00,0x00,0x00,0x00,0x00,0x00,0x00,0x00,0x00,0x00,0x00,0x00,0x00,0x00,0x00,0x00,0x00,0x00,0x00,0x00,0x00,0x00,0x00,
    0x00,0x00,0x00,0x00,0x00,0x00,0x00,0x00,0x00,0x00,0x00,0x00,0x00,0x00,0x00,0x00,0x00,0x00,0x00,0x00,0x00,0x00,0x00,0x00,0x00,0x00,0x00,0x00,0x00,0x00,0x00,0x00,
    0x00,0x00,0x00,0x00,0x00,0x00,0x00,0x00,0x00,0x00,0x00,0x00,0x00,0x00,0x00,0x00,0x00,0x00,0x00,0x00,0x00,0x00,0x00,0x00,0x00,0x00,0x00,0x00,0x00,0x00,0x00,0x00,
    0x00,0x00,0x00,0x00,0x00,0x00,0x00,0x00,0x00,0x00,0x00,0x00,0x00,0x00,0x00,0x00,0x00,0x00,0x00,0x00,0x00,0x00,0x00,0x00,0x00,0x00,0x00,0x00,0x00,0x00,0x00,0x00,
    0x00,0x00,0x00,0x00,0x00,0x00,0x00,0x00,0x55,0xff,0xff,0x03,0x00,0xff,0xff,0x01,0x36,0xb7,0xff,0x9a,0x3c,0xc9,0xff,0xff,0x34,0xb7,0xff,0xfc,0x34,0xb6,0xff,0xfd,
    0x47,0xbe,0xff,0xff,0x5c,0xc6,0xff,0xff,0x68,0xcb,0xff,0xff,0x6b,0xcc,0xff,0xff,0x6a,0xcb,0xff,0xff,0x60,0xc8,0xff,0xff,0x4d,0xc0,0xff,0xff,0x38,0xb8,0xff,0xff,
    0x34,0xb6,0xff,0xff,0x37,0xb7,0xff,0xff,0x36,0xb7,0xff,0xff,0x36,0xb7,0xff,0xff,0x36,0xb7,0xff,0xff,0x36,0xb7,0xff,0xff,0x36,0xb7,0xff,0xff,0x36,0xb7,0xff,0xff,
    0x36,0xb7,0xff,0xff,0x35,0xb6,0xff,0xfc,0x37,0xba,0xff,0xff,0x39,0xc2,0xff,0xff,0x35,0xb5,0xff,0x65,0x00,0x00,0x00,0x00,0x55,0xff,0xff,0x03,0x00,0x00,0x00,0x00,
    0x00,0x00,0x00,0x00,0x00,0x00,0x00,0x00,0x00,0x00,0x00,0x00,0x00,0x00,0x00,0x00,0x00,0x00,0x00,0x00,0x00,0x00,0x00,0x00,0x00,0x00,0x00,0x00,0x00,0x00,0x00,0x00,
    0x00,0x00,0x00,0x00,0x00,0x00,0x00,0x00,0x00,0x00,0x00,0x00,0x00,0x00,0x00,0x00,0x00,0x00,0x00,0x00,0x00,0x00,0x00,0x00,0x00,0x00,0x00,0x00,0x00,0x00,0x00,0x00,
    0x00,0x00,0x00,0x00,0x00,0x00,0x00,0x00,0x00,0x00,0x00,0x00,0x00,0x00,0x00,0x00,0x00,0x00,0x00,0x00,0x00,0x00,0x00,0x00,0x00,0x00,0x00,0x00,0x00,0x00,0x00,0x00,
    0x00,0x00,0x00,0x00,0x00,0x00,0x00,0x00,0x00,0x00,0x00,0x00,0x00,0x00,0x00,0x00,0x00,0x00,0x00,0x00,0x00,0x00,0x00,0x00,0x00,0x00,0x00,0x00,0x00,0x00,0x00,0x00,
    0x00,0x00,0x00,0x00,0x00,0x00,0x00,0x00,0x00,0x00,0x00,0x00,0x00,0x00,0x00,0x00,0x00,0x00,0x00,0x00,0x00,0x00,0x00,0x00,0x00,0x00,0x00,0x00,0x00,0x00,0x00,0x00,
    0x00,0x00,0x00,0x00,0x00,0x00,0x00,0x00,0x00,0x00,0x00,0x00,0x00,0x00,0x00,0x00,0x00,0x00,0x00,0x00,0x00,0x00,0x00,0x00,0x00,0x00,0x00,0x00,0x00,0x00,0x00,0x00,
    0x00,0x00,0x00,0x00,0x00,0x00,0x00,0x00,0x00,0x00,0x00,0x00,0x00,0x00,0x00,0x00,0x00,0x00,0x00,0x00,0x00,0x00,0x00,0x00,0x00,0x00,0x00,0x00,0x00,0x00,0x00,0x00,
    0x00,0x00,0x00,0x00,0x00,0x00,0x00,0x00,0x00,0x00,0x00,0x00,0x00,0x00,0x00,0x00,0x00,0x00,0x00,0x00,0x00,0x00,0x00,0x00,0x00,0x00,0x00,0x00,0x00,0x00,0x00,0x00,
    0x00,0x00,0x00,0x00,0x00,0x00,0x00,0x00,0x00,0x00,0x00,0x00,0x00,0x00,0x00,0x00,0x00,0x00,0x00,0x00,0x00,0x00,0x00,0x00,0x00,0x00,0x00,0x00,0x00,0x00,0x00,0x00,
    0x00,0x00,0x00,0x00,0x00,0x00,0x00,0x00,0x00,0x00,0x00,0x00,0x00,0x00,0x00,0x00,0x00,0x00,0x00,0x00,0x00,0x00,0x00,0x00,0x00,0x00,0x00,0x00,0x00,0x00,0x00,0x00,
    0x00,0x00,0x00,0x00,0x3f,0xbf,0xff,0x04,0x00,0x00,0x00,0x00,0x35,0xb5,0xff,0x80,0x3c,0xc9,0xff,0xff,0x34,0xb6,0xff,0xf9,0x38,0xb7,0xff,0xfe,0x5f,0xc7,0xff,0xff,
    0x72,0xcf,0xff,0xff,0x71,0xce,0xff,0xff,0x6f,0xce,0xff,0xff,0x6f,0xcd,0xff,0xff,0x6f,0xcd,0xff,0xff,0x71,0xce,0xff,0xff,0x72,0xcf,0xff,0xff,0x67,0xcb,0xff,0xff,
    0x40,0xbb,0xff,0xff,0x32,0xb6,0xff,0xff,0x37,0xb7,0xff,0xff,0x36,0xb7,0xff,0xff,0x36,0xb7,0xff,0xff,0x36,0xb7,0xff,0xff,0x36,0xb7,0xff,0xff,0x36,0xb7,0xff,0xff,
    0x36,0xb7,0xff,0xff,0x36,0xb7,0xff,0xff,0x35,0xb6,0xff,0xfd,0x36,0xb8,0xff,0xfc,0x39,0xc1,0xff,0xff,0x33,0xb5,0xff,0x45,0x00,0x00,0x00,0x00,0x55,0xaa,0xff,0x03,
    0x00,0x00,0x00,0x00,0x00,0x00,0x00,0x00,0x00,0x00,0x00,0x00,0x00,0x00,0x00,0x00,0x00,0x00,0x00,0x00,0x00,0x00,0x00,0x00,0x00,0x00,0x00,0x00,0x00,0x00,0x00,0x00,
    0x00,0x00,0x00,0x00,0x00,0x00,0x00,0x00,0x00,0x00,0x00,0x00,0x00,0x00,0x00,0x00,0x00,0x00,0x00,0x00,0x00,0x00,0x00,0x00,0x00,0x00,0x00,0x00,0x00,0x00,0x00,0x00,
    0x00,0x00,0x00,0x00,0x00,0x00,0x00,0x00,0x00,0x00,0x00,0x00,0x00,0x00,0x00,0x00,0x00,0x00,0x00,0x00,0x00,0x00,0x00,0x00,0x00,0x00,0x00,0x00,0x00,0x00,0x00,0x00,
    0x00,0x00,0x00,0x00,0x00,0x00,0x00,0x00,0x00,0x00,0x00,0x00,0x00,0x00,0x00,0x00,0x00,0x00,0x00,0x00,0x00,0x00,0x00,0x00,0x00,0x00,0x00,0x00,0x00,0x00,0x00,0x00,
    0x00,0x00,0x00,0x00,0x00,0x00,0x00,0x00,0x00,0x00,0x00,0x00,0x00,0x00,0x00,0x00,0x00,0x00,0x00,0x00,0x00,0x00,0x00,0x00,0x00,0x00,0x00,0x00,0x00,0x00,0x00,0x00,
    0x00,0x00,0x00,0x00,0x00,0x00,0x00,0x00,0x00,0x00,0x00,0x00,0x00,0x00,0x00,0x00,0x00,0x00,0x00,0x00,0x00,0x00,0x00,0x00,0x00,0x00,0x00,0x00,0x00,0x00,0x00,0x00,
    0x00,0x00,0x00,0x00,0x00,0x00,0x00,0x00,0x00,0x00,0x00,0x00,0x00,0x00,0x00,0x00,0x00,0x00,0x00,0x00,0x00,0x00,0x00,0x00,0x00,0x00,0x00,0x00,0x00,0x00,0x00,0x00,
    0x00,0x00,0x00,0x00,0x00,0x00,0x00,0x00,0x00,0x00,0x00,0x00,0x00,0x00,0x00,0x00,0x00,0x00,0x00,0x00,0x00,0x00,0x00,0x00,0x00,0x00,0x00,0x00,0x00,0x00,0x00,0x00,
    0x00,0x00,0x00,0x00,0x00,0x00,0x00,0x00,0x00,0x00,0x00,0x00,0x00,0x00,0x00,0x00,0x00,0x00,0x00,0x00,0x00,0x00,0x00,0x00,0x00,0x00,0x00,0x00,0x00,0x00,0x00,0x00,
    0x00,0x00,0x00,0x00,0x00,0x00,0x00,0x00,0x00,0x00,0x00,0x00,0x00,0x00,0x00,0x00,0x00,0x00,0x00,0x00,0x00,0x00,0x00,0x00,0x00,0x00,0x00,0x00,0x00,0x00,0x00,0x00,
    0x55,0xaa,0xff,0x03,0x00,0x00,0x00,0x00,0x33,0xb5,0xff,0x45,0x39,0xbe,0xff,0xfe,0x35,0xb7,0xff,0xfb,0x38,0xb8,0xff,0xfe,0x63,0xc9,0xff,0xff,0x72,0xcf,0xff,0xff,
    0x6d,0xcd,0xff,0xff,0x6d,0xcd,0xff,0xff,0x6e,0xcd,0xff,0xff,0x6e,0xcd,0xff,0xff,0x6e,0xcd,0xff,0xff,0x6d,0xcd,0xff,0xff,0x6d,0xcd,0xff,0xff,0x71,0xce,0xff,0xff,
    0x6c,0xcc,0xff,0xff,0x40,0xbb,0xff,0xff,0x33,0xb6,0xff,0xff,0x37,0xb7,0xff,0xff,0x36,0xb7,0xff,0xff,0x36,0xb7,0xff,0xff,0x36,0xb7,0xff,0xff,0x36,0xb7,0xff,0xff,
    0x36,0xb7,0xff,0xff,0x36,0xb7,0xff,0xff,0x36,0xb7,0xff,0xff,0x35,0xb6,0xff,0xfd,0x37,0xbb,0xff,0xfe,0x36,0xb9,0xff,0xe8,0x35,0xb4,0xff,0x18,0x00,0xff,0xff,0x01,
    0x00,0x7f,0xff,0x02,0x00,0x00,0x00,0x00,0x00,0x00,0x00,0x00,0x00,0x00,0x00,0x00,0x00,0x00,0x00,0x00,0x00,0x00,0x00,0x00,0x00,0x00,0x00,0x00,0x00,0x00,0x00,0x00,
    0x00,0x00,0x00,0x00,0x00,0x00,0x00,0x00,0x00,0x00,0x00,0x00,0x00,0x00,0x00,0x00,0x00,0x00,0x00,0x00,0x00,0x00,0x00,0x00,0x00,0x00,0x00,0x00,0x00,0x00,0x00,0x00,
    0x00,0x00,0x00,0x00,0x00,0x00,0x00,0x00,0x00,0x00,0x00,0x00,0x00,0x00,0x00,0x00,0x00,0x00,0x00,0x00,0x00,0x00,0x00,0x00,0x00,0x00,0x00,0x00,0x00,0x00,0x00,0x00,
    0x00,0x00,0x00,0x00,0x00,0x00,0x00,0x00,0x00,0x00,0x00,0x00,0x00,0x00,0x00,0x00,0x00,0x00,0x00,0x00,0x00,0x00,0x00,0x00,0x00,0x00,0x00,0x00,0x00,0x00,0x00,0x00,
    0x00,0x00,0x00,0x00,0x00,0x00,0x00,0x00,0x00,0x00,0x00,0x00,0x00,0x00,0x00,0x00,0x00,0x00,0x00,0x00,0x00,0x00,0x00,0x00,0x00,0x00,0x00,0x00,0x00,0x00,0x00,0x00,
    0x00,0x00,0x00,0x00,0x00,0x00,0x00,0x00,0x00,0x00,0x00,0x00,0x00,0x00,0x00,0x00,0x00,0x00,0x00,0x00,0x00,0x00,0x00,0x00,0x00,0x00,0x00,0x00,0x00,0x00,0x00,0x00,
    0x00,0x00,0x00,0x00,0x00,0x00,0x00,0x00,0x00,0x00,0x00,0x00,0x00,0x00,0x00,0x00,0x00,0x00,0x00,0x00,0x00,0x00,0x00,0x00,0x00,0x00,0x00,0x00,0x00,0x00,0x00,0x00,
    0x00,0x00,0x00,0x00,0x00,0x00,0x00,0x00,0x00,0x00,0x00,0x00,0x00,0x00,0x00,0x00,0x00,0x00,0x00,0x00,0x00,0x00,0x00,0x00,0x00,0x00,0x00,0x00,0x00,0x00,0x00,0x00,
    0x00,0x00,0x00,0x00,0x00,0x00,0x00,0x00,0x00,0x00,0x00,0x00,0x00,0x00,0x00,0x00,0x00,0x00,0x00,0x00,0x00,0x00,0x00,0x00,0x00,0x00,0x00,0x00,0x00,0x00,0x00,0x00,
    0x00,0x00,0x00,0x00,0x00,0x00,0x00,0x00,0x00,0x00,0x00,0x00,0x00,0x00,0x00,0x00,0x00,0x00,0x00,0x00,0x00,0x00,0x00,0x00,0x00,0x00,0x00,0x00,0x00,0xff,0xff,0x01,
    0x00,0x7f,0xff,0x02,0x35,0xbb,0xff,0x13,0x36,0xb8,0xff,0xe8,0x37,0xbc,0xff,0xff,0x34,0xb6,0xff,0xfd,0x60,0xc7,0xff,0xff,0x72,0xcf,0xff,0xff,0x6c,0xcd,0xff,0xff,
    0x6e,0xcd,0xff,0xff,0x6e,0xcd,0xff,0xff,0x6e,0xcd,0xff,0xff,0x6e,0xcd,0xff,0xff,0x6e,0xcd,0xff,0xff,0x6e,0xcd,0xff,0xff,0x6e,0xcd,0xff,0xff,0x6d,0xcd,0xff,0xff,
    0x70,0xce,0xff,0xff,0x6a,0xcc,0xff,0xff,0x3b,0xb9,0xff,0xff,0x35,0xb7,0xff,0xff,0x36,0xb7,0xff,0xff,0x36,0xb7,0xff,0xff,0x36,0xb7,0xff,0xff,0x36,0xb7,0xff,0xff,
    0x36,0xb7,0xff,0xff,0x36,0xb7,0xff,0xff,0x36,0xb7,0xff,0xff,0x36,0xb7,0xff,0xff,0x35,0xb6,0xff,0xfc,0x39,0xc3,0xff,0xff,0x35,0xb5,0xff,0xb9,0x00,0x00,0x00,0x00,
    0x7f,0xff,0xff,0x02,0x00,0x00,0x00,0x00,0x00,0x00,0x00,0x00,0x00,0x00,0x00,0x00,0x00,0x00,0x00,0x00,0x00,0x00,0x00,0x00,0x00,0x00,0x00,0x00,0x00,0x00,0x00,0x00,
    0x00,0x00,0x00,0x00,0x00,0x00,0x00,0x00,0x00,0x00,0x00,0x00,0x00,0x00,0x00,0x00,0x00,0x00,0x00,0x00,0x00,0x00,0x00,0x00,0x00,0x00,0x00,0x00,0x00,0x00,0x00,0x00,
    0x00,0x00,0x00,0x00,0x00,0x00,0x00,0x00,0x00,0x00,0x00,0x00,0x00,0x00,0x00,0x00,0x00,0x00,0x00,0x00,0x00,0x00,0x00,0x00,0x00,0x00,0x00,0x00,0x00,0x00,0x00,0x00,
    0x00,0x00,0x00,0x00,0x00,0x00,0x00,0x00,0x00,0x00,0x00,0x00,0x00,0x00,0x00,0x00,0x00,0x00,0x00,0x00,0x00,0x00,0x00,0x00,0x00,0x00,0x00,0x00,0x00,0x00,0x00,0x00,
    0x00,0x00,0x00,0x00,0x00,0x00,0x00,0x00,0x00,0x00,0x00,0x00,0x00,0x00,0x00,0x00,0x00,0x00,0x00,0x00,0x00,0x00,0x00,0x00,0x00,0x00,0x00,0x00,0x00,0x00,0x00,0x00,
    0x00,0x00,0x00,0x00,0x00,0x00,0x00,0x00,0x00,0x00,0x00,0x00,0x00,0x00,0x00,0x00,0x00,0x00,0x00,0x00,0x00,0x00,0x00,0x00,0x00,0x00,0x00,0x00,0x00,0x00,0x00,0x00,
    0x00,0x00,0x00,0x00,0x00,0x00,0x00,0x00,0x00,0x00,0x00,0x00,0x00,0x00,0x00,0x00,0x00,0x00,0x00,0x00,0x00,0x00,0x00,0x00,0x00,0x00,0x00,0x00,0x00,0x00,0x00,0x00,
    0x00,0x00,0x00,0x00,0x00,0x00,0x00,0x00,0x00,0x00,0x00,0x00,0x00,0x00,0x00,0x00,0x00,0x00,0x00,0x00,0x00,0x00,0x00,0x00,0x00,0x00,0x00,0x00,0x00,0x00,0x00,0x00,
    0x00,0x00,0x00,0x00,0x00,0x00,0x00,0x00,0x00,0x00,0x00,0x00,0x00,0x00,0x00,0x00,0x00,0x00,0x00,0x00,0x00,0x00,0x00,0x00,0x00,0x00,0x00,0x00,0x00,0x00,0x00,0x00,
    0x00,0x00,0x00,0x00,0x00,0x00,0x00,0x00,0x00,0x00,0x00,0x00,0x00,0x00,0x00,0x00,0x00,0x00,0x00,0x00,0x00,0x00,0x00,0x00,0x00,0x00,0x00,0x00,0x55,0xff,0xff,0x03,
    0x00,0x00,0x00,0x00,0x35,0xb5,0xff,0x80,0x3b,0xc6,0xff,0xff,0x31,0xb4,0xff,0xfb,0x47,0xbe,0xff,0xff,0x72,0xcf,0xff,0xff,0x6d,0xcd,0xff,0xff,0x6e,0xcd,0xff,0xff,
    0x6e,0xcd,0xff,0xff,0x6e,0xcd,0xff,0xff,0x6e,0xcd,0xff,0xff,0x6e,0xcd,0xff,0xff,0x6e,0xcd,0xff,0xff,0x6e,0xcd,0xff,0xff,0x6e,0xcd,0xff,0xff,0x6e,0xcd,0xff,0xff,
    0x6c,0xcd,0xff,0xff,0x72,0xcf,0xff,0xff,0x55,0xc3,0xff,0xff,0x32,0xb5,0xff,0xff,0x37,0xb7,0xff,0xff,0x36,0xb7,0xff,0xff,0x36,0xb7,0xff,0xff,0x36,0xb7,0xff,0xff,
    0x36,0xb7,0xff,0xff,0x36,0xb7,0xff,0xff,0x36,0xb7,0xff,0xff,0x36,0xb7,0xff,0xff,0x36,0xb7,0xff,0xff,0x35,0xb7,0xff,0xfc,0x39,0xc0,0xff,0xff,0x37,0xb7,0xff,0x40,
    0x00,0x00,0x00,0x00,0x55,0xaa,0xff,0x03,0x00,0x00,0x00,0x00,0x00,0x00,0x00,0x00,0x00,0x00,0x00,0x00,0x00,0x00,0x00,0x00,0x00,0x00,0x00,0x00,0x00,0x00,0x00,0x00,
    0x00,0x00,0x00,0x00,0x00,0x00,0x00,0x00,0x00,0x00,0x00,0x00,0x00,0x00,0x00,0x00,0x00,0x00,0x00,0x00,0x00,0x00,0x00,0x00,0x00,0x00,0x00,0x00,0x00,0x00,0x00,0x00,
    0x00,0x00,0x00,0x00,0x00,0x00,0x00,0x00,0x00,0x00,0x00,0x00,0x00,0x00,0x00,0x00,0x00,0x00,0x00,0x00,0x00,0x00,0x00,0x00,0x00,0x00,0x00,0x00,0x00,0x00,0x00,0x00,
    0x00,0x00,0x00,0x00,0x00,0x00,0x00,0x00,0x00,0x00,0x00,0x00,0x00,0x00,0x00,0x00,0x00,0x00,0x00,0x00,0x00,0x00,0x00,0x00,0x00,0x00,0x00,0x00,0x00,0x00,0x00,0x00,
    0x00,0x00,0x00,0x00,0x00,0x00,0x00,0x00,0x00,0x00,0x00,0x00,0x00,0x00,0x00,0x00,0x00,0x00,0x00,0x00,0x00,0x00,0x00,0x00,0x00,0x00,0x00,0x00,0x00,0x00,0x00,0x00,
    0x00,0x00,0x00,0x00,0x00,0x00,0x00,0x00,0x00,0x00,0x00,0x00,0x00,0x00,0x00,0x00,0x00,0x00,0x00,0x00,0x00,0x00,0x00,0x00,0x00,0x00,0x00,0x00,0x00,0x00,0x00,0x00,
    0x00,0x00,0x00,0x00,0x00,0x00,0x00,0x00,0x00,0x00,0x00,0x00,0x00,0x00,0x00,0x00,0x00,0x00,0x00,0x00,0x00,0x00,0x00,0x00,0x00,0x00,0x00,0x00,0x00,0x00,0x00,0x00,
    0x00,0x00,0x00,0x00,0x00,0x00,0x00,0x00,0x00,0x00,0x00,0x00,0x00,0x00,0x00,0x00,0x00,0x00,0x00,0x00,0x00,0x00,0x00,0x00,0x00,0x00,0x00,0x00,0x00,0x00,0x00,0x00,
    0x00,0x00,0x00,0x00,0x00,0x00,0x00,0x00,0x00,0x00,0x00,0x00,0x00,0x00,0x00,0x00,0x00,0x00,0x00,0x00,0x00,0x00,0x00,0x00,0x00,0x00,0x00,0x00,0x00,0x00,0x00,0x00,
    0x00,0x00,0x00,0x00,0x00,0x00,0x00,0x00,0x00,0x00,0x00,0x00,0x00,0x00,0x00,0x00,0x00,0x00,0x00,0x00,0x00,0x00,0x00,0x00,0x00,0xff,0xff,0x01,0x00,0xff,0xff,0x01,
    0x2e,0xb9,0xff,0x16,0x37,0xb8,0xff,0xec,0x37,0xba,0xff,0xfe,0x32,0xb5,0xff,0xfe,0x5d,0xc6,0xff,0xff,0x71,0xce,0xff,0xff,0x6d,0xcd,0xff,0xff,0x6e,0xcd,0xff,0xff,
    0x6e,0xcd,0xff,0xff,0x6e,0xcd,0xff,0xff,0x6e,0xcd,0xff,0xff,0x6e,0xcd,0xff,0xff,0x6e,0xcd,0xff,0xff,0x6e,0xcd,0xff,0xff,0x6e,0xcd,0xff,0xff,0x6e,0xcd,0xff,0xff,
    0x6e,0xcd,0xff,0xff,0x6f,0xcd,0xff,0xff,0x68,0xcb,0xff,0xff,0x38,0xb7,0xff,0xff,0x36,0xb7,0xff,0xff,0x36,0xb7,0xff,0xff,0x36,0xb7,0xff,0xff,0x36,0xb7,0xff,0xff,
    0x36,0xb7,0xff,0xff,0x36,0xb7,0xff,0xff,0x36,0xb7,0xff,0xff,0x36,0xb7,0xff,0xff,0x36,0xb7,0xff,0xff,0x35,0xb7,0xff,0xfc,0x39,0xc1,0xff,0xff,0x35,0xb5,0xff,0xbf,
    0x00,0x7f,0xff,0x02,0x7f,0xff,0xff,0x02,0x00,0x00,0x00,0x00,0x00,0x00,0x00,0x00,0x00,0x00,0x00,0x00,0x00,0x00,0x00,0x00,0x00,0x00,0x00,0x00,0x00,0x00,0x00,0x00,
    0x00,0x00,0x00,0x00,0x00,0x00,0x00,0x00,0x00,0x00,0x00,0x00,0x00,0x00,0x00,0x00,0x00,0x00,0x00,0x00,0x00,0x00,0x00,0x00,0x00,0x00,0x00,0x00,0x00,0x00,0x00,0x00,
    0x00,0x00,0x00,0x00,0x00,0x00,0x00,0x00,0x00,0x00,0x00,0x00,0x00,0x00,0x00,0x00,0x00,0x00,0x00,0x00,0x00,0x00,0x00,0x00,0x00,0x00,0x00,0x00,0x00,0x00,0x00,0x00,
    0x00,0x00,0x00,0x00,0x00,0x00,0x00,0x00,0x00,0x00,0x00,0x00,0x00,0x00,0x00,0x00,0x00,0x00,0x00,0x00,0x00,0x00,0x00,0x00,0x00,0x00,0x00,0x00,0x00,0x00,0x00,0x00,
    0x00,0x00,0x00,0x00,0x00,0x00,0x00,0x00,0x00,0x00,0x00,0x00,0x00,0x00,0x00,0x00,0x00,0x00,0x00,0x00,0x00,0x00,0x00,0x00,0x00,0x00,0x00,0x00,0x00,0x00,0x00,0x00,
    0x00,0x00,0x00,0x00,0x00,0x00,0x00,0x00,0x00,0x00,0x00,0x00,0x00,0x00,0x00,0x00,0x00,0x00,0x00,0x00,0x00,0x00,0x00,0x00,0x00,0x00,0x00,0x00,0x00,0x00,0x00,0x00,
    0x00,0x00,0x00,0x00,0x00,0x00,0x00,0x00,0x00,0x00,0x00,0x00,0x00,0x00,0x00,0x00,0x00,0x00,0x00,0x00,0x00,0x00,0x00,0x00,0x00,0x00,0x00,0x00,0x00,0x00,0x00,0x00,
    0x00,0x00,0x00,0x00,0x00,0x00,0x00,0x00,0x00,0x00,0x00,0x00,0x00,0x00,0x00,0x00,0x00,0x00,0x00,0x00,0x00,0x00,0x00,0x00,0x00,0x00,0x00,0x00,0x00,0x00,0x00,0x00,
    0x00,0x00,0x00,0x00,0x00,0x00,0x00,0x00,0x00,0x00,0x00,0x00,0x00,0x00,0x00,0x00,0x00,0x00,0x00,0x00,0x00,0x00,0x00,0x00,0x00,0x00,0x00,0x00,0x00,0x00,0x00,0x00,
    0x00,0x00,0x00,0x00,0x00,0x00,0x00,0x00,0x00,0x00,0x00,0x00,0x00,0x00,0x00,0x00,0x00,0x00,0x00,0x00,0x00,0x00,0x00,0x00,0x3f,0xbf,0xff,0x04,0x00,0x00,0x00,0x00,
    0x36,0xb7,0xff,0x75,0x3a,0xc5,0xff,0xff,0x34,0xb5,0xff,0xfb,0x38,0xb8,0xff,0xff,0x68,0xcb,0xff,0xff,0x6f,0xcd,0xff,0xff,0x6e,0xcd,0xff,0xff,0x6e,0xcd,0xff,0xff,
    0x6e,0xcd,0xff,0xff,0x6e,0xcd,0xff,0xff,0x6e,0xcd,0xff,0xff,0x6e,0xcd,0xff,0xff,0x6e,0xcd,0xff,0xff,0x6e,0xcd,0xff,0xff,0x6e,0xcd,0xff,0xff,0x6e,0xcd,0xff,0xff,
    0x6e,0xcd,0xff,0xff,0x6d,0xcd,0xff,0xff,0x70,0xce,0xff,0xff,0x42,0xbc,0xff,0xff,0x33,0xb6,0xff,0xff,0x37,0xb7,0xff,0xff,0x36,0xb7,0xff,0xff,0x36,0xb7,0xff,0xff,
    0x36,0xb7,0xff,0xff,0x36,0xb7,0xff,0xff,0x36,0xb7,0xff,0xff,0x36,0xb7,0xff,0xff,0x36,0xb7,0xff,0xff,0x36,0xb7,0xff,0xff,0x35,0xb6,0xff,0xfd,0x38,0xbd,0xff,0xff,
    0x37,0xb9,0xff,0x37,0x00,0x00,0x00,0x00,0x55,0xaa,0xff,0x03,0x00,0x00,0x00,0x00,0x00,0x00,0x00,0x00,0x00,0x00,0x00,0x00,0x00,0x00,0x00,0x00,0x00,0x00,0x00,0x00,
    0x00,0x00,0x00,0x00,0x00,0x00,0x00,0x00,0x00,0x00,0x00,0x00,0x00,0x00,0x00,0x00,0x00,0x00,0x00,0x00,0x00,0x00,0x00,0x00,0x00,0x00,0x00,0x00,0x00,0x00,0x00,0x00,
    0x00,0x00,0x00,0x00,0x00,0x00,0x00,0x00,0x00,0x00,0x00,0x00,0x00,0x00,0x00,0x00,0x00,0x00,0x00,0x00,0x00,0x00,0x00,0x00,0x00,0x00,0x00,0x00,0x00,0x00,0x00,0x00,
    0x00,0x00,0x00,0x00,0x00,0x00,0x00,0x00,0x00,0x00,0x00,0x00,0x00,0x00,0x00,0x00,0x00,0x00,0x00,0x00,0x00,0x00,0x00,0x00,0x00,0x00,0x00,0x00,0x00,0x00,0x00,0x00,
    0x00,0x00,0x00,0x00,0x00,0x00,0x00,0x00,0x00,0x00,0x00,0x00,0x00,0x00,0x00,0x00,0x00,0x00,0x00,0x00,0x00,0x00,0x00,0x00,0x00,0x00,0x00,0x00,0x00,0x00,0x00,0x00,
    0x00,0x00,0x00,0x00,0x00,0x00,0x00,0x00,0x00,0x00,0x00,0x00,0x00,0x00,0x00,0x00,0x00,0x00,0x00,0x00,0x00,0x00,0x00,0x00,0x00,0x00,0x00,0x00,0x00,0x00,0x00,0x00,
    0x00,0x00,0x00,0x00,0x00,0x00,0x00,0x00,0x00,0x00,0x00,0x00,0x00,0x00,0x00,0x00,0x00,0x00,0x00,0x00,0x00,0x00,0x00,0x00,0x00,0x00,0x00,0x00,0x00,0x00,0x00,0x00,
    0x00,0x00,0x00,0x00,0x00,0x00,0x00,0x00,0x00,0x00,0x00,0x00,0x55,0xaa,0xff,0x03,0x55,0xaa,0xff,0x03,0x55,0xaa,0xff,0x03,0x55,0xaa,0xff,0x03,0x55,0xaa,0xff,0x03,
    0x55,0xaa,0xff,0x03,0x55,0xaa,0xff,0x03,0x55,0xaa,0xff,0x03,0x55,0xaa,0xff,0x03,0x55,0xaa,0xff,0x03,0x55,0xaa,0xff,0x03,0x00,0x7f,0xff,0x02,0x00,0x00,0x00,0x00,
    0x00,0x00,0x00,0x00,0x00,0x00,0x00,0x00,0x00,0x00,0x00,0x00,0x00,0x00,0x00,0x00,0x00,0x00,0x00,0x00,0x00,0x00,0x00,0x00,0x7f,0xff,0xff,0x02,0x00,0x7f,0xff,0x02,
    0x35,0xb6,0xff,0xc8,0x39,0xbf,0xff,0xfe,0x34,0xb6,0xff,0xfc,0x3a,0xb8,0xff,0xff,0x6a,0xcc,0xff,0xff,0x6f,0xcd,0xff,0xff,0x6e,0xcd,0xff,0xff,0x6e,0xcd,0xff,0xff,
    0x6e,0xcd,0xff,0xff,0x6e,0xcd,0xff,0xff,0x6e,0xcd,0xff,0xff,0x6e,0xcd,0xff,0xff,0x6e,0xcd,0xff,0xff,0x6e,0xcd,0xff,0xff,0x6e,0xcd,0xff,0xff,0x6e,0xcd,0xff,0xff,
    0x6e,0xcd,0xff,0xff,0x6d,0xcd,0xff,0xff,0x71,0xce,0xff,0xff,0x45,0xbd,0xff,0xff,0x33,0xb6,0xff,0xff,0x37,0xb7,0xff,0xff,0x36,0xb7,0xff,0xff,0x36,0xb7,0xff,0xff,
    0x36,0xb7,0xff,0xff,0x36,0xb7,0xff,0xff,0x36,0xb7,0xff,0xff,0x36,0xb7,0xff,0xff,0x36,0xb7,0xff,0xff,0x36,0xb7,0xff,0xff,0x35,0xb6,0xff,0xfb,0x3a,0xc4,0xff,0xff,
    0x34,0xb6,0xff,0x8c,0x00,0x00,0x00,0x00,0x7f,0xbf,0xff,0x04,0xff,0xff,0xff,0x02,0xbf,0xbf,0xbf,0x04,0xff,0xff,0xbf,0x04,0xaa,0xaa,0xaa,0x03,0xff,0xff,0xff,0x02,
    0xff,0xff,0xff,0x02,0xff,0xff,0xff,0x02,0xbf,0xbf,0xbf,0x04,0xff,0xbf,0xbf,0x04,0xaa,0xaa,0xaa,0x03,0xff,0xff,0xff,0x01,0x00,0xff,0xff,0x01,0x00,0xff,0xff,0x01,
    0x00,0xff,0xff,0x01,0x00,0xff,0xff,0x01,0x00,0xff,0xff,0x01,0x00,0x7f,0xff,0x02,0x55,0xaa,0xff,0x03,0x00,0xff,0xff,0x01,0x00,0x00,0x00,0x00,0x00,0x00,0x00,0x00,
    0x00,0x00,0x00,0x00,0x00,0x00,0x00,0x00,0x00,0x00,0x00,0x00,0x00,0x00,0x00,0x00,0x00,0x00,0x00,0x00,0x00,0x00,0x00,0x00,0x00,0x00,0x00,0x00,0x00,0x00,0x00,0x00,
    0x00,0x00,0x00,0x00,0x00,0x00,0x00,0x00,0x00,0x00,0x00,0x00,0x00,0x00,0x00,0x00,0x00,0x00,0x00,0x00,0x00,0x00,0x00,0x00,0x00,0x00,0x00,0x00,0x00,0x00,0x00,0x00,
    0x00,0x00,0x00,0x00,0x00,0x00,0x00,0x00,0x00,0x00,0x00,0x00,0x00,0x00,0x00,0x00,0x00,0x00,0x00,0x00,0x00,0x00,0x00,0x00,0x00,0x00,0x00,0x00,0x00,0x00,0x00,0x00,
    0x00,0x00,0x00,0x00,0x00,0x00,0x00,0x00,0x00,0x00,0x00,0x00,0x00,0x00,0x00,0x00,0x00,0x00,0x00,0x00,0x00,0x00,0x00,0x00,0x00,0x00,0x00,0x00,0x00,0x00,0x00,0x00,
    0x00,0x00,0x00,0x00,0x00,0x00,0x00,0x00,0x00,0xff,0xff,0x01,0x00,0x00,0x00,0x00,0x00,0x00,0x00,0x00,0x00,0x00,0x00,0x00,0x00,0x00,0x00,0x00,0x00,0x00,0x00,0x00,
    0x00,0x00,0x00,0x00,0x00,0x00,0x00,0x00,0x00,0x00,0x00,0x00,0x00,0x00,0x00,0x00,0x00,0x00,0x00,0x00,0x00,0x00,0x00,0x00,0x00,0x00,0x00,0x00,0x00,0x00,0x00,0x00,
    0x00,0x00,0x00,0x00,0x00,0x00,0x00,0x00,0x00,0x00,0x00,0x00,0x00,0x00,0x00,0x00,0x00,0x00,0x00,0x00,0x00,0x7f,0xff,0x02,0x00,0x00,0x00,0x00,0x31,0xb4,0xff,0x1f,
    0x37,0xb9,0xff,0xf5,0x37,0xb8,0xff,0xfe,0x35,0xb6,0xff,0xfe,0x39,0xb8,0xff,0xff,0x69,0xcc,0xff,0xff,0x6f,0xcd,0xff,0xff,0x6e,0xcd,0xff,0xff,0x6e,0xcd,0xff,0xff,
    0x6e,0xcd,0xff,0xff,0x6e,0xcd,0xff,0xff,0x6e,0xcd,0xff,0xff,0x6e,0xcd,0xff,0xff,0x6e,0xcd,0xff,0xff,0x6e,0xcd,0xff,0xff,0x6e,0xcd,0xff,0xff,0x6e,0xcd,0xff,0xff,
    0x6e,0xcd,0xff,0xff,0x6d,0xcd,0xff,0xff,0x70,0xce,0xff,0xff,0x43,0xbd,0xff,0xff,0x33,0xb6,0xff,0xff,0x37,0xb7,0xff,0xff,0x36,0xb7,0xff,0xff,0x36,0xb7,0xff,0xff,
    0x36,0xb7,0xff,0xff,0x36,0xb7,0xff,0xff,0x36,0xb7,0xff,0xff,0x36,0xb7,0xff,0xff,0x36,0xb7,0xff,0xff,0x36,0xb7,0xff,0xff,0x35,0xb6,0xff,0xfd,0x38,0xbf,0xff,0xff,
    0x37,0xb7,0xfd,0xce,0x7f,0xbf,0xdf,0x08,0x00,0xff,0xff,0x01,0x00,0x00,0x00,0x00,0x00,0x00,0x00,0x00,0x00,0x00,0x00,0x00,0x00,0x00,0x00,0x00,0x00,0x00,0x00,0x00,
    0x00,0x00,0x00,0x00,0x00,0x00,0x00,0x00,0x00,0x00,0x00,0x00,0x00,0x00,0x00,0x00,0x00,0x00,0x00,0x00,0x00,0x00,0x00,0x00,0x02,0x00,0x00,0x00,0x01,0x00,0x00,0x00,
    0x00,0x00,0x00,0x00,0x00,0x00,0x00,0x00,0x00,0x00,0x00,0x00,0x00,0x00,0x00,0x00,0x00,0x00,0x00,0x00,0x00,0x00,0x00,0x00,0x00,0x7f,0xff,0x02,0x00,0x00,0x00,0x00,
    0x00,0x00,0x00,0x00,0x00,0x00,0x00,0x00,0x00,0x00,0x00,0x00,0x00,0x00,0x00,0x00,0x00,0x00,0x00,0x00,0x00,0x00,0x00,0x00,0x00,0x00,0x00,0x00,0x00,0x00,0x00,0x00,
    0x00,0x00,0x00,0x00,0x00,0x00,0x00,0x00,0x00,0x00,0x00,0x00,0x00,0x00,0x00,0x00,0x00,0x00,0x00,0x00,0x00,0x00,0x00,0x00,0x00,0x00,0x00,0x00,0x00,0x00,0x00,0x00,
    0x00,0x00,0x00,0x00,0x00,0x00,0x00,0x00,0x00,0x00,0x00,0x00,0x00,0x00,0x00,0x00,0x00,0x00,0x00,0x00,0x00,0x00,0x00,0x00,0x00,0x00,0x00,0x00,0x00,0x00,0x00,0x00,
    0x00,0x00,0x00,0x00,0x00,0x00,0x00,0x00,0x00,0x00,0x00,0x00,0x00,0x00,0x00,0x00,0x00,0x00,0x00,0x00,0x00,0x00,0x00,0x00,0x00,0x00,0x00,0x00,0x00,0x00,0x00,0x00,
    0x00,0x00,0x00,0x00,0x00,0x00,0x00,0x00,0x00,0x00,0x00,0x00,0x34,0xbb,0xff,0x35,0x36,0xc0,0xff,0x41,0x36,0xb8,0xff,0x41,0x36,0xb8,0xff,0x41,0x36,0xb8,0xff,0x41,
    0x36,0xb8,0xff,0x41,0x36,0xb8,0xff,0x41,0x36,0xb8,0xff,0x41,0x36,0xb8,0xff,0x41,0x37,0xb7,0xff,0x40,0x3a,0xc8,0xff,0x41,0x36,0xb9,0xff,0x21,0x00,0x00,0x00,0x00,
    0x00,0xff,0xff,0x01,0x00,0x00,0x00,0x00,0x00,0x00,0x00,0x00,0x00,0x00,0x00,0x00,0x00,0x00,0x00,0x00,0x55,0xaa,0xff,0x03,0x00,0x00,0x00,0x00,0x37,0xb7,0xff,0x40,
    0x38,0xbf,0xff,0xff,0x36,0xb6,0xff,0xfd,0x37,0xb7,0xff,0xff,0x33,0xb6,0xff,0xff,0x61,0xc7,0xff,0xff,0x71,0xce,0xff,0xff,0x6d,0xcd,0xff,0xff,0x6e,0xcd,0xff,0xff,
    0x6e,0xcd,0xff,0xff,0x6e,0xcd,0xff,0xff,0x6e,0xcd,0xff,0xff,0x6e,0xcd,0xff,0xff,0x6e,0xcd,0xff,0xff,0x6e,0xcd,0xff,0xff,0x6e,0xcd,0xff,0xff,0x6e,0xcd,0xff,0xff,
    0x6e,0xcd,0xff,0xff,0x6f,0xcd,0xff,0xff,0x6b,0xcc,0xff,0xff,0x3a,0xb8,0xff,0xff,0x35,0xb7,0xff,0xff,0x36,0xb7,0xff,0xff,0x36,0xb7,0xff,0xff,0x36,0xb7,0xff,0xff,
    0x36,0xb7,0xff,0xff,0x36,0xb7,0xff,0xff,0x36,0xb7,0xff,0xff,0x36,0xb7,0xff,0xff,0x36,0xb7,0xff,0xff,0x36,0xb7,0xff,0xff,0x37,0xb6,0xff,0xfe,0x39,0xba,0xfe,0xff,
    0x30,0xb6,0xff,0xef,0x00,0x00,0xff,0x02,0xff,0xff,0x7f,0x02,0xec,0xe0,0xda,0x2a,0xec,0xdf,0xd4,0x60,0xeb,0xdd,0xd4,0x83,0xe3,0xd5,0xcd,0xb9,0xe5,0xd6,0xce,0xbe,
    0xe4,0xd6,0xce,0xbd,0xe6,0xd9,0xd1,0xbd,0xe7,0xdb,0xd2,0x8f,0xe8,0xda,0xd1,0x70,0xe7,0xd4,0xcb,0x36,0xa5,0xd2,0xe1,0x11,0x00,0x96,0xff,0x11,0x00,0x96,0xff,0x11,
    0x4b,0xb4,0xf0,0x11,0x4b,0xc3,0xff,0x11,0x2d,0xb4,0xff,0x11,0x33,0xb8,0xff,0x28,0x39,0xcc,0xff,0x42,0x30,0xaa,0xff,0x15,0x00,0x00,0x00,0x00,0x00,0xff,0xff,0x01,
    0x00,0x00,0x00,0x00,0x00,0x00,0x00,0x00,0x00,0x00,0x00,0x00,0x00,0x00,0x00,0x00,0x00,0x00,0x00,0x00,0x00,0x00,0x00,0x00,0x00,0x00,0x00,0x00,0x00,0x00,0x00,0x00,
    0x00,0x00,0x00,0x00,0x00,0x00,0x00,0x00,0x00,0x00,0x00,0x00,0x00,0x00,0x00,0x00,0x00,0x00,0x00,0x00,0x00,0x00,0x00,0x00,0x00,0x00,0x00,0x00,0x00,0x00,0x00,0x00,
    0x00,0x00,0x00,0x00,0x00,0x00,0x00,0x00,0x00,0x00,0x00,0x00,0x00,0x00,0x00,0x00,0x00,0x00,0x00,0x00,0x00,0x00,0x00,0x00,0x00,0x00,0x00,0x00,0x00,0x00,0x00,0x00,
    0x00,0x00,0x00,0x00,0x00,0x00,0x00,0x00,0x00,0x00,0x00,0x00,0x00,0x00,0x00,0x00,0x00,0x00,0x00,0x00,0x00,0x00,0x00,0x00,0x00,0x00,0x00,0x00,0x00,0x00,0x00,0x00,
    0x55,0xaa,0xff,0x03,0x55,0xaa,0xff,0x03,0x35,0xb7,0xff,0x99,0x39,0xc2,0xff,0xff,0x38,0xbf,0xff,0xff,0x38,0xbf,0xff,0xff,0x38,0xbf,0xff,0xff,0x38,0xbf,0xff,0xff,
    0x38,0xbf,0xff,0xff,0x38,0xbf,0xff,0xff,0x38,0xbf,0xff,0xff,0x38,0xbf,0xff,0xff,0x37,0xbc,0xff,0xff,0x3d,0xce,0xff,0xff,0x35,0xb6,0xff,0x86,0x00,0x00,0x00,0x00,
    0x3f,0xbf,0xff,0x04,0x00,0x00,0x00,0x00,0x00,0x00,0x00,0x00,0x00,0x00,0x00,0x00,0x00,0x00,0x00,0x00,0x3f,0xbf,0xff,0x04,0x00,0x00,0x00,0x00,0x37,0xb7,0xff,0x6f,
    0x39,0xc3,0xff,0xff,0x35,0xb6,0xff,0xfc,0x37,0xb7,0xff,0xff,0x32,0xb5,0xff,0xff,0x4d,0xc0,0xff,0xff,0x72,0xcf,0xff,0xff,0x6c,0xcd,0xff,0xff,0x6e,0xcd,0xff,0xff,
    0x6e,0xcd,0xff,0xff,0x6e,0xcd,0xff,0xff,0x6e,0xcd,0xff,0xff,0x6e,0xcd,0xff,0xff,0x6e,0xcd,0xff,0xff,0x6e,0xcd,0xff,0xff,0x6e,0xcd,0xff,0xff,0x6e,0xcd,0xff,0xff,
    0x6d,0xcd,0xff,0xff,0x72,0xcf,0xff,0xff,0x5b,0xc5,0xff,0xff,0x33,0xb5,0xff,0xff,0x37,0xb7,0xff,0xff,0x36,0xb7,0xff,0xff,0x36,0xb7,0xff,0xff,0x36,0xb7,0xff,0xff,
    0x36,0xb7,0xff,0xff,0x36,0xb7,0xff,0xff,0x36,0xb7,0xff,0xff,0x36,0xb7,0xff,0xff,0x36,0xb7,0xff,0xff,0x39,0xb8,0xfe,0xff,0x33,0xb6,0xff,0xff,0x2c,0xb6,0xff,0xff,
    0x4d,0xba,0xf6,0xfb,0xc4,0xcf,0xd7,0xa1,0xe9,0xd6,0xcc,0xd5,0xe5,0xd8,0xd1,0xfd,0xf3,0xe4,0xdc,0xff,0xf5,0xe6,0xde,0xff,0xf0,0xe1,0xd9,0xff,0xf0,0xe1,0xd9,0xff,
    0xf0,0xe1,0xd9,0xff,0xf0,0xe1,0xd8,0xff,0xf4,0xe5,0xdd,0xff,0xf5,0xe6,0xde,0xff,0xe9,0xda,0xd1,0xff,0xdd,0xd4,0xce,0xef,0xa6,0xca,0xde,0xef,0x5e,0xbe,0xf3,0xee,
    0x2f,0xb6,0xff,0xee,0x2e,0xb5,0xff,0xef,0x38,0xb8,0xff,0xee,0x35,0xb6,0xff,0xfb,0x39,0xc3,0xff,0xff,0x37,0xbd,0xff,0xe5,0x34,0xb6,0xff,0x35,0x00,0x00,0x00,0x00,
    0x7f,0xff,0xff,0x02,0x00,0x00,0x00,0x00,0x00,0x00,0x00,0x00,0x00,0x00,0x00,0x00,0x00,0x00,0x00,0x00,0x00,0x00,0x00,0x00,0x00,0x00,0x00,0x00,0x00,0x00,0x00,0x00,
    0x00,0x00,0x00,0x00,0x00,0x00,0x00,0x00,0x00,0x00,0x00,0x00,0x00,0x00,0x00,0x00,0x00,0x00,0x00,0x00,0x00,0x00,0x00,0x00,0x00,0x00,0x00,0x00,0x00,0x00,0x00,0x00,
    0x00,0x00,0x00,0x00,0x00,0x00,0x00,0x00,0x00,0x00,0x00,0x00,0x00,0x00,0x00,0x00,0x00,0x00,0x00,0x00,0x00,0x00,0x00,0x00,0x00,0x00,0x00,0x00,0x00,0x00,0x00,0x00,
    0x00,0x00,0x00,0x00,0x00,0x00,0x00,0x00,0x00,0x00,0x00,0x00,0x00,0x00,0x00,0x00,0x00,0x00,0x00,0x00,0x00,0x00,0x00,0x00,0x00,0x00,0x00,0x00,0x00,0x00,0x00,0x00,
    0x00,0x00,0x00,0x00,0x38,0xb6,0xff,0x5b,0x3b,0xc9,0xff,0xff,0x35,0xb6,0xff,0xfb,0x35,0xb6,0xff,0xfd,0x36,0xb6,0xff,0xfd,0x35,0xb6,0xff,0xfd,0x35,0xb6,0xff,0xfd,
    0x35,0xb6,0xff,0xfd,0x35,0xb6,0xff,0xfd,0x35,0xb6,0xff,0xfd,0x35,0xb6,0xff,0xfd,0x36,0xb6,0xff,0xf9,0x39,0xc4,0xff,0xfd,0x36,0xb6,0xff,0x7f,0x00,0x00,0x00,0x00,
    0x3f,0xbf,0xff,0x04,0x00,0x00,0x00,0x00,0x00,0x00,0x00,0x00,0x00,0x00,0x00,0x00,0x00,0x00,0x00,0x00,0x3f,0xbf,0xff,0x04,0x00,0x00,0x00,0x00,0x36,0xb6,0xff,0x83,
    0x3a,0xc5,0xff,0xff,0x35,0xb6,0xff,0xfb,0x36,0xb7,0xff,0xff,0x36,0xb7,0xff,0xff,0x37,0xb8,0xff,0xff,0x68,0xca,0xff,0xff,0x71,0xce,0xff,0xff,0x6d,0xcd,0xff,0xff,
    0x6e,0xcd,0xff,0xff,0x6e,0xcd,0xff,0xff,0x6e,0xcd,0xff,0xff,0x6e,0xcd,0xff,0xff,0x6e,0xcd,0xff,0xff,0x6e,0xcd,0xff,0xff,0x6e,0xcd,0xff,0xff,0x6e,0xcd,0xff,0xff,
    0x6e,0xcd,0xff,0xff,0x70,0xce,0xff,0xff,0x41,0xbb,0xff,0xff,0x34,0xb6,0xff,0xff,0x37,0xb7,0xff,0xff,0x36,0xb7,0xff,0xff,0x36,0xb7,0xff,0xff,0x36,0xb7,0xff,0xff,
    0x36,0xb7,0xff,0xff,0x36,0xb7,0xff,0xff,0x36,0xb7,0xff,0xff,0x36,0xb7,0xff,0xff,0x39,0xb7,0xfe,0xff,0x2c,0xb5,0xff,0xff,0x3f,0xb9,0xfb,0xff,0x9b,0xc9,0xe2,0xff,
    0xe5,0xd7,0xce,0xff,0xf3,0xe4,0xdb,0xff,0xec,0xde,0xd6,0xff,0xe3,0xd5,0xcd,0xff,0xe1,0xd3,0xcb,0xfc,0xe2,0xd4,0xcc,0xfb,0xe4,0xd6,0xce,0xfc,0xe5,0xd7,0xcf,0xfc,
    0xe4,0xd7,0xcf,0xfc,0xe4,0xd7,0xcf,0xfc,0xe3,0xd5,0xcd,0xfb,0xe2,0xd4,0xcc,0xfb,0xe2,0xd4,0xcc,0xfe,0xe9,0xda,0xd1,0xff,0xf0,0xdc,0xd0,0xff,0xec,0xdb,0xd0,0xff,
    0xb5,0xd1,0xdf,0xff,0x51,0xbf,0xfb,0xff,0x2b,0xb8,0xff,0xff,0x37,0xb8,0xff,0xff,0x37,0xb6,0xff,0xfa,0x39,0xc3,0xff,0xff,0x36,0xb6,0xff,0xd8,0x1f,0xbf,0xff,0x08,
    0xff,0xff,0xff,0x01,0x00,0x00,0x00,0x00,0x00,0x00,0x00,0x00,0x00,0x00,0x00,0x00,0x00,0x00,0x00,0x00,0x00,0x00,0x00,0x00,0x00,0x00,0x00,0x00,0x00,0x00,0x00,0x00,
    0x00,0x00,0x00,0x00,0x00,0x00,0x00,0x00,0x00,0x00,0x00,0x00,0x00,0x00,0x00,0x00,0x00,0x00,0x00,0x00,0x00,0x00,0x00,0x00,0x00,0x00,0x00,0x00,0x00,0x00,0x00,0x00,
    0x00,0x00,0x00,0x00,0x00,0x00,0x00,0x00,0x00,0x00,0x00,0x00,0x00,0x00,0x00,0x00,0x00,0x00,0x00,0x00,0x00,0x00,0x00,0x00,0x00,0x00,0x00,0x00,0x00,0x00,0x00,0x00,
    0x00,0x00,0x00,0x00,0x00,0x00,0x00,0x00,0x00,0x00,0x00,0x00,0x00,0x00,0x00,0x00,0x00,0x00,0x00,0x00,0x00,0x00,0x00,0x00,0x00,0x00,0x00,0x00,0x00,0x00,0x00,0x00,
    0x00,0x00,0x00,0x00,0x36,0xb7,0xff,0x88,0x3a,0xc7,0xff,0xfc,0x35,0xb6,0xff,0xf9,0x36,0xb6,0xff,0xfe,0x35,0xb7,0xff,0xfc,0x35,0xb7,0xff,0xfc,0x35,0xb7,0xff,0xfc,
    0x35,0xb7,0xff,0xfc,0x35,0xb7,0xff,0xfc,0x35,0xb7,0xff,0xfc,0x35,0xb7,0xff,0xfc,0x35,0xb7,0xff,0xf8,0x39,0xc5,0xff,0xfc,0x36,0xb8,0xff,0x7e,0x00,0x00,0x00,0x00,
    0x3f,0xbf,0xff,0x04,0x00,0x00,0x00,0x00,0x00,0x00,0x00,0x00,0x00,0x00,0x00,0x00,0x00,0x00,0x00,0x00,0x3f,0xbf,0xff,0x04,0x00,0x00,0x00,0x00,0x36,0xb8,0xff,0x7e,
    0x3a,0xc5,0xff,0xff,0x35,0xb6,0xff,0xfb,0x36,0xb7,0xff,0xff,0x37,0xb7,0xff,0xff,0x34,0xb6,0xff,0xff,0x40,0xbb,0xff,0xff,0x6c,0xcc,0xff,0xff,0x70,0xce,0xff,0xff,
    0x6d,0xcd,0xff,0xff,0x6e,0xcd,0xff,0xff,0x6e,0xcd,0xff,0xff,0x6e,0xcd,0xff,0xff,0x6e,0xcd,0xff,0xff,0x6e,0xcd,0xff,0xff,0x6d,0xcd,0xff,0xff,0x6e,0xcd,0xff,0xff,
    0x71,0xce,0xff,0xff,0x4b,0xbf,0xff,0xff,0x33,0xb6,0xff,0xff,0x37,0xb7,0xff,0xff,0x36,0xb7,0xff,0xff,0x36,0xb7,0xff,0xff,0x36,0xb7,0xff,0xff,0x36,0xb7,0xff,0xff,
    0x36,0xb7,0xff,0xff,0x36,0xb7,0xff,0xff,0x37,0xb7,0xff,0xff,0x37,0xb7,0xff,0xff,0x29,0xb5,0xff,0xff,0x6e,0xc1,0xef,0xff,0xd8,0xd4,0xd1,0xff,0xf0,0xd8,0xcb,0xff,
    0xe4,0xd6,0xce,0xff,0xe2,0xd5,0xcd,0xfb,0xe3,0xd4,0xcc,0xfd,0xe8,0xdb,0xd4,0xfe,0xed,0xe2,0xdb,0xff,0xf0,0xe7,0xe1,0xff,0xf3,0xea,0xe5,0xff,0xf4,0xec,0xe7,0xff,
    0xf4,0xec,0xe6,0xff,0xf4,0xeb,0xe6,0xff,0xf1,0xe8,0xe2,0xff,0xee,0xe3,0xdd,0xff,0xe9,0xdd,0xd6,0xff,0xe3,0xd5,0xcd,0xfe,0xe0,0xd3,0xcc,0xfe,0xe2,0xd5,0xcd,0xfe,
    0xed,0xd7,0xca,0xfe,0xe5,0xd6,0xcd,0xfe,0x8c,0xc6,0xe5,0xfe,0x2f,0xb5,0xff,0xfe,0x33,0xb6,0xff,0xfe,0x38,0xb8,0xff,0xfb,0x36,0xb6,0xff,0xf7,0x28,0xbb,0xff,0x13,
    0x00,0x00,0x00,0x00,0x00,0xff,0xff,0x01,0x00,0x00,0x00,0x00,0x00,0x00,0x00,0x00,0x00,0x00,0x00,0x00,0x00,0x00,0x00,0x00,0x00,0x00,0x00,0x00,0x00,0x00,0x00,0x00,
    0x00,0x00,0x00,0x00,0x00,0x00,0x00,0x00,0x00,0x00,0x00,0x00,0x00,0x00,0x00,0x00,0x00,0x00,0x00,0x00,0x00,0x00,0x00,0x00,0x00,0x00,0x00,0x00,0x00,0x00,0x00,0x00,
    0x00,0x00,0x00,0x00,0x00,0x00,0x00,0x00,0x00,0x00,0x00,0x00,0x00,0x00,0x00,0x00,0x00,0x00,0x00,0x00,0x00,0x00,0x00,0x00,0x00,0x00,0x00,0x00,0x00,0x00,0x00,0x00,
    0x00,0x00,0x00,0x00,0x00,0x00,0x00,0x00,0x00,0x00,0x00,0x00,0x00,0x00,0x00,0x00,0x00,0x00,0x00,0x00,0x00,0x00,0x00,0x00,0x00,0x00,0x00,0x00,0x00,0x00,0x00,0x00,
    0x00,0x00,0x00,0x00,0x36,0xb8,0xff,0x41,0x39,0xc2,0xff,0xff,0x37,0xbc,0xff,0xff,0x37,0xba,0xff,0xff,0x39,0xc1,0xff,0xff,0x39,0xc1,0xff,0xff,0x39,0xc1,0xff,0xff,
    0x39,0xc1,0xff,0xff,0x39,0xc1,0xff,0xff,0x39,0xc1,0xff,0xff,0x39,0xc1,0xff,0xff,0x38,0xbe,0xff,0xff,0x3d,0xd0,0xff,0xff,0x34,0xb7,0xff,0x87,0x00,0x00,0x00,0x00,
    0x3f,0xbf,0xff,0x04,0x00,0x00,0x00,0x00,0x00,0x00,0x00,0x00,0x00,0x00,0x00,0x00,0x00,0x00,0x00,0x00,0x3f,0xbf,0xff,0x04,0x00,0x00,0x00,0x00,0x35,0xb6,0xff,0x85,
    0x3a,0xc5,0xff,0xff,0x35,0xb6,0xff,0xfb,0x36,0xb7,0xff,0xff,0x36,0xb7,0xff,0xff,0x37,0xb7,0xff,0xff,0x33,0xb6,0xff,0xff,0x40,0xbb,0xff,0xff,0x6a,0xcc,0xff,0xff,
    0x72,0xcf,0xff,0xff,0x6f,0xce,0xff,0xff,0x6e,0xcd,0xff,0xff,0x6d,0xcd,0xff,0xff,0x6e,0xcd,0xff,0xff,0x6f,0xcd,0xff,0xff,0x72,0xcf,0xff,0xff,0x70,0xce,0xff,0xff,
    0x4c,0xbf,0xff,0xff,0x32,0xb5,0xff,0xff,0x37,0xb7,0xff,0xff,0x36,0xb7,0xff,0xff,0x36,0xb7,0xff,0xff,0x36,0xb7,0xff,0xff,0x36,0xb7,0xff,0xff,0x36,0xb7,0xff,0xff,
    0x36,0xb7,0xff,0xff,0x37,0xb7,0xff,0xff,0x36,0xb7,0xff,0xff,0x2e,0xb6,0xff,0xff,0x97,0xc8,0xe4,0xff,0xed,0xd8,0xcb,0xff,0xe8,0xd7,0xcd,0xff,0xe0,0xd5,0xce,0xff,
    0xe3,0xd5,0xcd,0xff,0xe8,0xdc,0xd5,0xff,0xf1,0xe7,0xe1,0xff,0xf6,0xee,0xe9,0xff,0xf6,0xef,0xea,0xff,0xf6,0xee,0xe9,0xff,0xf5,0xee,0xe9,0xff,0xf5,0xed,0xe8,0xff,
    0xf5,0xed,0xe8,0xff,0xf5,0xed,0xe9,0xff,0xf6,0xee,0xe9,0xff,0xf6,0xef,0xea,0xff,0xf6,0xef,0xea,0xff,0xf2,0xea,0xe4,0xff,0xeb,0xdf,0xd8,0xff,0xe4,0xd6,0xce,0xff,
    0xe1,0xd5,0xce,0xff,0xe4,0xd7,0xce,0xff,0xf1,0xd8,0xca,0xff,0xb7,0xce,0xdb,0xff,0x3c,0xb7,0xfb,0xfc,0x36,0xc8,0xff,0xff,0x38,0xb6,0xfd,0xba,0x00,0xbf,0xff,0x04,
    0x7f,0xff,0xff,0x02,0x00,0x00,0x00,0x00,0x00,0x00,0x00,0x00,0x00,0x00,0x00,0x00,0x00,0x00,0x00,0x00,0x00,0x00,0x00,0x00,0x00,0x00,0x00,0x00,0x00,0x00,0x00,0x00,
    0x00,0x00,0x00,0x00,0x00,0x00,0x00,0x00,0x00,0x00,0x00,0x00,0x00,0x00,0x00,0x00,0x00,0x00,0x00,0x00,0x00,0x00,0x00,0x00,0x00,0x00,0x00,0x00,0x00,0x00,0x00,0x00,
    0x00,0x00,0x00,0x00,0x00,0x00,0x00,0x00,0x00,0x00,0x00,0x00,0x00,0x00,0x00,0x00,0x00,0x00,0x00,0x00,0x00,0x00,0x00,0x00,0x00,0x00,0x00,0x00,0x00,0x00,0x00,0x00,
    0x00,0x00,0x00,0x00,0x00,0x00,0x00,0x00,0x00,0x00,0x00,0x00,0x00,0x00,0x00,0x00,0x00,0x00,0x00,0x00,0x00,0x00,0x00,0x00,0x00,0x00,0x00,0x00,0x00,0x00,0x00,0x00,
    0x55,0xaa,0xff,0x03,0x00,0x00,0x00,0x00,0x36,0xb4,0xff,0x63,0x38,0xbe,0xff,0xe3,0x36,0xb6,0xff,0xec,0x36,0xb7,0xff,0xc0,0x35,0xb6,0xff,0xbe,0x35,0xb6,0xff,0xbe,
    0x35,0xb6,0xff,0xbe,0x35,0xb6,0xff,0xbe,0x35,0xb6,0xff,0xbe,0x35,0xb6,0xff,0xbe,0x35,0xb6,0xff,0xbb,0x39,0xc3,0xff,0xbe,0x35,0xb6,0xff,0x5f,0x00,0x00,0x00,0x00,
    0x55,0xaa,0xff,0x03,0x00,0x00,0x00,0x00,0x00,0x00,0x00,0x00,0x00,0x00,0x00,0x00,0x00,0x00,0x00,0x00,0x3f,0xbf,0xff,0x04,0x00,0x00,0x00,0x00,0x37,0xb8,0xff,0x61,
    0x39,0xc2,0xff,0xff,0x35,0xb6,0xff,0xfc,0x36,0xb7,0xff,0xff,0x36,0xb7,0xff,0xff,0x36,0xb7,0xff,0xff,0x37,0xb7,0xff,0xff,0x33,0xb6,0xff,0xff,0x3b,0xb9,0xff,0xff,
    0x55,0xc3,0xff,0xff,0x68,0xcb,0xff,0xff,0x6f,0xce,0xff,0xff,0x71,0xce,0xff,0xff,0x70,0xce,0xff,0xff,0x6b,0xcc,0xff,0xff,0x5b,0xc5,0xff,0xff,0x41,0xbb,0xff,0xff,
    0x33,0xb6,0xff,0xff,0x37,0xb7,0xff,0xff,0x36,0xb7,0xff,0xff,0x36,0xb7,0xff,0xff,0x36,0xb7,0xff,0xff,0x36,0xb7,0xff,0xff,0x36,0xb7,0xff,0xff,0x36,0xb7,0xff,0xff,
    0x37,0xb7,0xff,0xff,0x36,0xb7,0xff,0xff,0x2d,0xb5,0xff,0xff,0xa0,0xca,0xe1,0xff,0xf4,0xd9,0xc9,0xff,0xe2,0xd6,0xcf,0xff,0xe2,0xd5,0xcd,0xff,0xe5,0xd7,0xcf,0xff,
    0xef,0xe6,0xdf,0xff,0xf6,0xee,0xe9,0xff,0xf6,0xee,0xe9,0xff,0xf5,0xed,0xe8,0xff,0xf5,0xed,0xe8,0xff,0xf5,0xed,0xe8,0xff,0xf5,0xed,0xe8,0xff,0xf5,0xed,0xe8,0xff,
    0xf5,0xed,0xe8,0xff,0xf5,0xed,0xe8,0xff,0xf5,0xed,0xe8,0xff,0xf5,0xed,0xe8,0xff,0xf5,0xed,0xe8,0xff,0xf6,0xee,0xe9,0xff,0xf6,0xef,0xea,0xff,0xf2,0xe9,0xe3,0xff,
    0xe7,0xda,0xd2,0xff,0xe2,0xd4,0xcc,0xff,0xe0,0xd6,0xd0,0xff,0xf2,0xd8,0xc9,0xfd,0xc5,0xd6,0xdf,0xfe,0x3e,0xbc,0xfa,0xb7,0x1f,0xaf,0xff,0x10,0xff,0xff,0xff,0x01,
    0x00,0xff,0xff,0x01,0x00,0x00,0x00,0x00,0x00,0x00,0x00,0x00,0x00,0x00,0x00,0x00,0x00,0x00,0x00,0x00,0x00,0x00,0x00,0x00,0x00,0x00,0x00,0x00,0x00,0x00,0x00,0x00,
    0x00,0x00,0x00,0x00,0x00,0x00,0x00,0x00,0x00,0x00,0x00,0x00,0x00,0x00,0x00,0x00,0x00,0x00,0x00,0x00,0x00,0x00,0x00,0x00,0x00,0x00,0x00,0x00,0x00,0x00,0x00,0x00,
    0x00,0x00,0x00,0x00,0x00,0x00,0x00,0x00,0x00,0x00,0x00,0x00,0x00,0x00,0x00,0x00,0x00,0x00,0x00,0x00,0x00,0x00,0x00,0x00,0x00,0x00,0x00,0x00,0x00,0x00,0x00,0x00,
    0x00,0x00,0x00,0x00,0x00,0x00,0x00,0x00,0x00,0x00,0x00,0x00,0x00,0x00,0x00,0x00,0x00,0x00,0x00,0x00,0x00,0x00,0x00,0x00,0x00,0x00,0x00,0x00,0x00,0x00,0x00,0x00,
    0x00,0x00,0x00,0x00,0x00,0xff,0xff,0x01,0x00,0x00,0x00,0x00,0x33,0x99,0xff,0x0a,0x2f,0xbf,0xff,0x10,0x00,0x00,0x00,0x00,0x00,0x00,0x00,0x00,0x00,0x00,0x00,0x00,
    0x00,0x00,0x00,0x00,0x00,0x00,0x00,0x00,0x00,0x00,0x00,0x00,0x00,0x00,0x00,0x00,0x00,0x00,0x00,0x00,0x00,0x00,0x00,0x00,0x00,0x00,0x00,0x00,0x00,0x00,0x00,0x00,
    0x00,0x00,0x00,0x00,0x00,0x00,0x00,0x00,0x00,0x00,0x00,0x00,0x00,0x00,0x00,0x00,0x00,0x00,0x00,0x00,0x55,0xaa,0xff,0x03,0x00,0x00,0x00,0x00,0x35,0xbb,0xff,0x39,
    0x38,0xbd,0xff,0xfe,0x35,0xb6,0xff,0xfd,0x36,0xb7,0xff,0xff,0x36,0xb7,0xff,0xff,0x36,0xb7,0xff,0xff,0x36,0xb7,0xff,0xff,0x37,0xb7,0xff,0xff,0x35,0xb7,0xff,0xff,
    0x32,0xb5,0xff,0xff,0x38,0xb8,0xff,0xff,0x42,0xbc,0xff,0xff,0x45,0xbd,0xff,0xff,0x44,0xbc,0xff,0xff,0x3a,0xb9,0xff,0xff,0x33,0xb6,0xff,0xff,0x34,0xb6,0xff,0xff,
    0x37,0xb7,0xff,0xff,0x36,0xb7,0xff,0xff,0x36,0xb7,0xff,0xff,0x36,0xb7,0xff,0xff,0x36,0xb7,0xff,0xff,0x36,0xb7,0xff,0xff,0x36,0xb7,0xff,0xff,0x36,0xb7,0xff,0xff,
    0x37,0xb7,0xfe,0xff,0x2e,0xb6,0xff,0xff,0xa0,0xca,0xe2,0xff,0xf2,0xd9,0xca,0xff,0xe1,0xd6,0xcf,0xff,0xe3,0xd5,0xcd,0xff,0xe7,0xda,0xd3,0xff,0xf3,0xeb,0xe5,0xff,
    0xf6,0xef,0xea,0xff,0xf5,0xed,0xe8,0xff,0xf5,0xed,0xe8,0xff,0xf5,0xed,0xe8,0xff,0xf5,0xed,0xe8,0xff,0xf5,0xed,0xe8,0xff,0xf5,0xed,0xe8,0xff,0xf5,0xed,0xe8,0xff,
    0xf5,0xed,0xe8,0xff,0xf5,0xed,0xe8,0xff,0xf5,0xed,0xe8,0xff,0xf5,0xed,0xe8,0xff,0xf5,0xed,0xe8,0xff,0xf5,0xed,0xe8,0xff,0xf5,0xed,0xe8,0xff,0xf6,0xee,0xe9,0xff,
    0xf5,0xed,0xe8,0xff,0xea,0xdf,0xd7,0xff,0xe3,0xd4,0xcc,0xff,0xe1,0xd5,0xce,0xfd,0xf1,0xdf,0xd4,0xfe,0xf6,0xdd,0xcf,0xbc,0xff,0xda,0xb6,0x0e,0xff,0xff,0xff,0x02,
    0xff,0xff,0xff,0x01,0x00,0x00,0x00,0x00,0x00,0x00,0x00,0x00,0x00,0x00,0x00,0x00,0x00,0x00,0x00,0x00,0x00,0x00,0x00,0x00,0x00,0x00,0x00,0x00,0x00,0x00,0x00,0x00,
    0x00,0x00,0x00,0x00,0x00,0x00,0x00,0x00,0x00,0x00,0x00,0x00,0x00,0x00,0x00,0x00,0x00,0x00,0x00,0x00,0x00,0x00,0x00,0x00,0x00,0x00,0x00,0x00,0x00,0x00,0x00,0x00,
    0x00,0x00,0x00,0x00,0x00,0x00,0x00,0x00,0x00,0x00,0x00,0x00,0x00,0x00,0x00,0x00,0x00,0x00,0x00,0x00,0x00,0x00,0x00,0x00,0x00,0x00,0x00,0x00,0x00,0x00,0x00,0x00,
    0x00,0x00,0x00,0x00,0x00,0x00,0x00,0x00,0x00,0x00,0x00,0x00,0x00,0x00,0x00,0x00,0x00,0x00,0x00,0x00,0x00,0x00,0x00,0x00,0x00,0x00,0x00,0x00,0x00,0x00,0x00,0x00,
    0x00,0x00,0x00,0x00,0x00,0x00,0x00,0x00,0x55,0xaa,0xff,0x03,0x00,0x00,0x00,0x00,0x00,0x00,0x00,0x00,0x00,0x7f,0xff,0x02,0x7f,0xff,0xff,0x02,0x7f,0xff,0xff,0x02,
    0x7f,0xff,0xff,0x02,0x7f,0xff,0xff,0x02,0x7f,0xff,0xff,0x02,0x7f,0xff,0xff,0x02,0x00,0xff,0xff,0x02,0x7f,0xff,0xff,0x02,0x00,0xff,0xff,0x01,0x00,0x00,0x00,0x00,
    0x00,0x00,0x00,0x00,0x00,0x00,0x00,0x00,0x00,0x00,0x00,0x00,0x00,0x00,0x00,0x00,0x00,0x00,0x00,0x00,0x00,0xff,0xff,0x01,0x00,0x00,0x00,0x00,0x33,0xb2,0xff,0x14,
    0x36,0xb8,0xff,0xee,0x37,0xba,0xff,0xff,0x36,0xb6,0xff,0xfe,0x36,0xb7,0xff,0xff,0x36,0xb7,0xff,0xff,0x36,0xb7,0xff,0xff,0x36,0xb7,0xff,0xff,0x36,0xb7,0xff,0xff,
    0x37,0xb7,0xff,0xff,0x35,0xb7,0xff,0xff,0x33,0xb6,0xff,0xff,0x33,0xb6,0xff,0xff,0x33,0xb6,0xff,0xff,0x35,0xb7,0xff,0xff,0x37,0xb7,0xff,0xff,0x37,0xb7,0xff,0xff,
    0x36,0xb7,0xff,0xff,0x36,0xb7,0xff,0xff,0x36,0xb7,0xff,0xff,0x36,0xb7,0xff,0xff,0x36,0xb7,0xff,0xff,0x36,0xb7,0xff,0xff,0x36,0xb7,0xff,0xff,0x39,0xb7,0xfe,0xff,
    0x2a,0xb5,0xff,0xff,0x82,0xc5,0xea,0xff,0xf4,0xd9,0xc9,0xff,0xe1,0xd6,0xcf,0xff,0xe3,0xd5,0xcd,0xff,0xe7,0xda,0xd2,0xff,0xf5,0xed,0xe7,0xff,0xf6,0xee,0xe9,0xff,
    0xf5,0xed,0xe8,0xff,0xf5,0xed,0xe8,0xff,0xf5,0xed,0xe8,0xff,0xf5,0xed,0xe8,0xff,0xf5,0xed,0xe8,0xff,0xf5,0xed,0xe8,0xff,0xf5,0xed,0xe8,0xff,0xf5,0xed,0xe8,0xff,
    0xf5,0xed,0xe8,0xff,0xf5,0xed,0xe8,0xff,0xf5,0xed,0xe8,0xff,0xf5,0xed,0xe8,0xff,0xf5,0xed,0xe8,0xff,0xf5,0xed,0xe8,0xff,0xf5,0xed,0xe8,0xff,0xf5,0xed,0xe8,0xff,
    0xf5,0xed,0xe8,0xff,0xf6,0xef,0xe9,0xff,0xea,0xde,0xd7,0xff,0xe3,0xd5,0xcd,0xff,0xe1,0xd4,0xcd,0xfc,0xf8,0xeb,0xe2,0xff,0xe2,0xd5,0xce,0xad,0x00,0x00,0x00,0x00,
    0xff,0xff,0xff,0x03,0x00,0x00,0x00,0x00,0x00,0x00,0x00,0x00,0x00,0x00,0x00,0x00,0x00,0x00,0x00,0x00,0x00,0x00,0x00,0x00,0x00,0x00,0x00,0x00,0x00,0x00,0x00,0x00,
    0x00,0x00,0x00,0x00,0x00,0x00,0x00,0x00,0x00,0x00,0x00,0x00,0x00,0x00,0x00,0x00,0x00,0x00,0x00,0x00,0x00,0x00,0x00,0x00,0x00,0x00,0x00,0x00,0x00,0x00,0x00,0x00,
    0x00,0x00,0x00,0x00,0x00,0x00,0x00,0x00,0x00,0x00,0x00,0x00,0x00,0x00,0x00,0x00,0x00,0x00,0x00,0x00,0x00,0x00,0x00,0x00,0x00,0x00,0x00,0x00,0x00,0x00,0x00,0x00,
    0x00,0x00,0x00,0x00,0x00,0x00,0x00,0x00,0x00,0x00,0x00,0x00,0x00,0x00,0x00,0x00,0x00,0x00,0x00,0x00,0x00,0x00,0x00,0x00,0x00,0x00,0x00,0x00,0x00,0x00,0x00,0x00,
    0x00,0x00,0x00,0x00,0x00,0x00,0x00,0x00,0x00,0x00,0x00,0x00,0x00,0xff,0xff,0x01,0x00,0xff,0xff,0x01,0x00,0x00,0x00,0x00,0x00,0x00,0x00,0x00,0x00,0x00,0x00,0x00,
    0x00,0x00,0x00,0x00,0x00,0x00,0x00,0x00,0x00,0x00,0x00,0x00,0x00,0x00,0x00,0x00,0x00,0x00,0x00,0x00,0x00,0x00,0x00,0x00,0x00,0x00,0x00,0x00,0x00,0x00,0x00,0x00,
    0x00,0x00,0x00,0x00,0x00,0x00,0x00,0x00,0x00,0x00,0x00,0x00,0x00,0x00,0x00,0x00,0x00,0x00,0x00,0x00,0x00,0x00,0x00,0x00,0x7f,0xff,0xff,0x02,0x00,0x00,0x00,0x00,
    0x35,0xb6,0xff,0xb6,0x39,0xc2,0xff,0xfe,0x35,0xb7,0xff,0xfc,0x36,0xb7,0xff,0xff,0x36,0xb7,0xff,0xff,0x36,0xb7,0xff,0xff,0x36,0xb7,0xff,0xff,0x36,0xb7,0xff,0xff,
    0x36,0xb7,0xff,0xff,0x36,0xb7,0xff,0xff,0x37,0xb7,0xff,0xff,0x37,0xb7,0xff,0xff,0x37,0xb7,0xff,0xff,0x36,0xb7,0xff,0xff,0x36,0xb7,0xff,0xff,0x36,0xb7,0xff,0xff,
    0x36,0xb7,0xff,0xff,0x36,0xb7,0xff,0xff,0x36,0xb7,0xff,0xff,0x36,0xb7,0xff,0xff,0x36,0xb7,0xff,0xff,0x36,0xb7,0xff,0xff,0x38,0xb7,0xfe,0xff,0x2f,0xb6,0xff,0xff,
    0x58,0xbd,0xf5,0xff,0xe7,0xd6,0xcd,0xff,0xe3,0xd6,0xce,0xff,0xe3,0xd6,0xce,0xff,0xe4,0xd6,0xcf,0xff,0xf3,0xea,0xe4,0xff,0xf6,0xee,0xe9,0xff,0xf5,0xed,0xe8,0xff,
    0xf5,0xed,0xe8,0xff,0xf5,0xed,0xe8,0xff,0xf5,0xed,0xe8,0xff,0xf5,0xed,0xe8,0xff,0xf5,0xed,0xe8,0xff,0xf5,0xed,0xe8,0xff,0xf5,0xed,0xe8,0xff,0xf5,0xed,0xe8,0xff,
    0xf5,0xed,0xe8,0xff,0xf5,0xed,0xe8,0xff,0xf5,0xed,0xe8,0xff,0xf5,0xed,0xe8,0xff,0xf5,0xed,0xe8,0xff,0xf5,0xed,0xe8,0xff,0xf5,0xed,0xe8,0xff,0xf5,0xed,0xe8,0xff,
    0xf5,0xed,0xe8,0xff,0xf5,0xed,0xe8,0xff,0xf5,0xed,0xe8,0xff,0xe7,0xda,0xd2,0xff,0xe4,0xd5,0xcd,0xff,0xe3,0xd6,0xce,0xfa,0xf6,0xe7,0xde,0xff,0xe2,0xd4,0xcc,0x6b,
    0x00,0x00,0x00,0x00,0xff,0xff,0xff,0x03,0x00,0x00,0x00,0x00,0x00,0x00,0x00,0x00,0x00,0x00,0x00,0x00,0x00,0x00,0x00,0x00,0x00,0x00,0x00,0x00,0x00,0x00,0x00,0x00,
    0x00,0x00,0x00,0x00,0x00,0x00,0x00,0x00,0x00,0x00,0x00,0x00,0x00,0x00,0x00,0x00,0x00,0x00,0x00,0x00,0x00,0x00,0x00,0x00,0x00,0x00,0x00,0x00,0x00,0x00,0x00,0x00,
    0x00,0x00,0x00,0x00,0x00,0x00,0x00,0x00,0x00,0x00,0x00,0x00,0x00,0x00,0x00,0x00,0x00,0x00,0x00,0x00,0x00,0x00,0x00,0x00,0x00,0x00,0x00,0x00,0x00,0x00,0x00,0x00,
    0x00,0x00,0x00,0x00,0x00,0x00,0x00,0x00,0x00,0x00,0x00,0x00,0x00,0x00,0x00,0x00,0x00,0x00,0x00,0x00,0x00,0x00,0x00,0x00,0x00,0x00,0x00,0x00,0x00,0x00,0x00,0x00,
    0x00,0x00,0x00,0x00,0x00,0x00,0x00,0x00,0x00,0x00,0x00,0x00,0x00,0x00,0x00,0x00,0x00,0x00,0x00,0x00,0x00,0x00,0x00,0x00,0x00,0x00,0x00,0x00,0x00,0x00,0x00,0x00,
    0x00,0x00,0x00,0x00,0x00,0x00,0x00,0x00,0x00,0x00,0x00,0x00,0x00,0x00,0x00,0x00,0x00,0x00,0x00,0x00,0x00,0x00,0x00,0x00,0x00,0x00,0x00,0x00,0x00,0x00,0x00,0x00,
    0x00,0x00,0x00,0x00,0x00,0x00,0x00,0x00,0x00,0x00,0x00,0x00,0x00,0x00,0x00,0x00,0x00,0x00,0x00,0x00,0x00,0x00,0x00,0x00,0x3f,0xbf,0xff,0x04,0x00,0x00,0x00,0x00,
    0x35,0xb8,0xff,0x5b,0x3a,0xc3,0xff,0xff,0x35,0xb6,0xff,0xfc,0x36,0xb7,0xff,0xff,0x36,0xb7,0xff,0xff,0x36,0xb7,0xff,0xff,0x36,0xb7,0xff,0xff,0x36,0xb7,0xff,0xff,
    0x36,0xb7,0xff,0xff,0x36,0xb7,0xff,0xff,0x36,0xb7,0xff,0xff,0x36,0xb7,0xff,0xff,0x36,0xb7,0xff,0xff,0x36,0xb7,0xff,0xff,0x36,0xb7,0xff,0xff,0x36,0xb7,0xff,0xff,
    0x36,0xb7,0xff,0xff,0x36,0xb7,0xff,0xff,0x36,0xb7,0xff,0xff,0x36,0xb7,0xff,0xff,0x36,0xb7,0xff,0xff,0x36,0xb7,0xff,0xff,0x38,0xb7,0xff,0xff,0x2e,0xb6,0xff,0xff,
    0xb9,0xce,0xdb,0xff,0xee,0xd8,0xcb,0xff,0xe1,0xd6,0xcf,0xff,0xe3,0xd4,0xcc,0xff,0xee,0xe4,0xdd,0xff,0xf6,0xef,0xea,0xff,0xf5,0xed,0xe8,0xff,0xf5,0xed,0xe8,0xff,
    0xf5,0xed,0xe8,0xff,0xf5,0xed,0xe8,0xff,0xf5,0xed,0xe8,0xff,0xf5,0xed,0xe8,0xff,0xf5,0xed,0xe8,0xff,0xf5,0xed,0xe8,0xff,0xf5,0xed,0xe8,0xff,0xf5,0xed,0xe8,0xff,
    0xf5,0xed,0xe8,0xff,0xf5,0xed,0xe8,0xff,0xf5,0xed,0xe8,0xff,0xf5,0xed,0xe8,0xff,0xf5,0xed,0xe8,0xff,0xf5,0xed,0xe8,0xff,0xf5,0xed,0xe8,0xff,0xf5,0xed,0xe8,0xff,
    0xf5,0xed,0xe8,0xff,0xf5,0xed,0xe8,0xff,0xf6,0xee,0xe9,0xff,0xf2,0xe9,0xe3,0xff,0xe4,0xd5,0xce,0xff,0xe3,0xd5,0xcd,0xfe,0xe9,0xdb,0xd2,0xfd,0xe7,0xd8,0xd0,0xee,
    0xe4,0xd6,0xd6,0x13,0xff,0xff,0xff,0x01,0xff,0xff,0xff,0x01,0x00,0x00,0x00,0x00,0x00,0x00,0x00,0x00,0x00,0x00,0x00,0x00,0x00,0x00,0x00,0x00,0x00,0x00,0x00,0x00,
    0x00,0x00,0x00,0x00,0x00,0x00,0x00,0x00,0x00,0x00,0x00,0x00,0x00,0x00,0x00,0x00,0x00,0x00,0x00,0x00,0x00,0x00,0x00,0x00,0x00,0x00,0x00,0x00,0x00,0x00,0x00,0x00,
    0x00,0x00,0x00,0x00,0x00,0x00,0x00,0x00,0x00,0x00,0x00,0x00,0x00,0x00,0x00,0x00,0x00,0x00,0x00,0x00,0x00,0x00,0x00,0x00,0x00,0x00,0x00,0x00,0x00,0x00,0x00,0x00,
    0x00,0x00,0x00,0x00,0x00,0x00,0x00,0x00,0x00,0x00,0x00,0x00,0x00,0x00,0x00,0x00,0x00,0x00,0x00,0x00,0x00,0x00,0x00,0x00,0x00,0x00,0x00,0x00,0x00,0x00,0x00,0x00,
    0x00,0x00,0x00,0x00,0x00,0x00,0x00,0x00,0x00,0x00,0x00,0x00,0x00,0x00,0x00,0x00,0x00,0x00,0x00,0x00,0x00,0x00,0x00,0x00,0x00,0x00,0x00,0x00,0x00,0x00,0x00,0x00,
    0x00,0x00,0x00,0x00,0x00,0x00,0x00,0x00,0x00,0x00,0x00,0x00,0x00,0x00,0x00,0x00,0x00,0x00,0x00,0x00,0x00,0x00,0x00,0x00,0x00,0x00,0x00,0x00,0x00,0x00,0x00,0x00,
    0x00,0x00,0x00,0x00,0x00,0x00,0x00,0x00,0x00,0x00,0x00,0x00,0x00,0x00,0x00,0x00,0x00,0x00,0x00,0x00,0x00,0x00,0x00,0x00,0x00,0x00,0xff,0x01,0xff,0xff,0xff,0x01,
    0x1f,0x9f,0xff,0x08,0x36,0xb6,0xff,0xd8,0x38,0xbe,0xff,0xfd,0x36,0xb6,0xff,0xfd,0x36,0xb7,0xff,0xff,0x36,0xb7,0xff,0xff,0x36,0xb7,0xff,0xff,0x36,0xb7,0xff,0xff,
    0x36,0xb7,0xff,0xff,0x36,0xb7,0xff,0xff,0x36,0xb7,0xff,0xff,0x36,0xb7,0xff,0xff,0x36,0xb7,0xff,0xff,0x36,0xb7,0xff,0xff,0x36,0xb7,0xff,0xff,0x36,0xb7,0xff,0xff,
    0x36,0xb7,0xff,0xff,0x36,0xb7,0xff,0xff,0x36,0xb7,0xff,0xff,0x36,0xb7,0xff,0xff,0x36,0xb7,0xff,0xff,0x38,0xb7,0xfe,0xff,0x2d,0xb5,0xff,0xff,0x63,0xbf,0xf3,0xff,
    0xec,0xd7,0xcc,0xff,0xe2,0xd6,0xcf,0xff,0xe3,0xd5,0xcd,0xff,0xe6,0xd9,0xd2,0xff,0xf5,0xed,0xe8,0xff,0xf5,0xed,0xe8,0xff,0xf5,0xed,0xe8,0xff,0xf5,0xed,0xe8,0xff,
    0xf5,0xed,0xe8,0xff,0xf5,0xed,0xe8,0xff,0xf5,0xed,0xe8,0xff,0xf5,0xed,0xe8,0xff,0xf5,0xed,0xe8,0xff,0xf5,0xed,0xe8,0xff,0xf5,0xed,0xe8,0xff,0xf5,0xed,0xe8,0xff,
    0xf5,0xed,0xe8,0xff,0xf5,0xed,0xe8,0xff,0xf5,0xed,0xe8,0xff,0xf5,0xed,0xe8,0xff,0xf5,0xed,0xe8,0xff,0xf5,0xed,0xe8,0xff,0xf5,0xed,0xe8,0xff,0xf5,0xed,0xe8,0xff,
    0xf5,0xed,0xe8,0xff,0xf5,0xed,0xe8,0xff,0xf5,0xed,0xe8,0xff,0xf6,0xef,0xea,0xff,0xea,0xdf,0xd8,0xff,0xe3,0xd5,0xcc,0xff,0xe3,0xd6,0xce,0xfb,0xf4,0xe6,0xdd,0xff,
    0xe3,0xd5,0xcd,0x80,0x00,0x00,0x00,0x00,0xff,0xff,0xff,0x03,0x00,0x00,0x00,0x00,0x00,0x00,0x00,0x00,0x00,0x00,0x00,0x00,0x00,0x00,0x00,0x00,0x00,0x00,0x00,0x00,
    0x00,0x00,0x00,0x00,0x00,0x00,0x00,0x00,0x00,0x00,0x00,0x00,0x00,0x00,0x00,0x00,0x00,0x00,0x00,0x00,0x00,0x00,0x00,0x00,0x00,0x00,0x00,0x00,0x00,0x00,0x00,0x00,
    0x00,0x00,0x00,0x00,0x00,0x00,0x00,0x00,0x00,0x00,0x00,0x00,0x00,0x00,0x00,0x00,0x00,0x00,0x00,0x00,0x00,0x00,0x00,0x00,0x00,0x00,0x00,0x00,0x00,0x00,0x00,0x00,
    0x00,0x00,0x00,0x00,0x00,0x00,0x00,0x00,0x00,0x00,0x00,0x00,0x00,0x00,0x00,0x00,0x00,0x00,0x00,0x00,0x00,0x00,0x00,0x00,0x00,0x00,0x00,0x00,0x00,0x00,0x00,0x00,
    0x00,0x00,0x00,0x00,0x00,0x00,0x00,0x00,0x00,0x00,0x00,0x00,0x00,0x00,0x00,0x00,0x00,0x00,0x00,0x00,0x00,0x00,0x00,0x00,0x00,0x00,0x00,0x00,0x00,0x00,0x00,0x00,
    0x00,0x00,0x00,0x00,0x00,0x00,0x00,0x00,0x00,0x00,0x00,0x00,0x00,0x00,0x00,0x00,0x00,0x00,0x00,0x00,0x00,0x00,0x00,0x00,0x00,0x00,0x00,0x00,0x00,0x00,0x00,0x00,
    0x00,0x00,0x00,0x00,0x00,0x00,0x00,0x00,0x00,0x00,0x00,0x00,0x00,0x00,0x00,0x00,0x00,0x00,0x00,0x00,0x00,0x00,0x00,0x00,0x00,0x00,0x00,0x00,0x55,0xff,0xff,0x03,
    0x00,0x00,0x00,0x00,0x35,0xb6,0xff,0x5f,0x3a,0xc6,0xff,0xff,0x35,0xb5,0xff,0xfb,0x36,0xb7,0xff,0xff,0x36,0xb7,0xff,0xff,0x36,0xb7,0xff,0xff,0x36,0xb7,0xff,0xff,
    0x36,0xb7,0xff,0xff,0x36,0xb7,0xff,0xff,0x36,0xb7,0xff,0xff,0x36,0xb7,0xff,0xff,0x36,0xb7,0xff,0xff,0x36,0xb7,0xff,0xff,0x36,0xb7,0xff,0xff,0x36,0xb7,0xff,0xff,
    0x36,0xb7,0xff,0xff,0x36,0xb7,0xff,0xff,0x36,0xb7,0xff,0xff,0x36,0xb7,0xff,0xff,0x36,0xb7,0xff,0xff,0x37,0xb7,0xff,0xff,0x2f,0xb6,0xff,0xff,0xb7,0xce,0xdb,0xff,
    0xed,0xd8,0xcb,0xff,0xe2,0xd6,0xcf,0xff,0xe3,0xd4,0xcc,0xff,0xef,0xe5,0xde,0xff,0xf6,0xee,0xea,0xff,0xf5,0xed,0xe8,0xff,0xf5,0xed,0xe8,0xff,0xf5,0xed,0xe8,0xff,
    0xf5,0xed,0xe8,0xff,0xf5,0xed,0xe8,0xff,0xf5,0xed,0xe8,0xff,0xf5,0xed,0xe8,0xff,0xf5,0xed,0xe8,0xff,0xf5,0xed,0xe8,0xff,0xf5,0xed,0xe8,0xff,0xf5,0xed,0xe8,0xff,
    0xf5,0xed,0xe8,0xff,0xf5,0xed,0xe8,0xff,0xf5,0xed,0xe8,0xff,0xf5,0xed,0xe8,0xff,0xf5,0xed,0xe8,0xff,0xf5,0xed,0xe8,0xff,0xf5,0xed,0xe8,0xff,0xf5,0xed,0xe8,0xff,
    0xf5,0xed,0xe8,0xff,0xf5,0xed,0xe8,0xff,0xf5,0xed,0xe8,0xff,0xf5,0xee,0xe9,0xff,0xf3,0xea,0xe4,0xff,0xe4,0xd6,0xce,0xff,0xe3,0xd5,0xcd,0xfe,0xe8,0xda,0xd2,0xfe,
    0xe6,0xd8,0xcf,0xec,0xe6,0xda,0xce,0x15,0xff,0xff,0xff,0x01,0xff,0xff,0xff,0x01,0x00,0x00,0x00,0x00,0x00,0x00,0x00,0x00,0x00,0x00,0x00,0x00,0x00,0x00,0x00,0x00,
    0x00,0x00,0x00,0x00,0x00,0x00,0x00,0x00,0x00,0x00,0x00,0x00,0x00,0x00,0x00,0x00,0x00,0x00,0x00,0x00,0x00,0x00,0x00,0x00,0x00,0x00,0x00,0x00,0x00,0x00,0x00,0x00,
    0x00,0x00,0x00,0x00,0x00,0x00,0x00,0x00,0x00,0x00,0x00,0x00,0x00,0x00,0x00,0x00,0x00,0x00,0x00,0x00,0x00,0x00,0x00,0x00,0x00,0x00,0x00,0x00,0x00,0x00,0x00,0x00,
    0x00,0x00,0x00,0x00,0x00,0x00,0x00,0x00,0x00,0x00,0x00,0x00,0x00,0x00,0x00,0x00,0x00,0x00,0x00,0x00,0x00,0x00,0x00,0x00,0x00,0x00,0x00,0x00,0x00,0x00,0x00,0x00,
    0x00,0x00,0x00,0x00,0x00,0x00,0x00,0x00,0x00,0x00,0x00,0x00,0x00,0x00,0x00,0x00,0x00,0x00,0x00,0x00,0x00,0x00,0x00,0x00,0x00,0x00,0x00,0x00,0x00,0x00,0x00,0x00,
    0x00,0x00,0x00,0x00,0x00,0x00,0x00,0x00,0x00,0x00,0x00,0x00,0x00,0x00,0x00,0x00,0x00,0x00,0x00,0x00,0x00,0x00,0x00,0x00,0x00,0x00,0x00,0x00,0x00,0x00,0x00,0x00,
    0x00,0x00,0x00,0x00,0x00,0x00,0x00,0x00,0x00,0x00,0x00,0x00,0x00,0x00,0x00,0x00,0x00,0x00,0x00,0x00,0x00,0x00,0x00,0x00,0x00,0x00,0x00,0x00,0x00,0x00,0xff,0x01,
    0x7f,0xff,0xff,0x02,0x24,0xb6,0xff,0x07,0x35,0xb6,0xff,0xc8,0x39,0xc1,0xff,0xff,0x35,0xb6,0xff,0xfc,0x36,0xb7,0xff,0xff,0x36,0xb7,0xff,0xff,0x36,0xb7,0xff,0xff,
    0x36,0xb7,0xff,0xff,0x36,0xb7,0xff,0xff,0x36,0xb7,0xff,0xff,0x36,0xb7,0xff,0xff,0x36,0xb7,0xff,0xff,0x36,0xb7,0xff,0xff,0x36,0xb7,0xff,0xff,0x36,0xb7,0xff,0xff,
    0x36,0xb7,0xff,0xff,0x36,0xb7,0xff,0xff,0x36,0xb7,0xff,0xff,0x36,0xb7,0xff,0xff,0x37,0xb7,0xfe,0xff,0x30,0xb5,0xff,0xff,0x51,0xbc,0xf8,0xff,0xe5,0xd6,0xce,0xff,
    0xe4,0xd6,0xce,0xff,0xe3,0xd5,0xce,0xff,0xe5,0xd8,0xd1,0xff,0xf5,0xed,0xe7,0xff,0xf5,0xed,0xe8,0xff,0xf5,0xed,0xe8,0xff,0xf5,0xed,0xe8,0xff,0xf5,0xed,0xe8,0xff,
    0xf5,0xed,0xe8,0xff,0xf5,0xed,0xe8,0xff,0xf5,0xed,0xe8,0xff,0xf5,0xed,0xe8,0xff,0xf5,0xed,0xe8,0xff,0xf5,0xed,0xe8,0xff,0xf5,0xed,0xe8,0xff,0xf5,0xed,0xe8,0xff,
    0xf5,0xed,0xe8,0xff,0xf5,0xed,0xe8,0xff,0xf5,0xed,0xe8,0xff,0xf5,0xed,0xe8,0xff,0xf5,0xed,0xe8,0xff,0xf5,0xed,0xe8,0xff,0xf5,0xed,0xe8,0xff,0xf5,0xed,0xe8,0xff,
    0xf5,0xed,0xe8,0xff,0xf5,0xed,0xe8,0xff,0xf5,0xed,0xe8,0xff,0xf5,0xed,0xe8,0xff,0xf6,0xef,0xe9,0xff,0xe9,0xdd,0xd6,0xff,0xe3,0xd5,0xcd,0xff,0xe2,0xd5,0xcd,0xfc,
    0xf4,0xe5,0xdc,0xff,0xe4,0xd7,0xcf,0x60,0x00,0x00,0x00,0x00,0xff,0xff,0xbf,0x04,0x00,0x00,0x00,0x00,0x00,0x00,0x00,0x00,0x00,0x00,0x00,0x00,0x00,0x00,0x00,0x00,
    0x00,0x00,0x00,0x00,0x00,0x00,0x00,0x00,0x00,0x00,0x00,0x00,0x00,0x00,0x00,0x00,0x00,0x00,0x00,0x00,0x00,0x00,0x00,0x00,0x00,0x00,0x00,0x00,0x00,0x00,0x00,0x00,
    0x00,0x00,0x00,0x00,0x00,0x00,0x00,0x00,0x00,0x00,0x00,0x00,0x00,0x00,0x00,0x00,0x00,0x00,0x00,0x00,0x00,0x00,0x00,0x00,0x00,0x00,0x00,0x00,0x00,0x00,0x00,0x00,
    0x00,0x00,0x00,0x00,0x00,0x00,0x00,0x00,0x00,0x00,0x00,0x00,0x00,0x00,0x00,0x00,0x00,0x00,0x00,0x00,0x00,0x00,0x00,0x00,0x00,0x00,0x00,0x00,0x00,0x00,0x00,0x00,
    0x00,0x00,0x00,0x00,0x00,0x00,0x00,0x00,0x00,0x00,0x00,0x00,0x00,0x00,0x00,0x00,0x00,0x00,0x00,0x00,0x00,0x00,0x00,0x00,0x00,0x00,0x00,0x00,0x00,0x00,0x00,0x00,
    0x00,0x00,0x00,0x00,0x00,0x00,0x00,0x00,0x00,0x00,0x00,0x00,0x00,0x00,0x00,0x00,0x00,0x00,0x00,0x00,0x00,0x00,0x00,0x00,0x00,0x00,0x00,0x00,0x00,0x00,0x00,0x00,
    0x00,0x00,0x00,0x00,0x00,0x00,0x00,0x00,0x00,0x00,0x00,0x00,0x00,0x00,0x00,0x00,0x00,0x00,0x00,0x00,0x00,0x00,0x00,0x00,0x00,0x00,0x00,0x00,0x00,0x00,0x00,0x00,
    0x7f,0xff,0xff,0x02,0x00,0x00,0x00,0x00,0x34,0xb4,0xff,0x22,0x37,0xbc,0xff,0xee,0x37,0xbb,0xff,0xfd,0x35,0xb6,0xff,0xfd,0x36,0xb7,0xff,0xff,0x36,0xb7,0xff,0xff,
    0x36,0xb7,0xff,0xff,0x36,0xb7,0xff,0xff,0x36,0xb7,0xff,0xff,0x36,0xb7,0xff,0xff,0x36,0xb7,0xff,0xff,0x36,0xb7,0xff,0xff,0x36,0xb7,0xff,0xff,0x36,0xb7,0xff,0xff,
    0x36,0xb7,0xff,0xff,0x36,0xb7,0xff,0xff,0x36,0xb7,0xff,0xff,0x36,0xb7,0xff,0xff,0x39,0xb8,0xfe,0xff,0x2a,0xb5,0xff,0xff,0x87,0xc6,0xe8,0xff,0xf0,0xd8,0xca,0xff,
    0xe1,0xd6,0xcf,0xff,0xe3,0xd5,0xcd,0xff,0xe9,0xde,0xd7,0xff,0xf6,0xee,0xe9,0xff,0xf5,0xed,0xe8,0xff,0xf5,0xed,0xe8,0xff,0xf5,0xed,0xe8,0xff,0xf5,0xed,0xe8,0xff,
    0xf5,0xed,0xe8,0xff,0xf5,0xed,0xe8,0xff,0xf5,0xed,0xe8,0xff,0xf5,0xed,0xe8,0xff,0xf5,0xed,0xe8,0xff,0xf5,0xed,0xe8,0xff,0xf5,0xed,0xe8,0xff,0xf5,0xed,0xe8,0xff,
    0xf5,0xed,0xe8,0xff,0xf5,0xed,0xe8,0xff,0xf5,0xed,0xe8,0xff,0xf5,0xed,0xe8,0xff,0xf5,0xed,0xe8,0xff,0xf5,0xed,0xe8,0xff,0xf5,0xed,0xe8,0xff,0xf5,0xed,0xe8,0xff,
    0xf5,0xed,0xe8,0xff,0xf5,0xed,0xe8,0xff,0xf5,0xed,0xe8,0xff,0xf5,0xed,0xe8,0xff,0xf6,0xef,0xea,0xff,0xee,0xe4,0xdd,0xff,0xe3,0xd4,0xcc,0xff,0xe3,0xd6,0xce,0xfc,
    0xf1,0xe2,0xd9,0xfe,0xe2,0xd4,0xcc,0xb5,0x00,0x00,0x00,0x00,0xff,0xff,0xff,0x05,0xff,0xff,0xbf,0x04,0xaa,0xaa,0xaa,0x03,0x00,0x00,0x00,0x00,0x00,0x00,0x00,0x00,
    0x00,0x00,0x00,0x00,0x00,0x00,0x00,0x00,0x00,0x00,0x00,0x00,0x00,0x00,0x00,0x00,0x00,0x00,0x00,0x00,0x00,0x00,0x00,0x00,0x00,0x00,0x00,0x00,0x00,0x00,0x00,0x00,
    0x00,0x00,0x00,0x00,0x00,0x00,0x00,0x00,0x00,0x00,0x00,0x00,0x00,0x00,0x00,0x00,0x00,0x00,0x00,0x00,0x00,0x00,0x00,0x00,0x00,0x00,0x00,0x00,0x00,0x00,0x00,0x00,
    0x00,0x00,0x00,0x00,0x00,0x00,0x00,0x00,0x00,0x00,0x00,0x00,0x00,0x00,0x00,0x00,0x00,0x00,0x00,0x00,0x00,0x00,0x00,0x00,0x00,0x00,0x00,0x00,0x00,0x00,0x00,0x00,
    0x00,0x00,0x00,0x00,0x00,0x00,0x00,0x00,0x00,0x00,0x00,0x00,0x00,0x00,0x00,0x00,0x00,0x00,0x00,0x00,0x00,0x00,0x00,0x00,0x00,0x00,0x00,0x00,0x00,0x00,0x00,0x00,
    0x00,0x00,0x00,0x00,0x00,0x00,0x00,0x00,0x00,0x00,0x00,0x00,0x00,0x00,0x00,0x00,0x00,0x00,0x00,0x00,0x00,0x00,0x00,0x00,0x00,0x00,0x00,0x00,0x00,0x00,0x00,0x00,
    0x00,0x00,0x00,0x00,0x00,0x00,0x00,0x00,0x00,0x00,0x00,0x00,0x00,0x00,0x00,0x00,0x00,0x00,0x00,0x00,0x00,0x00,0x00,0x00,0x00,0x00,0x00,0x00,0x00,0x00,0x00,0x00,
    0x00,0x00,0x00,0x00,0x55,0xff,0xff,0x03,0x00,0x00,0x00,0x00,0x33,0xb3,0xff,0x54,0x39,0xc3,0xff,0xff,0x36,0xb9,0xff,0xfc,0x35,0xb6,0xff,0xfd,0x36,0xb7,0xff,0xff,
    0x36,0xb7,0xff,0xff,0x36,0xb7,0xff,0xff,0x36,0xb7,0xff,0xff,0x36,0xb7,0xff,0xff,0x36,0xb7,0xff,0xff,0x36,0xb7,0xff,0xff,0x36,0xb7,0xff,0xff,0x36,0xb7,0xff,0xff,
    0x36,0xb7,0xff,0xff,0x38,0xb7,0xfe,0xff,0x39,0xb8,0xfe,0xff,0x38,0xb7,0xff,0xff,0x36,0xb7,0xff,0xff,0x2c,0xb6,0xff,0xff,0xb8,0xce,0xdb,0xff,0xed,0xd8,0xcb,0xff,
    0xe2,0xd6,0xcf,0xff,0xe3,0xd4,0xcc,0xff,0xed,0xe3,0xdc,0xff,0xf6,0xef,0xea,0xff,0xf5,0xed,0xe8,0xff,0xf5,0xed,0xe8,0xff,0xf5,0xed,0xe8,0xff,0xf5,0xed,0xe8,0xff,
    0xf5,0xed,0xe8,0xff,0xf5,0xed,0xe8,0xff,0xf5,0xed,0xe8,0xff,0xf5,0xed,0xe8,0xff,0xf5,0xed,0xe8,0xff,0xf5,0xed,0xe8,0xff,0xf5,0xed,0xe8,0xff,0xf5,0xed,0xe8,0xff,
    0xf5,0xed,0xe8,0xff,0xf5,0xed,0xe8,0xff,0xf5,0xed,0xe8,0xff,0xf5,0xed,0xe8,0xff,0xf5,0xed,0xe8,0xff,0xf5,0xed,0xe8,0xff,0xf5,0xed,0xe8,0xff,0xf5,0xed,0xe8,0xff,
    0xf5,0xed,0xe8,0xff,0xf5,0xed,0xe8,0xff,0xf5,0xed,0xe8,0xff,0xf5,0xed,0xe8,0xff,0xf6,0xee,0xe9,0xff,0xf1,0xe7,0xe2,0xff,0xe3,0xd5,0xcd,0xff,0xe3,0xd5,0xcd,0xfe,
    0xe8,0xda,0xd2,0xff,0xe6,0xd7,0xcf,0xee,0xe9,0xd4,0xc9,0x18,0x00,0x00,0x00,0x00,0x00,0x00,0x00,0x00,0x00,0x00,0x00,0x00,0xff,0xff,0xff,0x01,0xff,0xaa,0xaa,0x03,
    0x00,0x00,0x00,0x00,0x00,0x00,0x00,0x00,0x00,0x00,0x00,0x00,0x00,0x00,0x00,0x00,0x00,0x00,0x00,0x00,0x00,0x00,0x00,0x00,0x00,0x00,0x00,0x00,0x00,0x00,0x00,0x00,
    0x00,0x00,0x00,0x00,0x00,0x00,0x00,0x00,0x00,0x00,0x00,0x00,0x00,0x00,0x00,0x00,0x00,0x00,0x00,0x00,0x00,0x00,0x00,0x00,0x00,0x00,0x00,0x00,0x00,0x00,0x00,0x00,
    0x00,0x00,0x00,0x00,0x00,0x00,0x00,0x00,0x00,0x00,0x00,0x00,0x00,0x00,0x00,0x00,0x00,0x00,0x00,0x00,0x00,0x00,0x00,0x00,0x00,0x00,0x00,0x00,0x00,0x00,0x00,0x00,
    0x00,0x00,0x00,0x00,0x00,0x00,0x00,0x00,0x00,0x00,0x00,0x00,0x00,0x00,0x00,0x00,0x00,0x00,0x00,0x00,0x00,0x00,0x00,0x00,0x00,0x00,0x00,0x00,0x00,0x00,0x00,0x00,
    0x00,0x00,0x00,0x00,0x00,0x00,0x00,0x00,0x00,0x00,0x00,0x00,0x00,0x00,0x00,0x00,0x00,0x00,0x00,0x00,0x00,0x00,0x00,0x00,0x00,0x00,0x00,0x00,0x00,0x00,0x00,0x00,
    0x00,0x00,0x00,0x00,0x00,0x00,0x00,0x00,0x00,0x00,0x00,0x00,0x00,0x00,0x00,0x00,0x00,0x00,0x00,0x00,0x00,0x00,0x00,0x00,0x00,0x00,0x00,0x00,0x00,0x00,0x00,0x00,
    0x00,0x00,0x00,0x00,0x00,0x00,0x00,0x00,0x3f,0xbf,0xff,0x04,0x00,0x00,0x00,0x00,0x35,0xb5,0xff,0x65,0x39,0xc1,0xff,0xff,0x37,0xbb,0xff,0xff,0x35,0xb6,0xff,0xfc,
    0x36,0xb7,0xff,0xff,0x36,0xb7,0xff,0xff,0x36,0xb7,0xff,0xff,0x36,0xb7,0xff,0xff,0x36,0xb7,0xff,0xff,0x36,0xb7,0xff,0xff,0x36,0xb7,0xff,0xff,0x38,0xb7,0xfe,0xff,
    0x37,0xb7,0xff,0xff,0x2e,0xb6,0xff,0xff,0x29,0xb5,0xff,0xff,0x2e,0xb5,0xff,0xff,0x3a,0xb7,0xfd,0xff,0x4b,0xbb,0xf9,0xff,0xd8,0xd4,0xd1,0xff,0xe7,0xd7,0xcd,0xff,
    0xe3,0xd6,0xce,0xff,0xe3,0xd5,0xcd,0xff,0xf1,0xe7,0xe1,0xff,0xf6,0xee,0xe9,0xff,0xf5,0xed,0xe8,0xff,0xf5,0xed,0xe8,0xff,0xf5,0xed,0xe8,0xff,0xf5,0xed,0xe8,0xff,
    0xf5,0xed,0xe8,0xff,0xf5,0xed,0xe8,0xff,0xf5,0xed,0xe8,0xff,0xf5,0xed,0xe8,0xff,0xf5,0xed,0xe8,0xff,0xf5,0xed,0xe8,0xff,0xf5,0xed,0xe8,0xff,0xf5,0xed,0xe8,0xff,
    0xf5,0xed,0xe8,0xff,0xf5,0xed,0xe8,0xff,0xf5,0xed,0xe8,0xff,0xf5,0xed,0xe8,0xff,0xf5,0xed,0xe8,0xff,0xf5,0xed,0xe8,0xff,0xf5,0xed,0xe8,0xff,0xf5,0xed,0xe8,0xff,
    0xf5,0xed,0xe8,0xff,0xf5,0xed,0xe8,0xff,0xf5,0xed,0xe8,0xff,0xf5,0xed,0xe8,0xff,0xf5,0xed,0xe8,0xff,0xf4,0xec,0xe6,0xff,0xe5,0xd7,0xd0,0xff,0xe4,0xd6,0xce,0xff,
    0xe4,0xd6,0xce,0xfe,0xe5,0xd7,0xcf,0xfe,0xe5,0xd6,0xce,0xe3,0xe4,0xd7,0xd0,0xb9,0xe7,0xd9,0xd1,0x80,0xed,0xdb,0xd2,0x39,0x00,0x00,0x00,0x00,0x00,0x00,0x00,0x00,
    0xff,0xff,0xff,0x02,0xff,0xff,0xff,0x01,0x00,0x00,0x00,0x00,0x00,0x00,0x00,0x00,0x00,0x00,0x00,0x00,0x00,0x00,0x00,0x00,0x00,0x00,0x00,0x00,0x00,0x00,0x00,0x00,
    0x00,0x00,0x00,0x00,0x00,0x00,0x00,0x00,0x00,0x00,0x00,0x00,0x00,0x00,0x00,0x00,0x00,0x00,0x00,0x00,0x00,0x00,0x00,0x00,0x00,0x00,0x00,0x00,0x00,0x00,0x00,0x00,
    0x00,0x00,0x00,0x00,0x00,0x00,0x00,0x00,0x00,0x00,0x00,0x00,0x00,0x00,0x00,0x00,0x00,0x00,0x00,0x00,0x00,0x00,0x00,0x00,0x00,0x00,0x00,0x00,0x00,0x00,0x00,0x00,
    0x00,0x00,0x00,0x00,0x00,0x00,0x00,0x00,0x00,0x00,0x00,0x00,0x00,0x00,0x00,0x00,0x00,0x00,0x00,0x00,0x00,0x00,0x00,0x00,0x00,0x00,0x00,0x00,0x00,0x00,0x00,0x00,
    0x00,0x00,0x00,0x00,0x00,0x00,0x00,0x00,0x00,0x00,0x00,0x00,0x00,0x00,0x00,0x00,0x00,0x00,0x00,0x00,0x00,0x00,0x00,0x00,0x00,0x00,0x00,0x00,0x00,0x00,0x00,0x00,
    0x00,0x00,0x00,0x00,0x00,0x00,0x00,0x00,0x00,0x00,0x00,0x00,0x00,0x00,0x00,0x00,0x00,0x00,0x00,0x00,0x00,0x00,0x00,0x00,0x00,0x00,0x00,0x00,0x00,0x00,0x00,0x00,
    0x00,0x00,0x00,0x00,0x00,0x00,0x00,0x00,0x00,0x00,0x00,0x00,0x55,0xaa,0xff,0x03,0x00,0x00,0x00,0x00,0x35,0xb3,0xff,0x47,0x37,0xbb,0xff,0xe6,0x39,0xc2,0xff,0xff,
    0x35,0xb6,0xff,0xfd,0x35,0xb7,0xff,0xfc,0x36,0xb7,0xff,0xff,0x36,0xb7,0xff,0xff,0x36,0xb7,0xff,0xff,0x37,0xb7,0xff,0xff,0x38,0xb7,0xff,0xff,0x2c,0xb5,0xff,0xff,
    0x2f,0xb6,0xff,0xff,0x5d,0xbe,0xf4,0xff,0x8f,0xc7,0xe6,0xff,0xb4,0xce,0xdb,0xff,0xd0,0xd3,0xd3,0xff,0xdb,0xd5,0xd0,0xff,0xe3,0xd6,0xce,0xff,0xe4,0xd6,0xce,0xff,
    0xe4,0xd6,0xce,0xff,0xe3,0xd5,0xcd,0xff,0xf1,0xe7,0xe1,0xff,0xf6,0xee,0xe9,0xff,0xf5,0xed,0xe8,0xff,0xf5,0xed,0xe8,0xff,0xf5,0xed,0xe8,0xff,0xf5,0xed,0xe8,0xff,
    0xf5,0xed,0xe8,0xff,0xf5,0xed,0xe8,0xff,0xf5,0xed,0xe8,0xff,0xf5,0xed,0xe8,0xff,0xf5,0xed,0xe8,0xff,0xf5,0xed,0xe8,0xff,0xf5,0xed,0xe8,0xff,0xf5,0xed,0xe8,0xff,
    0xf5,0xed,0xe8,0xff,0xf5,0xed,0xe8,0xff,0xf5,0xed,0xe8,0xff,0xf5,0xed,0xe8,0xff,0xf5,0xed,0xe8,0xff,0xf5,0xed,0xe8,0xff,0xf5,0xed,0xe8,0xff,0xf5,0xed,0xe8,0xff,
    0xf5,0xed,0xe8,0xff,0xf5,0xed,0xe8,0xff,0xf5,0xed,0xe8,0xff,0xf5,0xed,0xe8,0xff,0xf5,0xed,0xe8,0xff,0xf4,0xec,0xe6,0xff,0xe5,0xd7,0xd0,0xff,0xe4,0xd6,0xce,0xff,
    0xe4,0xd6,0xce,0xff,0xe4,0xd6,0xce,0xff,0xea,0xdb,0xd3,0xff,0xf0,0xe2,0xd9,0xff,0xf4,0xe5,0xdd,0xff,0xec,0xde,0xd5,0xff,0xea,0xdc,0xd3,0xba,0xe8,0xdd,0xd2,0x45,
    0x00,0x00,0x00,0x00,0x00,0x00,0x00,0x00,0xff,0xff,0xff,0x02,0x00,0x00,0x00,0x00,0x00,0x00,0x00,0x00,0x00,0x00,0x00,0x00,0x00,0x00,0x00,0x00,0x00,0x00,0x00,0x00,
    0x00,0x00,0x00,0x00,0x00,0x00,0x00,0x00,0x00,0x00,0x00,0x00,0x00,0x00,0x00,0x00,0x00,0x00,0x00,0x00,0x00,0x00,0x00,0x00,0x00,0x00,0x00,0x00,0x00,0x00,0x00,0x00,
    0x00,0x00,0x00,0x00,0x00,0x00,0x00,0x00,0x00,0x00,0x00,0x00,0x00,0x00,0x00,0x00,0x00,0x00,0x00,0x00,0x00,0x00,0x00,0x00,0x00,0x00,0x00,0x00,0x00,0x00,0x00,0x00,
    0x00,0x00,0x00,0x00,0x00,0x00,0x00,0x00,0x00,0x00,0x00,0x00,0x00,0x00,0x00,0x00,0x00,0x00,0x00,0x00,0x00,0x00,0x00,0x00,0x00,0x00,0x00,0x00,0x00,0x00,0x00,0x00,
    0x00,0x00,0x00,0x00,0x00,0x00,0x00,0x00,0x00,0x00,0x00,0x00,0x00,0x00,0x00,0x00,0x00,0x00,0x00,0x00,0x00,0x00,0x00,0x00,0x00,0x00,0x00,0x00,0x00,0x00,0x00,0x00,
    0x00,0x00,0x00,0x00,0x00,0x00,0x00,0x00,0x00,0x00,0x00,0x00,0x00,0x00,0x00,0x00,0x00,0xff,0xff,0x01,0x00,0x00,0x00,0x00,0x00,0x00,0x00,0x00,0x00,0x00,0x00,0x00,
    0x00,0x00,0x00,0x00,0x00,0x00,0x00,0x00,0x00,0x00,0x00,0x00,0x00,0x00,0x00,0x00,0x55,0xaa,0xff,0x03,0x00,0x00,0x00,0x00,0x31,0xb0,0xff,0x1a,0x36,0xba,0xff,0xb6,
    0x38,0xc0,0xff,0xff,0x39,0xc0,0xff,0xff,0x36,0xb6,0xff,0xfe,0x35,0xb6,0xff,0xfb,0x38,0xb7,0xfd,0xfe,0x33,0xb6,0xff,0xff,0x2d,0xb5,0xff,0xff,0x63,0xbf,0xf1,0xff,
    0xb7,0xce,0xda,0xff,0xea,0xd7,0xcc,0xff,0xf1,0xd8,0xca,0xff,0xee,0xd8,0xcb,0xff,0xe9,0xd7,0xcd,0xff,0xe6,0xd6,0xcd,0xff,0xe4,0xd6,0xce,0xff,0xe4,0xd6,0xce,0xff,
    0xe4,0xd6,0xce,0xff,0xe3,0xd5,0xcd,0xff,0xf1,0xe7,0xe1,0xff,0xf6,0xee,0xe9,0xff,0xf5,0xed,0xe8,0xff,0xf5,0xed,0xe8,0xff,0xf5,0xed,0xe8,0xff,0xf5,0xed,0xe8,0xff,
    0xf5,0xed,0xe8,0xff,0xf5,0xed,0xe8,0xff,0xf5,0xed,0xe8,0xff,0xf5,0xed,0xe8,0xff,0xf5,0xed,0xe8,0xff,0xf5,0xed,0xe8,0xff,0xf5,0xed,0xe8,0xff,0xf5,0xed,0xe8,0xff,
    0xf5,0xed,0xe8,0xff,0xf5,0xed,0xe8,0xff,0xf5,0xed,0xe8,0xff,0xf5,0xed,0xe8,0xff,0xf5,0xed,0xe8,0xff,0xf5,0xed,0xe8,0xff,0xf5,0xed,0xe8,0xff,0xf5,0xed,0xe8,0xff,
    0xf5,0xed,0xe8,0xff,0xf5,0xed,0xe8,0xff,0xf5,0xed,0xe8,0xff,0xf5,0xed,0xe8,0xff,0xf5,0xed,0xe8,0xff,0xf4,0xec,0xe6,0xff,0xe5,0xd7,0xd0,0xff,0xe4,0xd6,0xce,0xff,
    0xe4,0xd6,0xce,0xff,0xe4,0xd6,0xce,0xff,0xe4,0xd6,0xce,0xfd,0xe3,0xd5,0xcd,0xfc,0xe3,0xd5,0xcd,0xfb,0xe2,0xd4,0xcd,0xfe,0xef,0xe1,0xd8,0xff,0xf0,0xe1,0xd8,0xff,
    0xe9,0xdb,0xd4,0xa7,0xd6,0xc9,0xbb,0x13,0x00,0x00,0x00,0x00,0xff,0xff,0xaa,0x03,0x00,0x00,0x00,0x00,0x00,0x00,0x00,0x00,0x00,0x00,0x00,0x00,0x00,0x00,0x00,0x00,
    0x00,0x00,0x00,0x00,0x00,0x00,0x00,0x00,0x00,0x00,0x00,0x00,0x00,0x00,0x00,0x00,0x00,0x00,0x00,0x00,0x00,0x00,0x00,0x00,0x00,0x00,0x00,0x00,0x00,0x00,0x00,0x00,
    0x00,0x00,0x00,0x00,0x00,0x00,0x00,0x00,0x00,0x00,0x00,0x00,0x00,0x00,0x00,0x00,0x00,0x00,0x00,0x00,0x00,0x00,0x00,0x00,0x00,0x00,0x00,0x00,0x00,0x00,0x00,0x00,
    0x00,0x00,0x00,0x00,0x00,0x00,0x00,0x00,0x00,0x00,0x00,0x00,0x00,0x00,0x00,0x00,0x00,0x00,0x00,0x00,0x00,0x00,0x00,0x00,0x00,0x00,0x00,0x00,0x00,0x00,0x00,0x00,
    0x00,0x00,0x00,0x00,0x00,0x00,0x00,0x00,0x00,0x00,0x00,0x00,0x00,0x00,0x00,0x00,0x00,0x00,0x00,0x00,0x00,0x00,0x00,0x00,0x00,0x00,0x00,0x00,0x00,0x00,0x00,0x00,
    0x00,0x00,0x00,0x00,0x00,0x00,0x00,0x00,0x00,0x00,0x00,0x00,0x00,0xff,0xff,0x01,0x00,0x00,0x00,0x00,0x00,0x7f,0xff,0x02,0x00,0x00,0x00,0x00,0x00,0x00,0x00,0x00,
    0x00,0x00,0x00,0x00,0x00,0x00,0x00,0x00,0x00,0x00,0x00,0x00,0x00,0x00,0x00,0x00,0x00,0x00,0x00,0x00,0x55,0xaa,0xff,0x03,0x00,0x00,0x00,0x00,0x00,0x00,0x00,0x00,
    0x37,0xbc,0xff,0x45,0x36,0xbb,0xff,0xba,0x37,0xbd,0xff,0xff,0x3c,0xc5,0xff,0xff,0x2f,0xba,0xff,0xff,0x3d,0xb7,0xfb,0xff,0xaa,0xcc,0xde,0xff,0xed,0xd8,0xcb,0xff,
    0xed,0xd8,0xcb,0xff,0xe3,0xd6,0xce,0xff,0xe1,0xd5,0xcf,0xff,0xe2,0xd6,0xcf,0xff,0xe3,0xd6,0xce,0xff,0xe3,0xd6,0xce,0xff,0xe4,0xd6,0xce,0xff,0xe4,0xd6,0xce,0xff,
    0xe4,0xd6,0xce,0xff,0xe3,0xd5,0xcd,0xff,0xf0,0xe6,0xe0,0xff,0xf6,0xee,0xe9,0xff,0xf5,0xed,0xe8,0xff,0xf5,0xed,0xe8,0xff,0xf5,0xed,0xe8,0xff,0xf5,0xed,0xe8,0xff,
    0xf5,0xed,0xe8,0xff,0xf5,0xed,0xe8,0xff,0xf5,0xed,0xe8,0xff,0xf5,0xed,0xe8,0xff,0xf5,0xed,0xe8,0xff,0xf5,0xed,0xe8,0xff,0xf5,0xed,0xe8,0xff,0xf5,0xed,0xe8,0xff,
    0xf5,0xed,0xe8,0xff,0xf5,0xed,0xe8,0xff,0xf5,0xed,0xe8,0xff,0xf5,0xed,0xe8,0xff,0xf5,0xed,0xe8,0xff,0xf5,0xed,0xe8,0xff,0xf5,0xed,0xe8,0xff,0xf5,0xed,0xe8,0xff,
    0xf5,0xed,0xe8,0xff,0xf5,0xed,0xe8,0xff,0xf5,0xed,0xe8,0xff,0xf5,0xed,0xe8,0xff,0xf5,0xed,0xe8,0xff,0xf3,0xeb,0xe5,0xff,0xe4,0xd7,0xcf,0xff,0xe4,0xd6,0xce,0xff,
    0xe4,0xd6,0xce,0xff,0xe4,0xd6,0xce,0xff,0xe4,0xd6,0xce,0xff,0xe4,0xd6,0xce,0xff,0xe4,0xd6,0xce,0xff,0xe4,0xd6,0xce,0xff,0xe3,0xd5,0xcd,0xfc,0xe2,0xd4,0xcc,0xfd,
    0xf4,0xe5,0xdc,0xff,0xec,0xde,0xd6,0xda,0xdd,0xce,0xca,0x35,0x00,0x00,0x00,0x00,0xff,0xff,0xaa,0x03,0x00,0x00,0x00,0x00,0x00,0x00,0x00,0x00,0x00,0x00,0x00,0x00,
    0x00,0x00,0x00,0x00,0x00,0x00,0x00,0x00,0x00,0x00,0x00,0x00,0x00,0x00,0x00,0x00,0x00,0x00,0x00,0x00,0x00,0x00,0x00,0x00,0x00,0x00,0x00,0x00,0x00,0x00,0x00,0x00,
    0x00,0x00,0x00,0x00,0x00,0x00,0x00,0x00,0x00,0x00,0x00,0x00,0x00,0x00,0x00,0x00,0x00,0x00,0x00,0x00,0x00,0x00,0x00,0x00,0x00,0x00,0x00,0x00,0x00,0x00,0x00,0x00,
    0x00,0x00,0x00,0x00,0x00,0x00,0x00,0x00,0x00,0x00,0x00,0x00,0x00,0x00,0x00,0x00,0x00,0x00,0x00,0x00,0x00,0x00,0x00,0x00,0x00,0x00,0x00,0x00,0x00,0x00,0x00,0x00,
    0x00,0x00,0x00,0x00,0x00,0x00,0x00,0x00,0x00,0x00,0x00,0x00,0x00,0x00,0x00,0x00,0x00,0x00,0x00,0x00,0x00,0x00,0x00,0x00,0x00,0x00,0x00,0x00,0x00,0x00,0x00,0x00,
    0x00,0x00,0x00,0x00,0x00,0x00,0x00,0x00,0x00,0xff,0xff,0x02,0x00,0x00,0x00,0x00,0x35,0xa1,0xff,0x13,0x00,0x00,0x00,0x00,0x00,0xff,0xff,0x02,0x00,0x00,0x00,0x00,
    0x00,0x00,0x00,0x00,0x00,0x00,0x00,0x00,0x00,0x00,0x00,0x00,0x00,0x00,0x00,0x00,0x00,0x00,0x00,0x00,0x00,0x00,0x00,0x00,0x00,0xff,0xff,0x01,0x00,0xff,0xff,0x01,
    0x00,0x00,0x00,0x00,0x00,0x00,0x00,0x00,0x3c,0xbe,0xff,0x3b,0x2c,0xb8,0xff,0x85,0x5a,0xbf,0xf6,0xde,0xd2,0xd6,0xd8,0xff,0xf0,0xd7,0xc9,0xfe,0xe2,0xd6,0xcf,0xff,
    0xe2,0xd6,0xcf,0xff,0xe4,0xd6,0xce,0xff,0xe4,0xd6,0xce,0xff,0xe4,0xd6,0xce,0xff,0xe4,0xd6,0xce,0xff,0xe4,0xd6,0xce,0xff,0xe4,0xd6,0xce,0xff,0xe4,0xd6,0xce,0xff,
    0xe4,0xd6,0xce,0xff,0xe3,0xd4,0xcc,0xff,0xed,0xe1,0xda,0xff,0xf6,0xef,0xea,0xff,0xf5,0xed,0xe8,0xff,0xf5,0xed,0xe8,0xff,0xf5,0xed,0xe8,0xff,0xf5,0xed,0xe8,0xff,
    0xf5,0xed,0xe8,0xff,0xf5,0xed,0xe8,0xff,0xf5,0xed,0xe8,0xff,0xf5,0xed,0xe8,0xff,0xf5,0xed,0xe8,0xff,0xf5,0xed,0xe8,0xff,0xf5,0xed,0xe8,0xff,0xf5,0xed,0xe8,0xff,
    0xf5,0xed,0xe8,0xff,0xf5,0xed,0xe8,0xff,0xf5,0xed,0xe8,0xff,0xf5,0xed,0xe8,0xff,0xf5,0xed,0xe8,0xff,0xf5,0xed,0xe8,0xff,0xf5,0xed,0xe8,0xff,0xf5,0xed,0xe8,0xff,
    0xf5,0xed,0xe8,0xff,0xf5,0xed,0xe8,0xff,0xf5,0xed,0xe8,0xff,0xf5,0xed,0xe8,0xff,0xf6,0xee,0xe9,0xff,0xf1,0xe6,0xe0,0xff,0xe3,0xd5,0xcd,0xff,0xe4,0xd6,0xce,0xff,
    0xe4,0xd6,0xce,0xff,0xe4,0xd6,0xce,0xff,0xe4,0xd6,0xce,0xff,0xe4,0xd6,0xce,0xff,0xe4,0xd6,0xce,0xff,0xe4,0xd6,0xce,0xff,0xe4,0xd6,0xce,0xff,0xe4,0xd6,0xce,0xff,
    0xe2,0xd4,0xcd,0xfb,0xee,0xe0,0xd7,0xff,0xeb,0xdd,0xd5,0xee,0xe2,0xd1,0xcc,0x2d,0x00,0x00,0x00,0x00,0xff,0xff,0xff,0x02,0x00,0x00,0x00,0x00,0x00,0x00,0x00,0x00,
    0x00,0x00,0x00,0x00,0x00,0x00,0x00,0x00,0x00,0x00,0x00,0x00,0x00,0x00,0x00,0x00,0x00,0x00,0x00,0x00,0x00,0x00,0x00,0x00,0x00,0x00,0x00,0x00,0x00,0x00,0x00,0x00,
    0x00,0x00,0x00,0x00,0x00,0x00,0x00,0x00,0x00,0x00,0x00,0x00,0x00,0x00,0x00,0x00,0x00,0x00,0x00,0x00,0x00,0x00,0x00,0x00,0x00,0x00,0x00,0x00,0x00,0x00,0x00,0x00,
    0x00,0x00,0x00,0x00,0x00,0x00,0x00,0x00,0x00,0x00,0x00,0x00,0x00,0x00,0x00,0x00,0x00,0x00,0x00,0x00,0x00,0x00,0x00,0x00,0x00,0x00,0x00,0x00,0x00,0x00,0x00,0x00,
    0x00,0x00,0x00,0x00,0x00,0x00,0x00,0x00,0x00,0x00,0x00,0x00,0x00,0x00,0x00,0x00,0x00,0x00,0x00,0x00,0x00,0x00,0x00,0x00,0x00,0x00,0x00,0x00,0x00,0x00,0x00,0x00,
    0x00,0x00,0x00,0x00,0x3f,0xbf,0xff,0x04,0x00,0x00,0x00,0x00,0x35,0xb5,0xff,0x68,0x39,0xc3,0xff,0xe5,0x32,0xaf,0xff,0x33,0x00,0x00,0x00,0x00,0x3f,0xbf,0xff,0x04,
    0x00,0x00,0x00,0x00,0x00,0x00,0x00,0x00,0x00,0x00,0x00,0x00,0x00,0x00,0x00,0x00,0x00,0x00,0x00,0x00,0x00,0x00,0x00,0x00,0x00,0x00,0x00,0x00,0x00,0x00,0x00,0x00,
    0x00,0xaa,0xff,0x03,0xbf,0xbf,0xbf,0x04,0x00,0x00,0x00,0x00,0xff,0xdb,0xa7,0x1d,0xf7,0xe0,0xd2,0xe1,0xee,0xdb,0xd0,0xfd,0xe0,0xd4,0xce,0xfe,0xe4,0xd6,0xce,0xff,
    0xe4,0xd6,0xce,0xff,0xe4,0xd6,0xce,0xff,0xe4,0xd6,0xce,0xff,0xe4,0xd6,0xce,0xff,0xe4,0xd6,0xce,0xff,0xe4,0xd6,0xce,0xff,0xe4,0xd6,0xce,0xff,0xe4,0xd6,0xce,0xff,
    0xe4,0xd6,0xce,0xff,0xe3,0xd5,0xcd,0xff,0xe8,0xdc,0xd5,0xff,0xf6,0xee,0xe9,0xff,0xf5,0xed,0xe8,0xff,0xf5,0xed,0xe8,0xff,0xf5,0xed,0xe8,0xff,0xf5,0xed,0xe8,0xff,
    0xf5,0xed,0xe8,0xff,0xf5,0xed,0xe8,0xff,0xf5,0xed,0xe8,0xff,0xf5,0xed,0xe8,0xff,0xf5,0xed,0xe8,0xff,0xf5,0xed,0xe8,0xff,0xf5,0xed,0xe8,0xff,0xf5,0xed,0xe8,0xff,
    0xf5,0xed,0xe8,0xff,0xf5,0xed,0xe8,0xff,0xf5,0xed,0xe8,0xff,0xf5,0xed,0xe8,0xff,0xf5,0xed,0xe8,0xff,0xf5,0xed,0xe8,0xff,0xf5,0xed,0xe8,0xff,0xf5,0xed,0xe8,0xff,
    0xf5,0xed,0xe8,0xff,0xf5,0xed,0xe8,0xff,0xf5,0xed,0xe8,0xff,0xf5,0xed,0xe8,0xff,0xf6,0xef,0xea,0xff,0xed,0xe2,0xdb,0xff,0xe3,0xd4,0xcc,0xff,0xe4,0xd6,0xce,0xff,
    0xe4,0xd6,0xce,0xff,0xe4,0xd6,0xce,0xff,0xe4,0xd6,0xce,0xff,0xe4,0xd6,0xce,0xff,0xe4,0xd6,0xce,0xff,0xe4,0xd6,0xce,0xff,0xe4,0xd6,0xce,0xff,0xe4,0xd6,0xce,0xff,
    0xe4,0xd6,0xce,0xff,0xe2,0xd4,0xcd,0xfb,0xf0,0xe1,0xd9,0xff,0xe6,0xd9,0xd0,0xd2,0xd7,0xd7,0xc4,0x0d,0xaa,0xaa,0xaa,0x03,0xff,0xff,0xff,0x01,0x00,0x00,0x00,0x00,
    0x00,0x00,0x00,0x00,0x00,0x00,0x00,0x00,0x00,0x00,0x00,0x00,0x00,0x00,0x00,0x00,0x00,0x00,0x00,0x00,0x00,0x00,0x00,0x00,0x00,0x00,0x00,0x00,0x00,0x00,0x00,0x00,
    0x00,0x00,0x00,0x00,0x00,0x00,0x00,0x00,0x00,0x00,0x00,0x00,0x00,0x00,0x00,0x00,0x00,0x00,0x00,0x00,0x00,0x00,0x00,0x00,0x00,0x00,0x00,0x00,0x00,0x00,0x00,0x00,
    0x00,0x00,0x00,0x00,0x00,0x00,0x00,0x00,0x00,0x00,0x00,0x00,0x00,0x00,0x00,0x00,0x00,0x00,0x00,0x00,0x00,0x00,0x00,0x00,0x00,0x00,0x00,0x00,0x00,0x00,0x00,0x00,
    0x00,0x00,0x00,0x00,0x00,0x00,0x00,0x00,0x00,0x00,0x00,0x00,0x00,0x00,0x00,0x00,0x00,0x00,0x00,0x00,0x00,0x00,0x00,0x00,0x00,0x00,0x00,0x00,0x00,0x00,0x00,0x00,
    0x55,0xff,0xff,0x03,0x00,0x00,0x00,0x00,0x35,0xb5,0xff,0x65,0x38,0xbf,0xff,0xff,0x38,0xbf,0xff,0xff,0x37,0xbd,0xff,0xed,0x34,0xb2,0xff,0x35,0x00,0x00,0x00,0x00,
    0x7f,0xff,0xff,0x02,0x00,0x00,0x00,0x00,0x00,0x00,0x00,0x00,0x00,0x00,0x00,0x00,0x00,0x00,0x00,0x00,0x00,0x00,0x00,0x00,0x00,0x00,0x00,0x00,0x00,0x00,0x00,0x00,
    0xff,0xff,0xff,0x01,0xff,0xff,0xff,0x03,0xcc,0xdd,0xdd,0x0f,0xe3,0xd7,0xd1,0xd6,0xf0,0xe3,0xdb,0xff,0xe0,0xd4,0xcd,0xfd,0xe4,0xd6,0xce,0xff,0xe4,0xd6,0xce,0xff,
    0xe4,0xd6,0xce,0xff,0xe4,0xd6,0xce,0xff,0xe4,0xd6,0xce,0xff,0xe4,0xd6,0xce,0xff,0xe4,0xd6,0xce,0xff,0xe4,0xd6,0xce,0xff,0xe4,0xd6,0xce,0xff,0xe4,0xd6,0xce,0xff,
    0xe4,0xd6,0xce,0xff,0xe4,0xd6,0xce,0xff,0xe5,0xd7,0xcf,0xff,0xf4,0xeb,0xe5,0xff,0xf5,0xed,0xe8,0xff,0xf5,0xed,0xe8,0xff,0xf5,0xed,0xe8,0xff,0xf5,0xed,0xe8,0xff,
    0xf5,0xed,0xe8,0xff,0xf5,0xed,0xe8,0xff,0xf5,0xed,0xe8,0xff,0xf5,0xed,0xe8,0xff,0xf5,0xed,0xe8,0xff,0xf5,0xed,0xe8,0xff,0xf5,0xed,0xe8,0xff,0xf5,0xed,0xe8,0xff,
    0xf5,0xed,0xe8,0xff,0xf5,0xed,0xe8,0xff,0xf5,0xed,0xe8,0xff,0xf5,0xed,0xe8,0xff,0xf5,0xed,0xe8,0xff,0xf5,0xed,0xe8,0xff,0xf5,0xed,0xe8,0xff,0xf5,0xed,0xe8,0xff,
    0xf5,0xed,0xe8,0xff,0xf5,0xed,0xe8,0xff,0xf5,0xed,0xe8,0xff,0xf5,0xed,0xe8,0xff,0xf6,0xee,0xe9,0xff,0xe8,0xdb,0xd4,0xff,0xe3,0xd5,0xcd,0xff,0xe4,0xd6,0xce,0xff,
    0xe4,0xd6,0xce,0xff,0xe4,0xd6,0xce,0xff,0xe4,0xd6,0xce,0xff,0xe4,0xd6,0xce,0xff,0xe4,0xd6,0xce,0xff,0xe4,0xd6,0xce,0xff,0xe4,0xd6,0xce,0xff,0xe4,0xd6,0xce,0xff,
    0xe4,0xd6,0xce,0xff,0xe4,0xd6,0xce,0xff,0xe2,0xd4,0xcc,0xfb,0xf7,0xe8,0xdf,0xff,0xe1,0xd3,0xcd,0x94,0x00,0x00,0x00,0x00,0xff,0xff,0xff,0x03,0x00,0x00,0x00,0x00,
    0x00,0x00,0x00,0x00,0x00,0x00,0x00,0x00,0x00,0x00,0x00,0x00,0x00,0x00,0x00,0x00,0x00,0x00,0x00,0x00,0x00,0x00,0x00,0x00,0x00,0x00,0x00,0x00,0x00,0x00,0x00,0x00,
    0x00,0x00,0x00,0x00,0x00,0x00,0x00,0x00,0x00,0x00,0x00,0x00,0x00,0x00,0x00,0x00,0x00,0x00,0x00,0x00,0x00,0x00,0x00,0x00,0x00,0x00,0x00,0x00,0x00,0x00,0x00,0x00,
    0x00,0x00,0x00,0x00,0x00,0x00,0x00,0x00,0x00,0x00,0x00,0x00,0x00,0x00,0x00,0x00,0x00,0x00,0x00,0x00,0x00,0x00,0x00,0x00,0x00,0x00,0x00,0x00,0x00,0x00,0x00,0x00,
    0x00,0x00,0x00,0x00,0x00,0x00,0x00,0x00,0x00,0x00,0x00,0x00,0x00,0x00,0x00,0x00,0x00,0x00,0x00,0x00,0x00,0x00,0x00,0x00,0x00,0x00,0x00,0x00,0x3f,0xbf,0xff,0x04,
    0x00,0x00,0x00,0x00,0x35,0xb5,0xff,0x65,0x39,0xc1,0xff,0xff,0x36,0xb8,0xff,0xfd,0x35,0xb5,0xff,0xfc,0x37,0xbc,0xff,0xff,0x37,0xbd,0xff,0xed,0x35,0xb6,0xff,0x43,
    0x00,0xff,0xff,0x01,0x7f,0xff,0xff,0x02,0x00,0x00,0x00,0x00,0x00,0x00,0x00,0x00,0x00,0x00,0x00,0x00,0x00,0x00,0x00,0x00,0x00,0x00,0x00,0x00,0x00,0x00,0x00,0x00,
    0xff,0xff,0xff,0x03,0x00,0x00,0x00,0x00,0xe1,0xd3,0xcd,0x94,0xf7,0xe8,0xdf,0xff,0xe2,0xd4,0xcc,0xfb,0xe4,0xd6,0xce,0xff,0xe4,0xd6,0xce,0xff,0xe4,0xd6,0xce,0xff,
    0xe4,0xd6,0xce,0xff,0xe4,0xd6,0xce,0xff,0xe4,0xd6,0xce,0xff,0xe4,0xd6,0xce,0xff,0xe4,0xd6,0xce,0xff,0xe4,0xd6,0xce,0xff,0xe4,0xd6,0xce,0xff,0xe4,0xd6,0xce,0xff,
    0xe4,0xd6,0xce,0xff,0xe4,0xd6,0xce,0xff,0xe3,0xd4,0xcc,0xff,0xed,0xe2,0xdb,0xff,0xf6,0xef,0xea,0xff,0xf5,0xed,0xe8,0xff,0xf5,0xed,0xe8,0xff,0xf5,0xed,0xe8,0xff,
    0xf5,0xed,0xe8,0xff,0xf5,0xed,0xe8,0xff,0xf5,0xed,0xe8,0xff,0xf5,0xed,0xe8,0xff,0xf5,0xed,0xe8,0xff,0xf5,0xed,0xe8,0xff,0xf5,0xed,0xe8,0xff,0xf5,0xed,0xe8,0xff,
    0xf5,0xed,0xe8,0xff,0xf5,0xed,0xe8,0xff,0xf5,0xed,0xe8,0xff,0xf5,0xed,0xe8,0xff,0xf5,0xed,0xe8,0xff,0xf5,0xed,0xe8,0xff,0xf5,0xed,0xe8,0xff,0xf5,0xed,0xe8,0xff,
    0xf5,0xed,0xe8,0xff,0xf5,0xed,0xe8,0xff,0xf5,0xed,0xe8,0xff,0xf6,0xee,0xe9,0xff,0xf1,0xe7,0xe1,0xff,0xe3,0xd5,0xcd,0xff,0xe4,0xd6,0xce,0xff,0xe4,0xd6,0xce,0xff,
    0xe4,0xd6,0xce,0xff,0xe4,0xd6,0xce,0xff,0xe4,0xd6,0xce,0xff,0xe4,0xd6,0xce,0xff,0xe4,0xd6,0xce,0xff,0xe4,0xd6,0xce,0xff,0xe4,0xd6,0xce,0xff,0xe4,0xd6,0xce,0xff,
    0xe4,0xd6,0xce,0xff,0xe4,0xd6,0xce,0xff,0xe4,0xd6,0xce,0xfe,0xe6,0xd8,0xd0,0xfc,0xe9,0xdb,0xd3,0xfb,0xe4,0xd7,0xca,0x27,0x00,0x00,0x00,0x00,0xff,0xff,0xff,0x02,
    0x00,0x00,0x00,0x00,0x00,0x00,0x00,0x00,0x00,0x00,0x00,0x00,0x00,0x00,0x00,0x00,0x00,0x00,0x00,0x00,0x00,0x00,0x00,0x00,0x00,0x00,0x00,0x00,0x00,0x00,0x00,0x00,
    0x00,0x00,0x00,0x00,0x00,0x00,0x00,0x00,0x00,0x00,0x00,0x00,0x00,0x00,0x00,0x00,0x00,0x00,0x00,0x00,0x00,0x00,0x00,0x00,0x00,0x00,0x00,0x00,0x00,0x00,0x00,0x00,
    0x00,0x00,0x00,0x00,0x00,0x00,0x00,0x00,0x00,0x00,0x00,0x00,0x00,0x00,0x00,0x00,0x00,0x00,0x00,0x00,0x00,0x00,0x00,0x00,0x00,0x00,0x00,0x00,0x00,0x00,0x00,0x00,
    0x00,0x00,0x00,0x00,0x00,0x00,0x00,0x00,0x00,0x00,0x00,0x00,0x00,0x00,0x00,0x00,0x00,0x00,0x00,0x00,0x00,0x00,0x00,0x00,0x33,0x99,0xff,0x05,0x00,0x00,0x00,0x00,
    0x34,0xb4,0xff,0x44,0x39,0xc1,0xff,0xff,0x36,0xb9,0xff,0xfc,0x36,0xb6,0xff,0xfe,0x36,0xb6,0xff,0xfe,0x35,0xb7,0xff,0xfb,0x3a,0xc5,0xff,0xff,0x37,0xb6,0xff,0x66,
    0x00,0x00,0x00,0x00,0x55,0xaa,0xff,0x03,0x00,0x00,0x00,0x00,0x00,0x00,0x00,0x00,0x00,0x00,0x00,0x00,0x00,0x00,0x00,0x00,0x00,0x00,0x00,0x00,0xff,0xff,0xff,0x02,
    0x00,0x00,0x00,0x00,0xe4,0xd7,0xca,0x27,0xe9,0xdb,0xd3,0xfb,0xe6,0xd8,0xd0,0xfc,0xe4,0xd6,0xce,0xfe,0xe4,0xd6,0xce,0xff,0xe4,0xd6,0xce,0xff,0xe4,0xd6,0xce,0xff,
    0xe4,0xd6,0xce,0xff,0xe4,0xd6,0xce,0xff,0xe4,0xd6,0xce,0xff,0xe4,0xd6,0xce,0xff,0xe4,0xd6,0xce,0xff,0xe4,0xd6,0xce,0xff,0xe4,0xd6,0xce,0xff,0xe4,0xd6,0xce,0xff,
    0xe4,0xd6,0xce,0xff,0xe4,0xd6,0xce,0xff,0xe4,0xd6,0xce,0xff,0xe5,0xd7,0xd0,0xff,0xf4,0xec,0xe6,0xff,0xf5,0xed,0xe8,0xff,0xf5,0xed,0xe8,0xff,0xf5,0xed,0xe8,0xff,
    0xf5,0xed,0xe8,0xff,0xf5,0xed,0xe8,0xff,0xf5,0xed,0xe8,0xff,0xf5,0xed,0xe8,0xff,0xf5,0xed,0xe8,0xff,0xf5,0xed,0xe8,0xff,0xf5,0xed,0xe8,0xff,0xf5,0xed,0xe8,0xff,
    0xf5,0xed,0xe8,0xff,0xf5,0xed,0xe8,0xff,0xf5,0xed,0xe8,0xff,0xf5,0xed,0xe8,0xff,0xf5,0xed,0xe8,0xff,0xf5,0xed,0xe8,0xff,0xf5,0xed,0xe8,0xff,0xf5,0xed,0xe8,0xff,
    0xf5,0xed,0xe8,0xff,0xf5,0xed,0xe8,0xff,0xf5,0xed,0xe8,0xff,0xf6,0xee,0xe9,0xff,0xe8,0xdc,0xd5,0xff,0xe3,0xd5,0xcd,0xff,0xe4,0xd6,0xce,0xff,0xe4,0xd6,0xce,0xff,
    0xe4,0xd6,0xce,0xff,0xe4,0xd6,0xce,0xff,0xe4,0xd6,0xce,0xff,0xe4,0xd6,0xce,0xff,0xe4,0xd6,0xce,0xff,0xe4,0xd6,0xce,0xff,0xe4,0xd6,0xce,0xff,0xe4,0xd6,0xce,0xff,
    0xe4,0xd6,0xce,0xff,0xe4,0xd6,0xce,0xff,0xe4,0xd6,0xce,0xff,0xe2,0xd4,0xcd,0xfc,0xf3,0xe4,0xdb,0xff,0xe2,0xd4,0xcc,0xa1,0x00,0x00,0x00,0x00,0xff,0xff,0xff,0x03,
    0x00,0x00,0x00,0x00,0x00,0x00,0x00,0x00,0x00,0x00,0x00,0x00,0x00,0x00,0x00,0x00,0x00,0x00,0x00,0x00,0x00,0x00,0x00,0x00,0x00,0x00,0x00,0x00,0x00,0x00,0x00,0x00,
    0x00,0x00,0x00,0x00,0x00,0x00,0x00,0x00,0x00,0x00,0x00,0x00,0x00,0x00,0x00,0x00,0x00,0x00,0x00,0x00,0x00,0x00,0x00,0x00,0x00,0x00,0x00,0x00,0x00,0x00,0x00,0x00,
    0x00,0x00,0x00,0x00,0x00,0x00,0x00,0x00,0x00,0x00,0x00,0x00,0x00,0x00,0x00,0x00,0x00,0x00,0x00,0x00,0x00,0x00,0x00,0x00,0x00,0x00,0x00,0x00,0x00,0x00,0x00,0x00,
    0x00,0x00,0x00,0x00,0x00,0x00,0x00,0x00,0x00,0x00,0x00,0x00,0x00,0x00,0x00,0x00,0x00,0x00,0x00,0x00,0x33,0xcc,0xff,0x05,0x00,0x00,0x00,0x00,0x34,0xb2,0xff,0x35,
    0x38,0xbd,0xff,0xec,0x37,0xbb,0xff,0xfd,0x35,0xb6,0xff,0xfd,0x36,0xb6,0xff,0xfe,0x36,0xb8,0xff,0xfd,0x39,0xc1,0xff,0xff,0x35,0xb5,0xff,0x64,0x00,0x00,0x00,0x00,
    0x7f,0xff,0xff,0x02,0x00,0x00,0x00,0x00,0x00,0x00,0x00,0x00,0x00,0x00,0x00,0x00,0x00,0x00,0x00,0x00,0x00,0x00,0x00,0x00,0x00,0x00,0x00,0x00,0xff,0xff,0xff,0x03,
    0x00,0x00,0x00,0x00,0xe2,0xd4,0xcc,0xa1,0xf3,0xe4,0xdb,0xff,0xe2,0xd4,0xcd,0xfc,0xe4,0xd6,0xce,0xff,0xe4,0xd6,0xce,0xff,0xe4,0xd6,0xce,0xff,0xe4,0xd6,0xce,0xff,
    0xe4,0xd6,0xce,0xff,0xe4,0xd6,0xce,0xff,0xe4,0xd6,0xce,0xff,0xe4,0xd6,0xce,0xff,0xe4,0xd6,0xce,0xff,0xe4,0xd6,0xce,0xff,0xe4,0xd6,0xce,0xff,0xe4,0xd6,0xce,0xff,
    0xe4,0xd6,0xce,0xff,0xe4,0xd6,0xce,0xff,0xe4,0xd6,0xce,0xff,0xe3,0xd5,0xcd,0xff,0xeb,0xe0,0xd9,0xff,0xf6,0xef,0xea,0xff,0xf5,0xed,0xe8,0xff,0xf5,0xed,0xe8,0xff,
    0xf5,0xed,0xe8,0xff,0xf5,0xed,0xe8,0xff,0xf5,0xed,0xe8,0xff,0xf5,0xed,0xe8,0xff,0xf5,0xed,0xe8,0xff,0xf5,0xed,0xe8,0xff,0xf5,0xed,0xe8,0xff,0xf5,0xed,0xe8,0xff,
    0xf5,0xed,0xe8,0xff,0xf5,0xed,0xe8,0xff,0xf5,0xed,0xe8,0xff,0xf5,0xed,0xe8,0xff,0xf5,0xed,0xe8,0xff,0xf5,0xed,0xe8,0xff,0xf5,0xed,0xe8,0xff,0xf5,0xed,0xe8,0xff,
    0xf5,0xed,0xe8,0xff,0xf5,0xed,0xe8,0xff,0xf6,0xef,0xea,0xff,0xf0,0xe6,0xdf,0xff,0xe3,0xd5,0xcd,0xff,0xe4,0xd6,0xce,0xff,0xe4,0xd6,0xce,0xff,0xe4,0xd6,0xce,0xff,
    0xe4,0xd6,0xce,0xff,0xe4,0xd6,0xce,0xff,0xe4,0xd6,0xce,0xff,0xe4,0xd6,0xce,0xff,0xe4,0xd6,0xce,0xff,0xe4,0xd6,0xce,0xff,0xe4,0xd6,0xce,0xff,0xe4,0xd6,0xce,0xff,
    0xe4,0xd6,0xce,0xff,0xe4,0xd6,0xce,0xff,0xe4,0xd6,0xce,0xff,0xe3,0xd5,0xcd,0xfe,0xe6,0xd8,0xd0,0xfe,0xe6,0xd8,0xd1,0xf4,0xe0,0xd6,0xcc,0x19,0x00,0x00,0x00,0x00,
    0xff,0xff,0xff,0x01,0x00,0x00,0x00,0x00,0x00,0x00,0x00,0x00,0x00,0x00,0x00,0x00,0x00,0x00,0x00,0x00,0x00,0x00,0x00,0x00,0x00,0x00,0x00,0x00,0x00,0x00,0x00,0x00,
    0x00,0x00,0x00,0x00,0x00,0x00,0x00,0x00,0x00,0x00,0x00,0x00,0x00,0x00,0x00,0x00,0x00,0x00,0x00,0x00,0x00,0x00,0x00,0x00,0x00,0x00,0x00,0x00,0x00,0x00,0x00,0x00,
    0x00,0x00,0x00,0x00,0x00,0x00,0x00,0x00,0x00,0x00,0x00,0x00,0x00,0x00,0x00,0x00,0x00,0x00,0x00,0x00,0x00,0x00,0x00,0x00,0x00,0x00,0x00,0x00,0x00,0x00,0x00,0x00,
    0x00,0x00,0x00,0x00,0x00,0x00,0x00,0x00,0x00,0x00,0x00,0x00,0x00,0x00,0x00,0x00,0x55,0xff,0xff,0x03,0x00,0x00,0x00,0x00,0x34,0xb2,0xff,0x35,0x37,0xbc,0xff,0xee,
    0x38,0xbd,0xff,0xff,0x35,0xb6,0xff,0xfd,0x36,0xb7,0xff,0xff,0x35,0xb7,0xff,0xfb,0x38,0xbf,0xff,0xff,0x35,0xb5,0xff,0x65,0x00,0x00,0x00,0x00,0x3f,0xbf,0xff,0x04,
    0x00,0x00,0x00,0x00,0x00,0x00,0x00,0x00,0x00,0x00,0x00,0x00,0x00,0x00,0x00,0x00,0x00,0x00,0x00,0x00,0x00,0x00,0x00,0x00,0xff,0xff,0xff,0x01,0x00,0x00,0x00,0x00,
    0xe0,0xd6,0xcc,0x19,0xe6,0xd8,0xd1,0xf4,0xe6,0xd8,0xd0,0xfe,0xe3,0xd5,0xcd,0xfe,0xe4,0xd6,0xce,0xff,0xe4,0xd6,0xce,0xff,0xe4,0xd6,0xce,0xff,0xe4,0xd6,0xce,0xff,
    0xe4,0xd6,0xce,0xff,0xe4,0xd6,0xce,0xff,0xe4,0xd6,0xce,0xff,0xe4,0xd6,0xce,0xff,0xe4,0xd6,0xce,0xff,0xe4,0xd6,0xce,0xff,0xe4,0xd6,0xce,0xff,0xe4,0xd6,0xce,0xff,
    0xe4,0xd6,0xce,0xff,0xe4,0xd6,0xce,0xff,0xe4,0xd6,0xce,0xff,0xe4,0xd6,0xce,0xff,0xe3,0xd5,0xcd,0xff,0xf0,0xe6,0xe0,0xff,0xf6,0xef,0xea,0xff,0xf5,0xed,0xe8,0xff,
    0xf5,0xed,0xe8,0xff,0xf5,0xed,0xe8,0xff,0xf5,0xed,0xe8,0xff,0xf5,0xed,0xe8,0xff,0xf5,0xed,0xe8,0xff,0xf5,0xed,0xe8,0xff,0xf5,0xed,0xe8,0xff,0xf5,0xed,0xe8,0xff,
    0xf5,0xed,0xe8,0xff,0xf5,0xed,0xe8,0xff,0xf5,0xed,0xe8,0xff,0xf5,0xed,0xe8,0xff,0xf5,0xed,0xe8,0xff,0xf5,0xed,0xe8,0xff,0xf5,0xed,0xe8,0xff,0xf5,0xed,0xe8,0xff,
    0xf5,0xed,0xe8,0xff,0xf6,0xee,0xe9,0xff,0xf3,0xeb,0xe5,0xff,0xe5,0xd7,0xcf,0xff,0xe4,0xd6,0xce,0xff,0xe4,0xd6,0xce,0xff,0xe4,0xd6,0xce,0xff,0xe4,0xd6,0xce,0xff,
    0xe4,0xd6,0xce,0xff,0xe4,0xd6,0xce,0xff,0xe4,0xd6,0xce,0xff,0xe4,0xd6,0xce,0xff,0xe4,0xd6,0xce,0xff,0xe4,0xd6,0xce,0xff,0xe4,0xd6,0xce,0xff,0xe4,0xd6,0xce,0xff,
    0xe4,0xd6,0xce,0xff,0xe4,0xd6,0xce,0xff,0xe4,0xd6,0xce,0xff,0xe4,0xd6,0xce,0xff,0xe3,0xd5,0xcd,0xfc,0xf1,0xe2,0xd9,0xff,0xe3,0xd7,0xcd,0x53,0x00,0x00,0x00,0x00,
    0xff,0xff,0xff,0x03,0x00,0x00,0x00,0x00,0x00,0x00,0x00,0x00,0x00,0x00,0x00,0x00,0x00,0x00,0x00,0x00,0x00,0x00,0x00,0x00,0x00,0x00,0x00,0x00,0x00,0x00,0x00,0x00,
    0x00,0x00,0x00,0x00,0x00,0x00,0x00,0x00,0x00,0x00,0x00,0x00,0x00,0x00,0x00,0x00,0x00,0x00,0x00,0x00,0x00,0x00,0x00,0x00,0x00,0x00,0x00,0x00,0x00,0x00,0x00,0x00,
    0x00,0x00,0x00,0x00,0x00,0x00,0x00,0x00,0x00,0x00,0x00,0x00,0x00,0x00,0x00,0x00,0x00,0x00,0x00,0x00,0x00,0x00,0x00,0x00,0x00,0x00,0x00,0x00,0x00,0x00,0x00,0x00,
    0x00,0x00,0x00,0x00,0x00,0x00,0x00,0x00,0x00,0x00,0x00,0x00,0x00,0x7f,0xff,0x02,0x00,0x00,0x00,0x00,0x35,0xb4,0xff,0x56,0x37,0xbc,0xff,0xee,0x38,0xbd,0xff,0xff,
    0x35,0xb5,0xff,0xfd,0x36,0xb7,0xff,0xff,0x36,0xb6,0xff,0xfa,0x3b,0xc7,0xff,0xff,0x36,0xb6,0xff,0x70,0x00,0x00,0x00,0x00,0x33,0xcc,0xff,0x05,0x00,0x00,0x00,0x00,
    0x00,0x00,0x00,0x00,0x00,0x00,0x00,0x00,0x00,0x00,0x00,0x00,0x00,0x00,0x00,0x00,0x00,0x00,0x00,0x00,0x00,0x00,0x00,0x00,0xff,0xff,0xff,0x03,0x00,0x00,0x00,0x00,
    0xe3,0xd7,0xcd,0x53,0xf1,0xe2,0xd9,0xff,0xe3,0xd5,0xcd,0xfc,0xe4,0xd6,0xce,0xff,0xe4,0xd6,0xce,0xff,0xe4,0xd6,0xce,0xff,0xe4,0xd6,0xce,0xff,0xe4,0xd6,0xce,0xff,
    0xe4,0xd6,0xce,0xff,0xe4,0xd6,0xce,0xff,0xe4,0xd6,0xce,0xff,0xe4,0xd6,0xce,0xff,0xe4,0xd6,0xce,0xff,0xe4,0xd6,0xce,0xff,0xe4,0xd6,0xce,0xff,0xe4,0xd6,0xce,0xff,
    0xe4,0xd6,0xce,0xff,0xe4,0xd6,0xce,0xff,0xe4,0xd6,0xce,0xff,0xe4,0xd6,0xce,0xff,0xe4,0xd6,0xce,0xff,0xe5,0xd7,0xcf,0xff,0xf2,0xe9,0xe3,0xff,0xf6,0xef,0xea,0xff,
    0xf5,0xed,0xe8,0xff,0xf5,0xed,0xe8,0xff,0xf5,0xed,0xe8,0xff,0xf5,0xed,0xe8,0xff,0xf5,0xed,0xe8,0xff,0xf5,0xed,0xe8,0xff,0xf5,0xed,0xe8,0xff,0xf5,0xed,0xe8,0xff,
    0xf5,0xed,0xe8,0xff,0xf5,0xed,0xe8,0xff,0xf5,0xed,0xe8,0xff,0xf5,0xed,0xe8,0xff,0xf5,0xed,0xe8,0xff,0xf5,0xed,0xe8,0xff,0xf5,0xed,0xe8,0xff,0xf5,0xed,0xe8,0xff,
    0xf6,0xee,0xe9,0xff,0xf5,0xed,0xe7,0xff,0xe7,0xda,0xd3,0xff,0xe3,0xd5,0xcd,0xff,0xe4,0xd6,0xce,0xff,0xe4,0xd6,0xce,0xff,0xe4,0xd6,0xce,0xff,0xe4,0xd6,0xce,0xff,
    0xe4,0xd6,0xce,0xff,0xe4,0xd6,0xce,0xff,0xe4,0xd6,0xce,0xff,0xe4,0xd6,0xce,0xff,0xe4,0xd6,0xce,0xff,0xe4,0xd6,0xce,0xff,0xe4,0xd6,0xce,0xff,0xe4,0xd6,0xce,0xff,
    0xe4,0xd6,0xce,0xff,0xe4,0xd6,0xce,0xff,0xe4,0xd6,0xce,0xff,0xe4,0xd6,0xce,0xff,0xe3,0xd5,0xcd,0xfb,0xf5,0xe6,0xdd,0xff,0xe4,0xd5,0xcd,0x86,0x00,0x00,0x00,0x00,
    0xff,0xff,0xff,0x04,0x00,0x00,0x00,0x00,0x00,0x00,0x00,0x00,0x00,0x00,0x00,0x00,0x00,0x00,0x00,0x00,0x00,0x00,0x00,0x00,0x00,0x00,0x00,0x00,0x00,0x00,0x00,0x00,
    0x00,0x00,0x00,0x00,0x00,0x00,0x00,0x00,0x00,0x00,0x00,0x00,0x00,0x00,0x00,0x00,0x00,0x00,0x00,0x00,0x00,0x00,0x00,0x00,0x00,0x00,0x00,0x00,0x00,0x00,0x00,0x00,
    0x00,0x00,0x00,0x00,0x00,0x00,0x00,0x00,0x00,0x00,0x00,0x00,0x00,0x00,0x00,0x00,0x00,0x00,0x00,0x00,0x00,0x00,0x00,0x00,0x00,0x00,0x00,0x00,0x00,0x00,0x00,0x00,
    0x00,0x00,0x00,0x00,0x00,0x00,0x00,0x00,0x55,0xaa,0xff,0x03,0x00,0x00,0x00,0x00,0x35,0xb7,0xff,0x56,0x3a,0xc3,0xff,0xff,0x37,0xba,0xff,0xff,0x35,0xb6,0xff,0xfd,
    0x36,0xb7,0xff,0xff,0x35,0xb6,0xff,0xfb,0x3a,0xc6,0xff,0xff,0x36,0xb7,0xff,0x9a,0x00,0x00,0x00,0x00,0x3f,0xbf,0xff,0x04,0x00,0x00,0xff,0x01,0x00,0x00,0x00,0x00,
    0x00,0x00,0x00,0x00,0x00,0x00,0x00,0x00,0x00,0x00,0x00,0x00,0x00,0x00,0x00,0x00,0x00,0x00,0x00,0x00,0x00,0x00,0x00,0x00,0xff,0xff,0xff,0x04,0x00,0x00,0x00,0x00,
    0xe4,0xd5,0xcd,0x86,0xf5,0xe6,0xdd,0xff,0xe3,0xd5,0xcd,0xfb,0xe4,0xd6,0xce,0xff,0xe4,0xd6,0xce,0xff,0xe4,0xd6,0xce,0xff,0xe4,0xd6,0xce,0xff,0xe4,0xd6,0xce,0xff,
    0xe4,0xd6,0xce,0xff,0xe4,0xd6,0xce,0xff,0xe4,0xd6,0xce,0xff,0xe4,0xd6,0xce,0xff,0xe4,0xd6,0xce,0xff,0xe4,0xd6,0xce,0xff,0xe4,0xd6,0xce,0xff,0xe4,0xd6,0xce,0xff,
    0xe4,0xd6,0xce,0xff,0xe4,0xd6,0xce,0xff,0xe4,0xd6,0xce,0xff,0xe4,0xd6,0xce,0xff,0xe4,0xd6,0xce,0xff,0xe3,0xd5,0xcd,0xff,0xe5,0xd7,0xcf,0xff,0xf0,0xe6,0xe0,0xff,
    0xf6,0xef,0xea,0xff,0xf5,0xed,0xe9,0xff,0xf5,0xed,0xe8,0xff,0xf5,0xed,0xe8,0xff,0xf5,0xed,0xe8,0xff,0xf5,0xed,0xe8,0xff,0xf5,0xed,0xe8,0xff,0xf5,0xed,0xe8,0xff,
    0xf5,0xed,0xe8,0xff,0xf5,0xed,0xe8,0xff,0xf5,0xed,0xe8,0xff,0xf5,0xed,0xe8,0xff,0xf5,0xed,0xe8,0xff,0xf5,0xed,0xe8,0xff,0xf5,0xed,0xe8,0xff,0xf7,0xef,0xea,0xff,
    0xf2,0xe9,0xe4,0xff,0xe7,0xda,0xd2,0xff,0xe3,0xd5,0xcc,0xff,0xe4,0xd6,0xce,0xff,0xe4,0xd6,0xce,0xff,0xe4,0xd6,0xce,0xff,0xe4,0xd6,0xce,0xff,0xe4,0xd6,0xce,0xff,
    0xe4,0xd6,0xce,0xff,0xe4,0xd6,0xce,0xff,0xe4,0xd6,0xce,0xff,0xe4,0xd6,0xce,0xff,0xe4,0xd6,0xce,0xff,0xe4,0xd6,0xce,0xff,0xe4,0xd6,0xce,0xff,0xe4,0xd6,0xce,0xff,
    0xe4,0xd6,0xce,0xff,0xe4,0xd6,0xce,0xff,0xe4,0xd6,0xce,0xff,0xe4,0xd6,0xce,0xff,0xe3,0xd5,0xce,0xfc,0xf0,0xe2,0xd9,0xff,0xe4,0xd5,0xcd,0xb9,0x00,0x00,0x00,0x00,
    0xff,0xff,0xff,0x02,0x00,0x00,0x00,0x00,0x00,0x00,0x00,0x00,0x00,0x00,0x00,0x00,0x00,0x00,0x00,0x00,0x00,0x00,0x00,0x00,0x00,0x00,0x00,0x00,0x00,0x00,0x00,0x00,
    0x00,0x00,0x00,0x00,0x00,0x00,0x00,0x00,0x00,0x00,0x00,0x00,0x00,0x00,0x00,0x00,0x00,0x00,0x00,0x00,0x00,0x00,0x00,0x00,0x00,0x00,0x00,0x00,0x00,0x00,0x00,0x00,
    0x00,0x00,0x00,0x00,0x00,0x00,0x00,0x00,0x00,0x00,0x00,0x00,0x00,0x00,0x00,0x00,0x00,0x00,0x00,0x00,0x00,0x00,0x00,0x00,0x00,0x00,0x00,0x00,0x00,0x00,0x00,0x00,
    0x00,0x00,0x00,0x00,0x00,0x00,0x00,0x00,0x7f,0xff,0xff,0x02,0x00,0x00,0x00,0x00,0x35,0xb7,0xff,0xc3,0x39,0xc1,0xff,0xfd,0x35,0xb6,0xff,0xfb,0x36,0xb7,0xff,0xff,
    0x35,0xb6,0xff,0xfb,0x3a,0xc5,0xff,0xff,0x36,0xb9,0xff,0x9a,0x00,0x00,0x00,0x00,0x7f,0xff,0xff,0x02,0x00,0xff,0xff,0x01,0x00,0x00,0x00,0x00,0x00,0x00,0x00,0x00,
    0x00,0x00,0x00,0x00,0x00,0x00,0x00,0x00,0x00,0x00,0x00,0x00,0x00,0x00,0x00,0x00,0x00,0x00,0x00,0x00,0x00,0x00,0x00,0x00,0xff,0xff,0xff,0x02,0x00,0x00,0x00,0x00,
    0xe3,0xd5,0xcd,0xba,0xf0,0xe2,0xd9,0xff,0xe3,0xd5,0xce,0xfc,0xe4,0xd6,0xce,0xff,0xe4,0xd6,0xce,0xff,0xe4,0xd6,0xce,0xff,0xe4,0xd6,0xce,0xff,0xe4,0xd6,0xce,0xff,
    0xe4,0xd6,0xce,0xff,0xe4,0xd6,0xce,0xff,0xe4,0xd6,0xce,0xff,0xe4,0xd6,0xce,0xff,0xe4,0xd6,0xce,0xff,0xe4,0xd6,0xce,0xff,0xe4,0xd6,0xce,0xff,0xe4,0xd6,0xce,0xff,
    0xe4,0xd6,0xce,0xff,0xe4,0xd6,0xce,0xff,0xe4,0xd6,0xce,0xff,0xe4,0xd6,0xce,0xff,0xe4,0xd6,0xce,0xff,0xe4,0xd6,0xce,0xff,0xe4,0xd6,0xcd,0xff,0xe3,0xd5,0xcd,0xff,
    0xeb,0xe0,0xd9,0xff,0xf4,0xec,0xe6,0xff,0xf6,0xef,0xea,0xff,0xf5,0xee,0xe9,0xff,0xf5,0xed,0xe8,0xff,0xf5,0xed,0xe8,0xff,0xf5,0xed,0xe8,0xff,0xf5,0xed,0xe8,0xff,
    0xf5,0xed,0xe8,0xff,0xf5,0xed,0xe8,0xff,0xf5,0xed,0xe8,0xff,0xf5,0xed,0xe8,0xff,0xf5,0xed,0xe8,0xff,0xf6,0xef,0xea,0xff,0xf5,0xed,0xe8,0xff,0xee,0xe3,0xdd,0xff,
    0xe4,0xd6,0xcf,0xff,0xe3,0xd5,0xcd,0xff,0xe4,0xd6,0xce,0xff,0xe4,0xd6,0xce,0xff,0xe4,0xd6,0xce,0xff,0xe4,0xd6,0xce,0xff,0xe4,0xd6,0xce,0xff,0xe4,0xd6,0xce,0xff,
    0xe4,0xd6,0xce,0xff,0xe4,0xd6,0xce,0xff,0xe4,0xd6,0xce,0xff,0xe4,0xd6,0xce,0xff,0xe4,0xd6,0xce,0xff,0xe4,0xd6,0xce,0xff,0xe4,0xd6,0xce,0xff,0xe4,0xd6,0xce,0xff,
    0xe4,0xd6,0xce,0xff,0xe4,0xd6,0xce,0xff,0xe4,0xd6,0xce,0xff,0xe4,0xd6,0xce,0xff,0xe3,0xd5,0xce,0xfc,0xf0,0xe2,0xd9,0xff,0xe4,0xd5,0xcd,0xbe,0x00,0x00,0x00,0x00,
    0xff,0xff,0xff,0x02,0x00,0x00,0x00,0x00,0x00,0x00,0x00,0x00,0x00,0x00,0x00,0x00,0x00,0x00,0x00,0x00,0x00,0x00,0x00,0x00,0x00,0x00,0x00,0x00,0x00,0x00,0x00,0x00,
    0x00,0x00,0x00,0x00,0x00,0x00,0x00,0x00,0x00,0x00,0x00,0x00,0x00,0x00,0x00,0x00,0x00,0x00,0x00,0x00,0x00,0x00,0x00,0x00,0x00,0x00,0x00,0x00,0x00,0x00,0x00,0x00,
    0x00,0x00,0x00,0x00,0x00,0x00,0x00,0x00,0x00,0x00,0x00,0x00,0x00,0x00,0x00,0x00,0x00,0x00,0x00,0x00,0x00,0x00,0x00,0x00,0x00,0x00,0x00,0x00,0x00,0x00,0x00,0x00,
    0x00,0x00,0x00,0x00,0x00,0x00,0x00,0x00,0x55,0xaa,0xff,0x03,0x00,0x00,0x00,0x00,0x35,0xb7,0xff,0xb5,0x3a,0xc5,0xff,0xff,0x35,0xb6,0xff,0xf7,0x35,0xb6,0xff,0xf9,
    0x3a,0xc5,0xff,0xff,0x36,0xb8,0xff,0xa0,0x00,0x00,0x00,0x00,0x55,0xaa,0xff,0x03,0x00,0xff,0xff,0x01,0x00,0x00,0x00,0x00,0x00,0x00,0x00,0x00,0x00,0x00,0x00,0x00,
    0x00,0x00,0x00,0x00,0x00,0x00,0x00,0x00,0x00,0x00,0x00,0x00,0x00,0x00,0x00,0x00,0x00,0x00,0x00,0x00,0x00,0x00,0x00,0x00,0xff,0xff,0xff,0x02,0x00,0x00,0x00,0x00,
    0xe4,0xd5,0xcd,0xbd,0xf0,0xe2,0xd9,0xff,0xe3,0xd5,0xce,0xfc,0xe4,0xd6,0xce,0xff,0xe4,0xd6,0xce,0xff,0xe4,0xd6,0xce,0xff,0xe4,0xd6,0xce,0xff,0xe4,0xd6,0xce,0xff,
    0xe4,0xd6,0xce,0xff,0xe4,0xd6,0xce,0xff,0xe4,0xd6,0xce,0xff,0xe4,0xd6,0xce,0xff,0xe4,0xd6,0xce,0xff,0xe4,0xd6,0xce,0xff,0xe4,0xd6,0xce,0xff,0xe4,0xd6,0xce,0xff,
    0xe4,0xd6,0xce,0xff,0xe4,0xd6,0xce,0xff,0xe4,0xd6,0xce,0xff,0xe4,0xd6,0xce,0xff,0xe4,0xd6,0xce,0xff,0xe4,0xd6,0xce,0xff,0xe4,0xd6,0xce,0xff,0xe4,0xd6,0xce,0xff,
    0xe3,0xd4,0xcc,0xff,0xe5,0xd7,0xd0,0xff,0xed,0xe2,0xdb,0xff,0xf4,0xeb,0xe6,0xff,0xf6,0xee,0xe9,0xff,0xf6,0xef,0xea,0xff,0xf6,0xee,0xea,0xff,0xf6,0xee,0xe9,0xff,
    0xf6,0xee,0xe9,0xff,0xf6,0xee,0xe9,0xff,0xf6,0xef,0xea,0xff,0xf6,0xee,0xe9,0xff,0xf4,0xec,0xe7,0xff,0xef,0xe5,0xde,0xff,0xe7,0xd9,0xd2,0xff,0xe3,0xd4,0xcc,0xff,
    0xe4,0xd6,0xce,0xff,0xe4,0xd6,0xce,0xff,0xe4,0xd6,0xce,0xff,0xe4,0xd6,0xce,0xff,0xe4,0xd6,0xce,0xff,0xe4,0xd6,0xce,0xff,0xe4,0xd6,0xce,0xff,0xe4,0xd6,0xce,0xff,
    0xe4,0xd6,0xce,0xff,0xe4,0xd6,0xce,0xff,0xe4,0xd6,0xce,0xff,0xe4,0xd6,0xce,0xff,0xe4,0xd6,0xce,0xff,0xe4,0xd6,0xce,0xff,0xe4,0xd6,0xce,0xff,0xe4,0xd6,0xce,0xff,
    0xe4,0xd6,0xce,0xff,0xe4,0xd6,0xce,0xff,0xe4,0xd6,0xce,0xff,0xe4,0xd6,0xce,0xff,0xe3,0xd5,0xce,0xfc,0xf0,0xe2,0xd9,0xff,0xe4,0xd4,0xcc,0xc1,0x00,0x00,0x00,0x00,
    0xff,0xff,0xff,0x02,0x00,0x00,0x00,0x00,0x00,0x00,0x00,0x00,0x00,0x00,0x00,0x00,0x00,0x00,0x00,0x00,0x00,0x00,0x00,0x00,0x00,0x00,0x00,0x00,0x00,0x00,0x00,0x00,
    0x00,0x00,0x00,0x00,0x00,0x00,0x00,0x00,0x00,0x00,0x00,0x00,0x00,0x00,0x00,0x00,0x00,0x00,0x00,0x00,0x00,0x00,0x00,0x00,0x00,0x00,0x00,0x00,0x00,0x00,0x00,0x00,
    0x00,0x00,0x00,0x00,0x00,0x00,0x00,0x00,0x00,0x00,0x00,0x00,0x00,0x00,0x00,0x00,0x00,0x00,0x00,0x00,0x00,0x00,0x00,0x00,0x00,0x00,0x00,0x00,0x00,0x00,0x00,0x00,
    0x00,0x00,0x00,0x00,0x00,0x00,0x00,0x00,0x7f,0xff,0xff,0x02,0x00,0xff,0xff,0x01,0x33,0xb7,0xff,0x32,0x38,0xbd,0xff,0xec,0x3a,0xc6,0xff,0xff,0x3b,0xc9,0xff,0xff,
    0x36,0xba,0xff,0xc9,0x33,0xb2,0xff,0x0a,0x7f,0xff,0xff,0x02,0x00,0x7f,0xff,0x02,0x00,0x00,0x00,0x00,0x00,0x00,0x00,0x00,0x00,0x00,0x00,0x00,0x00,0x00,0x00,0x00,
    0x00,0x00,0x00,0x00,0x00,0x00,0x00,0x00,0x00,0x00,0x00,0x00,0x00,0x00,0x00,0x00,0x00,0x00,0x00,0x00,0x00,0x00,0x00,0x00,0xff,0xff,0xff,0x02,0x00,0x00,0x00,0x00,
    0xe3,0xd5,0xcd,0xc9,0xee,0xe0,0xd8,0xff,0xe3,0xd5,0xce,0xfc,0xe4,0xd6,0xce,0xff,0xe4,0xd6,0xce,0xff,0xe4,0xd6,0xce,0xff,0xe4,0xd6,0xce,0xff,0xe4,0xd6,0xce,0xff,
    0xe4,0xd6,0xce,0xff,0xe4,0xd6,0xce,0xff,0xe4,0xd6,0xce,0xff,0xe4,0xd6,0xce,0xff,0xe4,0xd6,0xce,0xff,0xe4,0xd6,0xce,0xff,0xe4,0xd6,0xce,0xff,0xe4,0xd6,0xce,0xff,
    0xe4,0xd6,0xce,0xff,0xe4,0xd6,0xce,0xff,0xe4,0xd6,0xce,0xff,0xe4,0xd6,0xce,0xff,0xe4,0xd6,0xce,0xff,0xe4,0xd6,0xce,0xff,0xe4,0xd6,0xce,0xff,0xe4,0xd6,0xce,0xff,
    0xe4,0xd6,0xce,0xff,0xe4,0xd6,0xcd,0xff,0xe3,0xd4,0xcc,0xff,0xe5,0xd7,0xcf,0xff,0xe9,0xdc,0xd5,0xff,0xec,0xe1,0xda,0xff,0xf0,0xe6,0xe0,0xff,0xf1,0xe7,0xe2,0xff,
    0xf1,0xe7,0xe1,0xff,0xf0,0xe7,0xe1,0xff,0xed,0xe2,0xdc,0xff,0xea,0xde,0xd7,0xff,0xe6,0xd8,0xd1,0xff,0xe3,0xd4,0xcc,0xff,0xe3,0xd5,0xcd,0xff,0xe4,0xd6,0xce,0xff,
    0xe4,0xd6,0xce,0xff,0xe4,0xd6,0xce,0xff,0xe4,0xd6,0xce,0xff,0xe4,0xd6,0xce,0xff,0xe4,0xd6,0xce,0xff,0xe4,0xd6,0xce,0xff,0xe4,0xd6,0xce,0xff,0xe4,0xd6,0xce,0xff,
    0xe4,0xd6,0xce,0xff,0xe4,0xd6,0xce,0xff,0xe4,0xd6,0xce,0xff,0xe4,0xd6,0xce,0xff,0xe4,0xd6,0xce,0xff,0xe4,0xd6,0xce,0xff,0xe4,0xd6,0xce,0xff,0xe4,0xd6,0xce,0xff,
    0xe4,0xd6,0xce,0xff,0xe4,0xd6,0xce,0xff,0xe4,0xd6,0xce,0xff,0xe4,0xd6,0xce,0xff,0xe3,0xd5,0xcd,0xfc,0xf1,0xe3,0xda,0xff,0xe3,0xd4,0xcd,0xb0,0x00,0x00,0x00,0x00,
    0xff,0xff,0xff,0x03,0x00,0x00,0x00,0x00,0x00,0x00,0x00,0x00,0x00,0x00,0x00,0x00,0x00,0x00,0x00,0x00,0x00,0x00,0x00,0x00,0x00,0x00,0x00,0x00,0x00,0x00,0x00,0x00,
    0x00,0x00,0x00,0x00,0x00,0x00,0x00,0x00,0x00,0x00,0x00,0x00,0x00,0x00,0x00,0x00,0x00,0x00,0x00,0x00,0x00,0x00,0x00,0x00,0x00,0x00,0x00,0x00,0x00,0x00,0x00,0x00,
    0x00,0x00,0x00,0x00,0x00,0x00,0x00,0x00,0x00,0x00,0x00,0x00,0x00,0x00,0x00,0x00,0x00,0x00,0x00,0x00,0x00,0x00,0x00,0x00,0x00,0x00,0x00,0x00,0x00,0x00,0x00,0x00,
    0x00,0x00,0x00,0x00,0x00,0x00,0x00,0x00,0x00,0x00,0x00,0x00,0x00,0xff,0xff,0x01,0x00,0x00,0x00,0x00,0x38,0xb1,0xff,0x24,0x38,0xbc,0xff,0x7f,0x38,0xbb,0xff,0x71,
    0x3a,0xb0,0xff,0x0d,0x00,0x00,0x00,0x00,0x00,0x7f,0xff,0x02,0x00,0x00,0x00,0x00,0x00,0x00,0x00,0x00,0x00,0x00,0x00,0x00,0x00,0x00,0x00,0x00,0x00,0x00,0x00,0x00,
    0x00,0x00,0x00,0x00,0x00,0x00,0x00,0x00,0x00,0x00,0x00,0x00,0x00,0x00,0x00,0x00,0x00,0x00,0x00,0x00,0xff,0xff,0xaa,0x03,0x00,0x00,0x00,0x00,0xe3,0xd8,0xcc,0x42,
    0xed,0xdf,0xd6,0xfd,0xe4,0xd6,0xce,0xfd,0xe4,0xd6,0xce,0xff,0xe4,0xd6,0xce,0xff,0xe4,0xd6,0xce,0xff,0xe4,0xd6,0xce,0xff,0xe4,0xd6,0xce,0xff,0xe4,0xd6,0xce,0xff,
    0xe4,0xd6,0xce,0xff,0xe4,0xd6,0xce,0xff,0xe4,0xd6,0xce,0xff,0xe4,0xd6,0xce,0xff,0xe4,0xd6,0xce,0xff,0xe4,0xd6,0xce,0xff,0xe4,0xd6,0xce,0xff,0xe4,0xd6,0xce,0xff,
    0xe4,0xd6,0xce,0xff,0xe4,0xd6,0xce,0xff,0xe4,0xd6,0xce,0xff,0xe4,0xd6,0xce,0xff,0xe4,0xd6,0xce,0xff,0xe4,0xd6,0xce,0xff,0xe4,0xd6,0xce,0xff,0xe4,0xd6,0xce,0xff,
    0xe4,0xd6,0xce,0xff,0xe4,0xd6,0xce,0xff,0xe4,0xd6,0xce,0xff,0xe4,0xd6,0xce,0xff,0xe3,0xd5,0xcd,0xff,0xe3,0xd4,0xcc,0xff,0xe3,0xd5,0xcd,0xff,0xe3,0xd5,0xcd,0xff,
    0xe3,0xd5,0xcd,0xff,0xe3,0xd5,0xcd,0xff,0xe3,0xd4,0xcc,0xff,0xe3,0xd5,0xcc,0xff,0xe4,0xd5,0xcd,0xff,0xe4,0xd6,0xce,0xff,0xe4,0xd6,0xce,0xff,0xe4,0xd6,0xce,0xff,
    0xe4,0xd6,0xce,0xff,0xe4,0xd6,0xce,0xff,0xe4,0xd6,0xce,0xff,0xe4,0xd6,0xce,0xff,0xe4,0xd6,0xce,0xff,0xe4,0xd6,0xce,0xff,0xe4,0xd6,0xce,0xff,0xe4,0xd6,0xce,0xff,
    0xe4,0xd6,0xce,0xff,0xe4,0xd6,0xce,0xff,0xe4,0xd6,0xce,0xff,0xe4,0xd6,0xce,0xff,0xe4,0xd6,0xce,0xff,0xe4,0xd6,0xce,0xff,0xe4,0xd6,0xce,0xff,0xe4,0xd6,0xce,0xff,
    0xe4,0xd6,0xce,0xff,0xe4,0xd6,0xce,0xff,0xe4,0xd6,0xce,0xff,0xe4,0xd6,0xce,0xff,0xe3,0xd5,0xcd,0xfb,0xf5,0xe6,0xdd,0xff,0xe4,0xd5,0xcf,0x75,0x00,0x00,0x00,0x00,
    0xff,0xff,0xff,0x04,0x00,0x00,0x00,0x00,0x00,0x00,0x00,0x00,0x00,0x00,0x00,0x00,0x00,0x00,0x00,0x00,0x00,0x00,0x00,0x00,0x00,0x00,0x00,0x00,0x00,0x00,0x00,0x00,
    0x00,0x00,0x00,0x00,0x00,0x00,0x00,0x00,0x00,0x00,0x00,0x00,0x00,0x00,0x00,0x00,0x00,0x00,0x00,0x00,0x00,0x00,0x00,0x00,0x00,0x00,0x00,0x00,0x00,0x00,0x00,0x00,
    0x00,0x00,0x00,0x00,0x00,0x00,0x00,0x00,0x00,0x00,0x00,0x00,0x00,0x00,0x00,0x00,0x00,0x00,0x00,0x00,0x00,0x00,0x00,0x00,0x00,0x00,0x00,0x00,0x00,0x00,0x00,0x00,
    0x00,0x00,0x00,0x00,0x00,0x00,0x00,0x00,0x00,0x00,0x00,0x00,0x00,0x00,0x00,0x00,0x00,0x7f,0xff,0x02,0x00,0x00,0x00,0x00,0x00,0x00,0x00,0x00,0x00,0x00,0x00,0x00,
    0x00,0x00,0x00,0x00,0x00,0xff,0xff,0x01,0x00,0x00,0x00,0x00,0x00,0x00,0x00,0x00,0x00,0x00,0x00,0x00,0x00,0x00,0x00,0x00,0x00,0x00,0x00,0x00,0x00,0x00,0x00,0x00,
    0x00,0x00,0x00,0x00,0x00,0x00,0x00,0x00,0x00,0x00,0x00,0x00,0x00,0x00,0x00,0x00,0x00,0x00,0x00,0x00,0xff,0xff,0xff,0x03,0x00,0x00,0x00,0x00,0xe4,0xd4,0xcd,0xb6,
    0xf2,0xe4,0xdb,0xff,0xe3,0xd5,0xcd,0xfc,0xe4,0xd6,0xce,0xff,0xe4,0xd6,0xce,0xff,0xe4,0xd6,0xce,0xff,0xe4,0xd6,0xce,0xff,0xe4,0xd6,0xce,0xff,0xe4,0xd6,0xce,0xff,
    0xe4,0xd6,0xce,0xff,0xe4,0xd6,0xce,0xff,0xe4,0xd6,0xce,0xff,0xe4,0xd6,0xce,0xff,0xe4,0xd6,0xce,0xff,0xe4,0xd6,0xce,0xff,0xe4,0xd6,0xce,0xff,0xe4,0xd6,0xce,0xff,
    0xe4,0xd6,0xce,0xff,0xe4,0xd6,0xce,0xff,0xe4,0xd6,0xce,0xff,0xe4,0xd6,0xce,0xff,0xe4,0xd6,0xce,0xff,0xe4,0xd6,0xce,0xff,0xe4,0xd6,0xce,0xff,0xe4,0xd6,0xce,0xff,
    0xe4,0xd6,0xce,0xff,0xe4,0xd6,0xce,0xff,0xe4,0xd6,0xce,0xff,0xe4,0xd6,0xce,0xff,0xe4,0xd6,0xce,0xff,0xe4,0xd6,0xce,0xff,0xe4,0xd6,0xce,0xff,0xe4,0xd6,0xce,0xff,
    0xe4,0xd6,0xce,0xff,0xe4,0xd6,0xce,0xff,0xe4,0xd6,0xce,0xff,0xe4,0xd6,0xce,0xff,0xe4,0xd6,0xce,0xff,0xe4,0xd6,0xce,0xff,0xe4,0xd6,0xce,0xff,0xe4,0xd6,0xce,0xff,
    0xe4,0xd6,0xce,0xff,0xe4,0xd6,0xce,0xff,0xe4,0xd6,0xce,0xff,0xe4,0xd6,0xce,0xff,0xe4,0xd6,0xce,0xff,0xe4,0xd6,0xce,0xff,0xe4,0xd6,0xce,0xff,0xe4,0xd6,0xce,0xff,
    0xe4,0xd6,0xce,0xff,0xe4,0xd6,0xce,0xff,0xe4,0xd6,0xce,0xff,0xe4,0xd6,0xce,0xff,0xe4,0xd6,0xce,0xff,0xe4,0xd6,0xce,0xff,0xe4,0xd6,0xce,0xff,0xe4,0xd6,0xce,0xff,
    0xe4,0xd6,0xce,0xff,0xe4,0xd6,0xce,0xff,0xe4,0xd6,0xce,0xff,0xe4,0xd6,0xce,0xff,0xe3,0xd5,0xce,0xfb,0xf3,0xe5,0xdc,0xff,0xe3,0xd4,0xcc,0x78,0x00,0x00,0x00,0x00,
    0xff,0xff,0xff,0x04,0x00,0x00,0x00,0x00,0x00,0x00,0x00,0x00,0x00,0x00,0x00,0x00,0x00,0x00,0x00,0x00,0x00,0x00,0x00,0x00,0x00,0x00,0x00,0x00,0x00,0x00,0x00,0x00,
    0x00,0x00,0x00,0x00,0x00,0x00,0x00,0x00,0x00,0x00,0x00,0x00,0x00,0x00,0x00,0x00,0x00,0x00,0x00,0x00,0x00,0x00,0x00,0x00,0x00,0x00,0x00,0x00,0x00,0x00,0x00,0x00,
    0x00,0x00,0x00,0x00,0x00,0x00,0x00,0x00,0x00,0x00,0x00,0x00,0x00,0x00,0x00,0x00,0x00,0x00,0x00,0x00,0x00,0x00,0x00,0x00,0x00,0x00,0x00,0x00,0x00,0x00,0x00,0x00,
    0x00,0x00,0x00,0x00,0x00,0x00,0x00,0x00,0x00,0x00,0x00,0x00,0x00,0x00,0x00,0x00,0x00,0x00,0x00,0x00,0x00,0x7f,0xff,0x02,0x3f,0xbf,0xff,0x04,0x3f,0xbf,0xff,0x04,
    0x00,0xff,0xff,0x01,0x00,0x00,0x00,0x00,0x00,0x00,0x00,0x00,0x00,0x00,0x00,0x00,0x00,0x00,0x00,0x00,0x00,0x00,0x00,0x00,0x00,0x00,0x00,0x00,0x00,0x00,0x00,0x00,
    0x00,0x00,0x00,0x00,0x00,0x00,0x00,0x00,0x00,0x00,0x00,0x00,0x00,0x00,0x00,0x00,0xff,0xff,0xff,0x01,0x00,0x00,0x00,0x00,0xe4,0xd6,0xc9,0x13,0xe5,0xd7,0xcf,0xee,
    0xe7,0xda,0xd2,0xff,0xe3,0xd5,0xcd,0xfe,0xe4,0xd6,0xce,0xff,0xe4,0xd6,0xce,0xff,0xe4,0xd6,0xce,0xff,0xe4,0xd6,0xce,0xff,0xe4,0xd6,0xce,0xff,0xe4,0xd6,0xce,0xff,
    0xe4,0xd6,0xce,0xff,0xe4,0xd6,0xce,0xff,0xe4,0xd6,0xce,0xff,0xe4,0xd6,0xce,0xff,0xe4,0xd6,0xce,0xff,0xe4,0xd6,0xce,0xff,0xe4,0xd6,0xce,0xff,0xe4,0xd6,0xce,0xff,
    0xe4,0xd6,0xce,0xff,0xe4,0xd6,0xce,0xff,0xe4,0xd6,0xce,0xff,0xe4,0xd6,0xce,0xff,0xe4,0xd6,0xce,0xff,0xe4,0xd6,0xce,0xff,0xe4,0xd6,0xce,0xff,0xe4,0xd6,0xce,0xff,
    0xe4,0xd6,0xce,0xff,0xe4,0xd6,0xce,0xff,0xe4,0xd6,0xce,0xff,0xe4,0xd6,0xce,0xff,0xe4,0xd6,0xce,0xff,0xe4,0xd6,0xce,0xff,0xe4,0xd6,0xce,0xff,0xe4,0xd6,0xce,0xff,
    0xe4,0xd6,0xce,0xff,0xe4,0xd6,0xce,0xff,0xe4,0xd6,0xce,0xff,0xe4,0xd6,0xce,0xff,0xe4,0xd6,0xce,0xff,0xe4,0xd6,0xce,0xff,0xe4,0xd6,0xce,0xff,0xe4,0xd6,0xce,0xff,
    0xe4,0xd6,0xce,0xff,0xe4,0xd6,0xce,0xff,0xe4,0xd6,0xce,0xff,0xe4,0xd6,0xce,0xff,0xe4,0xd6,0xce,0xff,0xe4,0xd6,0xce,0xff,0xe4,0xd6,0xce,0xff,0xe4,0xd6,0xce,0xff,
    0xe4,0xd6,0xce,0xff,0xe4,0xd6,0xce,0xff,0xe4,0xd6,0xce,0xff,0xe4,0xd6,0xce,0xff,0xe4,0xd6,0xce,0xff,0xe4,0xd6,0xce,0xff,0xe4,0xd6,0xce,0xff,0xe4,0xd6,0xce,0xff,
    0xe4,0xd6,0xce,0xff,0xe4,0xd6,0xce,0xff,0xe4,0xd6,0xce,0xff,0xe4,0xd6,0xce,0xff,0xe3,0xd5,0xce,0xfc,0xf0,0xe2,0xd9,0xff,0xe4,0xd5,0xcd,0xbf,0xff,0xff,0xff,0x01,
    0xff,0xff,0xff,0x02,0x00,0x00,0x00,0x00,0x00,0x00,0x00,0x00,0x00,0x00,0x00,0x00,0x00,0x00,0x00,0x00,0x00,0x00,0x00,0x00,0x00,0x00,0x00,0x00,0x00,0x00,0x00,0x00,
    0x00,0x00,0x00,0x00,0x00,0x00,0x00,0x00,0x00,0x00,0x00,0x00,0x00,0x00,0x00,0x00,0x00,0x00,0x00,0x00,0x00,0x00,0x00,0x00,0x00,0x00,0x00,0x00,0x00,0x00,0x00,0x00,
    0x00,0x00,0x00,0x00,0x00,0x00,0x00,0x00,0x00,0x00,0x00,0x00,0x00,0x00,0x00,0x00,0x00,0x00,0x00,0x00,0x00,0x00,0x00,0x00,0x00,0x00,0x00,0x00,0x00,0x00,0x00,0x00,
    0x00,0x00,0x00,0x00,0x00,0x00,0x00,0x00,0x00,0x00,0x00,0x00,0x00,0x00,0x00,0x00,0x00,0x00,0x00,0x00,0x00,0x00,0x00,0x00,0x00,0x00,0x00,0x00,0x00,0x00,0x00,0x00,
    0x00,0x00,0x00,0x00,0x00,0x00,0x00,0x00,0x00,0x00,0x00,0x00,0x00,0x00,0x00,0x00,0x00,0x00,0x00,0x00,0x00,0x00,0x00,0x00,0x00,0x00,0x00,0x00,0x00,0x00,0x00,0x00,
    0x00,0x00,0x00,0x00,0x00,0x00,0x00,0x00,0x00,0x00,0x00,0x00,0x00,0x00,0x00,0x00,0xff,0xff,0xaa,0x03,0x00,0x00,0x00,0x00,0xe2,0xd5,0xcd,0x3e,0xec,0xde,0xd5,0xfe,
    0xe3,0xd5,0xcd,0xfd,0xe4,0xd6,0xce,0xff,0xe4,0xd6,0xce,0xff,0xe4,0xd6,0xce,0xff,0xe4,0xd6,0xce,0xff,0xe4,0xd6,0xce,0xff,0xe4,0xd6,0xce,0xff,0xe4,0xd6,0xce,0xff,
    0xe4,0xd6,0xce,0xff,0xe4,0xd6,0xce,0xff,0xe4,0xd6,0xce,0xff,0xe4,0xd6,0xce,0xff,0xe4,0xd6,0xce,0xff,0xe4,0xd6,0xce,0xff,0xe4,0xd6,0xce,0xff,0xe4,0xd6,0xce,0xff,
    0xe4,0xd6,0xce,0xff,0xe4,0xd6,0xce,0xff,0xe4,0xd6,0xce,0xff,0xe4,0xd6,0xce,0xff,0xe4,0xd6,0xce,0xff,0xe4,0xd6,0xce,0xff,0xe4,0xd6,0xce,0xff,0xe4,0xd6,0xce,0xff,
    0xe4,0xd6,0xce,0xff,0xe4,0xd6,0xce,0xff,0xe4,0xd6,0xce,0xff,0xe4,0xd6,0xce,0xff,0xe4,0xd6,0xce,0xff,0xe4,0xd6,0xce,0xff,0xe4,0xd6,0xce,0xff,0xe4,0xd6,0xce,0xff,
    0xe4,0xd6,0xce,0xff,0xe4,0xd6,0xce,0xff,0xe4,0xd6,0xce,0xff,0xe4,0xd6,0xce,0xff,0xe4,0xd6,0xce,0xff,0xe4,0xd6,0xce,0xff,0xe4,0xd6,0xce,0xff,0xe4,0xd6,0xce,0xff,
    0xe4,0xd6,0xce,0xff,0xe4,0xd6,0xce,0xff,0xe4,0xd6,0xce,0xff,0xe4,0xd6,0xce,0xff,0xe4,0xd6,0xce,0xff,0xe4,0xd6,0xce,0xff,0xe4,0xd6,0xce,0xff,0xe4,0xd6,0xce,0xff,
    0xe4,0xd6,0xce,0xff,0xe4,0xd6,0xce,0xff,0xe4,0xd6,0xce,0xff,0xe4,0xd6,0xce,0xff,0xe4,0xd6,0xce,0xff,0xe4,0xd6,0xce,0xff,0xe4,0xd6,0xce,0xff,0xe4,0xd6,0xce,0xff,
    0xe4,0xd6,0xce,0xff,0xe4,0xd6,0xce,0xff,0xe4,0xd6,0xce,0xff,0xe4,0xd6,0xce,0xff,0xe3,0xd5,0xcd,0xfe,0xe8,0xdb,0xd2,0xff,0xe3,0xd5,0xce,0xeb,0xdf,0xcf,0xbf,0x10,
    0x00,0x00,0x00,0x00,0xff,0xff,0xff,0x01,0x00,0x00,0x00,0x00,0x00,0x00,0x00,0x00,0x00,0x00,0x00,0x00,0x00,0x00,0x00,0x00,0x00,0x00,0x00,0x00,0x00,0x00,0x00,0x00,
    0x00,0x00,0x00,0x00,0x00,0x00,0x00,0x00,0x00,0x00,0x00,0x00,0x00,0x00,0x00,0x00,0x00,0x00,0x00,0x00,0x00,0x00,0x00,0x00,0x00,0x00,0x00,0x00,0x00,0x00,0x00,0x00,
    0x00,0x00,0x00,0x00,0x00,0x00,0x00,0x00,0x00,0x00,0x00,0x00,0x00,0x00,0x00,0x00,0x00,0x00,0x00,0x00,0x00,0x00,0x00,0x00,0x00,0x00,0x00,0x00,0x00,0x00,0x00,0x00,
    0x00,0x00,0x00,0x00,0x00,0x00,0x00,0x00,0x00,0x00,0x00,0x00,0x00,0x00,0x00,0x00,0x00,0x00,0x00,0x00,0x00,0x00,0x00,0x00,0x00,0x00,0x00,0x00,0x00,0x00,0x00,0x00,
    0x00,0x00,0x00,0x00,0x00,0x00,0x00,0x00,0x00,0x00,0x00,0x00,0x00,0x00,0x00,0x00,0x00,0x00,0x00,0x00,0x00,0x00,0x00,0x00,0x00,0x00,0x00,0x00,0x00,0x00,0x00,0x00,
    0x00,0x00,0x00,0x00,0x00,0x00,0x00,0x00,0x00,0x00,0x00,0x00,0x00,0x00,0x00,0x00,0xff,0xff,0xaa,0x03,0x00,0x00,0x00,0x00,0xe4,0xd9,0xd2,0x44,0xef,0xe1,0xd8,0xff,
    0xe3,0xd5,0xcd,0xfd,0xe4,0xd6,0xce,0xff,0xe4,0xd6,0xce,0xff,0xe4,0xd6,0xce,0xff,0xe4,0xd6,0xce,0xff,0xe4,0xd6,0xce,0xff,0xe4,0xd6,0xce,0xff,0xe4,0xd6,0xce,0xff,
    0xe4,0xd6,0xce,0xff,0xe4,0xd6,0xce,0xff,0xe4,0xd6,0xce,0xff,0xe4,0xd6,0xce,0xff,0xe4,0xd6,0xce,0xff,0xe4,0xd6,0xce,0xff,0xe4,0xd6,0xce,0xff,0xe4,0xd6,0xce,0xff,
    0xe4,0xd6,0xce,0xff,0xe4,0xd6,0xce,0xff,0xe4,0xd6,0xce,0xff,0xe4,0xd6,0xce,0xff,0xe4,0xd6,0xce,0xff,0xe4,0xd6,0xce,0xff,0xe4,0xd6,0xce,0xff,0xe4,0xd6,0xce,0xff,
    0xe4,0xd6,0xce,0xff,0xe4,0xd6,0xce,0xff,0xe4,0xd6,0xce,0xff,0xe4,0xd6,0xce,0xff,0xe4,0xd6,0xce,0xff,0xe4,0xd6,0xce,0xff,0xe4,0xd6,0xce,0xff,0xe4,0xd6,0xce,0xff,
    0xe4,0xd6,0xce,0xff,0xe4,0xd6,0xce,0xff,0xe4,0xd6,0xce,0xff,0xe4,0xd6,0xce,0xff,0xe4,0xd6,0xce,0xff,0xe4,0xd6,0xce,0xff,0xe4,0xd6,0xce,0xff,0xe4,0xd6,0xce,0xff,
    0xe4,0xd6,0xce,0xff,0xe4,0xd6,0xce,0xff,0xe4,0xd6,0xce,0xff,0xe4,0xd6,0xce,0xff,0xe4,0xd6,0xce,0xff,0xe4,0xd6,0xce,0xff,0xe4,0xd6,0xce,0xff,0xe4,0xd6,0xce,0xff,
    0xe4,0xd6,0xce,0xff,0xe4,0xd6,0xce,0xff,0xe4,0xd6,0xce,0xff,0xe4,0xd6,0xce,0xff,0xe4,0xd6,0xce,0xff,0xe4,0xd6,0xce,0xff,0xe4,0xd6,0xce,0xff,0xe4,0xd6,0xce,0xff,
    0xe4,0xd6,0xce,0xff,0xe4,0xd6,0xce,0xff,0xe4,0xd6,0xce,0xff,0xe4,0xd6,0xce,0xff,0xe3,0xd5,0xcd,0xfe,0xe8,0xd9,0xd2,0xff,0xe4,0xd6,0xcf,0xf0,0xe2,0xd4,0xc6,0x12,
    0x00,0x00,0x00,0x00,0xff,0xff,0xff,0x01,0x00,0x00,0x00,0x00,0x00,0x00,0x00,0x00,0x00,0x00,0x00,0x00,0x00,0x00,0x00,0x00,0x00,0x00,0x00,0x00,0x00,0x00,0x00,0x00,
    0x00,0x00,0x00,0x00,0x00,0x00,0x00,0x00,0x00,0x00,0x00,0x00,0x00,0x00,0x00,0x00,0x00,0x00,0x00,0x00,0x00,0x00,0x00,0x00,0x00,0x00,0x00,0x00,0x00,0x00,0x00,0x00,
    0x00,0x00,0x00,0x00,0x00,0x00,0x00,0x00,0x00,0x00,0x00,0x00,0x00,0x00,0x00,0x00,0x00,0x00,0x00,0x00,0x00,0x00,0x00,0x00,0x00,0x00,0x00,0x00,0x00,0x00,0x00,0x00,
    0x00,0x00,0x00,0x00,0x00,0x00,0x00,0x00,0x00,0x00,0x00,0x00,0x00,0x00,0x00,0x00,0x00,0x00,0x00,0x00,0x00,0x00,0x00,0x00,0x00,0x00,0x00,0x00,0x00,0x00,0x00,0x00,
    0x00,0x00,0x00,0x00,0x00,0x00,0x00,0x00,0x00,0x00,0x00,0x00,0x00,0x00,0x00,0x00,0x00,0x00,0x00,0x00,0x00,0x00,0x00,0x00,0x00,0x00,0x00,0x00,0x00,0x00,0x00,0x00,
    0x00,0x00,0x00,0x00,0x00,0x00,0x00,0x00,0x00,0x00,0x00,0x00,0x00,0x00,0x00,0x00,0xff,0xff,0xaa,0x03,0x00,0x00,0x00,0x00,0xe6,0xd8,0xce,0x35,0xeb,0xdd,0xd4,0xfc,
    0xe3,0xd5,0xcd,0xfe,0xe4,0xd6,0xce,0xff,0xe4,0xd6,0xce,0xff,0xe4,0xd6,0xce,0xff,0xe4,0xd6,0xce,0xff,0xe4,0xd6,0xce,0xff,0xe4,0xd6,0xce,0xff,0xe4,0xd6,0xce,0xff,
    0xe4,0xd6,0xce,0xff,0xe4,0xd6,0xce,0xff,0xe4,0xd6,0xce,0xff,0xe4,0xd6,0xce,0xff,0xe4,0xd6,0xce,0xff,0xe4,0xd6,0xce,0xff,0xe4,0xd6,0xce,0xff,0xe4,0xd6,0xce,0xff,
    0xe4,0xd6,0xce,0xff,0xe4,0xd6,0xce,0xff,0xe4,0xd6,0xce,0xff,0xe4,0xd6,0xce,0xff,0xe4,0xd6,0xce,0xff,0xe4,0xd6,0xce,0xff,0xe4,0xd6,0xce,0xff,0xe4,0xd6,0xce,0xff,
    0xe4,0xd6,0xce,0xff,0xe4,0xd6,0xce,0xff,0xe4,0xd6,0xce,0xff,0xe4,0xd6,0xce,0xff,0xe4,0xd6,0xce,0xff,0xe4,0xd6,0xce,0xff,0xe4,0xd6,0xce,0xff,0xe4,0xd6,0xce,0xff,
    0xe4,0xd6,0xce,0xff,0xe4,0xd6,0xce,0xff,0xe4,0xd6,0xce,0xff,0xe4,0xd6,0xce,0xff,0xe4,0xd6,0xce,0xff,0xe4,0xd6,0xce,0xff,0xe4,0xd6,0xce,0xff,0xe4,0xd6,0xce,0xff,
    0xe4,0xd6,0xce,0xff,0xe4,0xd6,0xce,0xff,0xe4,0xd6,0xce,0xff,0xe4,0xd6,0xce,0xff,0xe4,0xd6,0xce,0xff,0xe4,0xd6,0xce,0xff,0xe4,0xd6,0xce,0xff,0xe4,0xd6,0xce,0xff,
    0xe4,0xd6,0xce,0xff,0xe4,0xd6,0xce,0xff,0xe4,0xd6,0xce,0xff,0xe4,0xd6,0xce,0xff,0xe4,0xd6,0xce,0xff,0xe4,0xd6,0xce,0xff,0xe4,0xd6,0xce,0xff,0xe4,0xd6,0xce,0xff,
    0xe4,0xd6,0xce,0xff,0xe4,0xd6,0xce,0xff,0xe4,0xd6,0xce,0xff,0xe4,0xd6,0xce,0xff,0xe3,0xd5,0xcd,0xfe,0xea,0xdc,0xd3,0xff,0xe4,0xd5,0xcd,0xe4,0xd7,0xc4,0xc4,0x0d,
    0x00,0x00,0x00,0x00,0xff,0xff,0xff,0x01,0x00,0x00,0x00,0x00,0x00,0x00,0x00,0x00,0x00,0x00,0x00,0x00,0x00,0x00,0x00,0x00,0x00,0x00,0x00,0x00,0x00,0x00,0x00,0x00,
    0x00,0x00,0x00,0x00,0x00,0x00,0x00,0x00,0x00,0x00,0x00,0x00,0x00,0x00,0x00,0x00,0x00,0x00,0x00,0x00,0x00,0x00,0x00,0x00,0x00,0x00,0x00,0x00,0x00,0x00,0x00,0x00,
    0x00,0x00,0x00,0x00,0x00,0x00,0x00,0x00,0x00,0x00,0x00,0x00,0x00,0x00,0x00,0x00,0x00,0x00,0x00,0x00,0x00,0x00,0x00,0x00,0x00,0x00,0x00,0x00,0x00,0x00,0x00,0x00,
    0x00,0x00,0x00,0x00,0x00,0x00,0x00,0x00,0x00,0x00,0x00,0x00,0x00,0x00,0x00,0x00,0x00,0x00,0x00,0x00,0x00,0x00,0x00,0x00,0x00,0x00,0x00,0x00,0x00,0x00,0x00,0x00,
    0x00,0x00,0x00,0x00,0x00,0x00,0x00,0x00,0x00,0x00,0x00,0x00,0x00,0x00,0x00,0x00,0x00,0x00,0x00,0x00,0x00,0x00,0x00,0x00,0x00,0x00,0x00,0x00,0x00,0x00,0x00,0x00,
    0x00,0x00,0x00,0x00,0x00,0x00,0x00,0x00,0x00,0x00,0x00,0x00,0x00,0x00,0x00,0x00,0xff,0xff,0xff,0x01,0x00,0x00,0x00,0x00,0xe5,0xe5,0xcc,0x0a,0xe3,0xd4,0xce,0xe6,
    0xe9,0xdc,0xd3,0xff,0xe3,0xd5,0xcd,0xfe,0xe4,0xd6,0xce,0xff,0xe4,0xd6,0xce,0xff,0xe4,0xd6,0xce,0xff,0xe4,0xd6,0xce,0xff,0xe4,0xd6,0xce,0xff,0xe4,0xd6,0xce,0xff,
    0xe4,0xd6,0xce,0xff,0xe4,0xd6,0xce,0xff,0xe4,0xd6,0xce,0xff,0xe4,0xd6,0xce,0xff,0xe4,0xd6,0xce,0xff,0xe4,0xd6,0xce,0xff,0xe4,0xd6,0xce,0xff,0xe4,0xd6,0xce,0xff,
    0xe4,0xd6,0xce,0xff,0xe4,0xd6,0xce,0xff,0xe4,0xd6,0xce,0xff,0xe4,0xd6,0xce,0xff,0xe4,0xd6,0xce,0xff,0xe4,0xd6,0xce,0xff,0xe4,0xd6,0xce,0xff,0xe4,0xd6,0xce,0xff,
    0xe4,0xd6,0xce,0xff,0xe4,0xd6,0xce,0xff,0xe4,0xd6,0xce,0xff,0xe4,0xd6,0xce,0xff,0xe4,0xd6,0xce,0xff,0xe4,0xd6,0xce,0xff,0xe4,0xd6,0xce,0xff,0xe4,0xd6,0xce,0xff,
    0xe4,0xd6,0xce,0xff,0xe4,0xd6,0xce,0xff,0xe4,0xd6,0xce,0xff,0xe4,0xd6,0xce,0xff,0xe4,0xd6,0xce,0xff,0xe4,0xd6,0xce,0xff,0xe4,0xd6,0xce,0xff,0xe4,0xd6,0xce,0xff,
    0xe4,0xd6,0xce,0xff,0xe4,0xd6,0xce,0xff,0xe4,0xd6,0xce,0xff,0xe4,0xd6,0xce,0xff,0xe4,0xd6,0xce,0xff,0xe4,0xd6,0xce,0xff,0xe4,0xd6,0xce,0xff,0xe4,0xd6,0xce,0xff,
    0xe4,0xd6,0xce,0xff,0xe4,0xd6,0xce,0xff,0xe4,0xd6,0xce,0xff,0xe4,0xd6,0xce,0xff,0xe4,0xd6,0xce,0xff,0xe4,0xd6,0xce,0xff,0xe4,0xd6,0xce,0xff,0xe4,0xd6,0xce,0xff,
    0xe4,0xd6,0xce,0xff,0xe4,0xd6,0xce,0xff,0xe4,0xd6,0xce,0xff,0xe4,0xd6,0xce,0xff,0xe4,0xd6,0xce,0xfb,0xf2,0xe3,0xda,0xfe,0xe3,0xd5,0xce,0xb1,0x00,0x00,0x00,0x00,
    0xff,0xff,0xff,0x03,0x00,0x00,0x00,0x00,0x00,0x00,0x00,0x00,0x00,0x00,0x00,0x00,0x00,0x00,0x00,0x00,0x00,0x00,0x00,0x00,0x00,0x00,0x00,0x00,0x00,0x00,0x00,0x00,
    0x00,0x00,0x00,0x00,0x00,0x00,0x00,0x00,0x00,0x00,0x00,0x00,0x00,0x00,0x00,0x00,0x00,0x00,0x00,0x00,0x00,0x00,0x00,0x00,0x00,0x00,0x00,0x00,0x00,0x00,0x00,0x00,
    0x00,0x00,0x00,0x00,0x00,0x00,0x00,0x00,0x00,0x00,0x00,0x00,0x00,0x00,0x00,0x00,0x00,0x00,0x00,0x00,0x00,0x00,0x00,0x00,0x00,0x00,0x00,0x00,0x00,0x00,0x00,0x00,
    0x00,0x00,0x00,0x00,0x00,0x00,0x00,0x00,0x00,0x00,0x00,0x00,0x00,0x00,0x00,0x00,0x00,0x00,0x00,0x00,0x00,0x00,0x00,0x00,0x00,0x00,0x00,0x00,0x00,0x00,0x00,0x00,
    0x00,0x00,0x00,0x00,0x00,0x00,0x00,0x00,0x00,0x00,0x00,0x00,0x00,0x00,0x00,0x00,0x00,0x00,0x00,0x00,0x00,0x00,0x00,0x00,0x00,0x00,0x00,0x00,0x00,0x00,0x00,0x00,
    0x00,0x00,0x00,0x00,0x00,0x00,0x00,0x00,0x00,0x00,0x00,0x00,0x00,0x00,0x00,0x00,0x00,0x00,0x00,0x00,0xff,0xff,0xff,0x03,0x00,0x00,0x00,0x00,0xe3,0xd4,0xcc,0x9d,
    0xf3,0xe5,0xdc,0xff,0xe3,0xd5,0xcd,0xfb,0xe4,0xd6,0xce,0xff,0xe4,0xd6,0xce,0xff,0xe4,0xd6,0xce,0xff,0xe4,0xd6,0xce,0xff,0xe4,0xd6,0xce,0xff,0xe4,0xd6,0xce,0xff,
    0xe4,0xd6,0xce,0xff,0xe4,0xd6,0xce,0xff,0xe4,0xd6,0xce,0xff,0xe4,0xd6,0xce,0xff,0xe4,0xd6,0xce,0xff,0xe4,0xd6,0xce,0xff,0xe4,0xd6,0xce,0xff,0xe4,0xd6,0xce,0xff,
    0xe4,0xd6,0xce,0xff,0xe4,0xd6,0xce,0xff,0xe4,0xd6,0xce,0xff,0xe4,0xd6,0xce,0xff,0xe4,0xd6,0xce,0xff,0xe4,0xd6,0xce,0xff,0xe4,0xd6,0xce,0xff,0xe4,0xd6,0xce,0xff,
    0xe4,0xd6,0xce,0xff,0xe4,0xd6,0xce,0xff,0xe4,0xd6,0xce,0xff,0xe4,0xd6,0xce,0xff,0xe4,0xd6,0xce,0xff,0xe4,0xd6,0xce,0xff,0xe4,0xd6,0xce,0xff,0xe4,0xd6,0xce,0xff,
    0xe4,0xd6,0xce,0xff,0xe4,0xd6,0xce,0xff,0xe4,0xd6,0xce,0xff,0xe4,0xd6,0xce,0xff,0xe4,0xd6,0xce,0xff,0xe4,0xd6,0xce,0xff,0xe4,0xd6,0xce,0xff,0xe4,0xd6,0xce,0xff,
    0xe4,0xd6,0xce,0xff,0xe4,0xd6,0xce,0xff,0xe4,0xd6,0xce,0xff,0xe4,0xd6,0xce,0xff,0xe4,0xd6,0xce,0xff,0xe4,0xd6,0xce,0xff,0xe4,0xd6,0xce,0xff,0xe4,0xd6,0xce,0xff,
    0xe4,0xd6,0xce,0xff,0xe4,0xd6,0xce,0xff,0xe4,0xd6,0xce,0xff,0xe4,0xd6,0xce,0xff,0xe4,0xd6,0xce,0xff,0xe4,0xd6,0xce,0xff,0xe4,0xd6,0xce,0xff,0xe4,0xd6,0xce,0xff,
    0xe4,0xd6,0xce,0xff,0xe4,0xd6,0xce,0xff,0xe4,0xd6,0xce,0xff,0xe4,0xd6,0xce,0xff,0xe2,0xd4,0xcc,0xfc,0xf3,0xe4,0xdb,0xff,0xe3,0xd5,0xcf,0x5c,0x00,0x00,0x00,0x00,
    0xff,0xff,0xbf,0x04,0x00,0x00,0x00,0x00,0x00,0x00,0x00,0x00,0x00,0x00,0x00,0x00,0x00,0x00,0x00,0x00,0x00,0x00,0x00,0x00,0x00,0x00,0x00,0x00,0x00,0x00,0x00,0x00,
    0x00,0x00,0x00,0x00,0x00,0x00,0x00,0x00,0x00,0x00,0x00,0x00,0x00,0x00,0x00,0x00,0x00,0x00,0x00,0x00,0x00,0x00,0x00,0x00,0x00,0x00,0x00,0x00,0x00,0x00,0x00,0x00,
    0x00,0x00,0x00,0x00,0x00,0x00,0x00,0x00,0x00,0x00,0x00,0x00,0x00,0x00,0x00,0x00,0x00,0x00,0x00,0x00,0x00,0x00,0x00,0x00,0x00,0x00,0x00,0x00,0x00,0x00,0x00,0x00,
    0x00,0x00,0x00,0x00,0x00,0x00,0x00,0x00,0x00,0x00,0x00,0x00,0x00,0x00,0x00,0x00,0x00,0x00,0x00,0x00,0x00,0x00,0x00,0x00,0x00,0x00,0x00,0x00,0x00,0x00,0x00,0x00,
    0x00,0x00,0x00,0x00,0x00,0x00,0x00,0x00,0x00,0x00,0x00,0x00,0x00,0x00,0x00,0x00,0x00,0x00,0x00,0x00,0x00,0x00,0x00,0x00,0x00,0x00,0x00,0x00,0x00,0x00,0x00,0x00,
    0x00,0x00,0x00,0x00,0x00,0x00,0x00,0x00,0x00,0x00,0x00,0x00,0x00,0x00,0x00,0x00,0x00,0x00,0x00,0x00,0xff,0xff,0xff,0x02,0x00,0x00,0x00,0x00,0xdf,0xd2,0xcc,0x28,
    0xe9,0xdb,0xd3,0xfc,0xe6,0xd9,0xd0,0xfb,0xe3,0xd5,0xcd,0xfe,0xe4,0xd6,0xce,0xff,0xe4,0xd6,0xce,0xff,0xe4,0xd6,0xce,0xff,0xe4,0xd6,0xce,0xff,0xe4,0xd6,0xce,0xff,
    0xe4,0xd6,0xce,0xff,0xe4,0xd6,0xce,0xff,0xe4,0xd6,0xce,0xff,0xe4,0xd6,0xce,0xff,0xe4,0xd6,0xce,0xff,0xe4,0xd6,0xce,0xff,0xe4,0xd6,0xce,0xff,0xe4,0xd6,0xce,0xff,
    0xe4,0xd6,0xce,0xff,0xe4,0xd6,0xce,0xff,0xe4,0xd6,0xce,0xff,0xe4,0xd6,0xce,0xff,0xe4,0xd6,0xce,0xff,0xe4,0xd6,0xce,0xff,0xe4,0xd6,0xce,0xff,0xe4,0xd6,0xce,0xff,
    0xe4,0xd6,0xce,0xff,0xe4,0xd6,0xce,0xff,0xe4,0xd6,0xce,0xff,0xe4,0xd6,0xce,0xff,0xe4,0xd6,0xce,0xff,0xe4,0xd6,0xce,0xff,0xe4,0xd6,0xce,0xff,0xe4,0xd6,0xce,0xff,
    0xe4,0xd6,0xce,0xff,0xe4,0xd6,0xce,0xff,0xe4,0xd6,0xce,0xff,0xe4,0xd6,0xce,0xff,0xe4,0xd6,0xce,0xff,0xe4,0xd6,0xce,0xff,0xe4,0xd6,0xce,0xff,0xe4,0xd6,0xce,0xff,
    0xe4,0xd6,0xce,0xff,0xe4,0xd6,0xce,0xff,0xe4,0xd6,0xce,0xff,0xe4,0xd6,0xce,0xff,0xe4,0xd6,0xce,0xff,0xe4,0xd6,0xce,0xff,0xe4,0xd6,0xce,0xff,0xe4,0xd6,0xce,0xff,
    0xe4,0xd6,0xce,0xff,0xe4,0xd6,0xce,0xff,0xe4,0xd6,0xce,0xff,0xe4,0xd6,0xce,0xff,0xe4,0xd6,0xce,0xff,0xe4,0xd6,0xce,0xff,0xe4,0xd6,0xce,0xff,0xe4,0xd6,0xce,0xff,
    0xe4,0xd6,0xce,0xff,0xe4,0xd6,0xce,0xff,0xe4,0xd6,0xce,0xff,0xe2,0xd4,0xcd,0xfc,0xed,0xdf,0xd6,0xff,0xe4,0xd6,0xcd,0xda,0xff,0xda,0xda,0x07,0xff,0xff,0xff,0x01,
    0xff,0xff,0x00,0x01,0x00,0x00,0x00,0x00,0x00,0x00,0x00,0x00,0x00,0x00,0x00,0x00,0x00,0x00,0x00,0x00,0x00,0x00,0x00,0x00,0x00,0x00,0x00,0x00,0x00,0x00,0x00,0x00,
    0x00,0x00,0x00,0x00,0x00,0x00,0x00,0x00,0x00,0x00,0x00,0x00,0x00,0x00,0x00,0x00,0x00,0x00,0x00,0x00,0x00,0x00,0x00,0x00,0x00,0x00,0x00,0x00,0x00,0x00,0x00,0x00,
    0x00,0x00,0x00,0x00,0x00,0x00,0x00,0x00,0x00,0x00,0x00,0x00,0x00,0x00,0x00,0x00,0x00,0x00,0x00,0x00,0x00,0x00,0x00,0x00,0x00,0x00,0x00,0x00,0x00,0x00,0x00,0x00,
    0x00,0x00,0x00,0x00,0x00,0x00,0x00,0x00,0x00,0x00,0x00,0x00,0x00,0x00,0x00,0x00,0x00,0x00,0x00,0x00,0x00,0x00,0x00,0x00,0x00,0x00,0x00,0x00,0x00,0x00,0x00,0x00,
    0x00,0x00,0x00,0x00,0x00,0x00,0x00,0x00,0x00,0x00,0x00,0x00,0x00,0x00,0x00,0x00,0x00,0x00,0x00,0x00,0x00,0x00,0x00,0x00,0x00,0x00,0x00,0x00,0x00,0x00,0x00,0x00,
    0x00,0x00,0x00,0x00,0x00,0x00,0x00,0x00,0x00,0x00,0x00,0x00,0x00,0x00,0x00,0x00,0x00,0x00,0x00,0x00,0x00,0x00,0x00,0x00,0xff,0xff,0xaa,0x03,0x00,0x00,0x00,0x00,
    0xe1,0xd3,0xca,0x70,0xfa,0xeb,0xe2,0xff,0xe4,0xd6,0xce,0xfb,0xe2,0xd5,0xcd,0xfd,0xe4,0xd6,0xce,0xff,0xe4,0xd6,0xce,0xff,0xe4,0xd6,0xce,0xff,0xe4,0xd6,0xce,0xff,
    0xe4,0xd6,0xce,0xff,0xe4,0xd6,0xce,0xff,0xe4,0xd6,0xce,0xff,0xe4,0xd6,0xce,0xff,0xe4,0xd6,0xce,0xff,0xe4,0xd6,0xce,0xff,0xe4,0xd6,0xce,0xff,0xe4,0xd6,0xce,0xff,
    0xe4,0xd6,0xce,0xff,0xe4,0xd6,0xce,0xff,0xe4,0xd6,0xce,0xff,0xe4,0xd6,0xce,0xff,0xe4,0xd6,0xce,0xff,0xe4,0xd6,0xce,0xff,0xe4,0xd6,0xce,0xff,0xe4,0xd6,0xce,0xff,
    0xe4,0xd6,0xce,0xff,0xe4,0xd6,0xce,0xff,0xe4,0xd6,0xce,0xff,0xe4,0xd6,0xce,0xff,0xe4,0xd6,0xce,0xff,0xe4,0xd6,0xce,0xff,0xe4,0xd6,0xce,0xff,0xe4,0xd6,0xce,0xff,
    0xe4,0xd6,0xce,0xff,0xe4,0xd6,0xce,0xff,0xe4,0xd6,0xce,0xff,0xe4,0xd6,0xce,0xff,0xe4,0xd6,0xce,0xff,0xe4,0xd6,0xce,0xff,0xe4,0xd6,0xce,0xff,0xe4,0xd6,0xce,0xff,
    0xe4,0xd6,0xce,0xff,0xe4,0xd6,0xce,0xff,0xe4,0xd6,0xce,0xff,0xe4,0xd6,0xce,0xff,0xe4,0xd6,0xce,0xff,0xe4,0xd6,0xce,0xff,0xe4,0xd6,0xce,0xff,0xe4,0xd6,0xce,0xff,
    0xe4,0xd6,0xce,0xff,0xe4,0xd6,0xce,0xff,0xe4,0xd6,0xce,0xff,0xe4,0xd6,0xce,0xff,0xe4,0xd6,0xce,0xff,0xe4,0xd6,0xce,0xff,0xe4,0xd6,0xce,0xff,0xe4,0xd6,0xce,0xff,
    0xe4,0xd6,0xce,0xff,0xe4,0xd6,0xce,0xff,0xe3,0xd5,0xcd,0xfb,0xe8,0xda,0xd2,0xff,0xeb,0xdd,0xd4,0xfe,0xe3,0xd6,0xcc,0x38,0x00,0x00,0x00,0x00,0xff,0xff,0xff,0x02,
    0x00,0x00,0x00,0x00,0x00,0x00,0x00,0x00,0x00,0x00,0x00,0x00,0x00,0x00,0x00,0x00,0x00,0x00,0x00,0x00,0x00,0x00,0x00,0x00,0x00,0x00,0x00,0x00,0x00,0x00,0x00,0x00,
    0x00,0x00,0x00,0x00,0x00,0x00,0x00,0x00,0x00,0x00,0x00,0x00,0x00,0x00,0x00,0x00,0x00,0x00,0x00,0x00,0x00,0x00,0x00,0x00,0x00,0x00,0x00,0x00,0x00,0x00,0x00,0x00,
    0x00,0x00,0x00,0x00,0x00,0x00,0x00,0x00,0x00,0x00,0x00,0x00,0x00,0x00,0x00,0x00,0x00,0x00,0x00,0x00,0x00,0x00,0x00,0x00,0x00,0x00,0x00,0x00,0x00,0x00,0x00,0x00,
    0x00,0x00,0x00,0x00,0x00,0x00,0x00,0x00,0x00,0x00,0x00,0x00,0x00,0x00,0x00,0x00,0x00,0x00,0x00,0x00,0x00,0x00,0x00,0x00,0x00,0x00,0x00,0x00,0x00,0x00,0x00,0x00,
    0x00,0x00,0x00,0x00,0x00,0x00,0x00,0x00,0x00,0x00,0x00,0x00,0x00,0x00,0x00,0x00,0x00,0x00,0x00,0x00,0x00,0x00,0x00,0x00,0x00,0x00,0x00,0x00,0x00,0x00,0x00,0x00,
    0x00,0x00,0x00,0x00,0x00,0x00,0x00,0x00,0x00,0x00,0x00,0x00,0x00,0x00,0x00,0x00,0x00,0x00,0x00,0x00,0x00,0x00,0x00,0x00,0x00,0x00,0x00,0x00,0xff,0xff,0xff,0x02,
    0x00,0x00,0x00,0x00,0xe4,0xd5,0xcd,0x8f,0xf0,0xe1,0xd9,0xff,0xed,0xde,0xd6,0xff,0xe2,0xd5,0xcd,0xfc,0xe3,0xd6,0xce,0xfb,0xe3,0xd6,0xce,0xfc,0xe3,0xd5,0xce,0xfc,
    0xe3,0xd5,0xce,0xfc,0xe3,0xd5,0xce,0xfc,0xe3,0xd5,0xce,0xfc,0xe3,0xd5,0xce,0xfc,0xe3,0xd5,0xce,0xfc,0xe3,0xd5,0xce,0xfc,0xe3,0xd5,0xce,0xfc,0xe3,0xd5,0xce,0xfc,
    0xe3,0xd5,0xce,0xfc,0xe3,0xd5,0xce,0xfc,0xe3,0xd5,0xce,0xfc,0xe3,0xd5,0xce,0xfc,0xe3,0xd5,0xce,0xfc,0xe3,0xd5,0xce,0xfc,0xe3,0xd5,0xce,0xfc,0xe3,0xd5,0xce,0xfc,
    0xe3,0xd5,0xce,0xfc,0xe3,0xd5,0xce,0xfc,0xe3,0xd5,0xce,0xfc,0xe3,0xd5,0xce,0xfc,0xe3,0xd5,0xce,0xfc,0xe3,0xd5,0xce,0xfc,0xe3,0xd5,0xce,0xfc,0xe3,0xd5,0xce,0xfc,
    0xe3,0xd5,0xce,0xfc,0xe3,0xd5,0xce,0xfc,0xe3,0xd5,0xce,0xfc,0xe3,0xd5,0xce,0xfc,0xe3,0xd5,0xce,0xfc,0xe3,0xd5,0xce,0xfc,0xe3,0xd5,0xce,0xfc,0xe3,0xd5,0xce,0xfc,
    0xe3,0xd5,0xce,0xfc,0xe3,0xd5,0xce,0xfc,0xe3,0xd5,0xce,0xfc,0xe3,0xd5,0xce,0xfc,0xe3,0xd5,0xce,0xfc,0xe3,0xd5,0xce,0xfc,0xe3,0xd5,0xce,0xfc,0xe3,0xd5,0xce,0xfc,
    0xe3,0xd5,0xce,0xfc,0xe3,0xd5,0xce,0xfc,0xe3,0xd5,0xce,0xfc,0xe3,0xd5,0xce,0xfc,0xe3,0xd5,0xce,0xfc,0xe3,0xd5,0xce,0xfc,0xe3,0xd5,0xce,0xfc,0xe3,0xd5,0xcd,0xfc,
    0xe3,0xd5,0xcd,0xfb,0xe3,0xd5,0xcd,0xfd,0xf2,0xe3,0xda,0xff,0xee,0xdf,0xd6,0xf2,0xe2,0xd4,0xcd,0x61,0x00,0x00,0x00,0x00,0xff,0xff,0xaa,0x03,0x00,0x00,0x00,0x00,
    0x00,0x00,0x00,0x00,0x00,0x00,0x00,0x00,0x00,0x00,0x00,0x00,0x00,0x00,0x00,0x00,0x00,0x00,0x00,0x00,0x00,0x00,0x00,0x00,0x00,0x00,0x00,0x00,0x00,0x00,0x00,0x00,
    0x00,0x00,0x00,0x00,0x00,0x00,0x00,0x00,0x00,0x00,0x00,0x00,0x00,0x00,0x00,0x00,0x00,0x00,0x00,0x00,0x00,0x00,0x00,0x00,0x00,0x00,0x00,0x00,0x00,0x00,0x00,0x00,
    0x00,0x00,0x00,0x00,0x00,0x00,0x00,0x00,0x00,0x00,0x00,0x00,0x00,0x00,0x00,0x00,0x00,0x00,0x00,0x00,0x00,0x00,0x00,0x00,0x00,0x00,0x00,0x00,0x00,0x00,0x00,0x00,
    0x00,0x00,0x00,0x00,0x00,0x00,0x00,0x00,0x00,0x00,0x00,0x00,0x00,0x00,0x00,0x00,0x00,0x00,0x00,0x00,0x00,0x00,0x00,0x00,0x00,0x00,0x00,0x00,0x00,0x00,0x00,0x00,
    0x00,0x00,0x00,0x00,0x00,0x00,0x00,0x00,0x00,0x00,0x00,0x00,0x00,0x00,0x00,0x00,0x00,0x00,0x00,0x00,0x00,0x00,0x00,0x00,0x00,0x00,0x00,0x00,0x00,0x00,0x00,0x00,
    0x00,0x00,0x00,0x00,0x00,0x00,0x00,0x00,0x00,0x00,0x00,0x00,0x00,0x00,0x00,0x00,0x00,0x00,0x00,0x00,0x00,0x00,0x00,0x00,0x00,0x00,0x00,0x00,0x00,0x00,0x00,0x00,
    0xff,0xff,0xff,0x02,0x00,0x00,0x00,0x00,0xe4,0xd5,0xcf,0x56,0xeb,0xdd,0xd4,0xd4,0xf1,0xe2,0xda,0xff,0xf4,0xe5,0xdc,0xff,0xf0,0xe1,0xd9,0xff,0xf0,0xe2,0xd9,0xff,
    0xf0,0xe2,0xd9,0xff,0xf0,0xe2,0xd9,0xff,0xf0,0xe2,0xd9,0xff,0xf0,0xe2,0xd9,0xff,0xf0,0xe2,0xd9,0xff,0xf0,0xe2,0xd9,0xff,0xf0,0xe2,0xd9,0xff,0xf0,0xe2,0xd9,0xff,
    0xf0,0xe2,0xd9,0xff,0xf0,0xe2,0xd9,0xff,0xf0,0xe2,0xd9,0xff,0xf0,0xe2,0xd9,0xff,0xf0,0xe2,0xd9,0xff,0xf0,0xe2,0xd9,0xff,0xf0,0xe2,0xd9,0xff,0xf0,0xe2,0xd9,0xff,
    0xf0,0xe2,0xd9,0xff,0xf0,0xe2,0xd9,0xff,0xf0,0xe2,0xd9,0xff,0xf0,0xe2,0xd9,0xff,0xf0,0xe2,0xd9,0xff,0xf0,0xe2,0xd9,0xff,0xf0,0xe2,0xd9,0xff,0xf0,0xe2,0xd9,0xff,
    0xf0,0xe2,0xd9,0xff,0xf0,0xe2,0xd9,0xff,0xf0,0xe2,0xd9,0xff,0xf0,0xe2,0xd9,0xff,0xf0,0xe2,0xd9,0xff,0xf0,0xe2,0xd9,0xff,0xf0,0xe2,0xd9,0xff,0xf0,0xe2,0xd9,0xff,
    0xf0,0xe2,0xd9,0xff,0xf0,0xe2,0xd9,0xff,0xf0,0xe2,0xd9,0xff,0xf0,0xe2,0xd9,0xff,0xf0,0xe2,0xd9,0xff,0xf0,0xe2,0xd9,0xff,0xf0,0xe2,0xd9,0xff,0xf0,0xe2,0xd9,0xff,
    0xf0,0xe2,0xd9,0xff,0xf0,0xe2,0xd9,0xff,0xf0,0xe2,0xd9,0xff,0xf0,0xe2,0xd9,0xff,0xf0,0xe2,0xd9,0xff,0xf0,0xe2,0xd9,0xff,0xf0,0xe1,0xd9,0xff,0xf0,0xe2,0xd9,0xff,
    0xf5,0xe6,0xdd,0xff,0xec,0xdd,0xd5,0xff,0xee,0xdf,0xd7,0xba,0xe0,0xd1,0xcc,0x32,0x00,0x00,0x00,0x00,0xff,0xff,0xff,0x03,0x00,0x00,0x00,0x00,0x00,0x00,0x00,0x00,
    0x00,0x00,0x00,0x00,0x00,0x00,0x00,0x00,0x00,0x00,0x00,0x00,0x00,0x00,0x00,0x00,0x00,0x00,0x00,0x00,0x00,0x00,0x00,0x00,0x00,0x00,0x00,0x00,0x00,0x00,0x00,0x00,
    0x00,0x00,0x00,0x00,0x00,0x00,0x00,0x00,0x00,0x00,0x00,0x00,0x00,0x00,0x00,0x00,0x00,0x00,0x00,0x00,0x00,0x00,0x00,0x00,0x00,0x00,0x00,0x00,0x00,0x00,0x00,0x00,
    0x00,0x00,0x00,0x00,0x00,0x00,0x00,0x00,0x00,0x00,0x00,0x00,0x00,0x00,0x00,0x00,0x00,0x00,0x00,0x00,0x00,0x00,0x00,0x00,0x00,0x00,0x00,0x00,0x00,0x00,0x00,0x00,
    0x00,0x00,0x00,0x00,0x00,0x00,0x00,0x00,0x00,0x00,0x00,0x00,0x00,0x00,0x00,0x00,0x00,0x00,0x00,0x00,0x00,0x00,0x00,0x00,0x00,0x00,0x00,0x00,0x00,0x00,0x00,0x00,
    0x00,0x00,0x00,0x00,0x00,0x00,0x00,0x00,0x00,0x00,0x00,0x00,0x00,0x00,0x00,0x00,0x00,0x00,0x00,0x00,0x00,0x00,0x00,0x00,0x00,0x00,0x00,0x00,0x00,0x00,0x00,0x00,
    0x00,0x00,0x00,0x00,0x00,0x00,0x00,0x00,0x00,0x00,0x00,0x00,0x00,0x00,0x00,0x00,0x00,0x00,0x00,0x00,0x00,0x00,0x00,0x00,0x00,0x00,0x00,0x00,0x00,0x00,0x00,0x00,
    0x00,0x00,0x00,0x00,0xff,0xff,0xff,0x03,0x00,0x00,0x00,0x00,0xaa,0xaa,0xaa,0x06,0xeb,0xde,0xd4,0x4e,0xe9,0xdb,0xd2,0x8f,0xe6,0xd9,0xd1,0xbd,0xe4,0xd6,0xce,0xbd,
    0xe4,0xd5,0xcd,0xbe,0xe4,0xd5,0xcd,0xbe,0xe4,0xd5,0xcd,0xbe,0xe4,0xd5,0xcd,0xbe,0xe4,0xd5,0xcd,0xbe,0xe4,0xd5,0xcd,0xbe,0xe4,0xd5,0xcd,0xbe,0xe4,0xd5,0xcd,0xbe,
    0xe4,0xd5,0xcd,0xbe,0xe4,0xd5,0xcd,0xbe,0xe4,0xd5,0xcd,0xbe,0xe4,0xd5,0xcd,0xbe,0xe4,0xd5,0xcd,0xbe,0xe4,0xd5,0xcd,0xbe,0xe4,0xd5,0xcd,0xbe,0xe4,0xd5,0xcd,0xbe,
    0xe4,0xd5,0xcd,0xbe,0xe4,0xd5,0xcd,0xbe,0xe4,0xd5,0xcd,0xbe,0xe4,0xd5,0xcd,0xbe,0xe4,0xd5,0xcd,0xbe,0xe4,0xd5,0xcd,0xbe,0xe4,0xd5,0xcd,0xbe,0xe4,0xd5,0xcd,0xbe,
    0xe4,0xd5,0xcd,0xbe,0xe4,0xd5,0xcd,0xbe,0xe4,0xd5,0xcd,0xbe,0xe4,0xd5,0xcd,0xbe,0xe4,0xd5,0xcd,0xbe,0xe4,0xd5,0xcd,0xbe,0xe4,0xd5,0xcd,0xbe,0xe4,0xd5,0xcd,0xbe,
    0xe4,0xd5,0xcd,0xbe,0xe4,0xd5,0xcd,0xbe,0xe4,0xd5,0xcd,0xbe,0xe4,0xd5,0xcd,0xbe,0xe4,0xd5,0xcd,0xbe,0xe4,0xd5,0xcd,0xbe,0xe4,0xd5,0xcd,0xbe,0xe4,0xd5,0xcd,0xbe,
    0xe4,0xd5,0xcd,0xbe,0xe4,0xd5,0xcd,0xbe,0xe4,0xd5,0xcd,0xbe,0xe4,0xd5,0xcd,0xbe,0xe4,0xd5,0xcd,0xbe,0xe4,0xd6,0xce,0xbd,0xe5,0xd7,0xcf,0xbd,0xe4,0xd7,0xd0,0xb9,
    0xe8,0xda,0xd2,0x7f,0xed,0xdb,0xd2,0x39,0x00,0x00,0x00,0x00,0x00,0x00,0x00,0x00,0xff,0xff,0xaa,0x03,0x00,0x00,0x00,0x00,0x00,0x00,0x00,0x00,0x00,0x00,0x00,0x00,
    0x00,0x00,0x00,0x00,0x00,0x00,0x00,0x00,0x00,0x00,0x00,0x00,0x00,0x00,0x00,0x00,0x00,0x00,0x00,0x00,0x00,0x00,0x00,0x00,0x00,0x00,0x00,0x00,0x00,0x00,0x00,0x00,
    0x00,0x00,0x00,0x00,0x00,0x00,0x00,0x00,0x00,0x00,0x00,0x00,0x00,0x00,0x00,0x00,0x00,0x00,0x00,0x00,0x00,0x00,0x00,0x00,0x00,0x00,0x00,0x00,0x00,0x00,0x00,0x00,
    0x00,0x00,0x00,0x00,0x00,0x00,0x00,0x00,0x00,0x00,0x00,0x00,0x00,0x00,0x00,0x00,0x00,0x00,0x00,0x00,0x00,0x00,0x00,0x00,0x00,0x00,0x00,0x00,0x00,0x00,0x00,0x00,
    0x00,0x00,0x00,0x00,0x00,0x00,0x00,0x00,0x00,0x00,0x00,0x00,0x00,0x00,0x00,0x00,0x00,0x00,0x00,0x00,0x00,0x00,0x00,0x00,0x00,0x00,0x00,0x00,0x00,0x00,0x00,0x00,
    0x00,0x00,0x00,0x00,0x00,0x00,0x00,0x00,0x00,0x00,0x00,0x00,0x00,0x00,0x00,0x00,0x00,0x00,0x00,0x00,0x00,0x00,0x00,0x00,0x00,0x00,0x00,0x00,0x00,0x00,0x00,0x00,
    0x00,0x00,0x00,0x00,0x00,0x00,0x00,0x00,0x00,0x00,0x00,0x00,0x00,0x00,0x00,0x00,0x00,0x00,0x00,0x00,0x00,0x00,0x00,0x00,0x00,0x00,0x00,0x00,0x00,0x00,0x00,0x00,
    0x00,0x00,0x00,0x00,0x00,0x00,0x00,0x00,0xff,0xaa,0xaa,0x03,0x00,0x00,0x00,0x00,0x00,0x00,0x00,0x00,0x00,0x00,0x00,0x00,0x00,0x00,0x00,0x00,0x00,0x00,0x00,0x00,
    0x00,0x00,0x00,0x00,0x00,0x00,0x00,0x00,0x00,0x00,0x00,0x00,0x00,0x00,0x00,0x00,0x00,0x00,0x00,0x00,0x00,0x00,0x00,0x00,0x00,0x00,0x00,0x00,0x00,0x00,0x00,0x00,
    0x00,0x00,0x00,0x00,0x00,0x00,0x00,0x00,0x00,0x00,0x00,0x00,0x00,0x00,0x00,0x00,0x00,0x00,0x00,0x00,0x00,0x00,0x00,0x00,0x00,0x00,0x00,0x00,0x00,0x00,0x00,0x00,
    0x00,0x00,0x00,0x00,0x00,0x00,0x00,0x00,0x00,0x00,0x00,0x00,0x00,0x00,0x00,0x00,0x00,0x00,0x00,0x00,0x00,0x00,0x00,0x00,0x00,0x00,0x00,0x00,0x00,0x00,0x00,0x00,
    0x00,0x00,0x00,0x00,0x00,0x00,0x00,0x00,0x00,0x00,0x00,0x00,0x00,0x00,0x00,0x00,0x00,0x00,0x00,0x00,0x00,0x00,0x00,0x00,0x00,0x00,0x00,0x00,0x00,0x00,0x00,0x00,
    0x00,0x00,0x00,0x00,0x00,0x00,0x00,0x00,0x00,0x00,0x00,0x00,0x00,0x00,0x00,0x00,0x00,0x00,0x00,0x00,0x00,0x00,0x00,0x00,0x00,0x00,0x00,0x00,0x00,0x00,0x00,0x00,
    0x00,0x00,0x00,0x00,0x00,0x00,0x00,0x00,0x00,0x00,0x00,0x00,0x00,0x00,0x00,0x00,0x00,0x00,0x00,0x00,0x00,0x00,0x00,0x00,0x00,0x00,0x00,0x00,0x00,0x00,0x00,0x00,
    0x00,0x00,0x00,0x00,0x00,0x00,0x00,0x00,0xff,0xff,0xff,0x01,0xff,0xff,0xff,0x02,0x00,0x00,0x00,0x00,0x00,0x00,0x00,0x00,0x00,0x00,0x00,0x00,0x00,0x00,0x00,0x00,
    0x00,0x00,0x00,0x00,0x00,0x00,0x00,0x00,0x00,0x00,0x00,0x00,0x00,0x00,0x00,0x00,0x00,0x00,0x00,0x00,0x00,0x00,0x00,0x00,0x00,0x00,0x00,0x00,0x00,0x00,0x00,0x00,
    0x00,0x00,0x00,0x00,0x00,0x00,0x00,0x00,0x00,0x00,0x00,0x00,0x00,0x00,0x00,0x00,0x00,0x00,0x00,0x00,0x00,0x00,0x00,0x00,0x00,0x00,0x00,0x00,0x00,0x00,0x00,0x00,
    0x00,0x00,0x00,0x00,0x00,0x00,0x00,0x00,0x00,0x00,0x00,0x00,0x00,0x00,0x00,0x00,0x00,0x00,0x00,0x00,0x00,0x00,0x00,0x00,0x00,0x00,0x00,0x00,0x00,0x00,0x00,0x00,
    0x00,0x00,0x00,0x00,0x00,0x00,0x00,0x00,0x00,0x00,0x00,0x00,0x00,0x00,0x00,0x00,0x00,0x00,0x00,0x00,0x00,0x00,0x00,0x00,0x00,0x00,0x00,0x00,0x00,0x00,0x00,0x00,
    0x00,0x00,0x00,0x00,0x00,0x00,0x00,0x00,0x00,0x00,0x00,0x00,0x00,0x00,0x00,0x00,0x00,0x00,0x00,0x00,0x00,0x00,0x00,0x00,0x00,0x00,0x00,0x00,0x00,0x00,0x00,0x00,
    0x00,0x00,0x00,0x00,0x00,0x00,0x00,0x00,0x00,0x00,0x00,0x00,0x00,0x00,0x00,0x00,0x00,0x00,0x00,0x00,0x00,0x00,0x00,0x00,0x00,0x00,0x00,0x00,0x00,0x00,0x00,0x00,
    0x00,0x00,0x00,0x00,0x00,0x00,0x00,0x00,0x00,0x00,0x00,0x00,0xff,0xff,0xff,0x01,0xff,0xff,0xff,0x03,0xff,0xbf,0xbf,0x04,0xff,0xff,0xff,0x02,0xff,0xff,0xff,0x02,
    0xff,0xff,0xff,0x02,0xff,0xff,0xff,0x02,0xff,0xff,0xff,0x02,0xff,0xff,0xff,0x02,0xff,0xff,0xff,0x02,0xff,0xff,0xff,0x02,0xff,0xff,0xff,0x02,0xff,0xff,0xff,0x02,
    0xff,0xff,0xff,0x02,0xff,0xff,0xff,0x02,0xff,0xff,0xff,0x02,0xff,0xff,0xff,0x02,0xff,0xff,0xff,0x02,0xff,0xff,0xff,0x02,0xff,0xff,0xff,0x02,0xff,0xff,0xff,0x02,
    0xff,0xff,0xff,0x02,0xff,0xff,0xff,0x02,0xff,0xff,0xff,0x02,0xff,0xff,0xff,0x02,0xff,0xff,0xff,0x02,0xff,0xff,0xff,0x02,0xff,0xff,0xff,0x02,0xff,0xff,0xff,0x02,
    0xff,0xff,0xff,0x02,0xff,0xff,0xff,0x02,0xff,0xff,0xff,0x02,0xff,0xff,0xff,0x02,0xff,0xff,0xff,0x02,0xff,0xff,0xff,0x02,0xff,0xff,0xff,0x02,0xff,0xff,0xff,0x02,
    0xff,0xff,0xff,0x02,0xff,0xff,0xff,0x02,0xff,0xff,0xff,0x02,0xff,0xff,0xff,0x02,0xff,0xff,0xff,0x02,0xff,0xff,0xff,0x02,0xff,0xff,0xff,0x02,0xff,0xff,0xff,0x02,
    0xff,0xff,0xff,0x02,0xff,0xff,0xff,0x02,0xff,0xff,0xff,0x02,0xff,0xff,0xff,0x02,0xff,0xff,0xff,0x02,0xff,0xff,0xff,0x02,0xff,0xff,0xff,0x02,0xaa,0xaa,0xaa,0x03,
    0xff,0xff,0xbf,0x04,0xaa,0xaa,0xaa,0x03,0x00,0x00,0x00,0x00,0x00,0x00,0x00,0x00,0x00,0x00,0x00,0x00,0x00,0x00,0x00,0x00,0x00,0x00,0x00,0x00,0x00,0x00,0x00,0x00,
    0x00,0x00,0x00,0x00,0x00,0x00,0x00,0x00,0x00,0x00,0x00,0x00,0x00,0x00,0x00,0x00,0x00,0x00,0x00,0x00,0x00,0x00,0x00,0x00,0x00,0x00,0x00,0x00,0x00,0x00,0x00,0x00,
    0x00,0x00,0x00,0x00,0x00,0x00,0x00,0x00,0x00,0x00,0x00,0x00,0x00,0x00,0x00,0x00,0x00,0x00,0x00,0x00,0x00,0x00,0x00,0x00,0x00,0x00,0x00,0x00,0x00,0x00,0x00,0x00,
    0x00,0x00,0x00,0x00,0x00,0x00,0x00,0x00,0x00,0x00,0x00,0x00,0x00,0x00,0x00,0x00,0x00,0x00,0x00,0x00,0x00,0x00,0x00,0x00,0x00,0x00,0x00,0x00,0x00,0x00,0x00,0x00,
    0x00,0x00,0x00,0x00,0x00,0x00,0x00,0x00,0x00,0x00,0x00,0x00,0x00,0x00,0x00,0x00,0x00,0x00,0x00,0x00,0x00,0x00,0x00,0x00,0x00,0x00,0x00,0x00,0x00,0x00,0x00,0x00,
    0x00,0x00,0x00,0x00,0x00,0x00,0x00,0x00,0x00,0x00,0x00,0x00,0x00,0x00,0x00,0x00,0x00,0x00,0x00,0x00,0x00,0x00,0x00,0x00,0x00,0x00,0x00,0x00,0x00,0x00,0x00,0x00,
    0x00,0x00,0x00,0x00,0x00,0x00,0x00,0x00,0x00,0x00,0x00,0x00,0x00,0x00,0x00,0x00,0x00,0x00,0x00,0x00,0x00,0x00,0x00,0x00,0x00,0x00,0x00,0x00,0x00,0x00,0x00,0x00,
    0x00,0x00,0x00,0x00,0x00,0x00,0x00,0x00,0x00,0x00,0x00,0x00,0x00,0x00,0x00,0x00,0x00,0x00,0x00,0x00,0x00,0x00,0x00,0x00,0x00,0x00,0x00,0x00,0x00,0x00,0x00,0x00,
    0x00,0x00,0x00,0x00,0x00,0x00,0x00,0x00,0x00,0x00,0x00,0x00,0x00,0x00,0x00,0x00,0x00,0x00,0x00,0x00,0x00,0x00,0x00,0x00,0x00,0x00,0x00,0x00,0x00,0x00,0x00,0x00,
    0x00,0x00,0x00,0x00,0x00,0x00,0x00,0x00,0x00,0x00,0x00,0x00,0x00,0x00,0x00,0x00,0x00,0x00,0x00,0x00,0x00,0x00,0x00,0x00,0x00,0x00,0x00,0x00,0x00,0x00,0x00,0x00,
    0x00,0x00,0x00,0x00,0x00,0x00,0x00,0x00,0x00,0x00,0x00,0x00,0x00,0x00,0x00,0x00,0x00,0x00,0x00,0x00,0x00,0x00,0x00,0x00,0x00,0x00,0x00,0x00,0x00,0x00,0x00,0x00,
    0x00,0x00,0x00,0x00,0x00,0x00,0x00,0x00,0x00,0x00,0x00,0x00,0x00,0x00,0x00,0x00,0x00,0x00,0x00,0x00,0x00,0x00,0x00,0x00,0x00,0x00,0x00,0x00,0x00,0x00,0x00,0x00,
    0x00,0x00,0x00,0x00,0x00,0x00,0x00,0x00,0x00,0x00,0x00,0x00,0x00,0x00,0x00,0x00,0x00,0x00,0x00,0x00,0x00,0x00,0x00,0x00,0x00,0x00,0x00,0x00,0x00,0x00,0x00,0x00,
    0x00,0x00,0x00,0x00,0x00,0x00,0x00,0x00,0x00,0x00,0x00,0x00,0x00,0x00,0x00,0x00,0x00,0x00,0x00,0x00,0x00,0x00,0x00,0x00,0x00,0x00,0x00,0x00,0x00,0x00,0x00,0x00,
    0x00,0x00,0x00,0x00,0x00,0x00,0x00,0x00,0x00,0x00,0x00,0x00,0x00,0x00,0x00,0x00,0x00,0x00,0x00,0x00,0x00,0x00,0x00,0x00,0x00,0x00,0x00,0x00,0x00,0x00,0x00,0x00,
    0x00,0x00,0x00,0x00,0x00,0x00,0x00,0x00,0x00,0x00,0x00,0x00,0x00,0x00,0x00,0x00,0x00,0x00,0x00,0x00,0x00,0x00,0x00,0x00,0x00,0x00,0x00,0x00,0x00,0x00,0x00,0x00,
    0x00,0x00,0x00,0x00,0x00,0x00,0x00,0x00,0x00,0x00,0x00,0x00,0x00,0x00,0x00,0x00,0x00,0x00,0x00,0x00,0x00,0x00,0x00,0x00,0x00,0x00,0x00,0x00,0x00,0x00,0x00,0x00,
    0x00,0x00,0x00,0x00,0x00,0x00,0x00,0x00,0x00,0x00,0x00,0x00,0x00,0x00,0x00,0x00,0x00,0x00,0x00,0x00,0x00,0x00,0x00,0x00,0x00,0x00,0x00,0x00,0x00,0x00,0x00,0x00,
    0x00,0x00,0x00,0x00,0x00,0x00,0x00,0x00,0x00,0x00,0x00,0x00,0x00,0x00,0x00,0x00,0x00,0x00,0x00,0x00,0x00,0x00,0x00,0x00,0x00,0x00,0x00,0x00,0x00,0x00,0x00,0x00,
    0x00,0x00,0x00,0x00,0x00,0x00,0x00,0x00,0x00,0x00,0x00,0x00,0x00,0x00,0x00,0x00,0x00,0x00,0x00,0x00,0x00,0x00,0x00,0x00,0x00,0x00,0x00,0x00,0x00,0x00,0x00,0x00,
    0x00,0x00,0x00,0x00,0x00,0x00,0x00,0x00,0x00,0x00,0x00,0x00,0x00,0x00,0x00,0x00,0x00,0x00,0x00,0x00,0x00,0x00,0x00,0x00,0x00,0x00,0x00,0x00,0x00,0x00,0x00,0x00,
    0x00,0x00,0x00,0x00,0x00,0x00,0x00,0x00,0x00,0x00,0x00,0x00,0x00,0x00,0x00,0x00,0x00,0x00,0x00,0x00,0x00,0x00,0x00,0x00,0x00,0x00,0x00,0x00,0x00,0x00,0x00,0x00,
    0x00,0x00,0x00,0x00,0x00,0x00,0x00,0x00,0x00,0x00,0x00,0x00,0x00,0x00,0x00,0x00,0x00,0x00,0x00,0x00,0x00,0x00,0x00,0x00,0x00,0x00,0x00,0x00,0x00,0x00,0x00,0x00,
    0x00,0x00,0x00,0x00,0x00,0x00,0x00,0x00,0x00,0x00,0x00,0x00,0x00,0x00,0x00,0x00,0x00,0x00,0x00,0x00,0x00,0x00,0x00,0x00,0x00,0x00,0x00,0x00,0x00,0x00,0x00,0x00,
    0x00,0x00,0x00,0x00,0x00,0x00,0x00,0x00,0x00,0x00,0x00,0x00,0x00,0x00,0x00,0x00,0x00,0x00,0x00,0x00,0x00,0x00,0x00,0x00,0x00,0x00,0x00,0x00,0x00,0x00,0x00,0x00,
    0x00,0x00,0x00,0x00,0x00,0x00,0x00,0x00,0x00,0x00,0x00,0x00,0x00,0x00,0x00,0x00,0x00,0x00,0x00,0x00,0x00,0x00,0x00,0x00,0x00,0x00,0x00,0x00,0x00,0x00,0x00,0x00,
    0x00,0x00,0x00,0x00,0x00,0x00,0x00,0x00,0x00,0x00,0x00,0x00,0x00,0x00,0x00,0x00,0x00,0x00,0x00,0x00,0x00,0x00,0x00,0x00,0x00,0x00,0x00,0x00,0x00,0x00,0x00,0x00,
    0x00,0x00,0x00,0x00,0x00,0x00,0x00,0x00,0x00,0x00,0x00,0x00,0x00,0x00,0x00,0x00,0x00,0x00,0x00,0x00,0x00,0x00,0x00,0x00,0x00,0x00,0x00,0x00,0x00,0x00,0x00,0x00,
    0x00,0x00,0x00,0x00,0x00,0x00,0x00,0x00,0x00,0x00,0x00,0x00,0x00,0x00,0x00,0x00,0x00,0x00,0x00,0x00,0x00,0x00,0x00,0x00,0x00,0x00,0x00,0x00,0x00,0x00,0x00,0x00,
    0x00,0x00,0x00,0x00,0x00,0x00,0x00,0x00,0x00,0x00,0x00,0x00,0x00,0x00,0x00,0x00,0x00,0x00,0x00,0x00,0x00,0x00,0x00,0x00,0x00,0x00,0x00,0x00,0x00,0x00,0x00,0x00,
    0x00,0x00,0x00,0x00,0x00,0x00,0x00,0x00,0x00,0x00,0x00,0x00,0x00,0x00,0x00,0x00,0x00,0x00,0x00,0x00,0x00,0x00,0x00,0x00,0x00,0x00,0x00,0x00,0x00,0x00,0x00,0x00,
    0x00,0x00,0x00,0x00,0x00,0x00,0x00,0x00,0x00,0x00,0x00,0x00,0x00,0x00,0x00,0x00,0x00,0x00,0x00,0x00,0x00,0x00,0x00,0x00,0x00,0x00,0x00,0x00,0x00,0x00,0x00,0x00,
    0x00,0x00,0x00,0x00,0x00,0x00,0x00,0x00,0x00,0x00,0x00,0x00,0x00,0x00,0x00,0x00,0x00,0x00,0x00,0x00,0x00,0x00,0x00,0x00,0x00,0x00,0x00,0x00,0x00,0x00,0x00,0x00,
    0x00,0x00,0x00,0x00,0x00,0x00,0x00,0x00,0x00,0x00,0x00,0x00,0x00,0x00,0x00,0x00,0x00,0x00,0x00,0x00,0x00,0x00,0x00,0x00,0x00,0x00,0x00,0x00,0x00,0x00,0x00,0x00,
    0x00,0x00,0x00,0x00,0x00,0x00,0x00,0x00,0x00,0x00,0x00,0x00,0x00,0x00,0x00,0x00,0x00,0x00,0x00,0x00,0x00,0x00,0x00,0x00,0x00,0x00,0x00,0x00,0x00,0x00,0x00,0x00,
    0x00,0x00,0x00,0x00,0x00,0x00,0x00,0x00,0x00,0x00,0x00,0x00,0x00,0x00,0x00,0x00,0x00,0x00,0x00,0x00,0x00,0x00,0x00,0x00,0x00,0x00,0x00,0x00,0x00,0x00,0x00,0x00,
    0x00,0x00,0x00,0x00,0x00,0x00,0x00,0x00,0x00,0x00,0x00,0x00,0x00,0x00,0x00,0x00,0x00,0x00,0x00,0x00,0x00,0x00,0x00,0x00,0x00,0x00,0x00,0x00,0x00,0x00,0x00,0x00,
    0x00,0x00,0x00,0x00,0x00,0x00,0x00,0x00,0x00,0x00,0x00,0x00,0x00,0x00,0x00,0x00,0x00,0x00,0x00,0x00,0x00,0x00,0x00,0x00,0x00,0x00,0x00,0x00,0x00,0x00,0x00,0x00,
    0x00,0x00,0x00,0x00,0x00,0x00,0x00,0x00,0x00,0x00,0x00,0x00,0x00,0x00,0x00,0x00,0x00,0x00,0x00,0x00,0x00,0x00,0x00,0x00,0x00,0x00,0x00,0x00,0x00,0x00,0x00,0x00,
    0x00,0x00,0x00,0x00,0x00,0x00,0x00,0x00,0x00,0x00,0x00,0x00,0x00,0x00,0x00,0x00,0x00,0x00,0x00,0x00,0x00,0x00,0x00,0x00,0x00,0x00,0x00,0x00,0x00,0x00,0x00,0x00,
    0x00,0x00,0x00,0x00,0x00,0x00,0x00,0x00,0x00,0x00,0x00,0x00,0x00,0x00,0x00,0x00,0x00,0x00,0x00,0x00,0x00,0x00,0x00,0x00,0x00,0x00,0x00,0x00,0x00,0x00,0x00,0x00,
    0x00,0x00,0x00,0x00,0x00,0x00,0x00,0x00,0x00,0x00,0x00,0x00,0x00,0x00,0x00,0x00,0x00,0x00,0x00,0x00,0x00,0x00,0x00,0x00,0x00,0x00,0x00,0x00,0x00,0x00,0x00,0x00,
    0x00,0x00,0x00,0x00,0x00,0x00,0x00,0x00,0x00,0x00,0x00,0x00,0x00,0x00,0x00,0x00,0x00,0x00,0x00,0x00,0x00,0x00,0x00,0x00,0x00,0x00,0x00,0x00,0x00,0x00,0x00,0x00,
    0x00,0x00,0x00,0x00,0x00,0x00,0x00,0x00,0x00,0x00,0x00,0x00,0x00,0x00,0x00,0x00,0x00,0x00,0x00,0x00,0x00,0x00,0x00,0x00,0x00,0x00,0x00,0x00,0x00,0x00,0x00,0x00,
    0x00,0x00,0x00,0x00,0x00,0x00,0x00,0x00,0x00,0x00,0x00,0x00,0x00,0x00,0x00,0x00,0x00,0x00,0x00,0x00,0x00,0x00,0x00,0x00,0x00,0x00,0x00,0x00,0x00,0x00,0x00,0x00,
    0x00,0x00,0x00,0x00,0x00,0x00,0x00,0x00,0x00,0x00,0x00,0x00,0x00,0x00,0x00,0x00,0x00,0x00,0x00,0x00,0x00,0x00,0x00,0x00,0x00,0x00,0x00,0x00,0x00,0x00,0x00,0x00,
    0x00,0x00,0x00,0x00,0x00,0x00,0x00,0x00,0x00,0x00,0x00,0x00,0x00,0x00,0x00,0x00,0x00,0x00,0x00,0x00,0x00,0x00,0x00,0x00,0x00,0x00,0x00,0x00,0x00,0x00,0x00,0x00,
    0x00,0x00,0x00,0x00,0x00,0x00,0x00,0x00,0x00,0x00,0x00,0x00,0x00,0x00,0x00,0x00,0x00,0x00,0x00,0x00,0x00,0x00,0x00,0x00,0x00,0x00,0x00,0x00,0x00,0x00,0x00,0x00,
    0x00,0x00,0x00,0x00,0x00,0x00,0x00,0x00,0x00,0x00,0x00,0x00,0x00,0x00,0x00,0x00,0x00,0x00,0x00,0x00,0x00,0x00,0x00,0x00,0x00,0x00,0x00,0x00,0x00,0x00,0x00,0x00,
    0x00,0x00,0x00,0x00,0x00,0x00,0x00,0x00,0x00,0x00,0x00,0x00,0x00,0x00,0x00,0x00,0x00,0x00,0x00,0x00,0x00,0x00,0x00,0x00,0x00,0x00,0x00,0x00,0x00,0x00,0x00,0x00,
    0x00,0x00,0x00,0x00,0x00,0x00,0x00,0x00,0x00,0x00,0x00,0x00,0x00,0x00,0x00,0x00,0x00,0x00,0x00,0x00,0x00,0x00,0x00,0x00,0x00,0x00,0x00,0x00,0x00,0x00,0x00,0x00,
    0x00,0x00,0x00,0x00,0x00,0x00,0x00,0x00,0x00,0x00,0x00,0x00,0x00,0x00,0x00,0x00,0x00,0x00,0x00,0x00,0x00,0x00,0x00,0x00,0x00,0x00,0x00,0x00,0x00,0x00,0x00,0x00,
    0x00,0x00,0x00,0x00,0x00,0x00,0x00,0x00,0x00,0x00,0x00,0x00,0x00,0x00,0x00,0x00,0x00,0x00,0x00,0x00,0x00,0x00,0x00,0x00,0x00,0x00,0x00,0x00,0x00,0x00,0x00,0x00,
    0x00,0x00,0x00,0x00,0x00,0x00,0x00,0x00,0x00,0x00,0x00,0x00,0x00,0x00,0x00,0x00,0x00,0x00,0x00,0x00,0x00,0x00,0x00,0x00,0x00,0x00,0x00,0x00,0x00,0x00,0x00,0x00,
    0x00,0x00,0x00,0x00,0x00,0x00,0x00,0x00,0x00,0x00,0x00,0x00,0x00,0x00,0x00,0x00,0x00,0x00,0x00,0x00,0x00,0x00,0x00,0x00,0x00,0x00,0x00,0x00,0x00,0x00,0x00,0x00,
    0x00,0x00,0x00,0x00,0x00,0x00,0x00,0x00,0x00,0x00,0x00,0x00,0x00,0x00,0x00,0x00,0x00,0x00,0x00,0x00,0x00,0x00,0x00,0x00,0x00,0x00,0x00,0x00,0x00,0x00,0x00,0x00,
    0x00,0x00,0x00,0x00,0x00,0x00,0x00,0x00,0x00,0x00,0x00,0x00,0x00,0x00,0x00,0x00,0x00,0x00,0x00,0x00,0x00,0x00,0x00,0x00,0x00,0x00,0x00,0x00,0x00,0x00,0x00,0x00,
    0x00,0x00,0x00,0x00,0x00,0x00,0x00,0x00,0x00,0x00,0x00,0x00,0x00,0x00,0x00,0x00,0x00,0x00,0x00,0x00,0x00,0x00,0x00,0x00,0x00,0x00,0x00,0x00,0x00,0x00,0x00,0x00,
    0x00,0x00,0x00,0x00,0x00,0x00,0x00,0x00,0x00,0x00,0x00,0x00,0x00,0x00,0x00,0x00,0x00,0x00,0x00,0x00,0x00,0x00,0x00,0x00,0x00,0x00,0x00,0x00,0x00,0x00,0x00,0x00,
    0x00,0x00,0x00,0x00,0x00,0x00,0x00,0x00,0x00,0x00,0x00,0x00,0x00,0x00,0x00,0x00,0x00,0x00,0x00,0x00,0x00,0x00,0x00,0x00,0x00,0x00,0x00,0x00,0x00,0x00,0x00,0x00,
    0x00,0x00,0x00,0x00,0x00,0x00,0x00,0x00,0x00,0x00,0x00,0x00,0x00,0x00,0x00,0x00,0x00,0x00,0x00,0x00,0x00,0x00,0x00,0x00,0x00,0x00,0x00,0x00,0x00,0x00,0x00,0x00,
    0x00,0x00,0x00,0x00,0x00,0x00,0x00,0x00,0x00,0x00,0x00,0x00,0x00,0x00,0x00,0x00,0x00,0x00,0x00,0x00,0x00,0x00,0x00,0x00,0x00,0x00,0x00,0x00,0x00,0x00,0x00,0x00,
    0x00,0x00,0x00,0x00,0x00,0x00,0x00,0x00,0x00,0x00,0x00,0x00,0x00,0x00,0x00,0x00,0x00,0x00,0x00,0x00,0x00,0x00,0x00,0x00,0x00,0x00,0x00,0x00,0x00,0x00,0x00,0x00,
    0x00,0x00,0x00,0x00,0x00,0x00,0x00,0x00,0x00,0x00,0x00,0x00,0x00,0x00,0x00,0x00,0x00,0x00,0x00,0x00,0x00,0x00,0x00,0x00,0x00,0x00,0x00,0x00,0x00,0x00,0x00,0x00,
    0x00,0x00,0x00,0x00,0x00,0x00,0x00,0x00,0x00,0x00,0x00,0x00,0x00,0x00,0x00,0x00,0x00,0x00,0x00,0x00,0x00,0x00,0x00,0x00,0x00,0x00,0x00,0x00,0x00,0x00,0x00,0x00,
    0x00,0x00,0x00,0x00,0x00,0x00,0x00,0x00,0x00,0x00,0x00,0x00,0x00,0x00,0x00,0x00,0x00,0x00,0x00,0x00,0x00,0x00,0x00,0x00,0x00,0x00,0x00,0x00,0x00,0x00,0x00,0x00,
    0x00,0x00,0x00,0x00,0x00,0x00,0x00,0x00,0x00,0x00,0x00,0x00,0x00,0x00,0x00,0x00,0x00,0x00,0x00,0x00,0x00,0x00,0x00,0x00,0x00,0x00,0x00,0x00,0x00,0x00,0x00,0x00,
    0x00,0x00,0x00,0x00,0x00,0x00,0x00,0x00,0x00,0x00,0x00,0x00,0x00,0x00,0x00,0x00,0x00,0x00,0x00,0x00,0x00,0x00,0x00,0x00,0x00,0x00,0x00,0x00,0x00,0x00,0x00,0x00,
    0x00,0x00,0x00,0x00,0x00,0x00,0x00,0x00,0x00,0x00,0x00,0x00,0x00,0x00,0x00,0x00,0x00,0x00,0x00,0x00,0x00,0x00,0x00,0x00,0x00,0x00,0x00,0x00,0x00,0x00,0x00,0x00,
    0x00,0x00,0x00,0x00,0x00,0x00,0x00,0x00,0x00,0x00,0x00,0x00,0x00,0x00,0x00,0x00,0x00,0x00,0x00,0x00,0x00,0x00,0x00,0x00,0x00,0x00,0x00,0x00,0x00,0x00,0x00,0x00,
    0x00,0x00,0x00,0x00,0x00,0x00,0x00,0x00,0x00,0x00,0x00,0x00,0x00,0x00,0x00,0x00,0x00,0x00,0x00,0x00,0x00,0x00,0x00,0x00,0x00,0x00,0x00,0x00,0x00,0x00,0x00,0x00,
    0x00,0x00,0x00,0x00,0x00,0x00,0x00,0x00,0x00,0x00,0x00,0x00,0x00,0x00,0x00,0x00,0x00,0x00,0x00,0x00,0x00,0x00,0x00,0x00,0x00,0x00,0x00,0x00,0x00,0x00,0x00,0x00,
    0x00,0x00,0x00,0x00,0x00,0x00,0x00,0x00,0x00,0x00,0x00,0x00,0x00,0x00,0x00,0x00,0x00,0x00,0x00,0x00,0x00,0x00,0x00,0x00,0x00,0x00,0x00,0x00,0x00,0x00,0x00,0x00,
    0x00,0x00,0x00,0x00,0x00,0x00,0x00,0x00,0x00,0x00,0x00,0x00,0x00,0x00,0x00,0x00,0x00,0x00,0x00,0x00,0x00,0x00,0x00,0x00,0x00,0x00,0x00,0x00,0x00,0x00,0x00,0x00,
    0x00,0x00,0x00,0x00,0x00,0x00,0x00,0x00,0x00,0x00,0x00,0x00,0x00,0x00,0x00,0x00,0x00,0x00,0x00,0x00,0x00,0x00,0x00,0x00,0x00,0x00,0x00,0x00,0x00,0x00,0x00,0x00,
    0x00,0x00,0x00,0x00,0x00,0x00,0x00,0x00,0x00,0x00,0x00,0x00,0x00,0x00,0x00,0x00,0x00,0x00,0x00,0x00,0x00,0x00,0x00,0x00,0x00,0x00,0x00,0x00,0x00,0x00,0x00,0x00,
    0x00,0x00,0x00,0x00,0x00,0x00,0x00,0x00,0x00,0x00,0x00,0x00,0x00,0x00,0x00,0x00,0x00,0x00,0x00,0x00,0x00,0x00,0x00,0x00,0x00,0x00,0x00,0x00,0x00,0x00,0x00,0x00,
    0x00,0x00,0x00,0x00,0x00,0x00,0x00,0x00,0x00,0x00,0x00,0x00,0x00,0x00,0x00,0x00,0x00,0x00,0x00,0x00,0x00,0x00,0x00,0x00,0x00,0x00,0x00,0x00,0x00,0x00,0x00,0x00,
    0x00,0x00,0x00,0x00,0x00,0x00,0x00,0x00,0x00,0x00,0x00,0x00,0x00,0x00,0x00,0x00,0x00,0x00,0x00,0x00,0x00,0x00,0x00,0x00,0x00,0x00,0x00,0x00,0x00,0x00,0x00,0x00,
    0x00,0x00,0x00,0x00,0x00,0x00,0x00,0x00,0x00,0x00,0x00,0x00,0x00,0x00,0x00,0x00,0x00,0x00,0x00,0x00,0x00,0x00,0x00,0x00,0x00,0x00,0x00,0x00,0x00,0x00,0x00,0x00,
    0x00,0x00,0x00,0x00,0x00,0x00,0x00,0x00,0x00,0x00,0x00,0x00,0x00,0x00,0x00,0x00,0x00,0x00,0x00,0x00,0x00,0x00,0x00,0x00,0x00,0x00,0x00,0x00,0x00,0x00,0x00,0x00,
    0x00,0x00,0x00,0x00,0x00,0x00,0x00,0x00,0x00,0x00,0x00,0x00,0x00,0x00,0x00,0x00,0x00,0x00,0x00,0x00,0x00,0x00,0x00,0x00,0x00,0x00,0x00,0x00,0x00,0x00,0x00,0x00,
    0x00,0x00,0x00,0x00,0x00,0x00,0x00,0x00,0x00,0x00,0x00,0x00,0x00,0x00,0x00,0x00,0x00,0x00,0x00,0x00,0x00,0x00,0x00,0x00,0x00,0x00,0x00,0x00,0x00,0x00,0x00,0x00,
    0x00,0x00,0x00,0x00,0x00,0x00,0x00,0x00,0x00,0x00,0x00,0x00,0x00,0x00,0x00,0x00,0x00,0x00,0x00,0x00,0x00,0x00,0x00,0x00,0x00,0x00,0x00,0x00,0x00,0x00,0x00,0x00,
    0x00,0x00,0x00,0x00,0x00,0x00,0x00,0x00,0x00,0x00,0x00,0x00,0x00,0x00,0x00,0x00,0x00,0x00,0x00,0x00,0x00,0x00,0x00,0x00,0x00,0x00,0x00,0x00,0x00,0x00,0x00,0x00,
    0x00,0x00,0x00,0x00,0x00,0x00,0x00,0x00,0x00,0x00,0x00,0x00,0x00,0x00,0x00,0x00,0x00,0x00,0x00,0x00,0x00,0x00,0x00,0x00,0x00,0x00,0x00,0x00,0x00,0x00,0x00,0x00,
    0x00,0x00,0x00,0x00,0x00,0x00,0x00,0x00,0x00,0x00,0x00,0x00,0x00,0x00,0x00,0x00,0x00,0x00,0x00,0x00,0x00,0x00,0x00,0x00,0x00,0x00,0x00,0x00,0x00,0x00,0x00,0x00,
    0x00,0x00,0x00,0x00,0x00,0x00,0x00,0x00,0x00,0x00,0x00,0x00,0x00,0x00,0x00,0x00,0x00,0x00,0x00,0x00,0x00,0x00,0x00,0x00,0x00,0x00,0x00,0x00,0x00,0x00,0x00,0x00,
    0x00,0x00,0x00,0x00,0x00,0x00,0x00,0x00,0x00,0x00,0x00,0x00,0x00,0x00,0x00,0x00,0x00,0x00,0x00,0x00,0x00,0x00,0x00,0x00,0x00,0x00,0x00,0x00,0x00,0x00,0x00,0x00,
    0x00,0x00,0x00,0x00,0x00,0x00,0x00,0x00,0x00,0x00,0x00,0x00,0x00,0x00,0x00,0x00,0x00,0x00,0x00,0x00,0x00,0x00,0x00,0x00,0x00,0x00,0x00,0x00,0x00,0x00,0x00,0x00,
    0x00,0x00,0x00,0x00,0x00,0x00,0x00,0x00,0x00,0x00,0x00,0x00,0x00,0x00,0x00,0x00,0x00,0x00,0x00,0x00,0x00,0x00,0x00,0x00,0x00,0x00,0x00,0x00,0x00,0x00,0x00,0x00,
    0x00,0x00,0x00,0x00,0x00,0x00,0x00,0x00,0x00,0x00,0x00,0x00,0x00,0x00,0x00,0x00,0x00,0x00,0x00,0x00,0x00,0x00,0x00,0x00,0x00,0x00,0x00,0x00,0x00,0x00,0x00,0x00,
    0x00,0x00,0x00,0x00,0x00,0x00,0x00,0x00,0x00,0x00,0x00,0x00,0x00,0x00,0x00,0x00,0x00,0x00,0x00,0x00,0x00,0x00,0x00,0x00,0x00,0x00,0x00,0x00,0x00,0x00,0x00,0x00,
    0x00,0x00,0x00,0x00,0x00,0x00,0x00,0x00,0x00,0x00,0x00,0x00,0x00,0x00,0x00,0x00,0x00,0x00,0x00,0x00,0x00,0x00,0x00,0x00,0x00,0x00,0x00,0x00,0x00,0x00,0x00,0x00,
    0x00,0x00,0x00,0x00,0x00,0x00,0x00,0x00,0x00,0x00,0x00,0x00,0x00,0x00,0x00,0x00,0x00,0x00,0x00,0x00,0x00,0x00,0x00,0x00,0x00,0x00,0x00,0x00,0x00,0x00,0x00,0x00,
    0x00,0x00,0x00,0x00,0x00,0x00,0x00,0x00,0x00,0x00,0x00,0x00,0x00,0x00,0x00,0x00,0x00,0x00,0x00,0x00,0x00,0x00,0x00,0x00,0x00,0x00,0x00,0x00,0x00,0x00,0x00,0x00,
    0x00,0x00,0x00,0x00,0x00,0x00,0x00,0x00,0x00,0x00,0x00,0x00,0x00,0x00,0x00,0x00,0x00,0x00,0x00,0x00,0x00,0x00,0x00,0x00,0x00,0x00,0x00,0x00,0x00,0x00,0x00,0x00,
    0x00,0x00,0x00,0x00,0x00,0x00,0x00,0x00,0x00,0x00,0x00,0x00,0x00,0x00,0x00,0x00,0x00,0x00,0x00,0x00,0x00,0x00,0x00,0x00,0x00,0x00,0x00,0x00,0x00,0x00,0x00,0x00,
    0x00,0x00,0x00,0x00,0x00,0x00,0x00,0x00,0x00,0x00,0x00,0x00,0x00,0x00,0x00,0x00,0x00,0x00,0x00,0x00,0x00,0x00,0x00,0x00,0x00,0x00,0x00,0x00,0x00,0x00,0x00,0x00,
    0x00,0x00,0x00,0x00,0x00,0x00,0x00,0x00,0x00,0x00,0x00,0x00,0x00,0x00,0x00,0x00,0x00,0x00,0x00,0x00,0x00,0x00,0x00,0x00,0x00,0x00,0x00,0x00,0x00,0x00,0x00,0x00,
    0x00,0x00,0x00,0x00,0x00,0x00,0x00,0x00,0x00,0x00,0x00,0x00,0x00,0x00,0x00,0x00,0x00,0x00,0x00,0x00,0x00,0x00,0x00,0x00,0x00,0x00,0x00,0x00,0x00,0x00,0x00,0x00,
    0x00,0x00,0x00,0x00,0x00,0x00,0x00,0x00,0x00,0x00,0x00,0x00,0x00,0x00,0x00,0x00,0x00,0x00,0x00,0x00,0x00,0x00,0x00,0x00,0x00,0x00,0x00,0x00,0x00,0x00,0x00,0x00,
    0x00,0x00,0x00,0x00,0x00,0x00,0x00,0x00,0x00,0x00,0x00,0x00,0x00,0x00,0x00,0x00,0x00,0x00,0x00,0x00,0x00,0x00,0x00,0x00,0x00,0x00,0x00,0x00,0x00,0x00,0x00,0x00,
    0x00,0x00,0x00,0x00,0x00,0x00,0x00,0x00,0x00,0x00,0x00,0x00,0x00,0x00,0x00,0x00,0x00,0x00,0x00,0x00,0x00,0x00,0x00,0x00,0x00,0x00,0x00,0x00,0x00,0x00,0x00,0x00,
    0x00,0x00,0x00,0x00,0x00,0x00,0x00,0x00,0x00,0x00,0x00,0x00,0x00,0x00,0x00,0x00,0x00,0x00,0x00,0x00,0x00,0x00,0x00,0x00,0x00,0x00,0x00,0x00,0x00,0x00,0x00,0x00,
    0x00,0x00,0x00,0x00,0x00,0x00,0x00,0x00,0x00,0x00,0x00,0x00,0x00,0x00,0x00,0x00,0x00,0x00,0x00,0x00,0x00,0x00,0x00,0x00,0x00,0x00,0x00,0x00,0x00,0x00,0x00,0x00,
    0x00,0x00,0x00,0x00,0x00,0x00,0x00,0x00,0x00,0x00,0x00,0x00,0x00,0x00,0x00,0x00,0x00,0x00,0x00,0x00,0x00,0x00,0x00,0x00,0x00,0x00,0x00,0x00,0x00,0x00,0x00,0x00,
    0x00,0x00,0x00,0x00,0x00,0x00,0x00,0x00,0x00,0x00,0x00,0x00,0x00,0x00,0x00,0x00,0x00,0x00,0x00,0x00,0x00,0x00,0x00,0x00,0x00,0x00,0x00,0x00,0x00,0x00,0x00,0x00,
    0x00,0x00,0x00,0x00,0x00,0x00,0x00,0x00,0x00,0x00,0x00,0x00,0x00,0x00,0x00,0x00,0x00,0x00,0x00,0x00,0x00,0x00,0x00,0x00,0x00,0x00,0x00,0x00,0x00,0x00,0x00,0x00,
    0x00,0x00,0x00,0x00,0x00,0x00,0x00,0x00,0x00,0x00,0x00,0x00,0x00,0x00,0x00,0x00,0x00,0x00,0x00,0x00,0x00,0x00,0x00,0x00,0x00,0x00,0x00,0x00,0x00,0x00,0x00,0x00,
    0x00,0x00,0x00,0x00,0x00,0x00,0x00,0x00,0x00,0x00,0x00,0x00,0x00,0x00,0x00,0x00,0x00,0x00,0x00,0x00,0x00,0x00,0x00,0x00,0x00,0x00,0x00,0x00,0x00,0x00,0x00,0x00,
    0x00,0x00,0x00,0x00,0x00,0x00,0x00,0x00,0x00,0x00,0x00,0x00,0x00,0x00,0x00,0x00,0x00,0x00,0x00,0x00,0x00,0x00,0x00,0x00,0x00,0x00,0x00,0x00,0x00,0x00,0x00,0x00,
    0x00,0x00,0x00,0x00,0x00,0x00,0x00,0x00,0x00,0x00,0x00,0x00,0x00,0x00,0x00,0x00,0x00,0x00,0x00,0x00,0x00,0x00,0x00,0x00,0x00,0x00,0x00,0x00,0x00,0x00,0x00,0x00,
    0x00,0x00,0x00,0x00,0x00,0x00,0x00,0x00,0x00,0x00,0x00,0x00,0x00,0x00,0x00,0x00,0x00,0x00,0x00,0x00,0x00,0x00,0x00,0x00,0x00,0x00,0x00,0x00,0x00,0x00,0x00,0x00,
    0x00,0x00,0x00,0x00,0x00,0x00,0x00,0x00,0x00,0x00,0x00,0x00,0x00,0x00,0x00,0x00,0x00,0x00,0x00,0x00,0x00,0x00,0x00,0x00,0x00,0x00,0x00,0x00,0x00,0x00,0x00,0x00,
    0x00,0x00,0x00,0x00,0x00,0x00,0x00,0x00,0x00,0x00,0x00,0x00,0x00,0x00,0x00,0x00,0x00,0x00,0x00,0x00,0x00,0x00,0x00,0x00,0x00,0x00,0x00,0x00,0x00,0x00,0x00,0x00,
    0x00,0x00,0x00,0x00,0x00,0x00,0x00,0x00,0x00,0x00,0x00,0x00,0x00,0x00,0x00,0x00,0x00,0x00,0x00,0x00,0x00,0x00,0x00,0x00,0x00,0x00,0x00,0x00,0x00,0x00,0x00,0x00,
    0x00,0x00,0x00,0x00,0x00,0x00,0x00,0x00,0x00,0x00,0x00,0x00,0x00,0x00,0x00,0x00,0x00,0x00,0x00,0x00,0x00,0x00,0x00,0x00,0x00,0x00,0x00,0x00,0x00,0x00,0x00,0x00,
    0x00,0x00,0x00,0x00,0x00,0x00,0x00,0x00,0x00,0x00,0x00,0x00,0x00,0x00,0x00,0x00,0x00,0x00,0x00,0x00,0x00,0x00,0x00,0x00,0x00,0x00,0x00,0x00,0x00,0x00,0x00,0x00,
    0x00,0x00,0x00,0x00,0x00,0x00,0x00,0x00,0x00,0x00,0x00,0x00,0x00,0x00,0x00,0x00,0x00,0x00,0x00,0x00,0x00,0x00,0x00,0x00,0x00,0x00,0x00,0x00,0x00,0x00,0x00,0x00,
    0x00,0x00,0x00,0x00,0x00,0x00,0x00,0x00,0x00,0x00,0x00,0x00,0x00,0x00,0x00,0x00,0x00,0x00,0x00,0x00,0x00,0x00,0x00,0x00,0x00,0x00,0x00,0x00,0x00,0x00,0x00,0x00,
    0x00,0x00,0x00,0x00,0x00,0x00,0x00,0x00,0x00,0x00,0x00,0x00,0x00,0x00,0x00,0x00,0x00,0x00,0x00,0x00,0x00,0x00,0x00,0x00,0x00,0x00,0x00,0x00,0x00,0x00,0x00,0x00,
    0x00,0x00,0x00,0x00,0x00,0x00,0x00,0x00,0x00,0x00,0x00,0x00,0x00,0x00,0x00,0x00,0x00,0x00,0x00,0x00,0x00,0x00,0x00,0x00,0x00,0x00,0x00,0x00,0x00,0x00,0x00,0x00,
    0x00,0x00,0x00,0x00,0x00,0x00,0x00,0x00,0x00,0x00,0x00,0x00,0x00,0x00,0x00,0x00,0x00,0x00,0x00,0x00,0x00,0x00,0x00,0x00,0x00,0x00,0x00,0x00,0x00,0x00,0x00,0x00,
    0x00,0x00,0x00,0x00,0x00,0x00,0x00,0x00,0x00,0x00,0x00,0x00,0x00,0x00,0x00,0x00,0x00,0x00,0x00,0x00,0x00,0x00,0x00,0x00,0x00,0x00,0x00,0x00,0x00,0x00,0x00,0x00,
    0x00,0x00,0x00,0x00,0x00,0x00,0x00,0x00,0x00,0x00,0x00,0x00,0x00,0x00,0x00,0x00,0x00,0x00,0x00,0x00,0x00,0x00,0x00,0x00,0x00,0x00,0x00,0x00,0x00,0x00,0x00,0x00,
    0x00,0x00,0x00,0x00,0x00,0x00,0x00,0x00,0x00,0x00,0x00,0x00,0x00,0x00,0x00,0x00,0x00,0x00,0x00,0x00,0x00,0x00,0x00,0x00,0x00,0x00,0x00,0x00,0x00,0x00,0x00,0x00,
    0x00,0x00,0x00,0x00,0x00,0x00,0x00,0x00,0x00,0x00,0x00,0x00,0x00,0x00,0x00,0x00,0x00,0x00,0x00,0x00,0x00,0x00,0x00,0x00,0x00,0x00,0x00,0x00,0x00,0x00,0x00,0x00,
    0x00,0x00,0x00,0x00,0x00,0x00,0x00,0x00,0x00,0x00,0x00,0x00,0x00,0x00,0x00,0x00,0x00,0x00,0x00,0x00,0x00,0x00,0x00,0x00,0x00,0x00,0x00,0x00,0x00,0x00,0x00,0x00,
    0x00,0x00,0x00,0x00,0x00,0x00,0x00,0x00,0x00,0x00,0x00,0x00,0x00,0x00,0x00,0x00,0x00,0x00,0x00,0x00,0x00,0x00,0x00,0x00,0x00,0x00,0x00,0x00,0x00,0x00,0x00,0x00,
    0x00,0x00,0x00,0x00,0x00,0x00,0x00,0x00,0x00,0x00,0x00,0x00,0x00,0x00,0x00,0x00,0x00,0x00,0x00,0x00,0x00,0x00,0x00,0x00,0x00,0x00,0x00,0x00,0x00,0x00,0x00,0x00,
    0x00,0x00,0x00,0x00,0x00,0x00,0x00,0x00,0x00,0x00,0x00,0x00,0x00,0x00,0x00,0x00,0x00,0x00,0x00,0x00,0x00,0x00,0x00,0x00,0x00,0x00,0x00,0x00,0x00,0x00,0x00,0x00,
    0x00,0x00,0x00,0x00,0x00,0x00,0x00,0x00,0x00,0x00,0x00,0x00,0x00,0x00,0x00,0x00,0x00,0x00,0x00,0x00,0x00,0x00,0x00,0x00,0x00,0x00,0x00,0x00,0x00,0x00,0x00,0x00,
    0x00,0x00,0x00,0x00,0x00,0x00,0x00,0x00,0x00,0x00,0x00,0x00,0x00,0x00,0x00,0x00,0x00,0x00,0x00,0x00,0x00,0x00,0x00,0x00,0x00,0x00,0x00,0x00,0x00,0x00,0x00,0x00,
    0x00,0x00,0x00,0x00,0x00,0x00,0x00,0x00,0x00,0x00,0x00,0x00,0x00,0x00,0x00,0x00,0x00,0x00,0x00,0x00,0x00,0x00,0x00,0x00,0x00,0x00,0x00,0x00,0x00,0x00,0x00,0x00,
    0x00,0x00,0x00,0x00,0x00,0x00,0x00,0x00,0x00,0x00,0x00,0x00,0x00,0x00,0x00,0x00,0x00,0x00,0x00,0x00,0x00,0x00,0x00,0x00,0x00,0x00,0x00,0x00,0x00,0x00,0x00,0x00,
    0x00,0x00,0x00,0x00,0x00,0x00,0x00,0x00,0x00,0x00,0x00,0x00,0x00,0x00,0x00,0x00,0x00,0x00,0x00,0x00,0x00,0x00,0x00,0x00,0x00,0x00,0x00,0x00,0x00,0x00,0x00,0x00,
    0x00,0x00,0x00,0x00,0x00,0x00,0x00,0x00,0x00,0x00,0x00,0x00,0x00,0x00,0x00,0x00,0x00,0x00,0x00,0x00,0x00,0x00,0x00,0x00,0x00,0x00,0x00,0x00,0x00,0x00,0x00,0x00,
    0x00,0x00,0x00,0x00,0x00,0x00,0x00,0x00,0x00,0x00,0x00,0x00,0x00,0x00,0x00,0x00,0x00,0x00,0x00,0x00,0x00,0x00,0x00,0x00,0x00,0x00,0x00,0x00,0x00,0x00,0x00,0x00,
    0x00,0x00,0x00,0x00,0x00,0x00,0x00,0x00,0x00,0x00,0x00,0x00,0x00,0x00,0x00,0x00,0x00,0x00,0x00,0x00,0x00,0x00,0x00,0x00,0x00,0x00,0x00,0x00,0x00,0x00,0x00,0x00,
    0x00,0x00,0x00,0x00,0x00,0x00,0x00,0x00,0x00,0x00,0x00,0x00,0x00,0x00,0x00,0x00,0x00,0x00,0x00,0x00,0x00,0x00,0x00,0x00,0x00,0x00,0x00,0x00,0x00,0x00,0x00,0x00,
    0x00,0x00,0x00,0x00,0x00,0x00,0x00,0x00,0x00,0x00,0x00,0x00,0x00,0x00,0x00,0x00,0x00,0x00,0x00,0x00,0x00,0x00,0x00,0x00,0x00,0x00,0x00,0x00,0x00,0x00,0x00,0x00,
    0x00,0x00,0x00,0x00,0x00,0x00,0x00,0x00,0x00,0x00,0x00,0x00,0x00,0x00,0x00,0x00,0x00,0x00,0x00,0x00,0x00,0x00,0x00,0x00,0x00,0x00,0x00,0x00,0x00,0x00,0x00,0x00,
    0x00,0x00,0x00,0x00,0x00,0x00,0x00,0x00,0x00,0x00,0x00,0x00,0x00,0x00,0x00,0x00,0x00,0x00,0x00,0x00,0x00,0x00,0x00,0x00,0x00,0x00,0x00,0x00,0x00,0x00,0x00,0x00,
    0x00,0x00,0x00,0x00,0x00,0x00,0x00,0x00,0x00,0x00,0x00,0x00,0x00,0x00,0x00,0x00,0x00,0x00,0x00,0x00,0x00,0x00,0x00,0x00,0x00,0x00,0x00,0x00,0x00,0x00,0x00,0x00,
    0x00,0x00,0x00,0x00,0x00,0x00,0x00,0x00,0x00,0x00,0x00,0x00,0x00,0x00,0x00,0x00,0x00,0x00,0x00,0x00,0x00,0x00,0x00,0x00,0x00,0x00,0x00,0x00,0x00,0x00,0x00,0x00,
    0x00,0x00,0x00,0x00,0x00,0x00,0x00,0x00,0x00,0x00,0x00,0x00,0x00,0x00,0x00,0x00,0x00,0x00,0x00,0x00,0x00,0x00,0x00,0x00,0x00,0x00,0x00,0x00,0x00,0x00,0x00,0x00,
    0x00,0x00,0x00,0x00,0x00,0x00,0x00,0x00,0x00,0x00,0x00,0x00,0x00,0x00,0x00,0x00,0x00,0x00,0x00,0x00,0x00,0x00,0x00,0x00,0x00,0x00,0x00,0x00,0x00,0x00,0x00,0x00,
    0x00,0x00,0x00,0x00,0x00,0x00,0x00,0x00,0x00,0x00,0x00,0x00,0x00,0x00,0x00,0x00,0x00,0x00,0x00,0x00,0x00,0x00,0x00,0x00,0x00,0x00,0x00,0x00,0x00,0x00,0x00,0x00,
    0x00,0x00,0x00,0x00,0x00,0x00,0x00,0x00,0x00,0x00,0x00,0x00,0x00,0x00,0x00,0x00,0x00,0x00,0x00,0x00,0x00,0x00,0x00,0x00,0x00,0x00,0x00,0x00,0x00,0x00,0x00,0x00,
    0x00,0x00,0x00,0x00,0x00,0x00,0x00,0x00,0x00,0x00,0x00,0x00,0x00,0x00,0x00,0x00,0x00,0x00,0x00,0x00,0x00,0x00,0x00,0x00,0x00,0x00,0x00,0x00,0x00,0x00,0x00,0x00,
    0x00,0x00,0x00,0x00,0x00,0x00,0x00,0x00,0x00,0x00,0x00,0x00,0x00,0x00,0x00,0x00,0x00,0x00,0x00,0x00,0x00,0x00,0x00,0x00,0x00,0x00,0x00,0x00,0x00,0x00,0x00,0x00,
    0x00,0x00,0x00,0x00,0x00,0x00,0x00,0x00,0x00,0x00,0x00,0x00,0x00,0x00,0x00,0x00,0x00,0x00,0x00,0x00,0x00,0x00,0x00,0x00,0x00,0x00,0x00,0x00,0x00,0x00,0x00,0x00,
    0x00,0x00,0x00,0x00,0x00,0x00,0x00,0x00,0x00,0x00,0x00,0x00,0x00,0x00,0x00,0x00,0x00,0x00,0x00,0x00,0x00,0x00,0x00,0x00,0x00,0x00,0x00,0x00,0x00,0x00,0x00,0x00,
    0x00,0x00,0x00,0x00,0x00,0x00,0x00,0x00,0x00,0x00,0x00,0x00,0x00,0x00,0x00,0x00,0x00,0x00,0x00,0x00,0x00,0x00,0x00,0x00,0x00,0x00,0x00,0x00,0x00,0x00,0x00,0x00,
    0x00,0x00,0x00,0x00,0x00,0x00,0x00,0x00,0x00,0x00,0x00,0x00,0x00,0x00,0x00,0x00,0x00,0x00,0x00,0x00,0x00,0x00,0x00,0x00,0x00,0x00,0x00,0x00,0x00,0x00,0x00,0x00,
    0x00,0x00,0x00,0x00,0x00,0x00,0x00,0x00,0x00,0x00,0x00,0x00,0x00,0x00,0x00,0x00,0x00,0x00,0x00,0x00,0x00,0x00,0x00,0x00,0x00,0x00,0x00,0x00,0x00,0x00,0x00,0x00,
    0x00,0x00,0x00,0x00,0x00,0x00,0x00,0x00,0x00,0x00,0x00,0x00,0x00,0x00,0x00,0x00,0x00,0x00,0x00,0x00,0x00,0x00,0x00,0x00,0x00,0x00,0x00,0x00,0x00,0x00,0x00,0x00,
    0x00,0x00,0x00,0x00,0x00,0x00,0x00,0x00,0x00,0x00,0x00,0x00,0x00,0x00,0x00,0x00,0x00,0x00,0x00,0x00,0x00,0x00,0x00,0x00,0x00,0x00,0x00,0x00,0x00,0x00,0x00,0x00,
    0x00,0x00,0x00,0x00,0x00,0x00,0x00,0x00,0x00,0x00,0x00,0x00,0x00,0x00,0x00,0x00,0x00,0x00,0x00,0x00,0x00,0x00,0x00,0x00,0x00,0x00,0x00,0x00,0x00,0x00,0x00,0x00,
    0x00,0x00,0x00,0x00,0x00,0x00,0x00,0x00,0x00,0x00,0x00,0x00,0x00,0x00,0x00,0x00,0x00,0x00,0x00,0x00,0x00,0x00,0x00,0x00,0x00,0x00,0x00,0x00,0x00,0x00,0x00,0x00,
    0x00,0x00,0x00,0x00,0x00,0x00,0x00,0x00,0x00,0x00,0x00,0x00,0x00,0x00,0x00,0x00,0x00,0x00,0x00,0x00,0x00,0x00,0x00,0x00,0x00,0x00,0x00,0x00,0x00,0x00,0x00,0x00,
    0x00,0x00,0x00,0x00,0x00,0x00,0x00,0x00,0x00,0x00,0x00,0x00,0x00,0x00,0x00,0x00,0x00,0x00,0x00,0x00,0x00,0x00,0x00,0x00,0x00,0x00,0x00,0x00,0x00,0x00,0x00,0x00,
    0x00,0x00,0x00,0x00,0x00,0x00,0x00,0x00,0x00,0x00,0x00,0x00,0x00,0x00,0x00,0x00,0x00,0x00,0x00,0x00,0x00,0x00,0x00,0x00,0x00,0x00,0x00,0x00,0x00,0x00,0x00,0x00,
    0x00,0x00,0x00,0x00,0x00,0x00,0x00,0x00,0x00,0x00,0x00,0x00,0x00,0x00,0x00,0x00,0x00,0x00,0x00,0x00,0x00,0x00,0x00,0x00,0x00,0x00,0x00,0x00,0x00,0x00,0x00,0x00,
    0x00,0x00,0x00,0x00,0x00,0x00,0x00,0x00,0x00,0x00,0x00,0x00,0x00,0x00,0x00,0x00,0x00,0x00,0x00,0x00,0x00,0x00,0x00,0x00,0x00,0x00,0x00,0x00,0x00,0x00,0x00,0x00,
    0x00,0x00,0x00,0x00,0x00,0x00,0x00,0x00,0x00,0x00,0x00,0x00,0x00,0x00,0x00,0x00,0x00,0x00,0x00,0x00,0x00,0x00,0x00,0x00,0x00,0x00,0x00,0x00,0x00,0x00,0x00,0x00,
    0x00,0x00,0x00,0x00,0x00,0x00,0x00,0x00,0x00,0x00,0x00,0x00,0x00,0x00,0x00,0x00,0x00,0x00,0x00,0x00,0x00,0x00,0x00,0x00,0x00,0x00,0x00,0x00,0x00,0x00,0x00,0x00,
    0x00,0x00,0x00,0x00,0x00,0x00,0x00,0x00,0x00,0x00,0x00,0x00,0x00,0x00,0x00,0x00,0x00,0x00,0x00,0x00,0x00,0x00,0x00,0x00,0x00,0x00,0x00,0x00,0x00,0x00,0x00,0x00,
    0x00,0x00,0x00,0x00,0x00,0x00,0x00,0x00,0x00,0x00,0x00,0x00,0x00,0x00,0x00,0x00,0x00,0x00,0x00,0x00,0x00,0x00,0x00,0x00,0x00,0x00,0x00,0x00,0x00,0x00,0x00,0x00,
    0x00,0x00,0x00,0x00,0x00,0x00,0x00,0x00,0x00,0x00,0x00,0x00,0x00,0x00,0x00,0x00,0x00,0x00,0x00,0x00,0x00,0x00,0x00,0x00,0x00,0x00,0x00,0x00,0x00,0x00,0x00,0x00,
    0x00,0x00,0x00,0x00,0x00,0x00,0x00,0x00,0x00,0x00,0x00,0x00,0x00,0x00,0x00,0x00,0x00,0x00,0x00,0x00,0x00,0x00,0x00,0x00,0x00,0x00,0x00,0x00,0x00,0x00,0x00,0x00,
    0x00,0x00,0x00,0x00,0x00,0x00,0x00,0x00,0x00,0x00,0x00,0x00,0x00,0x00,0x00,0x00,0x00,0x00,0x00,0x00,0x00,0x00,0x00,0x00,0x00,0x00,0x00,0x00,0x00,0x00,0x00,0x00,
    0x00,0x00,0x00,0x00,0x00,0x00,0x00,0x00,0x00,0x00,0x00,0x00,0x00,0x00,0x00,0x00,0x00,0x00,0x00,0x00,0x00,0x00,0x00,0x00,0x00,0x00,0x00,0x00,0x00,0x00,0x00,0x00,
    0x00,0x00,0x00,0x00,0x00,0x00,0x00,0x00,0x00,0x00,0x00,0x00,0x00,0x00,0x00,0x00,0x00,0x00,0x00,0x00,0x00,0x00,0x00,0x00,0x00,0x00,0x00,0x00,0x00,0x00,0x00,0x00,
    0x00,0x00,0x00,0x00,0x00,0x00,0x00,0x00,0x00,0x00,0x00,0x00,0x00,0x00,0x00,0x00,0x00,0x00,0x00,0x00,0x00,0x00,0x00,0x00,0x00,0x00,0x00,0x00,0x00,0x00,0x00,0x00,
    0x00,0x00,0x00,0x00,0x00,0x00,0x00,0x00,0x00,0x00,0x00,0x00,0x00,0x00,0x00,0x00,0x00,0x00,0x00,0x00,0x00,0x00,0x00,0x00,0x00,0x00,0x00,0x00,0x00,0x00,0x00,0x00,
    0x00,0x00,0x00,0x00,0x00,0x00,0x00,0x00,0x00,0x00,0x00,0x00,0x00,0x00,0x00,0x00,0x00,0x00,0x00,0x00,0x00,0x00,0x00,0x00,0x00,0x00,0x00,0x00,0x00,0x00,0x00,0x00,
    0x00,0x00,0x00,0x00,0x00,0x00,0x00,0x00,0x00,0x00,0x00,0x00,0x00,0x00,0x00,0x00,0x00,0x00,0x00,0x00,0x00,0x00,0x00,0x00,0x00,0x00,0x00,0x00,0x00,0x00,0x00,0x00,
    0x00,0x00,0x00,0x00,0x00,0x00,0x00,0x00,0x00,0x00,0x00,0x00,0x00,0x00,0x00,0x00,0x00,0x00,0x00,0x00,0x00,0x00,0x00,0x00,0x00,0x00,0x00,0x00,0x00,0x00,0x00,0x00,
    0x00,0x00,0x00,0x00,0x00,0x00,0x00,0x00,0x00,0x00,0x00,0x00,0x00,0x00,0x00,0x00,0x00,0x00,0x00,0x00,0x00,0x00,0x00,0x00,0x00,0x00,0x00,0x00,0x00,0x00,0x00,0x00,
    0x00,0x00,0x00,0x00,0x00,0x00,0x00,0x00,0x00,0x00,0x00,0x00,0x00,0x00,0x00,0x00,0x00,0x00,0x00,0x00,0x00,0x00,0x00,0x00,0x00,0x00,0x00,0x00,0x00,0x00,0x00,0x00,
    0x00,0x00,0x00,0x00,0x00,0x00,0x00,0x00,0x00,0x00,0x00,0x00,0x00,0x00,0x00,0x00,0x00,0x00,0x00,0x00,0x00,0x00,0x00,0x00,0x00,0x00,0x00,0x00,0x00,0x00,0x00,0x00,
    0x00,0x00,0x00,0x00,0x00,0x00,0x00,0x00,0x00,0x00,0x00,0x00,0x00,0x00,0x00,0x00,0x00,0x00,0x00,0x00,0x00,0x00,0x00,0x00,0x00,0x00,0x00,0x00,0x00,0x00,0x00,0x00,
    0x00,0x00,0x00,0x00,0x00,0x00,0x00,0x00,0x00,0x00,0x00,0x00,0x00,0x00,0x00,0x00,0x00,0x00,0x00,0x00,0x00,0x00,0x00,0x00,0x00,0x00,0x00,0x00,0x00,0x00,0x00,0x00,
    0x00,0x00,0x00,0x00,0x00,0x00,0x00,0x00,0x00,0x00,0x00,0x00,0x00,0x00,0x00,0x00,0x00,0x00,0x00,0x00,0x00,0x00,0x00,0x00,0x00,0x00,0x00,0x00,0x00,0x00,0x00,0x00,
    0x00,0x00,0x00,0x00,0x00,0x00,0x00,0x00,0x00,0x00,0x00,0x00,0x00,0x00,0x00,0x00,0x00,0x00,0x00,0x00,0x00,0x00,0x00,0x00,0x00,0x00,0x00,0x00,0x00,0x00,0x00,0x00,
    0x00,0x00,0x00,0x00,0x00,0x00,0x00,0x00,0x00,0x00,0x00,0x00,0x00,0x00,0x00,0x00,0x00,0x00,0x00,0x00,0x00,0x00,0x00,0x00,0x00,0x00,0x00,0x00,0x00,0x00,0x00,0x00,
    0x00,0x00,0x00,0x00,0x00,0x00,0x00,0x00,0x00,0x00,0x00,0x00,0x00,0x00,0x00,0x00,0x00,0x00,0x00,0x00,0x00,0x00,0x00,0x00,0x00,0x00,0x00,0x00,0x00,0x00,0x00,0x00,
    0x00,0x00,0x00,0x00,0x00,0x00,0x00,0x00,0x00,0x00,0x00,0x00,0x00,0x00,0x00,0x00,0x00,0x00,0x00,0x00,0x00,0x00,0x00,0x00,0x00,0x00,0x00,0x00,0x00,0x00,0x00,0x00,
    0x00,0x00,0x00,0x00,0x00,0x00,0x00,0x00,0x00,0x00,0x00,0x00,0x00,0x00,0x00,0x00,0x00,0x00,0x00,0x00,0x00,0x00,0x00,0x00,0x00,0x00,0x00,0x00,0x00,0x00,0x00,0x00,
    0x00,0x00,0x00,0x00,0x00,0x00,0x00,0x00,0x00,0x00,0x00,0x00,0x00,0x00,0x00,0x00,0x00,0x00,0x00,0x00,0x00,0x00,0x00,0x00,0x00,0x00,0x00,0x00,0x00,0x00,0x00,0x00,
    0x00,0x00,0x00,0x00,0x00,0x00,0x00,0x00,0x00,0x00,0x00,0x00,0x00,0x00,0x00,0x00,0x00,0x00,0x00,0x00,0x00,0x00,0x00,0x00,0x00,0x00,0x00,0x00,0x00,0x00,0x00,0x00,
    0x00,0x00,0x00,0x00,0x00,0x00,0x00,0x00,0x00,0x00,0x00,0x00,0x00,0x00,0x00,0x00,0x00,0x00,0x00,0x00,0x00,0x00,0x00,0x00,0x00,0x00,0x00,0x00,0x00,0x00,0x00,0x00,
    0x00,0x00,0x00,0x00,0x00,0x00,0x00,0x00,0x00,0x00,0x00,0x00,0x00,0x00,0x00,0x00,0x00,0x00,0x00,0x00,0x00,0x00,0x00,0x00,0x00,0x00,0x00,0x00,0x00,0x00,0x00,0x00,
    0x00,0x00,0x00,0x00,0x00,0x00,0x00,0x00,0x00,0x00,0x00,0x00,0x00,0x00,0x00,0x00,0x00,0x00,0x00,0x00,0x00,0x00,0x00,0x00,0x00,0x00,0x00,0x00,0x00,0x00,0x00,0x00,
    0x00,0x00,0x00,0x00,0x00,0x00,0x00,0x00,0x00,0x00,0x00,0x00,0x00,0x00,0x00,0x00,0x00,0x00,0x00,0x00,0x00,0x00,0x00,0x00,0x00,0x00,0x00,0x00,0x00,0x00,0x00,0x00,
    0x00,0x00,0x00,0x00,0x00,0x00,0x00,0x00,0x00,0x00,0x00,0x00,0x00,0x00,0x00,0x00,0x00,0x00,0x00,0x00,0x00,0x00,0x00,0x00,0x00,0x00,0x00,0x00,0x00,0x00,0x00,0x00,
    0x00,0x00,0x00,0x00,0x00,0x00,0x00,0x00,0x00,0x00,0x00,0x00,0x00,0x00,0x00,0x00,0x00,0x00,0x00,0x00,0x00,0x00,0x00,0x00,0x00,0x00,0x00,0x00,0x00,0x00,0x00,0x00,
    0x00,0x00,0x00,0x00,0x00,0x00,0x00,0x00,0x00,0x00,0x00,0x00,0x00,0x00,0x00,0x00,0x00,0x00,0x00,0x00,0x00,0x00,0x00,0x00,0x00,0x00,0x00,0x00,0x00,0x00,0x00,0x00,
    0x00,0x00,0x00,0x00,0x00,0x00,0x00,0x00,0x00,0x00,0x00,0x00,0x00,0x00,0x00,0x00,0x00,0x00,0x00,0x00,0x00,0x00,0x00,0x00,0x00,0x00,0x00,0x00,0x00,0x00,0x00,0x00,
    0x00,0x00,0x00,0x00,0x00,0x00,0x00,0x00,0x00,0x00,0x00,0x00,0x00,0x00,0x00,0x00,0x00,0x00,0x00,0x00,0x00,0x00,0x00,0x00,0x00,0x00,0x00,0x00,0x00,0x00,0x00,0x00,
    0x00,0x00,0x00,0x00,0x00,0x00,0x00,0x00,0x00,0x00,0x00,0x00,0x00,0x00,0x00,0x00,0x00,0x00,0x00,0x00,0x00,0x00,0x00,0x00,0x00,0x00,0x00,0x00,0x00,0x00,0x00,0x00,
    0x00,0x00,0x00,0x00,0x00,0x00,0x00,0x00,0x00,0x00,0x00,0x00,0x00,0x00,0x00,0x00,0x00,0x00,0x00,0x00,0x00,0x00,0x00,0x00,0x00,0x00,0x00,0x00,0x00,0x00,0x00,0x00,
    0x00,0x00,0x00,0x00,0x00,0x00,0x00,0x00,0x00,0x00,0x00,0x00,0x00,0x00,0x00,0x00,0x00,0x00,0x00,0x00,0x00,0x00,0x00,0x00,0x00,0x00,0x00,0x00,0x00,0x00,0x00,0x00,
    0x00,0x00,0x00,0x00,0x00,0x00,0x00,0x00,0x00,0x00,0x00,0x00,0x00,0x00,0x00,0x00,0x00,0x00,0x00,0x00,0x00,0x00,0x00,0x00,0x00,0x00,0x00,0x00,0x00,0x00,0x00,0x00,
    0x00,0x00,0x00,0x00,0x00,0x00,0x00,0x00,0x00,0x00,0x00,0x00,0x00,0x00,0x00,0x00,0x00,0x00,0x00,0x00,0x00,0x00,0x00,0x00,0x00,0x00,0x00,0x00,0x00,0x00,0x00,0x00,
    0x00,0x00,0x00,0x00,0x00,0x00,0x00,0x00,0x00,0x00,0x00,0x00,0x00,0x00,0x00,0x00,0x00,0x00,0x00,0x00,0x00,0x00,0x00,0x00,0x00,0x00,0x00,0x00,0x00,0x00,0x00,0x00,
    0x00,0x00,0x00,0x00,0x00,0x00,0x00,0x00,0x00,0x00,0x00,0x00,0x00,0x00,0x00,0x00,0x00,0x00,0x00,0x00,0x00,0x00,0x00,0x00,0x00,0x00,0x00,0x00,0x00,0x00,0x00,0x00,
    0x00,0x00,0x00,0x00,0x00,0x00,0x00,0x00,0x00,0x00,0x00,0x00,0x00,0x00,0x00,0x00,0x00,0x00,0x00,0x00,0x00,0x00,0x00,0x00,0x00,0x00,0x00,0x00,0x00,0x00,0x00,0x00,
    0x00,0x00,0x00,0x00,0x00,0x00,0x00,0x00,0x00,0x00,0x00,0x00,0x00,0x00,0x00,0x00,0x00,0x00,0x00,0x00,0x00,0x00,0x00,0x00,0x00,0x00,0x00,0x00,0x00,0x00,0x00,0x00,
    0x00,0x00,0x00,0x00,0x00,0x00,0x00,0x00,0x00,0x00,0x00,0x00,0x00,0x00,0x00,0x00,0x00,0x00,0x00,0x00,0x00,0x00,0x00,0x00,0x00,0x00,0x00,0x00,0x00,0x00,0x00,0x00,
    0x00,0x00,0x00,0x00,0x00,0x00,0x00,0x00,0x00,0x00,0x00,0x00,0x00,0x00,0x00,0x00,0x00,0x00,0x00,0x00,0x00,0x00,0x00,0x00,0x00,0x00,0x00,0x00,0x00,0x00,0x00,0x00,
    0x00,0x00,0x00,0x00,0x00,0x00,0x00,0x00,0x00,0x00,0x00,0x00,0x00,0x00,0x00,0x00,0x00,0x00,0x00,0x00,0x00,0x00,0x00,0x00,0x00,0x00,0x00,0x00,0x00,0x00,0x00,0x00,
    0x00,0x00,0x00,0x00,0x00,0x00,0x00,0x00,0x00,0x00,0x00,0x00,0x00,0x00,0x00,0x00,0x00,0x00,0x00,0x00,0x00,0x00,0x00,0x00,0x00,0x00,0x00,0x00,0x00,0x00,0x00,0x00,
    0x00,0x00,0x00,0x00,0x00,0x00,0x00,0x00,0x00,0x00,0x00,0x00,0x00,0x00,0x00,0x00,0x00,0x00,0x00,0x00,0x00,0x00,0x00,0x00,0x00,0x00,0x00,0x00,0x00,0x00,0x00,0x00,
    0x00,0x00,0x00,0x00,0x00,0x00,0x00,0x00,0x00,0x00,0x00,0x00,0x00,0x00,0x00,0x00,0x00,0x00,0x00,0x00,0x00,0x00,0x00,0x00,0x00,0x00,0x00,0x00,0x00,0x00,0x00,0x00,
    0x00,0x00,0x00,0x00,0x00,0x00,0x00,0x00,0x00,0x00,0x00,0x00,0x00,0x00,0x00,0x00,0x00,0x00,0x00,0x00,0x00,0x00,0x00,0x00,0x00,0x00,0x00,0x00,0x00,0x00,0x00,0x00,
    0x00,0x00,0x00,0x00,0x00,0x00,0x00,0x00,0x00,0x00,0x00,0x00,0x00,0x00,0x00,0x00,0x00,0x00,0x00,0x00,0x00,0x00,0x00,0x00,0x00,0x00,0x00,0x00,0x00,0x00,0x00,0x00,
    0x00,0x00,0x00,0x00,0x00,0x00,0x00,0x00,0x00,0x00,0x00,0x00,0x00,0x00,0x00,0x00,0x00,0x00,0x00,0x00,0x00,0x00,0x00,0x00,0x00,0x00,0x00,0x00,0x00,0x00,0x00,0x00,
    0x00,0x00,0x00,0x00,0x00,0x00,0x00,0x00,0x00,0x00,0x00,0x00,0x00,0x00,0x00,0x00,0x00,0x00,0x00,0x00,0x00,0x00,0x00,0x00,0x00,0x00,0x00,0x00,0x00,0x00,0x00,0x00,
    0x00,0x00,0x00,0x00,0x00,0x00,0x00,0x00,0x00,0x00,0x00,0x00,0x00,0x00,0x00,0x00,0x00,0x00,0x00,0x00,0x00,0x00,0x00,0x00,0x00,0x00,0x00,0x00,0x00,0x00,0x00,0x00,
    0x00,0x00,0x00,0x00,0x00,0x00,0x00,0x00,0x00,0x00,0x00,0x00,0x00,0x00,0x00,0x00,0x00,0x00,0x00,0x00,0x00,0x00,0x00,0x00,0x00,0x00,0x00,0x00,0x00,0x00,0x00,0x00,
    0x00,0x00,0x00,0x00,0x00,0x00,0x00,0x00,0x00,0x00,0x00,0x00,0x00,0x00,0x00,0x00,0x00,0x00,0x00,0x00,0x00,0x00,0x00,0x00,0x00,0x00,0x00,0x00,0x00,0x00,0x00,0x00,
    0x00,0x00,0x00,0x00,0x00,0x00,0x00,0x00,0x00,0x00,0x00,0x00,0x00,0x00,0x00,0x00,0x00,0x00,0x00,0x00,0x00,0x00,0x00,0x00,0x00,0x00,0x00,0x00,0x00,0x00,0x00,0x00,
    0x00,0x00,0x00,0x00,0x00,0x00,0x00,0x00,0x00,0x00,0x00,0x00,0x00,0x00,0x00,0x00,0x00,0x00,0x00,0x00,0x00,0x00,0x00,0x00,0x00,0x00,0x00,0x00,0x00,0x00,0x00,0x00,
    0x00,0x00,0x00,0x00,0x00,0x00,0x00,0x00,0x00,0x00,0x00,0x00,0x00,0x00,0x00,0x00,0x00,0x00,0x00,0x00,0x00,0x00,0x00,0x00,0x00,0x00,0x00,0x00,0x00,0x00,0x00,0x00,
    0x00,0x00,0x00,0x00,0x00,0x00,0x00,0x00,0x00,0x00,0x00,0x00,0x00,0x00,0x00,0x00,0x00,0x00,0x00,0x00,0x00,0x00,0x00,0x00,0x00,0x00,0x00,0x00,0x00,0x00,0x00,0x00,
    0x00,0x00,0x00,0x00,0x00,0x00,0x00,0x00,0x00,0x00,0x00,0x00,0x00,0x00,0x00,0x00,0x00,0x00,0x00,0x00,0x00,0x00,0x00,0x00,0x00,0x00,0x00,0x00,0x00,0x00,0x00,0x00,
    0x00,0x00,0x00,0x00,0x00,0x00,0x00,0x00,0x00,0x00,0x00,0x00,0x00,0x00,0x00,0x00,0x00,0x00,0x00,0x00,0x00,0x00,0x00,0x00,0x00,0x00,0x00,0x00,0x00,0x00,0x00,0x00,
    0x00,0x00,0x00,0x00,0x00,0x00,0x00,0x00,0x00,0x00,0x00,0x00,0x00,0x00,0x00,0x00,0x00,0x00,0x00,0x00,0x00,0x00,0x00,0x00,0x00,0x00,0x00,0x00,0x00,0x00,0x00,0x00,
    0x00,0x00,0x00,0x00,0x00,0x00,0x00,0x00,0x00,0x00,0x00,0x00,0x00,0x00,0x00,0x00,0x00,0x00,0x00,0x00,0x00,0x00,0x00,0x00,0x00,0x00,0x00,0x00,0x00,0x00,0x00,0x00,
    0x00,0x00,0x00,0x00,0x00,0x00,0x00,0x00,0x00,0x00,0x00,0x00,0x00,0x00,0x00,0x00,0x00,0x00,0x00,0x00,0x00,0x00,0x00,0x00,0x00,0x00,0x00,0x00,0x00,0x00,0x00,0x00,
    0x00,0x00,0x00,0x00,0x00,0x00,0x00,0x00,0x00,0x00,0x00,0x00,0x00,0x00,0x00,0x00,0x00,0x00,0x00,0x00,0x00,0x00,0x00,0x00,0x00,0x00,0x00,0x00,0x00,0x00,0x00,0x00,
    0x00,0x00,0x00,0x00,0x00,0x00,0x00,0x00,0x00,0x00,0x00,0x00,0x00,0x00,0x00,0x00,0x00,0x00,0x00,0x00,0x00,0x00,0x00,0x00,0x00,0x00,0x00,0x00,0x00,0x00,0x00,0x00,
    0x00,0x00,0x00,0x00,0x00,0x00,0x00,0x00,0x00,0x00,0x00,0x00,0x00,0x00,0x00,0x00,0x00,0x00,0x00,0x00,0x00,0x00,0x00,0x00,0x00,0x00,0x00,0x00,0x00,0x00,0x00,0x00,
    0x00,0x00,0x00,0x00,0x00,0x00,0x00,0x00,0x00,0x00,0x00,0x00,0x00,0x00,0x00,0x00,0x00,0x00,0x00,0x00,0x00,0x00,0x00,0x00,0x00,0x00,0x00,0x00,0x00,0x00,0x00,0x00,
    0x00,0x00,0x00,0x00,0x00,0x00,0x00,0x00,0x00,0x00,0x00,0x00,0x00,0x00,0x00,0x00,0x00,0x00,0x00,0x00,0x00,0x00,0x00,0x00,0x00,0x00,0x00,0x00,0x00,0x00,0x00,0x00,
    0x00,0x00,0x00,0x00,0x00,0x00,0x00,0x00,0x00,0x00,0x00,0x00,0x00,0x00,0x00,0x00,0x00,0x00,0x00,0x00,0x00,0x00,0x00,0x00,0x00,0x00,0x00,0x00,0x00,0x00,0x00,0x00,
    0x00,0x00,0x00,0x00,0x00,0x00,0x00,0x00,0x00,0x00,0x00,0x00,0x00,0x00,0x00,0x00,0x00,0x00,0x00,0x00,0x00,0x00,0x00,0x00,0x00,0x00,0x00,0x00,0x00,0x00,0x00,0x00,
    0x00,0x00,0x00,0x00,0x00,0x00,0x00,0x00,0x00,0x00,0x00,0x00,0x00,0x00,0x00,0x00,0x00,0x00,0x00,0x00,0x00,0x00,0x00,0x00,0x00,0x00,0x00,0x00,0x00,0x00,0x00,0x00,
    0x00,0x00,0x00,0x00,0x00,0x00,0x00,0x00,0x00,0x00,0x00,0x00,0x00,0x00,0x00,0x00,0x00,0x00,0x00,0x00,0x00,0x00,0x00,0x00,0x00,0x00,0x00,0x00,0x00,0x00,0x00,0x00,
    0x00,0x00,0x00,0x00,0x00,0x00,0x00,0x00,0x00,0x00,0x00,0x00,0x00,0x00,0x00,0x00,0x00,0x00,0x00,0x00,0x00,0x00,0x00,0x00,0x00,0x00,0x00,0x00,0x00,0x00,0x00,0x00,
    0x00,0x00,0x00,0x00,0x00,0x00,0x00,0x00,0x00,0x00,0x00,0x00,0x00,0x00,0x00,0x00,0x00,0x00,0x00,0x00,0x00,0x00,0x00,0x00,0x00,0x00,0x00,0x00,0x00,0x00,0x00,0x00,
    0x00,0x00,0x00,0x00,0x00,0x00,0x00,0x00,0x00,0x00,0x00,0x00,0x00,0x00,0x00,0x00,0x00,0x00,0x00,0x00,0x00,0x00,0x00,0x00,0x00,0x00,0x00,0x00,0x00,0x00,0x00,0x00,
    0x00,0x00,0x00,0x00,0x00,0x00,0x00,0x00,0x00,0x00,0x00,0x00,0x00,0x00,0x00,0x00,0x00,0x00,0x00,0x00,0x00,0x00,0x00,0x00,0x00,0x00,0x00,0x00,0x00,0x00,0x00,0x00,
    0x00,0x00,0x00,0x00,0x00,0x00,0x00,0x00,0x00,0x00,0x00,0x00,0x00,0x00,0x00,0x00,0x00,0x00,0x00,0x00,0x00,0x00,0x00,0x00,0x00,0x00,0x00,0x00,0x00,0x00,0x00,0x00,
    0x00,0x00,0x00,0x00,0x00,0x00,0x00,0x00,0x00,0x00,0x00,0x00,0x00,0x00,0x00,0x00,0x00,0x00,0x00,0x00,0x00,0x00,0x00,0x00,0x00,0x00,0x00,0x00,0x00,0x00,0x00,0x00,
    0x00,0x00,0x00,0x00,0x00,0x00,0x00,0x00,0x00,0x00,0x00,0x00,0x00,0x00,0x00,0x00,0x00,0x00,0x00,0x00,0x00,0x00,0x00,0x00,0x00,0x00,0x00,0x00,0x00,0x00,0x00,0x00,
    0x00,0x00,0x00,0x00,0x00,0x00,0x00,0x00,0x00,0x00,0x00,0x00,0x00,0x00,0x00,0x00,0x00,0x00,0x00,0x00,0x00,0x00,0x00,0x00,0x00,0x00,0x00,0x00,0x00,0x00,0x00,0x00,
    0x00,0x00,0x00,0x00,0x00,0x00,0x00,0x00,0x00,0x00,0x00,0x00,0x00,0x00,0x00,0x00,0x00,0x00,0x00,0x00,0x00,0x00,0x00,0x00,0x00,0x00,0x00,0x00,0x00,0x00,0x00,0x00,
    0x00,0x00,0x00,0x00,0x00,0x00,0x00,0x00,0x00,0x00,0x00,0x00,0x00,0x00,0x00,0x00,0x00,0x00,0x00,0x00,0x00,0x00,0x00,0x00,0x00,0x00,0x00,0x00,0x00,0x00,0x00,0x00,
    0x00,0x00,0x00,0x00,0x00,0x00,0x00,0x00,0x00,0x00,0x00,0x00,0x00,0x00,0x00,0x00,0x00,0x00,0x00,0x00,0x00,0x00,0x00,0x00,0x00,0x00,0x00,0x00,0x00,0x00,0x00,0x00,
    0x00,0x00,0x00,0x00,0x00,0x00,0x00,0x00,0x00,0x00,0x00,0x00,0x00,0x00,0x00,0x00,0x00,0x00,0x00,0x00,0x00,0x00,0x00,0x00,0x00,0x00,0x00,0x00,0x00,0x00,0x00,0x00,
    0x00,0x00,0x00,0x00,0x00,0x00,0x00,0x00,0x00,0x00,0x00,0x00,0x00,0x00,0x00,0x00,0x00,0x00,0x00,0x00,0x00,0x00,0x00,0x00,0x00,0x00,0x00,0x00,0x00,0x00,0x00,0x00,
    0x00,0x00,0x00,0x00,0x00,0x00,0x00,0x00,0x00,0x00,0x00,0x00,0x00,0x00,0x00,0x00,0x00,0x00,0x00,0x00,0x00,0x00,0x00,0x00,0x00,0x00,0x00,0x00,0x00,0x00,0x00,0x00,
    0x00,0x00,0x00,0x00,0x00,0x00,0x00,0x00,0x00,0x00,0x00,0x00,0x00,0x00,0x00,0x00,0x00,0x00,0x00,0x00,0x00,0x00,0x00,0x00,0x00,0x00,0x00,0x00,0x00,0x00,0x00,0x00,
    0x00,0x00,0x00,0x00,0x00,0x00,0x00,0x00,0x00,0x00,0x00,0x00,0x00,0x00,0x00,0x00,0x00,0x00,0x00,0x00,0x00,0x00,0x00,0x00,0x00,0x00,0x00,0x00,0x00,0x00,0x00,0x00,
    0x00,0x00,0x00,0x00,0x00,0x00,0x00,0x00,0x00,0x00,0x00,0x00,0x00,0x00,0x00,0x00,0x00,0x00,0x00,0x00,0x00,0x00,0x00,0x00,0x00,0x00,0x00,0x00,0x00,0x00,0x00,0x00,
    0x00,0x00,0x00,0x00,0x00,0x00,0x00,0x00,0x00,0x00,0x00,0x00,0x00,0x00,0x00,0x00,0x00,0x00,0x00,0x00,0x00,0x00,0x00,0x00,0x00,0x00,0x00,0x00,0x00,0x00,0x00,0x00,
    0x00,0x00,0x00,0x00,0x00,0x00,0x00,0x00,0x00,0x00,0x00,0x00,0x00,0x00,0x00,0x00,0x00,0x00,0x00,0x00,0x00,0x00,0x00,0x00,0x00,0x00,0x00,0x00,0x00,0x00,0x00,0x00,
    0x00,0x00,0x00,0x00,0x00,0x00,0x00,0x00,0x00,0x00,0x00,0x00,0x00,0x00,0x00,0x00,0x00,0x00,0x00,0x00,0x00,0x00,0x00,0x00,0x00,0x00,0x00,0x00,0x00,0x00,0x00,0x00,
    0x00,0x00,0x00,0x00,0x00,0x00,0x00,0x00,0x00,0x00,0x00,0x00,0x00,0x00,0x00,0x00,0x00,0x00,0x00,0x00,0x00,0x00,0x00,0x00,0x00,0x00,0x00,0x00,0x00,0x00,0x00,0x00,
    0x00,0x00,0x00,0x00,0x00,0x00,0x00,0x00,0x00,0x00,0x00,0x00,0x00,0x00,0x00,0x00,0x00,0x00,0x00,0x00,0x00,0x00,0x00,0x00,0x00,0x00,0x00,0x00,0x00,0x00,0x00,0x00,
    0x00,0x00,0x00,0x00,0x00,0x00,0x00,0x00,0x00,0x00,0x00,0x00,0x00,0x00,0x00,0x00,0x00,0x00,0x00,0x00,0x00,0x00,0x00,0x00,0x00,0x00,0x00,0x00,0x00,0x00,0x00,0x00,
    0x00,0x00,0x00,0x00,0x00,0x00,0x00,0x00,0x00,0x00,0x00,0x00,0x00,0x00,0x00,0x00,0x00,0x00,0x00,0x00,0x00,0x00,0x00,0x00,0x00,0x00,0x00,0x00,0x00,0x00,0x00,0x00,
    0x00,0x00,0x00,0x00,0x00,0x00,0x00,0x00,0x00,0x00,0x00,0x00,0x00,0x00,0x00,0x00,0x00,0x00,0x00,0x00,0x00,0x00,0x00,0x00,0x00,0x00,0x00,0x00,0x00,0x00,0x00,0x00,
    0x00,0x00,0x00,0x00,0x00,0x00,0x00,0x00,0x00,0x00,0x00,0x00,0x00,0x00,0x00,0x00,0x00,0x00,0x00,0x00,0x00,0x00,0x00,0x00,0x00,0x00,0x00,0x00,0x00,0x00,0x00,0x00,
    0x00,0x00,0x00,0x00,0x00,0x00,0x00,0x00,0x00,0x00,0x00,0x00,0x00,0x00,0x00,0x00,0x00,0x00,0x00,0x00,0x00,0x00,0x00,0x00,0x00,0x00,0x00,0x00,0x00,0x00,0x00,0x00,
    0x00,0x00,0x00,0x00,0x00,0x00,0x00,0x00,0x00,0x00,0x00,0x00,0x00,0x00,0x00,0x00,0x00,0x00,0x00,0x00,0x00,0x00,0x00,0x00,0x00,0x00,0x00,0x00,0x00,0x00,0x00,0x00,
    0x00,0x00,0x00,0x00,0x00,0x00,0x00,0x00,0x00,0x00,0x00,0x00,0x00,0x00,0x00,0x00,0x00,0x00,0x00,0x00,0x00,0x00,0x00,0x00,0x00,0x00,0x00,0x00,0x00,0x00,0x00,0x00,
    0x00,0x00,0x00,0x00,0x00,0x00,0x00,0x00,0x00,0x00,0x00,0x00,0x00,0x00,0x00,0x00,0x00,0x00,0x00,0x00,0x00,0x00,0x00,0x00,0x00,0x00,0x00,0x00,0x00,0x00,0x00,0x00,
    0x00,0x00,0x00,0x00,0x00,0x00,0x00,0x00,0x00,0x00,0x00,0x00,0x00,0x00,0x00,0x00,0x00,0x00,0x00,0x00,0x00,0x00,0x00,0x00,0x00,0x00,0x00,0x00,0x00,0x00,0x00,0x00,
    0x00,0x00,0x00,0x00,0x00,0x00,0x00,0x00,0x00,0x00,0x00,0x00,0x00,0x00,0x00,0x00,0x00,0x00,0x00,0x00,0x00,0x00,0x00,0x00,0x00,0x00,0x00,0x00,0x00,0x00,0x00,0x00,
    0x00,0x00,0x00,0x00,0x00,0x00,0x00,0x00,0x00,0x00,0x00,0x00,0x00,0x00,0x00,0x00,0x00,0x00,0x00,0x00,0x00,0x00,0x00,0x00,0x00,0x00,0x00,0x00,0x00,0x00,0x00,0x00,
    0x00,0x00,0x00,0x00,0x00,0x00,0x00,0x00,0x00,0x00,0x00,0x00,0x00,0x00,0x00,0x00,0x00,0x00,0x00,0x00,0x00,0x00,0x00,0x00,0x00,0x00,0x00,0x00,0x00,0x00,0x00,0x00,
    0x00,0x00,0x00,0x00,0x00,0x00,0x00,0x00,0x00,0x00,0x00,0x00,0x00,0x00,0x00,0x00,0x00,0x00,0x00,0x00,0x00,0x00,0x00,0x00,0x00,0x00,0x00,0x00,0x00,0x00,0x00,0x00,
    0x00,0x00,0x00,0x00,0x00,0x00,0x00,0x00,0x00,0x00,0x00,0x00,0x00,0x00,0x00,0x00,0x00,0x00,0x00,0x00,0x00,0x00,0x00,0x00,0x00,0x00,0x00,0x00,0x00,0x00,0x00,0x00,
    0x00,0x00,0x00,0x00,0x00,0x00,0x00,0x00,0x00,0x00,0x00,0x00,0x00,0x00,0x00,0x00,0x00,0x00,0x00,0x00,0x00,0x00,0x00,0x00,0x00,0x00,0x00,0x00,0x00,0x00,0x00,0x00,
    0x00,0x00,0x00,0x00,0x00,0x00,0x00,0x00,0x00,0x00,0x00,0x00,0x00,0x00,0x00,0x00,0x00,0x00,0x00,0x00,0x00,0x00,0x00,0x00,0x00,0x00,0x00,0x00,0x00,0x00,0x00,0x00,
    0x00,0x00,0x00,0x00,0x00,0x00,0x00,0x00,0x00,0x00,0x00,0x00,0x00,0x00,0x00,0x00,0x00,0x00,0x00,0x00,0x00,0x00,0x00,0x00,0x00,0x00,0x00,0x00,0x00,0x00,0x00,0x00,
    0x00,0x00,0x00,0x00,0x00,0x00,0x00,0x00,0x00,0x00,0x00,0x00,0x00,0x00,0x00,0x00,0x00,0x00,0x00,0x00,0x00,0x00,0x00,0x00,0x00,0x00,0x00,0x00,0x00,0x00,0x00,0x00,
    0x00,0x00,0x00,0x00,0x00,0x00,0x00,0x00,0x00,0x00,0x00,0x00,0x00,0x00,0x00,0x00,0x00,0x00,0x00,0x00,0x00,0x00,0x00,0x00,0x00,0x00,0x00,0x00,0x00,0x00,0x00,0x00,
    0x00,0x00,0x00,0x00,0x00,0x00,0x00,0x00,0x00,0x00,0x00,0x00,0x00,0x00,0x00,0x00,0x00,0x00,0x00,0x00,0x00,0x00,0x00,0x00,0x00,0x00,0x00,0x00,0x00,0x00,0x00,0x00,
    0x00,0x00,0x00,0x00,0x00,0x00,0x00,0x00,0x00,0x00,0x00,0x00,0x00,0x00,0x00,0x00,0x00,0x00,0x00,0x00,0x00,0x00,0x00,0x00,0x00,0x00,0x00,0x00,0x00,0x00,0x00,0x00,
    0x00,0x00,0x00,0x00,0x00,0x00,0x00,0x00,0x00,0x00,0x00,0x00,0x00,0x00,0x00,0x00,0x00,0x00,0x00,0x00,0x00,0x00,0x00,0x00,0x00,0x00,0x00,0x00,0x00,0x00,0x00,0x00,
    0x00,0x00,0x00,0x00,0x00,0x00,0x00,0x00,0x00,0x00,0x00,0x00,0x00,0x00,0x00,0x00,0x00,0x00,0x00,0x00,0x00,0x00,0x00,0x00,0x00,0x00,0x00,0x00,0x00,0x00,0x00,0x00,
    0x00,0x00,0x00,0x00,0x00,0x00,0x00,0x00,0x00,0x00,0x00,0x00,0x00,0x00,0x00,0x00,0x00,0x00,0x00,0x00,0x00,0x00,0x00,0x00,0x00,0x00,0x00,0x00,0x00,0x00,0x00,0x00,
    0x00,0x00,0x00,0x00,0x00,0x00,0x00,0x00,0x00,0x00,0x00,0x00,0x00,0x00,0x00,0x00,0x00,0x00,0x00,0x00,0x00,0x00,0x00,0x00,0x00,0x00,0x00,0x00,0x00,0x00,0x00,0x00,
    0x00,0x00,0x00,0x00,0x00,0x00,0x00,0x00,0x00,0x00,0x00,0x00,0x00,0x00,0x00,0x00,0x00,0x00,0x00,0x00,0x00,0x00,0x00,0x00,0x00,0x00,0x00,0x00,0x00,0x00,0x00,0x00,
    0x00,0x00,0x00,0x00,0x00,0x00,0x00,0x00,0x00,0x00,0x00,0x00,0x00,0x00,0x00,0x00,0x00,0x00,0x00,0x00,0x00,0x00,0x00,0x00,0x00,0x00,0x00,0x00,0x00,0x00,0x00,0x00,
    0x00,0x00,0x00,0x00,0x00,0x00,0x00,0x00,0x00,0x00,0x00,0x00,0x00,0x00,0x00,0x00,0x00,0x00,0x00,0x00,0x00,0x00,0x00,0x00,0x00,0x00,0x00,0x00,0x00,0x00,0x00,0x00,
    0x00,0x00,0x00,0x00,0x00,0x00,0x00,0x00,0x00,0x00,0x00,0x00,0x00,0x00,0x00,0x00,0x00,0x00,0x00,0x00,0x00,0x00,0x00,0x00,0x00,0x00,0x00,0x00,0x00,0x00,0x00,0x00,
    0x00,0x00,0x00,0x00,0x00,0x00,0x00,0x00,0x00,0x00,0x00,0x00,0x00,0x00,0x00,0x00,0x00,0x00,0x00,0x00,0x00,0x00,0x00,0x00,0x00,0x00,0x00,0x00,0x00,0x00,0x00,0x00,
    0x00,0x00,0x00,0x00,0x00,0x00,0x00,0x00,0x00,0x00,0x00,0x00,0x00,0x00,0x00,0x00,0x00,0x00,0x00,0x00,0x00,0x00,0x00,0x00,0x00,0x00,0x00,0x00,0x00,0x00,0x00,0x00,
    0x00,0x00,0x00,0x00,0x00,0x00,0x00,0x00,0x00,0x00,0x00,0x00,0x00,0x00,0x00,0x00,0x00,0x00,0x00,0x00,0x00,0x00,0x00,0x00,0x00,0x00,0x00,0x00,0x00,0x00,0x00,0x00,
    0x00,0x00,0x00,0x00,0x00,0x00,0x00,0x00,0x00,0x00,0x00,0x00,0x00,0x00,0x00,0x00,0x00,0x00,0x00,0x00,0x00,0x00,0x00,0x00,0x00,0x00,0x00,0x00,0x00,0x00,0x00,0x00,
    0x00,0x00,0x00,0x00,0x00,0x00,0x00,0x00,0x00,0x00,0x00,0x00,0x00,0x00,0x00,0x00,0x00,0x00,0x00,0x00,0x00,0x00,0x00,0x00,0x00,0x00,0x00,0x00,0x00,0x00,0x00,0x00,
    0x00,0x00,0x00,0x00,0x00,0x00,0x00,0x00,0x00,0x00,0x00,0x00,0x00,0x00,0x00,0x00,0x00,0x00,0x00,0x00,0x00,0x00,0x00,0x00,0x00,0x00,0x00,0x00,0x00,0x00,0x00,0x00,
    0x00,0x00,0x00,0x00,0x00,0x00,0x00,0x00,0x00,0x00,0x00,0x00,0x00,0x00,0x00,0x00,0x00,0x00,0x00,0x00,0x00,0x00,0x00,0x00,0x00,0x00,0x00,0x00,0x00,0x00,0x00,0x00,
    0x00,0x00,0x00,0x00,0x00,0x00,0x00,0x00,0x00,0x00,0x00,0x00,0x00,0x00,0x00,0x00,0x00,0x00,0x00,0x00,0x00,0x00,0x00,0x00,0x00,0x00,0x00,0x00,0x00,0x00,0x00,0x00,
    0x00,0x00,0x00,0x00,0x00,0x00,0x00,0x00,0x00,0x00,0x00,0x00,0x00,0x00,0x00,0x00,0x00,0x00,0x00,0x00,0x00,0x00,0x00,0x00,0x00,0x00,0x00,0x00,0x00,0x00,0x00,0x00,
    0x00,0x00,0x00,0x00,0x00,0x00,0x00,0x00,0x00,0x00,0x00,0x00,0x00,0x00,0x00,0x00,0x00,0x00,0x00,0x00,0x00,0x00,0x00,0x00,0x00,0x00,0x00,0x00,0x00,0x00,0x00,0x00,
    0x00,0x00,0x00,0x00,0x00,0x00,0x00,0x00,0x00,0x00,0x00,0x00,0x00,0x00,0x00,0x00,0x00,0x00,0x00,0x00,0x00,0x00,0x00,0x00,0x00,0x00,0x00,0x00,0x00,0x00,0x00,0x00,
    0x00,0x00,0x00,0x00,0x00,0x00,0x00,0x00,0x00,0x00,0x00,0x00,0x00,0x00,0x00,0x00,0x00,0x00,0x00,0x00,0x00,0x00,0x00,0x00,0x00,0x00,0x00,0x00,0x00,0x00,0x00,0x00,
    0x00,0x00,0x00,0x00,0x00,0x00,0x00,0x00,0x00,0x00,0x00,0x00,0x00,0x00,0x00,0x00,0x00,0x00,0x00,0x00,0x00,0x00,0x00,0x00,0x00,0x00,0x00,0x00,0x00,0x00,0x00,0x00,
    0x00,0x00,0x00,0x00,0x00,0x00,0x00,0x00,0x00,0x00,0x00,0x00,0x00,0x00,0x00,0x00,0x00,0x00,0x00,0x00,0x00,0x00,0x00,0x00,0x00,0x00,0x00,0x00,0x00,0x00,0x00,0x00,
    0x00,0x00,0x00,0x00,0x00,0x00,0x00,0x00,0x00,0x00,0x00,0x00,0x00,0x00,0x00,0x00,0x00,0x00,0x00,0x00,0x00,0x00,0x00,0x00,0x00,0x00,0x00,0x00,0x00,0x00,0x00,0x00,
    0x00,0x00,0x00,0x00,0x00,0x00,0x00,0x00,0x00,0x00,0x00,0x00,0x00,0x00,0x00,0x00,0x00,0x00,0x00,0x00,0x00,0x00,0x00,0x00,0x00,0x00,0x00,0x00,0x00,0x00,0x00,0x00,
    0x00,0x00,0x00,0x00,0x00,0x00,0x00,0x00,0x00,0x00,0x00,0x00,0x00,0x00,0x00,0x00,0x00,0x00,0x00,0x00,0x00,0x00,0x00,0x00,0x00,0x00,0x00,0x00,0x00,0x00,0x00,0x00,
    0x00,0x00,0x00,0x00,0x00,0x00,0x00,0x00,0x00,0x00,0x00,0x00,0x00,0x00,0x00,0x00,0x00,0x00,0x00,0x00,0x00,0x00,0x00,0x00,0x00,0x00,0x00,0x00,0x00,0x00,0x00,0x00,
    0x00,0x00,0x00,0x00,0x00,0x00,0x00,0x00,0x00,0x00,0x00,0x00,0x00,0x00,0x00,0x00,0x00,0x00,0x00,0x00,0x00,0x00,0x00,0x00,0x00,0x00,0x00,0x00,0x00,0x00,0x00,0x00,
    0x00,0x00,0x00,0x00,0x00,0x00,0x00,0x00,0x00,0x00,0x00,0x00,0x00,0x00,0x00,0x00,0x00,0x00,0x00,0x00,0x00,0x00,0x00,0x00,0x00,0x00,0x00,0x00,0x00,0x00,0x00,0x00,
    0x00,0x00,0x00,0x00,0x00,0x00,0x00,0x00,0x00,0x00,0x00,0x00,0x00,0x00,0x00,0x00,0x00,0x00,0x00,0x00,0x00,0x00,0x00,0x00,0x00,0x00,0x00,0x00,0x00,0x00,0x00,0x00,
    0x00,0x00,0x00,0x00,0x00,0x00,0x00,0x00,0x00,0x00,0x00,0x00,0x00,0x00,0x00,0x00,0x00,0x00,0x00,0x00,0x00,0x00,0x00,0x00,0x00,0x00,0x00,0x00,0x00,0x00,0x00,0x00,
    0x00,0x00,0x00,0x00,0x00,0x00,0x00,0x00,0x00,0x00,0x00,0x00,0x00,0x00,0x00,0x00,0x00,0x00,0x00,0x00,0x00,0x00,0x00,0x00,0x00,0x00,0x00,0x00,0x00,0x00,0x00,0x00,
    0x00,0x00,0x00,0x00,0x00,0x00,0x00,0x00,0x00,0x00,0x00,0x00,0x00,0x00,0x00,0x00,0x00,0x00,0x00,0x00,0x00,0x00,0x00,0x00,0x00,0x00,0x00,0x00,0x00,0x00,0x00,0x00,
    0x00,0x00,0x00,0x00,0x00,0x00,0x00,0x00,0x00,0x00,0x00,0x00,0x00,0x00,0x00,0x00,0x00,0x00,0x00,0x00,0x00,0x00,0x00,0x00,0x00,0x00,0x00,0x00,0x00,0x00,0x00,0x00,
    0x00,0x00,0x00,0x00,0x00,0x00,0x00,0x00,0x00,0x00,0x00,0x00,0x00,0x00,0x00,0x00,0x00,0x00,0x00,0x00,0x00,0x00,0x00,0x00,0x00,0x00,0x00,0x00,0x00,0x00,0x00,0x00,
    0x00,0x00,0x00,0x00,0x00,0x00,0x00,0x00,0x00,0x00,0x00,0x00,0x00,0x00,0x00,0x00,0x00,0x00,0x00,0x00,0x00,0x00,0x00,0x00,0x00,0x00,0x00,0x00,0x00,0x00,0x00,0x00,
    0x00,0x00,0x00,0x00,0x00,0x00,0x00,0x00,0x00,0x00,0x00,0x00,0x00,0x00,0x00,0x00,0x00,0x00,0x00,0x00,0x00,0x00,0x00,0x00,0x00,0x00,0x00,0x00,0x00,0x00,0x00,0x00,
    0x00,0x00,0x00,0x00,0x00,0x00,0x00,0x00,0x00,0x00,0x00,0x00,0x00,0x00,0x00,0x00,0x00,0x00,0x00,0x00,0x00,0x00,0x00,0x00,0x00,0x00,0x00,0x00,0x00,0x00,0x00,0x00,
    0x00,0x00,0x00,0x00,0x00,0x00,0x00,0x00,0x00,0x00,0x00,0x00,0x00,0x00,0x00,0x00,0x00,0x00,0x00,0x00,0x00,0x00,0x00,0x00,0x00,0x00,0x00,0x00,0x00,0x00,0x00,0x00,
    0x00,0x00,0x00,0x00,0x00,0x00,0x00,0x00,0x00,0x00,0x00,0x00,0x00,0x00,0x00,0x00,0x00,0x00,0x00,0x00,0x00,0x00,0x00,0x00,0x00,0x00,0x00,0x00,0x00,0x00,0x00,0x00,
    0x00,0x00,0x00,0x00,0x00,0x00,0x00,0x00,0x00,0x00,0x00,0x00,0x00,0x00,0x00,0x00,0x00,0x00,0x00,0x00,0x00,0x00,0x00,0x00,0x00,0x00,0x00,0x00,0x00,0x00,0x00,0x00,
    0x00,0x00,0x00,0x00,0x00,0x00,0x00,0x00,0x00,0x00,0x00,0x00,0x00,0x00,0x00,0x00,0x00,0x00,0x00,0x00,0x00,0x00,0x00,0x00,0x00,0x00,0x00,0x00,0x00,0x00,0x00,0x00,
    0x00,0x00,0x00,0x00,0x00,0x00,0x00,0x00,0x00,0x00,0x00,0x00,0x00,0x00,0x00,0x00,0x00,0x00,0x00,0x00,0x00,0x00,0x00,0x00,0x00,0x00,0x00,0x00,0x00,0x00,0x00,0x00,
    0x00,0x00,0x00,0x00,0x00,0x00,0x00,0x00,0x00,0x00,0x00,0x00,0x00,0x00,0x00,0x00,0x00,0x00,0x00,0x00,0x00,0x00,0x00,0x00,0x00,0x00,0x00,0x00,0x00,0x00,0x00,0x00,
    0x00,0x00,0x00,0x00,0x00,0x00,0x00,0x00,0x00,0x00,0x00,0x00,0x00,0x00,0x00,0x00,0x00,0x00,0x00,0x00,0x00,0x00,0x00,0x00,0x00,0x00,0x00,0x00,0x00,0x00,0x00,0x00,
    0x00,0x00,0x00,0x00,0x00,0x00,0x00,0x00,0x00,0x00,0x00,0x00,0x00,0x00,0x00,0x00,0x00,0x00,0x00,0x00,0x00,0x00,0x00,0x00,0x00,0x00,0x00,0x00,0x00,0x00,0x00,0x00,
    0x00,0x00,0x00,0x00,0x00,0x00,0x00,0x00,0x00,0x00,0x00,0x00,0x00,0x00,0x00,0x00,0x00,0x00,0x00,0x00,0x00,0x00,0x00,0x00,0x00,0x00,0x00,0x00,0x00,0x00,0x00,0x00,
    0x00,0x00,0x00,0x00,0x00,0x00,0x00,0x00,0x00,0x00,0x00,0x00,0x00,0x00,0x00,0x00,0x00,0x00,0x00,0x00,0x00,0x00,0x00,0x00,0x00,0x00,0x00,0x00,0x00,0x00,0x00,0x00,
    0x00,0x00,0x00,0x00,0x00,0x00,0x00,0x00,0x00,0x00,0x00,0x00,0x00,0x00,0x00,0x00,0x00,0x00,0x00,0x00,0x00,0x00,0x00,0x00,0x00,0x00,0x00,0x00,0x00,0x00,0x00,0x00,
    0x00,0x00,0x00,0x00,0x00,0x00,0x00,0x00,0x00,0x00,0x00,0x00,0x00,0x00,0x00,0x00,0x00,0x00,0x00,0x00,0x00,0x00,0x00,0x00,0x00,0x00,0x00,0x00,0x00,0x00,0x00,0x00,
    0x00,0x00,0x00,0x00,0x00,0x00,0x00,0x00,0x00,0x00,0x00,0x00,0x00,0x00,0x00,0x00,0x00,0x00,0x00,0x00,0x00,0x00,0x00,0x00,0x00,0x00,0x00,0x00,0x00,0x00,0x00,0x00,
    0x00,0x00,0x00,0x00,0x00,0x00,0x00,0x00,0x00,0x00,0x00,0x00,0x00,0x00,0x00,0x00,0x00,0x00,0x00,0x00,0x00,0x00,0x00,0x00,0x00,0x00,0x00,0x00,0x00,0x00,0x00,0x00,
    0x00,0x00,0x00,0x00,0x00,0x00,0x00,0x00,0x00,0x00,0x00,0x00,0x00,0x00,0x00,0x00,0x00,0x00,0x00,0x00,0x00,0x00,0x00,0x00,0x00,0x00,0x00,0x00,0x00,0x00,0x00,0x00,
    0x00,0x00,0x00,0x00,0x00,0x00,0x00,0x00,0x00,0x00,0x00,0x00,0x00,0x00,0x00,0x00,0x00,0x00,0x00,0x00,0x00,0x00,0x00,0x00,0x00,0x00,0x00,0x00,0x00,0x00,0x00,0x00,
    0x00,0x00,0x00,0x00,0x00,0x00,0x00,0x00,0x00,0x00,0x00,0x00,0x00,0x00,0x00,0x00,0x00,0x00,0x00,0x00,0x00,0x00,0x00,0x00,0x00,0x00,0x00,0x00,0x00,0x00,0x00,0x00,
    0x00,0x00,0x00,0x00,0x00,0x00,0x00,0x00,0x00,0x00,0x00,0x00,0x00,0x00,0x00,0x00,0x00,0x00,0x00,0x00,0x00,0x00,0x00,0x00,0x00,0x00,0x00,0x00,0x00,0x00,0x00,0x00,
    0x00,0x00,0x00,0x00,0x00,0x00,0x00,0x00,0x00,0x00,0x00,0x00,0x00,0x00,0x00,0x00,0x00,0x00,0x00,0x00,0x00,0x00,0x00,0x00,0x00,0x00,0x00,0x00,0x00,0x00,0x00,0x00,
    0x00,0x00,0x00,0x00,0x00,0x00,0x00,0x00,0x00,0x00,0x00,0x00,0x00,0x00,0x00,0x00,0x00,0x00,0x00,0x00,0x00,0x00,0x00,0x00,0x00,0x00,0x00,0x00,0x00,0x00,0x00,0x00,
    0x00,0x00,0x00,0x00,0x00,0x00,0x00,0x00,0x00,0x00,0x00,0x00,0x00,0x00,0x00,0x00,0x00,0x00,0x00,0x00,0x00,0x00,0x00,0x00,0x00,0x00,0x00,0x00,0x00,0x00,0x00,0x00,
    0x00,0x00,0x00,0x00,0x00,0x00,0x00,0x00,0x00,0x00,0x00,0x00,0x00,0x00,0x00,0x00,0x00,0x00,0x00,0x00,0x00,0x00,0x00,0x00,0x00,0x00,0x00,0x00,0x00,0x00,0x00,0x00,
    0x00,0x00,0x00,0x00,0x00,0x00,0x00,0x00,0x00,0x00,0x00,0x00,0x00,0x00,0x00,0x00,0x00,0x00,0x00,0x00,0x00,0x00,0x00,0x00,0x00,0x00,0x00,0x00,0x00,0x00,0x00,0x00,
    0x00,0x00,0x00,0x00,0x00,0x00,0x00,0x00,0x00,0x00,0x00,0x00,0x00,0x00,0x00,0x00,0x00,0x00,0x00,0x00,0x00,0x00,0x00,0x00,0x00,0x00,0x00,0x00,0x00,0x00,0x00,0x00,
    0x00,0x00,0x00,0x00,0x00,0x00,0x00,0x00,0x00,0x00,0x00,0x00,0x00,0x00,0x00,0x00,0x00,0x00,0x00,0x00,0x00,0x00,0x00,0x00,0x00,0x00,0x00,0x00,0x00,0x00,0x00,0x00,
    0x00,0x00,0x00,0x00,0x00,0x00,0x00,0x00,0x00,0x00,0x00,0x00,0x00,0x00,0x00,0x00,0x00,0x00,0x00,0x00,0x00,0x00,0x00,0x00,0x00,0x00,0x00,0x00,0x00,0x00,0x00,0x00,
    0x00,0x00,0x00,0x00,0x00,0x00,0x00,0x00,0x00,0x00,0x00,0x00,0x00,0x00,0x00,0x00,0x00,0x00,0x00,0x00,0x00,0x00,0x00,0x00,0x00,0x00,0x00,0x00,0x00,0x00,0x00,0x00,
    0x00,0x00,0x00,0x00,0x00,0x00,0x00,0x00,0x00,0x00,0x00,0x00,0x00,0x00,0x00,0x00,0x00,0x00,0x00,0x00,0x00,0x00,0x00,0x00,0x00,0x00,0x00,0x00,0x00,0x00,0x00,0x00,
    0x00,0x00,0x00,0x00,0x00,0x00,0x00,0x00,0x00,0x00,0x00,0x00,0x00,0x00,0x00,0x00,0x00,0x00,0x00,0x00,0x00,0x00,0x00,0x00,0x00,0x00,0x00,0x00,0x00,0x00,0x00,0x00,
    0x00,0x00,0x00,0x00,0x00,0x00,0x00,0x00,0x00,0x00,0x00,0x00,0x00,0x00,0x00,0x00,0x00,0x00,0x00,0x00,0x00,0x00,0x00,0x00,0x00,0x00,0x00,0x00,0x00,0x00,0x00,0x00,
    0x00,0x00,0x00,0x00,0x00,0x00,0x00,0x00,0x00,0x00,0x00,0x00,0x00,0x00,0x00,0x00,0x00,0x00,0x00,0x00,0x00,0x00,0x00,0x00,0x00,0x00,0x00,0x00,0x00,0x00,0x00,0x00,
    0x00,0x00,0x00,0x00,0x00,0x00,0x00,0x00,0x00,0x00,0x00,0x00,0x00,0x00,0x00,0x00,0x00,0x00,0x00,0x00,0x00,0x00,0x00,0x00,0x00,0x00,0x00,0x00,0x00,0x00,0x00,0x00,
    0x00,0x00,0x00,0x00,0x00,0x00,0x00,0x00,0x00,0x00,0x00,0x00,0x00,0x00,0x00,0x00,0x00,0x00,0x00,0x00,0x00,0x00,0x00,0x00,0x00,0x00,0x00,0x00,0x00,0x00,0x00,0x00,
    0x00,0x00,0x00,0x00,0x00,0x00,0x00,0x00,0x00,0x00,0x00,0x00,0x00,0x00,0x00,0x00,0x00,0x00,0x00,0x00,0x00,0x00,0x00,0x00,0x00,0x00,0x00,0x00,0x00,0x00,0x00,0x00,
    0x00,0x00,0x00,0x00,0x00,0x00,0x00,0x00,0x00,0x00,0x00,0x00,0x00,0x00,0x00,0x00,0x00,0x00,0x00,0x00,0x00,0x00,0x00,0x00,0x00,0x00,0x00,0x00,0x00,0x00,0x00,0x00,
    0x00,0x00,0x00,0x00,0x00,0x00,0x00,0x00,0x00,0x00,0x00,0x00,0x00,0x00,0x00,0x00,0x00,0x00,0x00,0x00,0x00,0x00,0x00,0x00,0x00,0x00,0x00,0x00,0x00,0x00,0x00,0x00,
    0x00,0x00,0x00,0x00,0x00,0x00,0x00,0x00,0x00,0x00,0x00,0x00,0x00,0x00,0x00,0x00,0x00,0x00,0x00,0x00,0x00,0x00,0x00,0x00,0x00,0x00,0x00,0x00,0x00,0x00,0x00,0x00,
    0x00,0x00,0x00,0x00,0x00,0x00,0x00,0x00,0x00,0x00,0x00,0x00,0x00,0x00,0x00,0x00,0x00,0x00,0x00,0x00,0x00,0x00,0x00,0x00,0x00,0x00,0x00,0x00,0x00,0x00,0x00,0x00,
    0x00,0x00,0x00,0x00,0x00,0x00,0x00,0x00,0x00,0x00,0x00,0x00,0x00,0x00,0x00,0x00,0x00,0x00,0x00,0x00,0x00,0x00,0x00,0x00,0x00,0x00,0x00,0x00,0x00,0x00,0x00,0x00,
    0x00,0x00,0x00,0x00,0x00,0x00,0x00,0x00,0x00,0x00,0x00,0x00,0x00,0x00,0x00,0x00,0x00,0x00,0x00,0x00,0x00,0x00,0x00,0x00,0x00,0x00,0x00,0x00,0x00,0x00,0x00,0x00,
    0x00,0x00,0x00,0x00,0x00,0x00,0x00,0x00,0x00,0x00,0x00,0x00,0x00,0x00,0x00,0x00,0x00,0x00,0x00,0x00,0x00,0x00,0x00,0x00,0x00,0x00,0x00,0x00,0x00,0x00,0x00,0x00,
    0x00,0x00,0x00,0x00,0x00,0x00,0x00,0x00,0x00,0x00,0x00,0x00,0x00,0x00,0x00,0x00,0x00,0x00,0x00,0x00,0x00,0x00,0x00,0x00,0x00,0x00,0x00,0x00,0x00,0x00,0x00,0x00,
    0x00,0x00,0x00,0x00,0x00,0x00,0x00,0x00,0x00,0x00,0x00,0x00,0x00,0x00,0x00,0x00,0x00,0x00,0x00,0x00,0x00,0x00,0x00,0x00,0x00,0x00,0x00,0x00,0x00,0x00,0x00,0x00,
    0x00,0x00,0x00,0x00,0x00,0x00,0x00,0x00,0x00,0x00,0x00,0x00,0x00,0x00,0x00,0x00,0x00,0x00,0x00,0x00,0x00,0x00,0x00,0x00,0x00,0x00,0x00,0x00,0x00,0x00,0x00,0x00,
    0x00,0x00,0x00,0x00,0x00,0x00,0x00,0x00,0x00,0x00,0x00,0x00,0x00,0x00,0x00,0x00,0x00,0x00,0x00,0x00,0x00,0x00,0x00,0x00,0x00,0x00,0x00,0x00,0x00,0x00,0x00,0x00,
    0x00,0x00,0x00,0x00,0x00,0x00,0x00,0x00,0x00,0x00,0x00,0x00,0x00,0x00,0x00,0x00,0x00,0x00,0x00,0x00,0x00,0x00,0x00,0x00,0x00,0x00,0x00,0x00,0x00,0x00,0x00,0x00,
    0x00,0x00,0x00,0x00,0x00,0x00,0x00,0x00,0x00,0x00,0x00,0x00,0x00,0x00,0x00,0x00,0x00,0x00,0x00,0x00,0x00,0x00,0x00,0x00,0x00,0x00,0x00,0x00,0x00,0x00,0x00,0x00,
    0x00,0x00,0x00,0x00,0x00,0x00,0x00,0x00,0x00,0x00,0x00,0x00,0x00,0x00,0x00,0x00,0x00,0x00,0x00,0x00,0x00,0x00,0x00,0x00,0x00,0x00,0x00,0x00,0x00,0x00,0x00,0x00,
    0x00,0x00,0x00,0x00,0x00,0x00,0x00,0x00,0x00,0x00,0x00,0x00,0x00,0x00,0x00,0x00,0x00,0x00,0x00,0x00,0x00,0x00,0x00,0x00,0x00,0x00,0x00,0x00,0x00,0x00,0x00,0x00,
    0x00,0x00,0x00,0x00,0x00,0x00,0x00,0x00,0x00,0x00,0x00,0x00,0x00,0x00,0x00,0x00,0x00,0x00,0x00,0x00,0x00,0x00,0x00,0x00,0x00,0x00,0x00,0x00,0x00,0x00,0x00,0x00,
    0x00,0x00,0x00,0x00,0x00,0x00,0x00,0x00,0x00,0x00,0x00,0x00,0x00,0x00,0x00,0x00,0x00,0x00,0x00,0x00,0x00,0x00,0x00,0x00,0x00,0x00,0x00,0x00,0x00,0x00,0x00,0x00,
    0x00,0x00,0x00,0x00,0x00,0x00,0x00,0x00,0x00,0x00,0x00,0x00,0x00,0x00,0x00,0x00,0x00,0x00,0x00,0x00,0x00,0x00,0x00,0x00,0x00,0x00,0x00,0x00,0x00,0x00,0x00,0x00,
    0x00,0x00,0x00,0x00,0x00,0x00,0x00,0x00,0x00,0x00,0x00,0x00,0x00,0x00,0x00,0x00,0x00,0x00,0x00,0x00,0x00,0x00,0x00,0x00,0x00,0x00,0x00,0x00,0x00,0x00,0x00,0x00,
    0x00,0x00,0x00,0x00,0x00,0x00,0x00,0x00,0x00,0x00,0x00,0x00,0x00,0x00,0x00,0x00,0x00,0x00,0x00,0x00,0x00,0x00,0x00,0x00,0x00,0x00,0x00,0x00,0x00,0x00,0x00,0x00,
    0x00,0x00,0x00,0x00,0x00,0x00,0x00,0x00,0x00,0x00,0x00,0x00,0x00,0x00,0x00,0x00,0x00,0x00,0x00,0x00,0x00,0x00,0x00,0x00,0x00,0x00,0x00,0x00,0x00,0x00,0x00,0x00,
    0x00,0x00,0x00,0x00,0x00,0x00,0x00,0x00,0x00,0x00,0x00,0x00,0x00,0x00,0x00,0x00,0x00,0x00,0x00,0x00,0x00,0x00,0x00,0x00,0x00,0x00,0x00,0x00,0x00,0x00,0x00,0x00,
    0x00,0x00,0x00,0x00,0x00,0x00,0x00,0x00,0x00,0x00,0x00,0x00,0x00,0x00,0x00,0x00,0x00,0x00,0x00,0x00,0x00,0x00,0x00,0x00,0x00,0x00,0x00,0x00,0x00,0x00,0x00,0x00,
    0x00,0x00,0x00,0x00,0x00,0x00,0x00,0x00,0x00,0x00,0x00,0x00,0x00,0x00,0x00,0x00,0x00,0x00,0x00,0x00,0x00,0x00,0x00,0x00,0x00,0x00,0x00,0x00,0x00,0x00,0x00,0x00,
    0x00,0x00,0x00,0x00,0x00,0x00,0x00,0x00,0x00,0x00,0x00,0x00,0x00,0x00,0x00,0x00,0x00,0x00,0x00,0x00,0x00,0x00,0x00,0x00,0x00,0x00,0x00,0x00,0x00,0x00,0x00,0x00,
    0x00,0x00,0x00,0x00,0x00,0x00,0x00,0x00,0x00,0x00,0x00,0x00,0x00,0x00,0x00,0x00,0x00,0x00,0x00,0x00,0x00,0x00,0x00,0x00,0x00,0x00,0x00,0x00,0x00,0x00,0x00,0x00,
    0x00,0x00,0x00,0x00,0x00,0x00,0x00,0x00,0x00,0x00,0x00,0x00,0x00,0x00,0x00,0x00,0x00,0x00,0x00,0x00,0x00,0x00,0x00,0x00,0x00,0x00,0x00,0x00,0x00,0x00,0x00,0x00,
    0x00,0x00,0x00,0x00,0x00,0x00,0x00,0x00,0x00,0x00,0x00,0x00,0x00,0x00,0x00,0x00,0x00,0x00,0x00,0x00,0x00,0x00,0x00,0x00,0x00,0x00,0x00,0x00,0x00,0x00,0x00,0x00,
    0x00,0x00,0x00,0x00,0x00,0x00,0x00,0x00,0x00,0x00,0x00,0x00,0x00,0x00,0x00,0x00,0x00,0x00,0x00,0x00,0x00,0x00,0x00,0x00,0x00,0x00,0x00,0x00,0x00,0x00,0x00,0x00,
    0x00,0x00,0x00,0x00,0x00,0x00,0x00,0x00,0x00,0x00,0x00,0x00,0x00,0x00,0x00,0x00,0x00,0x00,0x00,0x00,0x00,0x00,0x00,0x00,0x00,0x00,0x00,0x00,0x00,0x00,0x00,0x00,
    0x00,0x00,0x00,0x00,0x00,0x00,0x00,0x00,0x00,0x00,0x00,0x00,0x00,0x00,0x00,0x00,0x00,0x00,0x00,0x00,0x00,0x00,0x00,0x00,0x00,0x00,0x00,0x00,0x00,0x00,0x00,0x00,
    0x00,0x00,0x00,0x00,0x00,0x00,0x00,0x00,0x00,0x00,0x00,0x00,0x00,0x00,0x00,0x00,0x00,0x00,0x00,0x00,0x00,0x00,0x00,0x00,0x00,0x00,0x00,0x00,0x00,0x00,0x00,0x00,
    0x00,0x00,0x00,0x00,0x00,0x00,0x00,0x00,0x00,0x00,0x00,0x00,0x00,0x00,0x00,0x00,0x00,0x00,0x00,0x00,0x00,0x00,0x00,0x00,0x00,0x00,0x00,0x00,0x00,0x00,0x00,0x00,
    0x00,0x00,0x00,0x00,0x00,0x00,0x00,0x00,0x00,0x00,0x00,0x00,0x00,0x00,0x00,0x00,0x00,0x00,0x00,0x00,0x00,0x00,0x00,0x00,0x00,0x00,0x00,0x00,0x00,0x00,0x00,0x00,
    0x00,0x00,0x00,0x00,0x00,0x00,0x00,0x00,0x00,0x00,0x00,0x00,0x00,0x00,0x00,0x00,0x00,0x00,0x00,0x00,0x00,0x00,0x00,0x00,0x00,0x00,0x00,0x00,0x00,0x00,0x00,0x00,
    0x00,0x00,0x00,0x00,0x00,0x00,0x00,0x00,0x00,0x00,0x00,0x00,0x00,0x00,0x00,0x00,0x00,0x00,0x00,0x00,0x00,0x00,0x00,0x00,0x00,0x00,0x00,0x00,0x00,0x00,0x00,0x00,
    0x00,0x00,0x00,0x00,0x00,0x00,0x00,0x00,0x00,0x00,0x00,0x00,0x00,0x00,0x00,0x00,0x00,0x00,0x00,0x00,0x00,0x00,0x00,0x00,0x00,0x00,0x00,0x00,0x00,0x00,0x00,0x00,
    0x00,0x00,0x00,0x00,0x00,0x00,0x00,0x00,0x00,0x00,0x00,0x00,0x00,0x00,0x00,0x00,0x00,0x00,0x00,0x00,0x00,0x00,0x00,0x00,0x00,0x00,0x00,0x00,0x00,0x00,0x00,0x00,
    0x00,0x00,0x00,0x00,0x00,0x00,0x00,0x00,0x00,0x00,0x00,0x00,0x00,0x00,0x00,0x00,0x00,0x00,0x00,0x00,0x00,0x00,0x00,0x00,0x00,0x00,0x00,0x00,0x00,0x00,0x00,0x00,
    0x00,0x00,0x00,0x00,0x00,0x00,0x00,0x00,0x00,0x00,0x00,0x00,0x00,0x00,0x00,0x00,0x00,0x00,0x00,0x00,0x00,0x00,0x00,0x00,0x00,0x00,0x00,0x00,0x00,0x00,0x00,0x00,
    0x00,0x00,0x00,0x00,0x00,0x00,0x00,0x00,0x00,0x00,0x00,0x00,0x00,0x00,0x00,0x00,0x00,0x00,0x00,0x00,0x00,0x00,0x00,0x00,0x00,0x00,0x00,0x00,0x00,0x00,0x00,0x00,
    0x00,0x00,0x00,0x00,0x00,0x00,0x00,0x00,0x00,0x00,0x00,0x00,0x00,0x00,0x00,0x00,0x00,0x00,0x00,0x00,0x00,0x00,0x00,0x00,0x00,0x00,0x00,0x00,0x00,0x00,0x00,0x00,
    0x00,0x00,0x00,0x00,0x00,0x00,0x00,0x00,0x00,0x00,0x00,0x00,0x00,0x00,0x00,0x00,0x00,0x00,0x00,0x00,0x00,0x00,0x00,0x00,0x00,0x00,0x00,0x00,0x00,0x00,0x00,0x00,
    0x00,0x00,0x00,0x00,0x00,0x00,0x00,0x00,0x00,0x00,0x00,0x00,0x00,0x00,0x00,0x00,0x00,0x00,0x00,0x00,0x00,0x00,0x00,0x00,0x00,0x00,0x00,0x00,0x00,0x00,0x00,0x00,
    0x00,0x00,0x00,0x00,0x00,0x00,0x00,0x00,0x00,0x00,0x00,0x00,0x00,0x00,0x00,0x00,0x00,0x00,0x00,0x00,0x00,0x00,0x00,0x00,0x00,0x00,0x00,0x00,0x00,0x00,0x00,0x00,
    0x00,0x00,0x00,0x00,0x00,0x00,0x00,0x00,0x00,0x00,0x00,0x00,0x00,0x00,0x00,0x00,0x00,0x00,0x00,0x00,0x00,0x00,0x00,0x00,0x00,0x00,0x00,0x00,0x00,0x00,0x00,0x00,
    0x00,0x00,0x00,0x00,0x00,0x00,0x00,0x00,0x00,0x00,0x00,0x00,0x00,0x00,0x00,0x00,0x00,0x00,0x00,0x00,0x00,0x00,0x00,0x00,0x00,0x00,0x00,0x00,0x00,0x00,0x00,0x00,
    0x00,0x00,0x00,0x00,0x00,0x00,0x00,0x00,0x00,0x00,0x00,0x00,0x00,0x00,0x00,0x00,0x00,0x00,0x00,0x00,0x00,0x00,0x00,0x00,0x00,0x00,0x00,0x00,0x00,0x00,0x00,0x00,
    0x00,0x00,0x00,0x00,0x00,0x00,0x00,0x00,0x00,0x00,0x00,0x00,0x00,0x00,0x00,0x00,0x00,0x00,0x00,0x00,0x00,0x00,0x00,0x00,0x00,0x00,0x00,0x00,0x00,0x00,0x00,0x00,
    0x00,0x00,0x00,0x00,0x00,0x00,0x00,0x00,0x00,0x00,0x00,0x00,0x00,0x00,0x00,0x00,0x00,0x00,0x00,0x00,0x00,0x00,0x00,0x00,0x00,0x00,0x00,0x00,0x00,0x00,0x00,0x00,
    0x00,0x00,0x00,0x00,0x00,0x00,0x00,0x00,0x00,0x00,0x00,0x00,0x00,0x00,0x00,0x00,0x00,0x00,0x00,0x00,0x00,0x00,0x00,0x00,0x00,0x00,0x00,0x00,0x00,0x00,0x00,0x00,
    0x00,0x00,0x00,0x00,0x00,0x00,0x00,0x00,0x00,0x00,0x00,0x00,0x00,0x00,0x00,0x00,0x00,0x00,0x00,0x00,0x00,0x00,0x00,0x00,0x00,0x00,0x00,0x00,0x00,0x00,0x00,0x00,
    0x00,0x00,0x00,0x00,0x00,0x00,0x00,0x00,0x00,0x00,0x00,0x00,0x00,0x00,0x00,0x00,0x00,0x00,0x00,0x00,0x00,0x00,0x00,0x00,0x00,0x00,0x00,0x00,0x00,0x00,0x00,0x00,
};
const lv_image_dsc_t wxl_partly = {
    .header.cf = LV_COLOR_FORMAT_ARGB8888,
    .header.magic = LV_IMAGE_HEADER_MAGIC,
    .header.w = 112,
    .header.h = 112,
    .data_size = 50176,
    .data = wxl_partly_map,
};
